가게이름,카테고리,전체평점,방문자리뷰,블로그리뷰,리뷰작성자,리뷰작성자링크,리뷰작성수,팔로워,첨부이미지,리뷰내용,이런_점이_좋아요,방문시간,방분횟수,방문인증
배스킨라빈스 월계이마트점,아이스크림,4.32,,,하하그릇,https://m.place.naver.com/my/5da01d308f87a842bce5fc3b/review?v=2,631,,,"일하시는 분이 많이 힘드신듯
블러스트 만드는 뚜껑이 싱크위에 얹어있다가 갑자기 툭하고 떨어졌는데..
주문한 사람이(저요)있는데도 그냥 줏어서 음료제조..
하하하하하하하하하하하하하하하하하하하하하",,2024년 7월 5일 금요일,1번째 방문,영수증
배스킨라빈스 월계이마트점,아이스크림,4.32,,,느글탱이,https://m.place.naver.com/my/5d46f8aaa16a1024d5446e78/review?v=2,306,5,,"30분 포장했는데 빠르게 녹네요 
구입후 바로 먹어야 할것같습니다",,2024년 7월 9일 화요일,2번째 방문,영수증
배스킨라빈스 월계이마트점,아이스크림,4.32,,,younga77,https://m.place.naver.com/my/5efdf950bd26bdc9a0686942/review?v=2,940,6,,정량인지 확인 불가능이구 너무녹아잇어요 다른곳에비해..,,2024년 6월 22일 토요일,1번째 방문,영수증
배스킨라빈스 월계이마트점,아이스크림,4.32,,,CoffeeBoy,https://m.place.naver.com/my/5ccceebf7eaaddea1430d06e/review?v=2,1570,18,,맛있어요. 근데 직원분이 화가 많이 나신듯… 일이 힘드신가봐요,,2024년 7월 8일 월요일,4번째 방문,영수증
배스킨라빈스 월계이마트점,아이스크림,4.32,,,gooopgg76,https://m.place.naver.com/my/5efde31515c4bcd4305863eb/review?v=2,1099,10,,항상 가요 굿굿,"일시적인 오류가 발생했습니다
커피가 맛있어요",2024년 6월 24일 월요일,8번째 방문,영수증
배스킨라빈스 월계이마트점,아이스크림,4.32,,,싱글벙글마냥신난 박강냥,https://m.place.naver.com/my/63a2daee1438fc3a9c609f90/review?v=2,373,54,,시원한 아이스크림 먹고 싶어 뉴욕치즈케이크 맛먹었어요. 치즈 케이크 먹는 느낌! 달달하니 맛있어요~,,2024년 4월 22일 월요일,1번째 방문,영수증
배스킨라빈스 월계이마트점,아이스크림,4.32,,,no****,https://m.place.naver.com/my/5de84b049ec8258e4ac17885/review?v=2,21,,,"휴지 달라고 하니까 2장 주길래 그거 쓰고나서
휴지 좀 더 달라고 그랬더니
점장이 인당 2장씩만 주라고 정해놨다고 겁나 뭐라고 하면서
이마트 푸드코트에 있는 휴지를 쓰래요
원래는 안주던거 그나마 2장씩 준거라고...
전부 2장씩도 아니고 달라는 사람만...

내용도 어이없는데 친절히 안내하는게 아니고
알바 말하는 늬앙스가...
점장이 정해놓은거고 원래는 안주던거니까 더이상 말하지 말고 좀 알고 있어라... 라는 태도 있죠?
나는 지들한테 돈을 지불했는데  휴지는 이마트 공용휴지 쓰라니... 이 무슨...
그리고 인당 2장이면
2명이서 가서 메뉴 2개 먹으면서 달라 한거니까
4장이 맞는거 아닌가요?
근데 왜 그 난리인지...

그리고 성애제거를 아이스크림통 안 빼고 하네요...
아 진짜 비위생적...",,2024년 4월 23일 화요일,1번째 방문,영수증
배스킨라빈스 월계이마트점,아이스크림,4.32,,,메이비911,https://m.place.naver.com/my/5b66e99ad8f6dba1e4bff9b1/review?v=2,231,14,,항상 잘 먹고 있어요. 도쿄바나나 맛있어요.,,2024년 4월 1일 월요일,1번째 방문,영수증
배스킨라빈스 월계이마트점,아이스크림,4.32,,,싱글벙글마냥신난 박강냥,https://m.place.naver.com/my/63a2daee1438fc3a9c609f90/review?v=2,373,54,,부드럽고 상큼한 망고향 가득 아이스크림🍦👍🏻,,2024년 4월 26일 금요일,2번째 방문,영수증
배스킨라빈스 월계이마트점,아이스크림,4.32,,,percussion love16,https://m.place.naver.com/my/60e0049602fb7389aa40d783/review?v=2,164,,,,,2024년 7월 3일 수요일,1번째 방문,영수증
배스킨라빈스 월계이마트점,아이스크림,4.32,,,따끈한깨찰빵,https://m.place.naver.com/my/5b8ca31fc92d4a14ebcc6fa0/review?v=2,186,2,,친절하고 맛도 다양해서 좋아요.,"일시적인 오류가 발생했습니다
메뉴 구성이 알차요",2024년 5월 18일 토요일,1번째 방문,영수증
배스킨라빈스 월계이마트점,아이스크림,4.32,,,ly1602,https://m.place.naver.com/my/5e47f4878f87a842bc57a294/review?v=2,656,,,디저트로 달콤하게 먹었어요,"일시적인 오류가 발생했습니다
친절해요",2024년 7월 3일 수요일,2번째 방문,영수증
배스킨라빈스 월계이마트점,아이스크림,4.32,,,감사합니다9859,https://m.place.naver.com/my/5d8c68828f87a842bcce057d/review?v=2,55,,,아이스크림가게,,2024년 5월 15일 수요일,1번째 방문,영수증
배스킨라빈스 월계이마트점,아이스크림,4.32,,,고라니2894,https://m.place.naver.com/my/5efdcf78041be3dc257ae336/review?v=2,501,,,잘 먹었습니다,,2024년 6월 2일 일요일,2번째 방문,영수증
배스킨라빈스 월계이마트점,아이스크림,4.32,,,세꽁맘,https://m.place.naver.com/my/5d8aca638f87a842bcabcef8/review?v=2,401,,,"생일 케익바꾸러 가끔 애용합니다
집 가까이 있어서 좋아요~",,2024년 6월 1일 토요일,3번째 방문,영수증
배스킨라빈스 월계이마트점,아이스크림,4.32,,,say****,https://m.place.naver.com/my/5cff551e648edcf7ea69a329/review?v=2,1040,,,귯굿굿,,2024년 7월 11일 목요일,1번째 방문,결제내역
배스킨라빈스 월계이마트점,아이스크림,4.32,,,kwLee,https://m.place.naver.com/my/5bd0384c9d93ae66ec432c7e/review?v=2,588,2,,,,2024년 6월 15일 토요일,1번째 방문,결제내역
배스킨라빈스 월계이마트점,아이스크림,4.32,,,김미진4765,https://m.place.naver.com/my/5c6e6ad34bb61f68d9a4d219/review?v=2,164,,,좋아요. 만족해요.,,2024년 7월 6일 토요일,1번째 방문,영수증
배스킨라빈스 월계이마트점,아이스크림,4.32,,,에이치앤제이콤포96,https://m.place.naver.com/my/5e925e778f87a842bc5c2f6b/review?v=2,1672,,,아크,,2024년 7월 5일 금요일,1번째 방문,영수증
배스킨라빈스 월계이마트점,아이스크림,4.32,,,엥나아,https://m.place.naver.com/my/60873c72fb6464cf6f6c8fae/review?v=2,943,32,,"베스킨이 불러오는 가족타임 즐겁다
쥔장 직원이 바뀌었나
오늘은 시크한 친절함까지 가져 가게 되었다
이달의 추천 메뉴도 좋았네여
우잉 ..^^ 키오스크는 힘들어 쭈빗쭈빗 ㅋㅋ",,2024년 1월 9일 화요일,2번째 방문,영수증
배스킨라빈스 월계이마트점,아이스크림,4.32,,,메이비911,https://m.place.naver.com/my/5b66e99ad8f6dba1e4bff9b1/review?v=2,231,14,,주말에 오니까 주문실수도 엄청 많고 불친절,,2024년 4월 6일 토요일,2번째 방문,영수증
배스킨라빈스 월계이마트점,아이스크림,4.32,,,dlg****,https://m.place.naver.com/my/609a772791a96e93def6960b/review?v=2,1357,,,👍 ,,2024년 6월 6일 목요일,3번째 방문,영수증
배스킨라빈스 월계이마트점,아이스크림,4.32,,,jss2594,https://m.place.naver.com/my/5c6feb0f31be72437bc4240e/review?v=2,1148,3,,이마트 월계 베라31 친절하시네요. 신세계상픔권사용 가능하네요.   good..,"일시적인 오류가 발생했습니다
특별한 메뉴가 있어요",2024년 3월 16일 토요일,1번째 방문,영수증
배스킨라빈스 월계이마트점,아이스크림,4.32,,,최은희72,https://m.place.naver.com/my/614813c282fc75000708b774/review?v=2,19,,,좋아요,"일시적인 오류가 발생했습니다
커피가 맛있어요",2024년 7월 21일 일요일,16번째 방문,영수증
배스킨라빈스 월계이마트점,아이스크림,4.32,,,따끈한깨찰빵,https://m.place.naver.com/my/5b8ca31fc92d4a14ebcc6fa0/review?v=2,186,2,,맛있어요,"일시적인 오류가 발생했습니다
디저트가 맛있어요",2024년 7월 4일 목요일,2번째 방문,영수증
배스킨라빈스 월계이마트점,아이스크림,4.32,,,iok0508,https://m.place.naver.com/my/5c99c6b6c92fba4bab4622db/review?v=2,1104,,,친절 ,,2024년 6월 21일 금요일,5번째 방문,영수증
배스킨라빈스 월계이마트점,아이스크림,4.32,,,누르는순간수전증,https://m.place.naver.com/my/5cf7179c5a938498ee12f120/review?v=2,965,31,,좋아요,,2024년 7월 6일 토요일,1번째 방문,영수증
배스킨라빈스 월계이마트점,아이스크림,4.32,,,CoffeeBoy,https://m.place.naver.com/my/5ccceebf7eaaddea1430d06e/review?v=2,1570,18,,굿굿,,2024년 6월 16일 일요일,3번째 방문,영수증
배스킨라빈스 월계이마트점,아이스크림,4.32,,,lim****,https://m.place.naver.com/my/5eb37e7e8f87a842bcd00dee/review?v=2,184,,,사빠딸 보면 사빠죄아 생각남,,2024년 5월 7일 화요일,1번째 방문,영수증
배스킨라빈스 월계이마트점,아이스크림,4.32,,,녱녱녱,https://m.place.naver.com/my/5ed086518f87a842bc8b43e9/review?v=2,344,9,,"이달의 맛 쫀꾸렛 겁!!!!!!나 달아요!!!!!
한번의 경험으로 만족!!! 연휴시작이라 
사람 엄청 많고 바뿌네용 넘 친절하셔요🍀","일시적인 오류가 발생했습니다
디저트가 맛있어요",2024년 2월 8일 목요일,1번째 방문,영수증
배스킨라빈스 월계이마트점,아이스크림,4.32,,,ang****,https://m.place.naver.com/my/5e772aec8f87a842bc140ac6/review?v=2,339,1,,굿,"일시적인 오류가 발생했습니다
커피가 맛있어요",2024년 6월 5일 수요일,3번째 방문,결제내역
배스킨라빈스 월계이마트점,아이스크림,4.32,,,살아있는크림,https://m.place.naver.com/my/5ecb5aff8f87a842bcbfb7c8/review?v=2,136,6,,별로에요 아이스크림 제대로 퍼서주는지도 의심스러웠어요,,2024년 3월 25일 월요일,1번째 방문,영수증
배스킨라빈스 월계이마트점,아이스크림,4.32,,,석훈맘72,https://m.place.naver.com/my/5e6ac1cf8f87a842bc0b9187/review?v=2,1422,10,,맛나요,,2024년 6월 12일 수요일,1번째 방문,영수증
배스킨라빈스 월계이마트점,아이스크림,4.32,,,구선배,https://m.place.naver.com/my/5de765c49ec8258e4a46b6cf/review?v=2,686,,,베스킨 골라먹는 재미로 맛있게 먹었네요,"일시적인 오류가 발생했습니다
친절해요",2024년 4월 21일 일요일,1번째 방문,영수증
배스킨라빈스 월계이마트점,아이스크림,4.32,,,행복한깜짱,https://m.place.naver.com/my/5b632becb8230648b3415433/review?v=2,228,10,,"이마트안에 있어서 쇼핑하고, 밥먹고, 디저트로
아이스크림까지 굿이랍니다.",,2024년 3월 3일 일요일,1번째 방문,영수증
배스킨라빈스 월계이마트점,아이스크림,4.32,,,tedybearr,https://m.place.naver.com/my/5eaf0d078f87a842bcf4ca1a/review?v=2,742,,,좋아요,,2024년 6월 8일 토요일,1번째 방문,영수증
배스킨라빈스 월계이마트점,아이스크림,4.32,,,ago****,https://m.place.naver.com/my/5ca8beb665ece747a5421f2b/review?v=2,614,,,,"일시적인 오류가 발생했습니다
친절해요",2024년 7월 3일 수요일,5번째 방문,영수증
배스킨라빈스 월계이마트점,아이스크림,4.32,,,Luisa31,https://m.place.naver.com/my/5c1eee335a1f67045ad1f64b/review?v=2,1060,11,,💕,"일시적인 오류가 발생했습니다
음료가 맛있어요",2024년 5월 5일 일요일,4번째 방문,영수증
배스킨라빈스 월계이마트점,아이스크림,4.32,,,여니47,https://m.place.naver.com/my/5ca88435f2900d8110d8607b/review?v=2,318,,,버라이어티팩 먹기 편하고 좋아요,,2024년 3월 7일 목요일,2번째 방문,영수증
배스킨라빈스 월계이마트점,아이스크림,4.32,,,거친숨소리54,https://m.place.naver.com/my/613c4f5d9243290b5c84b304/review?v=2,284,,,조아,"일시적인 오류가 발생했습니다
커피가 맛있어요",2024년 7월 6일 토요일,1번째 방문,영수증
배스킨라빈스 월계이마트점,아이스크림,4.32,,,산에살리라,https://m.place.naver.com/my/5bed75b062b3bd4adf0ccde2/review?v=2,354,1,,아이들이 좋아해요,,2024년 5월 11일 토요일,1번째 방문,영수증
배스킨라빈스 월계이마트점,아이스크림,4.32,,,봄이오면 28,https://m.place.naver.com/my/5eff2bde2b86491bc1c835b5/review?v=2,1627,42,,"31일 사이즈업 이벤트 이용하였어요~
연말이라 사람들이 넘 많았네요~~
울 아들이 제일 좋아했어요 ㅎㅎ","일시적인 오류가 발생했습니다
디저트가 맛있어요",2023년 12월 31일 일요일,1번째 방문,영수증
배스킨라빈스 월계이마트점,아이스크림,4.32,,,밥죠6,https://m.place.naver.com/my/5cdec424b627945cd774e57d/review?v=2,995,2,,"아이스크림이 맛있어요
",,2024년 2월 18일 일요일,4번째 방문,영수증
배스킨라빈스 월계이마트점,아이스크림,4.32,,,jws****,https://m.place.naver.com/my/5eeaf0bd8f87a842bcabea2c/review?v=2,1537,7,,굿,,2024년 5월 2일 목요일,12번째 방문,영수증
배스킨라빈스 월계이마트점,아이스크림,4.32,,,네넵33,https://m.place.naver.com/my/5ef6a45f8f87a842bc699563/review?v=2,1560,,,ㅋㅋㅇㅇㄴㄴㅌㅇㅁㅊㅇㄹㄹㅇㅊㄹㅋㅊㄹㄹㄹㅇㄴㅊㅊㄹㅇㅌㅊㅊㅊㅊㅇㅌㅌ,,2024년 4월 27일 토요일,3번째 방문,영수증
배스킨라빈스 월계이마트점,아이스크림,4.32,,,꼬나64,https://m.place.naver.com/my/5e7a25248f87a842bc27800f/review?v=2,141,,,"편리한위치에 늘 좋아요
맛도좋구요",,2024년 3월 31일 일요일,2번째 방문,영수증
배스킨라빈스 월계이마트점,아이스크림,4.32,,,이현정2548,https://m.place.naver.com/my/5e5a632b8f87a842bcd498af/review?v=2,144,,,맛있게 잘 먹었습니다~~~~~,"일시적인 오류가 발생했습니다
음료가 맛있어요",2024년 4월 27일 토요일,1번째 방문,영수증
배스킨라빈스 월계이마트점,아이스크림,4.32,,,psh****,https://m.place.naver.com/my/5ef6b5e28f87a842bc9a0011/review?v=2,1292,,,좋아요,,2024년 6월 4일 화요일,1번째 방문,영수증
배스킨라빈스 월계이마트점,아이스크림,4.32,,,후리지아361,https://m.place.naver.com/my/5bf40228378d29d8044ea4f8/review?v=2,979,,,좋아요,"일시적인 오류가 발생했습니다
커피가 맛있어요",2024년 4월 26일 금요일,5번째 방문,영수증
배스킨라빈스 월계이마트점,아이스크림,4.32,,,iok0508,https://m.place.naver.com/my/5c99c6b6c92fba4bab4622db/review?v=2,1104,,,ㄱ,,2024년 4월 15일 월요일,4번째 방문,영수증
배스킨라빈스 월계이마트점,아이스크림,4.32,,,kan****,https://m.place.naver.com/my/5fa4c040eee54eaaac3e294d/review?v=2,564,,,마트안에 있어 장보기랑 한 번에 해결,,2024년 3월 7일 목요일,5번째 방문,영수증
배스킨라빈스 월계이마트점,아이스크림,4.32,,,jws****,https://m.place.naver.com/my/5eeaf0bd8f87a842bcabea2c/review?v=2,1537,7,,굿,,2024년 4월 18일 목요일,11번째 방문,영수증
배스킨라빈스 월계이마트점,아이스크림,4.32,,,엔시젤르,https://m.place.naver.com/my/5e3e63728f87a842bc786ca6/review?v=2,1006,1,,역시 민초,,2024년 4월 20일 토요일,1번째 방문,영수증
배스킨라빈스 월계이마트점,아이스크림,4.32,,,ago****,https://m.place.naver.com/my/5ca8beb665ece747a5421f2b/review?v=2,614,,,,"일시적인 오류가 발생했습니다
친절해요",2024년 6월 12일 수요일,4번째 방문,영수증
배스킨라빈스 월계이마트점,아이스크림,4.32,,,세꽁맘,https://m.place.naver.com/my/5d8aca638f87a842bcabcef8/review?v=2,401,,,식후 디저트 아이스크림 맛나요,,2024년 3월 4일 월요일,2번째 방문,영수증
배스킨라빈스 월계이마트점,아이스크림,4.32,,,jws****,https://m.place.naver.com/my/5eeaf0bd8f87a842bcabea2c/review?v=2,1537,7,,굿,,2024년 4월 5일 금요일,10번째 방문,영수증
배스킨라빈스 월계이마트점,아이스크림,4.32,,,lujina99,https://m.place.naver.com/my/5c2addf19b9e8733ff60078b/review?v=2,1253,,,여자직원분 친절과거리있음,,2024년 2월 3일 토요일,1번째 방문,영수증
배스킨라빈스 월계이마트점,아이스크림,4.32,,,jws****,https://m.place.naver.com/my/5eeaf0bd8f87a842bcabea2c/review?v=2,1537,7,,굿,"일시적인 오류가 발생했습니다
음료가 맛있어요",2024년 4월 4일 목요일,9번째 방문,영수증
배스킨라빈스 월계이마트점,아이스크림,4.32,,,koko30,https://m.place.naver.com/my/608dc4b163769b49ed59965c/review?v=2,1374,,,굿,,2024년 4월 15일 월요일,2번째 방문,영수증
배스킨라빈스 월계이마트점,아이스크림,4.32,,,쓰리맘1208,https://m.place.naver.com/my/5e1d74608f87a842bc8edca5/review?v=2,176,14,,"빙글 스윙트리 케이크 아직맛보기전이예요
",,2023년 12월 26일 화요일,1번째 방문,영수증
배스킨라빈스 월계이마트점,아이스크림,4.32,,,Love0909,https://m.place.naver.com/my/5eeb40fa8f87a842bc5e4611/review?v=2,578,,,굿,,2024년 7월 6일 토요일,1번째 방문,영수증
배스킨라빈스 월계이마트점,아이스크림,4.32,,,gooopgg76,https://m.place.naver.com/my/5efde31515c4bcd4305863eb/review?v=2,1099,10,,맛나요,"일시적인 오류가 발생했습니다
커피가 맛있어요",2024년 3월 21일 목요일,7번째 방문,영수증
배스킨라빈스 월계이마트점,아이스크림,4.32,,,코랄핑크,https://m.place.naver.com/my/5c0881c47bddca8513add0f0/review?v=2,577,,,😄,,2024년 6월 29일 토요일,7번째 방문,영수증
배스킨라빈스 월계이마트점,아이스크림,4.32,,,싱싱태양,https://m.place.naver.com/my/5c9c3825bbcea52746ce6902/review?v=2,1149,,,맛있어요,,2024년 5월 6일 월요일,1번째 방문,영수증
배스킨라빈스 월계이마트점,아이스크림,4.32,,,minepado,https://m.place.naver.com/my/5efefc30a7f1cdd89fef4d2c/review?v=2,1035,1,,조아요,,2024년 3월 17일 일요일,4번째 방문,영수증
배스킨라빈스 월계이마트점,아이스크림,4.32,,,라이빗,https://m.place.naver.com/my/5d04a826e35c48e2ce4339a6/review?v=2,279,2,,"키오스크? 가 2개나있는데      한번 주문 입력하면   나무 늘보 보다  더 늦게,  차라리 카운터에서ㄲ",,2024년 1월 6일 토요일,2번째 방문,영수증
배스킨라빈스 월계이마트점,아이스크림,4.32,,,코랄핑크,https://m.place.naver.com/my/5c0881c47bddca8513add0f0/review?v=2,577,,,😭,,2024년 6월 19일 수요일,6번째 방문,영수증
배스킨라빈스 월계이마트점,아이스크림,4.32,,,iok0508,https://m.place.naver.com/my/5c99c6b6c92fba4bab4622db/review?v=2,1104,,,ㄱ,,2024년 2월 28일 수요일,3번째 방문,영수증
배스킨라빈스 월계이마트점,아이스크림,4.32,,,mzifjsk,https://m.place.naver.com/my/5efe14e2854ca92931131cea/review?v=2,1067,,,긋,,2024년 3월 9일 토요일,2번째 방문,영수증
배스킨라빈스 월계이마트점,아이스크림,4.32,,,L O V E 7,https://m.place.naver.com/my/5ddb90679ec8258e4a78050a/review?v=2,375,18,,"이마트 2층에 있는데 친절하고 괜찮아요.
단, 사람밀리면 좀 기다려야해요.","일시적인 오류가 발생했습니다
음료가 맛있어요",2024년 1월 2일 화요일,1번째 방문,결제내역
배스킨라빈스 월계이마트점,아이스크림,4.32,,,jws****,https://m.place.naver.com/my/5eeaf0bd8f87a842bcabea2c/review?v=2,1537,7,,굿,"일시적인 오류가 발생했습니다
디저트가 맛있어요",2024년 3월 2일 토요일,8번째 방문,영수증
배스킨라빈스 월계이마트점,아이스크림,4.32,,,영심이3929,https://m.place.naver.com/my/5e43c25d8f87a842bc3d0f6f/review?v=2,135,,,친절해요.,,2024년 5월 15일 수요일,1번째 방문,영수증
배스킨라빈스 월계이마트점,아이스크림,4.32,,,향기로운 채움,https://m.place.naver.com/my/605d8e91b17852528f300769/review?v=2,2282,1,,좋아요,"일시적인 오류가 발생했습니다
디저트가 맛있어요",2024년 5월 30일 목요일,3번째 방문,영수증
배스킨라빈스 월계이마트점,아이스크림,4.32,,,don****,https://m.place.naver.com/my/627f4bb5e04943081c2e2f6c/review?v=2,708,,,굿,,2024년 4월 15일 월요일,2번째 방문,영수증
배스킨라빈스 월계이마트점,아이스크림,4.32,,,shi****,https://m.place.naver.com/my/5e0223628f87a842bc4867e6/review?v=2,1585,,,ㆍ,,2024년 3월 12일 화요일,7번째 방문,영수증
배스킨라빈스 월계이마트점,아이스크림,4.32,,,CoffeeBoy,https://m.place.naver.com/my/5ccceebf7eaaddea1430d06e/review?v=2,1570,18,,굿굿,,2024년 3월 8일 금요일,2번째 방문,영수증
배스킨라빈스 월계이마트점,아이스크림,4.32,,,mzifjsk,https://m.place.naver.com/my/5efe14e2854ca92931131cea/review?v=2,1067,,,긋,,2024년 3월 1일 금요일,1번째 방문,영수증
배스킨라빈스 월계이마트점,아이스크림,4.32,,,minepado,https://m.place.naver.com/my/5efefc30a7f1cdd89fef4d2c/review?v=2,1035,1,,조아요,,2024년 2월 27일 화요일,3번째 방문,영수증
배스킨라빈스 월계이마트점,아이스크림,4.32,,,나나나나28,https://m.place.naver.com/my/5bb4944197981a939181b30f/review?v=2,143,1,,"콘을 먹었는데 양이좀 적은편이고 매장내 기본적인 티슈&물티슈를 두지않아서 푸드코트 휴지이용했습니다.
기본적인것들이고 아이들이많은 매장인데 없다는게 의야했어요",,2023년 12월 29일 금요일,1번째 방문,영수증
배스킨라빈스 월계이마트점,아이스크림,4.32,,,맛있어죽어,https://m.place.naver.com/my/5d05ddff6a6c2aa30307d67b/review?v=2,195,,,"에어바운스 놀러갔다가 딸 부탁으로 들렸어요
빨리 나와서 좋았습니다.","일시적인 오류가 발생했습니다
인테리어가 멋져요",2023년 12월 15일 금요일,1번째 방문,영수증
배스킨라빈스 월계이마트점,아이스크림,4.32,,,느글탱이,https://m.place.naver.com/my/5d46f8aaa16a1024d5446e78/review?v=2,306,5,,신제품 나올때 아이스크림 한번씩 들려서 먹어요,"일시적인 오류가 발생했습니다
디저트가 맛있어요",2023년 12월 16일 토요일,1번째 방문,영수증
배스킨라빈스 월계이마트점,아이스크림,4.32,,,짬짜면53,https://m.place.naver.com/my/5e58907f8f87a842bc285f7e/review?v=2,541,,,고디바 맛나네요~~^^ㅎㅎ,,2023년 12월 31일 일요일,3번째 방문,영수증
배스킨라빈스 월계이마트점,아이스크림,4.32,,,이뿐이 아씨,https://m.place.naver.com/my/60f3e70433caf0aae93c62e7/review?v=2,357,,,좋아요 😀 ,"일시적인 오류가 발생했습니다
커피가 맛있어요",2024년 3월 6일 수요일,1번째 방문,영수증
배스킨라빈스 월계이마트점,아이스크림,4.32,,,라온8994,https://m.place.naver.com/my/5e13ecd18f87a842bc3540b5/review?v=2,1326,,,굿,,2024년 3월 23일 토요일,3번째 방문,영수증
배스킨라빈스 월계이마트점,아이스크림,4.32,,,디주디,https://m.place.naver.com/my/5c720490c7809b77c5761127/review?v=2,2491,,,생일이라 케이크 샀어요,,2023년 12월 27일 수요일,1번째 방문,영수증
배스킨라빈스 월계이마트점,아이스크림,4.32,,,1ggoong1,https://m.place.naver.com/my/5e85a1158f87a842bc002e61/review?v=2,107,,,아이들과 맛있게먹고갑니다~~,,2023년 11월 5일 일요일,1번째 방문,영수증
배스킨라빈스 월계이마트점,아이스크림,4.32,,,Alloydesign,https://m.place.naver.com/my/5faf68ed832177c0cdc4d711/review?v=2,910,12,,이뫄트 2츰의 베라에요. 후식으로 아슈크림 빨고가요.,,2023년 10월 2일 월요일,2번째 방문,영수증
배스킨라빈스 월계이마트점,아이스크림,4.32,,,woo****,https://m.place.naver.com/my/62d3f18195b9130006dbc581/review?v=2,742,5,,조아요,,2024년 3월 25일 월요일,1번째 방문,영수증
배스킨라빈스 월계이마트점,아이스크림,4.32,,,곰아57,https://m.place.naver.com/my/5c20ef1333d2b4aa69ad577f/review?v=2,87,,,,,2024년 1월 20일 토요일,1번째 방문,영수증
배스킨라빈스 월계이마트점,아이스크림,4.32,,,hsk****,https://m.place.naver.com/my/6269e1007bac191832636c06/review?v=2,368,,,좋아요 ,,2024년 2월 21일 수요일,2번째 방문,영수증
배스킨라빈스 월계이마트점,아이스크림,4.32,,,여기가 바로,https://m.place.naver.com/my/5de125e89ec8258e4a5e6ebd/review?v=2,238,,,"일요일 오전 알바 진짜 일하기 싫어서 억지로 하는듯함
겁나 불친절
다시 안감",,2023년 12월 17일 일요일,1번째 방문,영수증
배스킨라빈스 월계이마트점,아이스크림,4.32,,,ago****,https://m.place.naver.com/my/5ca8beb665ece747a5421f2b/review?v=2,614,,,,"일시적인 오류가 발생했습니다
특별한 메뉴가 있어요",2024년 3월 20일 수요일,3번째 방문,영수증
배스킨라빈스 월계이마트점,아이스크림,4.32,,,닥공요,https://m.place.naver.com/my/5d9c8e878f87a842bca2b313/review?v=2,1466,,,긋,,2024년 1월 23일 화요일,16번째 방문,영수증
배스킨라빈스 월계이마트점,아이스크림,4.32,,,axyz,https://m.place.naver.com/my/5def61e18f87a842bc743e9b/review?v=2,2054,,,굿,,2024년 2월 13일 화요일,1번째 방문,영수증
배스킨라빈스 월계이마트점,아이스크림,4.32,,,lk****,https://m.place.naver.com/my/5ef19c248f87a842bc31a446/review?v=2,110,,,푸드코트랑 같이 붙어있어서 자리 잡기가 수월했어요,"일시적인 오류가 발생했습니다
특별한 메뉴가 있어요",2023년 12월 21일 목요일,1번째 방문,영수증
배스킨라빈스 월계이마트점,아이스크림,4.32,,,hsk****,https://m.place.naver.com/my/6269e1007bac191832636c06/review?v=2,368,,,좋아요 ,,2024년 2월 19일 월요일,1번째 방문,영수증
배스킨라빈스 월계이마트점,아이스크림,4.32,,,라라라321,https://m.place.naver.com/my/5b62f702bf8a4c02adcdc33e/review?v=2,888,,,굿,,2024년 1월 1일 월요일,2번째 방문,영수증
배스킨라빈스 월계이마트점,아이스크림,4.32,,,악몽45,https://m.place.naver.com/my/5c2a1dc083e4ed6492eee6ab/review?v=2,1406,,,친절해요 ,,2024년 4월 24일 수요일,1번째 방문,영수증
배스킨라빈스 월계이마트점,아이스크림,4.32,,,하얀사과78,https://m.place.naver.com/my/5d0cc1fee773a8ee890c6e53/review?v=2,600,24,,아이스크림맛있어요,"일시적인 오류가 발생했습니다
친절해요",2024년 2월 28일 수요일,1번째 방문,영수증
배스킨라빈스 월계이마트점,아이스크림,4.32,,,Molly47,https://m.place.naver.com/my/5dbd076e8f87a842bc0e36fa/review?v=2,418,,,굿,"일시적인 오류가 발생했습니다
디저트가 맛있어요",2024년 5월 4일 토요일,5번째 방문,영수증
배스킨라빈스 월계이마트점,아이스크림,4.32,,,코랄핑크,https://m.place.naver.com/my/5c0881c47bddca8513add0f0/review?v=2,577,,,😭,,2024년 4월 20일 토요일,5번째 방문,영수증
배스킨라빈스 월계이마트점,아이스크림,4.32,,,lee****,https://m.place.naver.com/my/5f73155b6c3d7f7334a38736/review?v=2,872,,,아이스크림케잌 구입요,,2023년 12월 7일 목요일,1번째 방문,영수증
배스킨라빈스 월계이마트점,아이스크림,4.32,,,여니47,https://m.place.naver.com/my/5ca88435f2900d8110d8607b/review?v=2,318,,,"아이들이 좋아하는 아이스크림
골라먹는 재미가 있어요ㅎ",,2023년 12월 4일 월요일,1번째 방문,영수증
배스킨라빈스 월계이마트점,아이스크림,4.32,,,처음처럼678,https://m.place.naver.com/my/5f58780b6c3d7f7334f607a6/review?v=2,2295,,,,,2024년 4월 7일 일요일,8번째 방문,영수증
배스킨라빈스 월계이마트점,아이스크림,4.32,,,밥죠6,https://m.place.naver.com/my/5cdec424b627945cd774e57d/review?v=2,995,2,,굿,,2024년 1월 7일 일요일,3번째 방문,영수증
배스킨라빈스 월계이마트점,아이스크림,4.32,,,dlg****,https://m.place.naver.com/my/609a772791a96e93def6960b/review?v=2,1357,,,굿,,2023년 12월 15일 금요일,2번째 방문,영수증
배스킨라빈스 월계이마트점,아이스크림,4.32,,,디오션s,https://m.place.naver.com/my/5bece2a791cdcbe77992eefb/review?v=2,623,6,,"이달의맛, 초코 우리 이제 헤이즐넛 먹어봤는데 맛있어요ㅎ 헤이즐넛 맛이 초코 맛을 감싸고 있는 맛? 이에요ㅋㅋ 추천합니다!","일시적인 오류가 발생했습니다
가성비가 좋아요",2023년 10월 7일 토요일,1번째 방문,영수증
배스킨라빈스 월계이마트점,아이스크림,4.32,,,네넵33,https://m.place.naver.com/my/5ef6a45f8f87a842bc699563/review?v=2,1560,,,ㄹㄹㅁㄹㅁㄹㅁㅅㅂㅅㅂㅅㄹㅂㅊㅁㅊㄴㄹㅋㅎㅁㅎ,,2023년 12월 28일 목요일,2번째 방문,영수증
배스킨라빈스 월계이마트점,아이스크림,4.32,,,방랑자9899,https://m.place.naver.com/my/5ce2061441a351db4a1a6293/review?v=2,936,17,,추운 날씬데 아이스크림이 그냥 녹아내렸어요 ㅡㅡ 거의 받자마자 ㅡㅡ,,2023년 10월 21일 토요일,2번째 방문,영수증
배스킨라빈스 월계이마트점,아이스크림,4.32,,,iok0508,https://m.place.naver.com/my/5c99c6b6c92fba4bab4622db/review?v=2,1104,,,친절 ,,2024년 1월 10일 수요일,2번째 방문,영수증
배스킨라빈스 월계이마트점,아이스크림,4.32,,,iok0508,https://m.place.naver.com/my/5c99c6b6c92fba4bab4622db/review?v=2,1104,,,대기시간이  너무 길어요,,2023년 11월 15일 수요일,1번째 방문,영수증
배스킨라빈스 월계이마트점,아이스크림,4.32,,,우리집포동이,https://m.place.naver.com/my/5bb2e61f2b14edc35700cfd6/review?v=2,888,25,,"이달의 맛, 우리이제 헤어질넛 추천👍",,2023년 10월 19일 목요일,1번째 방문,영수증
배스킨라빈스 월계이마트점,아이스크림,4.32,,,son son,https://m.place.naver.com/my/5faa0392019e1f03ec024ffc/review?v=2,1501,,,좋아요,,2024년 2월 13일 화요일,1번째 방문,영수증
배스킨라빈스 월계이마트점,아이스크림,4.32,,,jws****,https://m.place.naver.com/my/5eeaf0bd8f87a842bcabea2c/review?v=2,1537,7,,굿,"일시적인 오류가 발생했습니다
음료가 맛있어요",2023년 12월 18일 월요일,7번째 방문,영수증
배스킨라빈스 월계이마트점,아이스크림,4.32,,,als****,https://m.place.naver.com/my/61b16a4715e21cc942d23858/review?v=2,484,,,너무좋습니다,,2023년 12월 15일 금요일,1번째 방문,영수증
배스킨라빈스 월계이마트점,아이스크림,4.32,,,닥공요,https://m.place.naver.com/my/5d9c8e878f87a842bca2b313/review?v=2,1466,,,긋,,2023년 12월 27일 수요일,15번째 방문,영수증
배스킨라빈스 월계이마트점,아이스크림,4.32,,,YNWA8,https://m.place.naver.com/my/5e6a2ab98f87a842bc3076ba/review?v=2,394,,,좋아요,,2024년 1월 1일 월요일,2번째 방문,영수증
배스킨라빈스 월계이마트점,아이스크림,4.32,,,Minimal44,https://m.place.naver.com/my/5e6afc7f8f87a842bc6d9aeb/review?v=2,715,,,달큰하니 달콤한맛,,2024년 2월 8일 목요일,2번째 방문,영수증
배스킨라빈스 월계이마트점,아이스크림,4.32,,,쑤276,https://m.place.naver.com/my/5bd1c0bd5354dcd17585df15/review?v=2,155,,,키오스크 주문 편리하네요,,2023년 11월 15일 수요일,1번째 방문,영수증
배스킨라빈스 월계이마트점,아이스크림,4.32,,,pms****,https://m.place.naver.com/my/5dff35bd8f87a842bc0c6ea9/review?v=2,911,,,자주 찾는곳이예요 ,"일시적인 오류가 발생했습니다
특별한 메뉴가 있어요",2023년 11월 19일 일요일,11번째 방문,영수증
배스킨라빈스 월계이마트점,아이스크림,4.32,,,bh****,https://m.place.naver.com/my/5d90245b8f87a842bc2ac637/review?v=2,1004,,,맛있어요,,2024년 1월 19일 금요일,4번째 방문,결제내역
배스킨라빈스 월계이마트점,아이스크림,4.32,,,닥공요,https://m.place.naver.com/my/5d9c8e878f87a842bca2b313/review?v=2,1466,,,긋,,2023년 12월 21일 목요일,14번째 방문,영수증
배스킨라빈스 월계이마트점,아이스크림,4.32,,,붕어1023,https://m.place.naver.com/my/5c96c5fa619e2770bc53193d/review?v=2,900,,,굿,,2024년 1월 21일 일요일,1번째 방문,영수증
배스킨라빈스 월계이마트점,아이스크림,4.32,,,jws****,https://m.place.naver.com/my/5eeaf0bd8f87a842bcabea2c/review?v=2,1537,7,,굿,,2023년 12월 8일 금요일,6번째 방문,영수증
배스킨라빈스 월계이마트점,아이스크림,4.32,,,namoo85,https://m.place.naver.com/my/5be9aa51acd1cb167cf7a676/review?v=2,295,,,"아이 생일을 위해 케익사러- 
혼자 일하시느라 너무 바쁜것 같아요 ㅠ","일시적인 오류가 발생했습니다
메뉴 구성이 알차요",2023년 11월 6일 월요일,1번째 방문,영수증
배스킨라빈스 월계이마트점,아이스크림,4.32,,,wat****,https://m.place.naver.com/my/605fe2c2a5c8bf007a4db8f3/review?v=2,1546,,,좋음,,2024년 1월 27일 토요일,1번째 방문,영수증
배스킨라빈스 월계이마트점,아이스크림,4.32,,,sjl****,https://m.place.naver.com/my/5d1ccfc91f20c3eff507149c/review?v=2,770,11,,굿,,2023년 12월 24일 일요일,1번째 방문,영수증
배스킨라빈스 월계이마트점,아이스크림,4.32,,,닥공요,https://m.place.naver.com/my/5d9c8e878f87a842bca2b313/review?v=2,1466,,,긋,"일시적인 오류가 발생했습니다
커피가 맛있어요",2023년 12월 12일 화요일,13번째 방문,영수증
배스킨라빈스 월계이마트점,아이스크림,4.32,,,jws****,https://m.place.naver.com/my/5eeaf0bd8f87a842bcabea2c/review?v=2,1537,7,,굿,,2023년 11월 28일 화요일,5번째 방문,영수증
배스킨라빈스 월계이마트점,아이스크림,4.32,,,ln****,https://m.place.naver.com/my/5f840ac16c3d7f7334775871/review?v=2,866,,,좋아요,,2024년 4월 10일 수요일,2번째 방문,영수증
배스킨라빈스 월계이마트점,아이스크림,4.32,,,koko30,https://m.place.naver.com/my/608dc4b163769b49ed59965c/review?v=2,1374,,,굿,,2023년 12월 16일 토요일,1번째 방문,영수증
배스킨라빈스 월계이마트점,아이스크림,4.32,,,shi****,https://m.place.naver.com/my/5e0223628f87a842bc4867e6/review?v=2,1585,,,ㆍ,,2023년 12월 12일 화요일,6번째 방문,영수증
배스킨라빈스 월계이마트점,아이스크림,4.32,,,inae0843,https://m.place.naver.com/my/5e6ae7d28f87a842bcd150fe/review?v=2,3812,1,,좋아요 ,,2023년 12월 25일 월요일,12번째 방문,영수증
배스킨라빈스 월계이마트점,아이스크림,4.32,,,MLHBee,https://m.place.naver.com/my/5cc2d23dca33c39a5a1b0d36/review?v=2,919,,,"뉴블록팩 더 먹기 편해졌어요!
뉴치케 짜응💛",,2023년 8월 29일 화요일,5번째 방문,영수증
배스킨라빈스 월계이마트점,아이스크림,4.32,,,책크니,https://m.place.naver.com/my/5b631d9c2542286277fb66c4/review?v=2,276,,,키오스크로 쿠폰 사용하려니 어디에서 찾는지 몰라 살짝 헤매긴 했지만 ㅎ 그래도 1+1 쿠폰 잘 활용해서 샀네요~ ,"일시적인 오류가 발생했습니다
디저트가 맛있어요",2023년 8월 9일 수요일,1번째 방문,영수증
배스킨라빈스 월계이마트점,아이스크림,4.32,,,세꽁맘,https://m.place.naver.com/my/5d8aca638f87a842bcabcef8/review?v=2,401,,,아이들이 좋아합니다,"일시적인 오류가 발생했습니다
매장이 청결해요",2023년 11월 20일 월요일,1번째 방문,영수증
배스킨라빈스 월계이마트점,아이스크림,4.32,,,림걸즈,https://m.place.naver.com/my/5eff580d8f87a842bca3d7be/review?v=2,23,,,생일케이크 사러 왔어요~~^^ 직원분이 친절하시고 좋아요! ,"일시적인 오류가 발생했습니다
커피가 맛있어요",2023년 7월 12일 수요일,1번째 방문,영수증
배스킨라빈스 월계이마트점,아이스크림,4.32,,,리비유모온스터무난구기,https://m.place.naver.com/my/5c06924bbb256c4c5f8b2cb1/review?v=2,2302,101,,달달구리 좋아요~,,2023년 10월 17일 화요일,1번째 방문,결제내역
배스킨라빈스 월계이마트점,아이스크림,4.32,,,ado****,https://m.place.naver.com/my/5f1fe9af9ec8258e4a7dad7b/review?v=2,1886,4,,굳,,2023년 12월 11일 월요일,1번째 방문,영수증
배스킨라빈스 월계이마트점,아이스크림,4.32,,,꽃백구6,https://m.place.naver.com/my/5dd871779ec8258e4a82b12a/review?v=2,900,,,베스킨이있어좋아요,,2023년 10월 14일 토요일,1번째 방문,영수증
배스킨라빈스 월계이마트점,아이스크림,4.32,,,닥공요,https://m.place.naver.com/my/5d9c8e878f87a842bca2b313/review?v=2,1466,,,긋,,2023년 11월 28일 화요일,12번째 방문,영수증
배스킨라빈스 월계이마트점,아이스크림,4.32,,,rla****,https://m.place.naver.com/my/5efe579a68401871104e8107/review?v=2,333,,,굿,"일시적인 오류가 발생했습니다
가성비가 좋아요",2024년 1월 6일 토요일,1번째 방문,영수증
배스킨라빈스 월계이마트점,아이스크림,4.32,,,wu****,https://m.place.naver.com/my/5f90f3f7f725675511eb5300/review?v=2,2267,,,조아요,"일시적인 오류가 발생했습니다
친절해요",2023년 12월 31일 일요일,2번째 방문,영수증
배스킨라빈스 월계이마트점,아이스크림,4.32,,,주디딩,https://m.place.naver.com/my/5c821eabb9ac3a135cfb61ee/review?v=2,11,,,"키오스크 오류도 심하고 쿠폰 적용도 계속 안된다고 말만 하시고 일처리는 안 해주시고 계속 엥 왜 안되지 소리만 하심. 기계가 안되네요 말하고 카운터에 서 해주시면 되는데 안 해주시고 자꾸 기계 이제 될 거에요 라고 책임전가함.
다시 기계 보면 절대 안됨. 싱글레귤러 하나 먹으려고 30분은 버린 듯. 직원이 일처리를 너무 못 함. 대기업이 직원 교육을 이렇게 못하나 싶었음. 네이버 리 뷰 찾아보니 직원에 대한 악평이 너무 심각했음. 조치를 취하셔야 할 듯. 배스 킨라빈스 이미지가 나락가게 생겼음. ",,2023년 9월 1일 금요일,1번째 방문,영수증
배스킨라빈스 월계이마트점,아이스크림,4.32,,,코랄핑크,https://m.place.naver.com/my/5c0881c47bddca8513add0f0/review?v=2,577,,,🫠,"일시적인 오류가 발생했습니다
특별한 메뉴가 있어요",2024년 2월 20일 화요일,4번째 방문,영수증
배스킨라빈스 월계이마트점,아이스크림,4.32,,,mov****,https://m.place.naver.com/my/5e196e978f87a842bc77d090/review?v=2,1252,,,☺️,,2023년 11월 23일 목요일,6번째 방문,영수증
배스킨라빈스 월계이마트점,아이스크림,4.32,,,닥공요,https://m.place.naver.com/my/5d9c8e878f87a842bca2b313/review?v=2,1466,,,긋,,2023년 11월 17일 금요일,11번째 방문,영수증
배스킨라빈스 월계이마트점,아이스크림,4.32,,,코랄핑크,https://m.place.naver.com/my/5c0881c47bddca8513add0f0/review?v=2,577,,,😃,,2024년 1월 27일 토요일,3번째 방문,영수증
배스킨라빈스 월계이마트점,아이스크림,4.32,,,촌스런 아저씨,https://m.place.naver.com/my/5e5db0a18f87a842bcd026b2/review?v=2,477,,,"처음 먹어보는데, 맛 괜찮았어요","일시적인 오류가 발생했습니다
디저트가 맛있어요",2023년 9월 30일 토요일,1번째 방문,영수증
배스킨라빈스 월계이마트점,아이스크림,4.32,,,jws****,https://m.place.naver.com/my/5eeaf0bd8f87a842bcabea2c/review?v=2,1537,7,,굿,"일시적인 오류가 발생했습니다
커피가 맛있어요",2023년 10월 30일 월요일,4번째 방문,영수증
배스킨라빈스 월계이마트점,아이스크림,4.32,,,태양이빛나지,https://m.place.naver.com/my/5ff49bfa50bb8de60cf70e7e/review?v=2,18,,,"주문하고 받으려고 기다리는데
직원교육 시키느라 아이스크림 푸는데 한 세월 걸리고
직원이 못하니 손님 앞에서 대놓고 뭐라하고 직원이 아이스크림 잘 못 푸니 냉동고에 머리 처박고
참 보기 좋네요 ㅋㅋ",,2023년 8월 1일 화요일,1번째 방문,영수증
배스킨라빈스 월계이마트점,아이스크림,4.32,,,don****,https://m.place.naver.com/my/627f4bb5e04943081c2e2f6c/review?v=2,708,,,굿,,2023년 12월 16일 토요일,1번째 방문,영수증
배스킨라빈스 월계이마트점,아이스크림,4.32,,,엥나아,https://m.place.naver.com/my/60873c72fb6464cf6f6c8fae/review?v=2,943,32,,"날씨가 더워 그런걸까
문닫는 시간이 다되서일까
아이스크림 퍼주던 직원의 불평 
너무 리얼하게 전달되어 얼굴이 찌푸려 졌네요
담엔 배달을 이용해야 하나 싶네요 다른 곳으로",,2023년 7월 29일 토요일,1번째 방문,결제내역
배스킨라빈스 월계이마트점,아이스크림,4.32,,,jws****,https://m.place.naver.com/my/5eeaf0bd8f87a842bcabea2c/review?v=2,1537,7,,굿,,2023년 10월 29일 일요일,3번째 방문,영수증
배스킨라빈스 월계이마트점,아이스크림,4.32,,,그레4697,https://m.place.naver.com/my/5d71d6768f87a842bca429d5/review?v=2,1028,20,,좋아요,,2023년 10월 17일 화요일,5번째 방문,영수증
배스킨라빈스 월계이마트점,아이스크림,4.32,,,YONY777,https://m.place.naver.com/my/5e111c108f87a842bc0beb15/review?v=2,303,,,좋아요,"일시적인 오류가 발생했습니다
커피가 맛있어요",2024년 3월 4일 월요일,1번째 방문,영수증
배스킨라빈스 월계이마트점,아이스크림,4.32,,,inae0843,https://m.place.naver.com/my/5e6ae7d28f87a842bcd150fe/review?v=2,3812,1,,좋아요 ,,2023년 11월 18일 토요일,11번째 방문,영수증
배스킨라빈스 월계이마트점,아이스크림,4.32,,,닥공요,https://m.place.naver.com/my/5d9c8e878f87a842bca2b313/review?v=2,1466,,,긋,,2023년 11월 3일 금요일,10번째 방문,영수증
배스킨라빈스 월계이마트점,아이스크림,4.32,,,Ham53,https://m.place.naver.com/my/5f04289f07df30f9d675f328/review?v=2,742,53,,베라는 역시 바람과 함께 사라지다..!!,,2023년 8월 14일 월요일,1번째 방문,영수증
배스킨라빈스 월계이마트점,아이스크림,4.32,,,반짝반짝 작은 별38,https://m.place.naver.com/my/5f2442179ec8258e4afa025f/review?v=2,540,,,키오스크 오류가 너무 많이나고 느려요,"일시적인 오류가 발생했습니다
특별한 메뉴가 있어요",2023년 8월 12일 토요일,1번째 방문,영수증
배스킨라빈스 월계이마트점,아이스크림,4.32,,,mhy****,https://m.place.naver.com/my/5c446aa17e7f516b227321aa/review?v=2,430,,,가까워서 자주 이용해요,"일시적인 오류가 발생했습니다
커피가 맛있어요",2023년 9월 7일 목요일,1번째 방문,영수증
배스킨라빈스 월계이마트점,아이스크림,4.32,,,shi****,https://m.place.naver.com/my/5e0223628f87a842bc4867e6/review?v=2,1585,,,ㆍ,,2023년 10월 29일 일요일,5번째 방문,영수증
배스킨라빈스 월계이마트점,아이스크림,4.32,,,버들배들뽀들뿌들,https://m.place.naver.com/my/5eff9d8ad012f64a7231af05/review?v=2,508,8,,👍🏻👍🏻👍🏻,"일시적인 오류가 발생했습니다
디저트가 맛있어요",2023년 7월 3일 월요일,1번째 방문,영수증
배스킨라빈스 월계이마트점,아이스크림,4.32,,,안군세상,https://m.place.naver.com/my/5b9a1dd14605e93725b89ca9/review?v=2,719,16,,ㅇㅇ,"일시적인 오류가 발생했습니다
커피가 맛있어요",2023년 10월 2일 월요일,6번째 방문,영수증
배스킨라빈스 월계이마트점,아이스크림,4.32,,,그레4697,https://m.place.naver.com/my/5d71d6768f87a842bca429d5/review?v=2,1028,20,,맛있어요!,,2023년 9월 9일 토요일,4번째 방문,영수증
배스킨라빈스 월계이마트점,아이스크림,4.32,,,yeon1106,https://m.place.naver.com/my/5d6107708f87a842bc10d2ec/review?v=2,727,1,,아이스크림 맛도리에요,,2023년 8월 22일 화요일,1번째 방문,영수증
배스킨라빈스 월계이마트점,아이스크림,4.32,,,화곡동아이유,https://m.place.naver.com/my/5eff1983a7f1cdd89fef8d11/review?v=2,1213,,,조아요,,2023년 10월 8일 일요일,3번째 방문,영수증
배스킨라빈스 월계이마트점,아이스크림,4.32,,,강건석98,https://m.place.naver.com/my/5eb75c928f87a842bcfa53ff/review?v=2,143,,,맛있어요,,2023년 11월 20일 월요일,1번째 방문,영수증
배스킨라빈스 월계이마트점,아이스크림,4.32,,,soo****,https://m.place.naver.com/my/5efdbe948b790375a1869a12/review?v=2,476,,,굿,,2023년 11월 16일 목요일,1번째 방문,결제내역
배스킨라빈스 월계이마트점,아이스크림,4.32,,,하늘 미소,https://m.place.naver.com/my/5f05adf782d9f26c95ef3754/review?v=2,1064,,,굳,"일시적인 오류가 발생했습니다
대화하기 좋아요",2023년 9월 15일 금요일,1번째 방문,영수증
배스킨라빈스 월계이마트점,아이스크림,4.32,,,화곡동아이유,https://m.place.naver.com/my/5eff1983a7f1cdd89fef8d11/review?v=2,1213,,,맛나여,,2023년 10월 6일 금요일,2번째 방문,영수증
배스킨라빈스 월계이마트점,아이스크림,4.32,,,woo454545,https://m.place.naver.com/my/5d30751f9c5e5226b98c45ec/review?v=2,379,5,,,,2023년 11월 20일 월요일,1번째 방문,영수증
배스킨라빈스 월계이마트점,아이스크림,4.32,,,눈이부시게90,https://m.place.naver.com/my/5e5e893c8f87a842bc1c0546/review?v=2,990,24,,베스킨 마싯당! ,,2023년 10월 10일 화요일,7번째 방문,영수증
배스킨라빈스 월계이마트점,아이스크림,4.32,,,poppo19,https://m.place.naver.com/my/5efe5c17afcca6e20afd42d4/review?v=2,302,,,맛나요,"일시적인 오류가 발생했습니다
커피가 맛있어요",2023년 10월 1일 일요일,1번째 방문,영수증
배스킨라빈스 월계이마트점,아이스크림,4.32,,,ruy1123,https://m.place.naver.com/my/5cfced232e029537e2363595/review?v=2,666,,,더울때 딱이에요,,2023년 8월 6일 일요일,3번째 방문,영수증
배스킨라빈스 월계이마트점,아이스크림,4.32,,,tai****,https://m.place.naver.com/my/5c00d873c5a23eb828e8502b/review?v=2,927,,,굳,,2023년 9월 30일 토요일,1번째 방문,영수증
배스킨라빈스 월계이마트점,아이스크림,4.32,,,blshyun,https://m.place.naver.com/my/5c14a82508a0effc72df369a/review?v=2,520,31,,"베스킨라빈스 여러 매장을 가봤지만, 직원이 이렇게 짜증스럽게 고객을 응대하는 매장은 처음이예요.",,2023년 6월 4일 일요일,1번째 방문,영수증
배스킨라빈스 월계이마트점,아이스크림,4.32,,,Alloydesign,https://m.place.naver.com/my/5faf68ed832177c0cdc4d711/review?v=2,910,12,,이마트 내 베라에요.,"일시적인 오류가 발생했습니다
디저트가 맛있어요",2023년 7월 1일 토요일,1번째 방문,영수증
배스킨라빈스 월계이마트점,아이스크림,4.32,,,피그그,https://m.place.naver.com/my/5bd155f99e4a25d16b118be2/review?v=2,568,10,,좋아요😊,,2023년 9월 19일 화요일,1번째 방문,영수증
배스킨라빈스 월계이마트점,아이스크림,4.32,,,팬더고양이,https://m.place.naver.com/my/5cf0a69e654f4daa32b7f789/review?v=2,419,,,ㅇㄱㅇ,"일시적인 오류가 발생했습니다
커피가 맛있어요",2023년 10월 2일 월요일,1번째 방문,영수증
배스킨라빈스 월계이마트점,아이스크림,4.32,,,JJCY,https://m.place.naver.com/my/5c21b9aa5b0bfb32cb8c57e4/review?v=2,841,,,시즌 메뉴 맛있어요 ,"일시적인 오류가 발생했습니다
특별한 메뉴가 있어요",2023년 7월 21일 금요일,1번째 방문,영수증
배스킨라빈스 월계이마트점,아이스크림,4.32,,,nip****,https://m.place.naver.com/my/5eff185fee06165e651d7dc2/review?v=2,527,,,푸드코트랑 연결되있어서 좌석이 좀 어수선해요,,2023년 6월 2일 금요일,1번째 방문,결제내역
배스킨라빈스 월계이마트점,아이스크림,4.32,,,람보리기니,https://m.place.naver.com/my/5b82a2a0c601a70322f5c0ab/review?v=2,696,13,,좋아용 : ),"일시적인 오류가 발생했습니다
음료가 맛있어요",2023년 9월 13일 수요일,1번째 방문,영수증
배스킨라빈스 월계이마트점,아이스크림,4.32,,,hey****,https://m.place.naver.com/my/5bf5d319e08ec3601f3f7183/review?v=2,779,,,아기가 좋아해여,,2023년 11월 7일 화요일,9번째 방문,영수증
배스킨라빈스 월계이마트점,아이스크림,4.32,,,개마마,https://m.place.naver.com/my/5c76806d54b95907d79de84a/review?v=2,397,8,,원래정량대로 담아주시려고 노력하는듯 보이네요,"일시적인 오류가 발생했습니다
디저트가 맛있어요",2023년 4월 25일 화요일,1번째 방문,영수증
배스킨라빈스 월계이마트점,아이스크림,4.32,,,밥죠6,https://m.place.naver.com/my/5cdec424b627945cd774e57d/review?v=2,995,2,,굿,,2023년 8월 30일 수요일,2번째 방문,영수증
배스킨라빈스 월계이마트점,아이스크림,4.32,,,dlg****,https://m.place.naver.com/my/609a772791a96e93def6960b/review?v=2,1357,,,굿,"일시적인 오류가 발생했습니다
친절해요",2023년 8월 14일 월요일,1번째 방문,영수증
배스킨라빈스 월계이마트점,아이스크림,4.32,,,ssun0207,https://m.place.naver.com/my/5d08814dc51c4e6fe382dd18/review?v=2,501,,,아이가 좋아해요,,2023년 8월 6일 일요일,1번째 방문,영수증
배스킨라빈스 월계이마트점,아이스크림,4.32,,,구름양산,https://m.place.naver.com/my/5b7f7c7cfdf62f91ffb86f58/review?v=2,102,,,"반지 낀 맨손으로 아이스크림 푸시고  
음료 제조하시는거 비위생적인거 같아요;; 개선이 필요할 거 같아요~;;

아이 아이스크림 사주고 다 못 먹어서 숟가락 하나 더 달라고 했는데 야박하게 딱 안 된다고 하셔서 좀 속상했어요. 좀 더 오픈마인드로 맛보기 숟가락 대안 주셨으면 고객 입장까지 생각한 대응이 되지 않았을까 싶어요.",,2023년 5월 6일 토요일,1번째 방문,영수증
배스킨라빈스 월계이마트점,아이스크림,4.32,,,라온8994,https://m.place.naver.com/my/5e13ecd18f87a842bc3540b5/review?v=2,1326,,,굿,,2023년 9월 23일 토요일,2번째 방문,영수증
배스킨라빈스 월계이마트점,아이스크림,4.32,,,mov****,https://m.place.naver.com/my/5e196e978f87a842bc77d090/review?v=2,1252,,,😍,,2023년 8월 19일 토요일,5번째 방문,영수증
배스킨라빈스 월계이마트점,아이스크림,4.32,,,엥에베베베베벱,https://m.place.naver.com/my/5dcce66f8f87a842bc7f8a6f/review?v=2,516,14,,그냥 베스킨,,2023년 11월 15일 수요일,1번째 방문,영수증
배스킨라빈스 월계이마트점,아이스크림,4.32,,,Molly47,https://m.place.naver.com/my/5dbd076e8f87a842bc0e36fa/review?v=2,418,,,굿,,2023년 11월 30일 목요일,4번째 방문,영수증
배스킨라빈스 월계이마트점,아이스크림,4.32,,,닥공요,https://m.place.naver.com/my/5d9c8e878f87a842bca2b313/review?v=2,1466,,,긋,,2023년 8월 18일 금요일,9번째 방문,영수증
배스킨라빈스 월계이마트점,아이스크림,4.32,,,먹잘알ㄹㄹㄹ,https://m.place.naver.com/my/5df04e798f87a842bca70f34/review?v=2,127,,,"여기 직원언니들 진짜 친절함!
바쁜 주말에도 웃으면서 응대해주심👍🏻",,2023년 4월 22일 토요일,1번째 방문,영수증
배스킨라빈스 월계이마트점,아이스크림,4.32,,,축복 단비,https://m.place.naver.com/my/5c306e5a8b5d4a7f77bf7250/review?v=2,1308,,,맛있어요,,2023년 8월 17일 목요일,1번째 방문,영수증
배스킨라빈스 월계이마트점,아이스크림,4.32,,,고슴도ㅊ1,https://m.place.naver.com/my/5ec7366e8f87a842bc4f5266/review?v=2,81,,,굿,,2023년 9월 19일 화요일,1번째 방문,영수증
배스킨라빈스 월계이마트점,아이스크림,4.32,,,lee****,https://m.place.naver.com/my/5de35b6a9ec8258e4aaf3eab/review?v=2,1211,18,,굿,,2023년 8월 15일 화요일,1번째 방문,영수증
배스킨라빈스 월계이마트점,아이스크림,4.32,,,내가제일귀여워28,https://m.place.naver.com/my/5c56288ff9370bb3b20716e0/review?v=2,211,,,친절해요,,2023년 9월 17일 일요일,1번째 방문,영수증
배스킨라빈스 월계이마트점,아이스크림,4.32,,,92요다,https://m.place.naver.com/my/5de520079ec8258e4ae3ec11/review?v=2,262,3,,좋아요,,2023년 8월 11일 금요일,1번째 방문,영수증
배스킨라빈스 월계이마트점,아이스크림,4.32,,,까망이옴마,https://m.place.naver.com/my/5c10699503171fe4d4071180/review?v=2,4,,,"알바생이 꾹꾹 눌러담고 중량체크했어요
옆에서 흰머리 많은 여자분이 그렇게 꾹꾹 눌러담지 말라고 한소리 하더라구요 점장이신가봐요 그러더니 알바생이 덜어냈고
다음날 동네친구들이랑 먹으려고 열었다가 깜짝놀랐습니다 다들 먹던거 판거아니냐고 그러네요 중량은 덜어내기전껄로 붙여놓으셨더라구요 하프겔론 자주사먹는데 저용량에 저중량이라니 말도안되죠",,2023년 3월 31일 금요일,1번째 방문,결제내역
배스킨라빈스 월계이마트점,아이스크림,4.32,,,메이짱9915,https://m.place.naver.com/my/5e9306878f87a842bc4f61d7/review?v=2,649,19,,좋아요,,2023년 12월 9일 토요일,1번째 방문,영수증
배스킨라빈스 월계이마트점,아이스크림,4.32,,,늘 같은 곳에,https://m.place.naver.com/my/5bf6a39176db08ba89e70cc4/review?v=2,1003,,,.,,2023년 7월 14일 금요일,1번째 방문,영수증
배스킨라빈스 월계이마트점,아이스크림,4.32,,,yhk****,https://m.place.naver.com/my/5f76e8f86c3d7f733470011c/review?v=2,25,,,"다른분들 리뷰처럼...이마트안에있어서 편한거빼고는 별로입니다..
두분이 주문1건을 어찌나 오래 기다리게하시는지
게다가 집에서 애들이 퍼담은것같고
덜 채운컵도 있으며
디저트산거는 다른맛으로 잘못 넣으셨더라구요.
제바로앞 주문자도 사이즈잘못나온거같다고 다시 얘기하시고...담엔 그냥 집앞에 가야할거 같아요.",,2023년 4월 11일 화요일,1번째 방문,영수증
배스킨라빈스 월계이마트점,아이스크림,4.32,,,hey****,https://m.place.naver.com/my/5bf5d319e08ec3601f3f7183/review?v=2,779,,,베라 좋아요,,2023년 11월 17일 금요일,10번째 방문,영수증
배스킨라빈스 월계이마트점,아이스크림,4.32,,,레몬트리23,https://m.place.naver.com/my/5efdcca3c5ff5856b1a00ce9/review?v=2,263,,,다양해요,,2023년 7월 28일 금요일,1번째 방문,영수증
배스킨라빈스 월계이마트점,아이스크림,4.32,,,짬짜면53,https://m.place.naver.com/my/5e58907f8f87a842bc285f7e/review?v=2,541,,,편해요~~~^^ 맛나요!!!,,2023년 6월 1일 목요일,2번째 방문,영수증
배스킨라빈스 월계이마트점,아이스크림,4.32,,,아싸가오리123,https://m.place.naver.com/my/5c24c39cf8bcb12a8df22c8e/review?v=2,1046,,,좋아요,"일시적인 오류가 발생했습니다
커피가 맛있어요",2023년 11월 15일 수요일,1번째 방문,영수증
배스킨라빈스 월계이마트점,아이스크림,4.32,,,nee****,https://m.place.naver.com/my/5ec25f3b8f87a842bc065d81/review?v=2,1,,,"옹기종기세트 사왓는데,,,ㅜ ㅜ
뭔가 이상하고 먹다만거같은,,저울에 달아보니,,,
일욜이라 주차하기도 힘들 다시가기도 그렇고,,
매장과 통화는햇는데  기분이 정말 안좋네요",,2023년 4월 2일 일요일,1번째 방문,영수증
배스킨라빈스 월계이마트점,아이스크림,4.32,,,소망냠냠16,https://m.place.naver.com/my/5c065f1ebbae9184ebd84c6a/review?v=2,347,,,"온가족 친척들 다같이 나눠먹기 좋고  대부분 좋아하는
아이스크림 이라 기념일때마다 사는것 같아요.",,2023년 3월 11일 토요일,2번째 방문,영수증
배스킨라빈스 월계이마트점,아이스크림,4.32,,,LooTI,https://m.place.naver.com/my/5efe988e493ad9a9a0ebefb7/review?v=2,444,,,"아이스크림 맛은 있지만 사장님 응대가 최악입니다
",,2023년 5월 31일 수요일,4번째 방문,영수증
배스킨라빈스 월계이마트점,아이스크림,4.32,,,qlalf60,https://m.place.naver.com/my/5eafff1e8f87a842bc96943b/review?v=2,906,,,베스킨을 워낙 좋아해서 자주 들러요,"일시적인 오류가 발생했습니다
특별한 메뉴가 있어요",2023년 5월 31일 수요일,6번째 방문,영수증
배스킨라빈스 월계이마트점,아이스크림,4.32,,,벨로,https://m.place.naver.com/my/5bef6e42332b1342d4102abe/review?v=2,5,,,"하프갤론 이예요.
막 오픈 하자 마자 사진 찍은 거예요..
중량 맞게 한건지 모르겠지만..
너무 적어 보이지 않나요?...
중간중간 비어 있는곳도 너무 많고..
겉에 묻은 아이스크림도 찐득거리고 지저분하게 담겨 있어요.
아이 생일이라 모처럼 사온건데..
아이들이 너무 실망스러워 해서 여기 매장은 다음부터 걸러야겠네요..ㅜㅜ",,2023년 3월 28일 화요일,1번째 방문,영수증
배스킨라빈스 월계이마트점,아이스크림,4.32,,,소심겅주,https://m.place.naver.com/my/5c3fac7d6979bc5f0152a4f8/review?v=2,1773,,,좋아요,"일시적인 오류가 발생했습니다
특별한 메뉴가 있어요",2023년 6월 18일 일요일,1번째 방문,영수증
배스킨라빈스 월계이마트점,아이스크림,4.32,,,Molly47,https://m.place.naver.com/my/5dbd076e8f87a842bc0e36fa/review?v=2,418,,,굿,,2023년 10월 28일 토요일,3번째 방문,영수증
배스킨라빈스 월계이마트점,아이스크림,4.32,,,닥스훈트,https://m.place.naver.com/my/5b9b873a19c72ce313b0e526/review?v=2,939,15,,굿,,2023년 7월 13일 목요일,2번째 방문,영수증
배스킨라빈스 월계이마트점,아이스크림,4.32,,,코랄핑크,https://m.place.naver.com/my/5c0881c47bddca8513add0f0/review?v=2,577,,,spc......😭,"일시적인 오류가 발생했습니다
커피가 맛있어요",2023년 10월 9일 월요일,2번째 방문,영수증
배스킨라빈스 월계이마트점,아이스크림,4.32,,,둥이네2014,https://m.place.naver.com/my/5c7feaba95e9f5e5fb9a7ed0/review?v=2,4283,42,,좋아요,,2023년 7월 7일 금요일,1번째 방문,영수증
배스킨라빈스 월계이마트점,아이스크림,4.32,,,최고아부지,https://m.place.naver.com/my/5e5bb7138f87a842bc0d46d1/review?v=2,1024,16,,굿!!,"일시적인 오류가 발생했습니다
특별한 메뉴가 있어요",2023년 8월 6일 일요일,1번째 방문,영수증
배스킨라빈스 월계이마트점,아이스크림,4.32,,,shi****,https://m.place.naver.com/my/5e0223628f87a842bc4867e6/review?v=2,1585,,,ㆍ,,2023년 7월 16일 일요일,4번째 방문,영수증
배스킨라빈스 월계이마트점,아이스크림,4.32,,,조이life,https://m.place.naver.com/my/5ed3d1a68f87a842bcdbab7b/review?v=2,292,45,,좋아요♡,"일시적인 오류가 발생했습니다
주차하기 편해요",2023년 7월 2일 일요일,4번째 방문,영수증
배스킨라빈스 월계이마트점,아이스크림,4.32,,,흑둥37,https://m.place.naver.com/my/5c8c6d91830c4c472fcfc077/review?v=2,238,9,,굿,,2023년 7월 1일 토요일,1번째 방문,영수증
배스킨라빈스 월계이마트점,아이스크림,4.32,,,향상항상,https://m.place.naver.com/my/5c21af1944d05163fd1795a6/review?v=2,201,2,,"아이스크림사서
푸드코트에서 먹을수있어요.",,2023년 5월 5일 금요일,1번째 방문,결제내역
배스킨라빈스 월계이마트점,아이스크림,4.32,,,hey****,https://m.place.naver.com/my/5bf5d319e08ec3601f3f7183/review?v=2,779,,,좋아여,,2023년 10월 23일 월요일,8번째 방문,영수증
배스킨라빈스 월계이마트점,아이스크림,4.32,,,빵뿡뽕,https://m.place.naver.com/my/5f059d58425190b39b96827c/review?v=2,237,,,좋아요,,2024년 2월 22일 목요일,2번째 방문,영수증
배스킨라빈스 월계이마트점,아이스크림,4.32,,,ggasi0601,https://m.place.naver.com/my/5c3396f363631849a1e8a362/review?v=2,667,,,조아요,,2023년 8월 1일 화요일,1번째 방문,영수증
배스킨라빈스 월계이마트점,아이스크림,4.32,,,솔직하게쓴다 난,https://m.place.naver.com/my/5e910e6c8f87a842bc97a855/review?v=2,1200,36,,좋아요 맛잇름,,2023년 5월 1일 월요일,2번째 방문,영수증
배스킨라빈스 월계이마트점,아이스크림,4.32,,,wahung,https://m.place.naver.com/my/5efe733e493ad9a9a0ebbe76/review?v=2,97,,,정신없어요. 이젠 여긴 안갈래요 ,,2023년 4월 30일 일요일,1번째 방문,결제내역
배스킨라빈스 월계이마트점,아이스크림,4.32,,,예쁜이7242,https://m.place.naver.com/my/5ba0c49b6158ac3c2dea4af0/review?v=2,424,,,콘 아이스크림을 위로 높이 쌓아주는게 아니라 옆으로 넓게 퍼주면 어떻게 먹으라는거죠,,2023년 4월 22일 토요일,1번째 방문,영수증
배스킨라빈스 월계이마트점,아이스크림,4.32,,,Luisa31,https://m.place.naver.com/my/5c1eee335a1f67045ad1f64b/review?v=2,1060,11,,요즘 스누피 버라이어티 팩 피규어 너무 좋아요💕,"일시적인 오류가 발생했습니다
친절해요",2022년 12월 30일 금요일,1번째 방문,영수증
배스킨라빈스 월계이마트점,아이스크림,4.32,,,저엉실버,https://m.place.naver.com/my/5efe89df493ad9a9a0ebdcb5/review?v=2,114,4,,불친절,,2023년 7월 1일 토요일,1번째 방문,결제내역
배스킨라빈스 월계이마트점,아이스크림,4.32,,,ibbuny777,https://m.place.naver.com/my/5d0175f29e6b3f685792d818/review?v=2,910,30,,좋아요,"일시적인 오류가 발생했습니다
커피가 맛있어요",2023년 6월 17일 토요일,1번째 방문,영수증
배스킨라빈스 월계이마트점,아이스크림,4.32,,,닥공요,https://m.place.naver.com/my/5d9c8e878f87a842bca2b313/review?v=2,1466,,,긋,,2023년 6월 30일 금요일,8번째 방문,영수증
배스킨라빈스 월계이마트점,아이스크림,4.32,,,insgc,https://m.place.naver.com/my/5ef587cf8f87a842bc09c58d/review?v=2,1579,,,굿,,2023년 7월 18일 화요일,1번째 방문,영수증
배스킨라빈스 월계이마트점,아이스크림,4.32,,,힐스만두번째,https://m.place.naver.com/my/5b9256f44bc9da8c4a708d2e/review?v=2,338,7,,맛있어요 먹을자리도넓고요,"일시적인 오류가 발생했습니다
주차하기 편해요",2023년 3월 22일 수요일,2번째 방문,영수증
배스킨라빈스 월계이마트점,아이스크림,4.32,,,tia****,https://m.place.naver.com/my/5e58dce08f87a842bc34ed9f/review?v=2,2105,,,새로나온 맛 맛있네요,,2023년 8월 23일 수요일,1번째 방문,영수증
배스킨라빈스 월계이마트점,아이스크림,4.32,,,솔직하게쓴다 난,https://m.place.naver.com/my/5e910e6c8f87a842bc97a855/review?v=2,1200,36,,케이크이뻣어요!,"일시적인 오류가 발생했습니다
음료가 맛있어요",2023년 4월 17일 월요일,1번째 방문,영수증
배스킨라빈스 월계이마트점,아이스크림,4.32,,,쫑아70,https://m.place.naver.com/my/5caa0b2210803b3bce59eef7/review?v=2,320,,,파인트 구입했는데 직원분이 아이스크림을 잘 담질 못하시는듯 합니다 ㅠ,,2023년 2월 28일 화요일,1번째 방문,영수증
배스킨라빈스 월계이마트점,아이스크림,4.32,,,최정환85,https://m.place.naver.com/my/5ead00a58f87a842bcf6686a/review?v=2,738,5,,맛있어요,,2023년 6월 10일 토요일,1번째 방문,영수증
배스킨라빈스 월계이마트점,아이스크림,4.32,,,짜빠구리구리구리,https://m.place.naver.com/my/5efdd63415c4bcd430584544/review?v=2,1418,,,굿,,2023년 6월 6일 화요일,1번째 방문,영수증
배스킨라빈스 월계이마트점,아이스크림,4.32,,,후리지아361,https://m.place.naver.com/my/5bf40228378d29d8044ea4f8/review?v=2,979,,,좋아여,"일시적인 오류가 발생했습니다
매장이 청결해요",2023년 6월 6일 화요일,3번째 방문,영수증
배스킨라빈스 월계이마트점,아이스크림,4.32,,,gooopgg76,https://m.place.naver.com/my/5efde31515c4bcd4305863eb/review?v=2,1099,10,,맛있어요,"일시적인 오류가 발생했습니다
커피가 맛있어요",2023년 7월 8일 토요일,6번째 방문,영수증
배스킨라빈스 월계이마트점,아이스크림,4.32,,,gkd****,https://m.place.naver.com/my/5eb223918f87a842bca0eef5/review?v=2,414,,,무지막지하게 담아주셨어요~ 맛있는 베스킨,"일시적인 오류가 발생했습니다
화장실이 깨끗해요",2023년 2월 7일 화요일,1번째 방문,영수증
배스킨라빈스 월계이마트점,아이스크림,4.32,,,대장도윤,https://m.place.naver.com/my/5de64d269ec8258e4abadf1a/review?v=2,4,,,좀 더 친절했으면 좋겠어요 사장님이신지 모르겠지만 피곤하신 건지…화나신 것 같아요,"일시적인 오류가 발생했습니다
디저트가 맛있어요",2023년 4월 4일 화요일,1번째 방문,영수증
배스킨라빈스 월계이마트점,아이스크림,4.32,,,쭈우스,https://m.place.naver.com/my/5f06517dace692ef62431b69/review?v=2,923,,,,,2023년 4월 16일 일요일,2번째 방문,영수증
배스킨라빈스 월계이마트점,아이스크림,4.32,,,김미김미74,https://m.place.naver.com/my/5edb7cdd8f87a842bca44e00/review?v=2,987,,,👍,,2023년 9월 19일 화요일,2번째 방문,영수증
배스킨라빈스 월계이마트점,아이스크림,4.32,,,abd****,https://m.place.naver.com/my/614898c2f6f08f2ed9ba6fc0/review?v=2,1056,,,굿,,2023년 7월 2일 일요일,1번째 방문,영수증
배스킨라빈스 월계이마트점,아이스크림,4.32,,,쵠지,https://m.place.naver.com/my/5b7acdc82d13c6854d65d34f/review?v=2,4,,,이마트 내에 위치하고 있어서 쇼핑하고 들르기에 좋아요! 사장님 친절하세요,"일시적인 오류가 발생했습니다
매장이 청결해요",2023년 3월 22일 수요일,1번째 방문,결제내역
배스킨라빈스 월계이마트점,아이스크림,4.32,,,ekg****,https://m.place.naver.com/my/5cb8b75664068c8486990b47/review?v=2,30,,,수저를 한개도 안챙겨주셨습니다.,,2023년 4월 8일 토요일,1번째 방문,결제내역
배스킨라빈스 월계이마트점,아이스크림,4.32,,,mov****,https://m.place.naver.com/my/5e196e978f87a842bc77d090/review?v=2,1252,,,😀,,2023년 6월 8일 목요일,4번째 방문,영수증
배스킨라빈스 월계이마트점,아이스크림,4.32,,,jksoon,https://m.place.naver.com/my/5eb977528f87a842bc0ce67d/review?v=2,1406,13,,좋아요,,2023년 3월 31일 금요일,6번째 방문,영수증
배스킨라빈스 월계이마트점,아이스크림,4.32,,,qlalf60,https://m.place.naver.com/my/5eafff1e8f87a842bc96943b/review?v=2,906,,,맛있는 아이스크림 먹으러 자주 들러요,"일시적인 오류가 발생했습니다
주차하기 편해요",2023년 3월 31일 금요일,5번째 방문,영수증
배스킨라빈스 월계이마트점,아이스크림,4.32,,,지혀온온,https://m.place.naver.com/my/5c32168e76b40a02928d9500/review?v=2,352,11,,"31요거트 - new 라고 표기되어 
어떤게 바뀌었는지 확인해보고싶었는데,
제 입맛엔 별반 차이가없네요

엄마는외계인- 초코볼 1개도 없던데..단 1개도",,2023년 2월 4일 토요일,1번째 방문,영수증
배스킨라빈스 월계이마트점,아이스크림,4.32,,,닥공요,https://m.place.naver.com/my/5d9c8e878f87a842bca2b313/review?v=2,1466,,,긋,,2023년 5월 31일 수요일,7번째 방문,영수증
배스킨라빈스 월계이마트점,아이스크림,4.32,,,Aris21,https://m.place.naver.com/my/5d20a5c5bded11899c032297/review?v=2,12,,,"불친절하진 않았지만 정량대로 넣지 않으신듯요. 
옹기종기8팩이라 하나하나 담기 힘들긴 하셨겠지만 그만큼 비싼 아이스크림 가격을 지불했잖아요. 친절하지 않아도 양은 제대로 담아주는게 좋아요. 파인트나 패밀리 사이즈 살때도 제대로 담아주는베라는 거의 없는듯요. ",,2023년 1월 25일 수요일,1번째 방문,영수증
배스킨라빈스 월계이마트점,아이스크림,4.32,,,sho****,https://m.place.naver.com/my/5efe10870765f4dd1bac3473/review?v=2,395,,,굳,,2023년 8월 19일 토요일,7번째 방문,결제내역
배스킨라빈스 월계이마트점,아이스크림,4.32,,,1lovemsy,https://m.place.naver.com/my/5df7572f8f87a842bc2e9e96/review?v=2,1113,,,굿,"일시적인 오류가 발생했습니다
매장이 청결해요",2023년 6월 18일 일요일,3번째 방문,영수증
배스킨라빈스 월계이마트점,아이스크림,4.32,,,jjanga836331,https://m.place.naver.com/my/5c2b4d039bcf63166e15a19d/review?v=2,507,,,좋아요 ,"일시적인 오류가 발생했습니다
친절해요",2023년 6월 18일 일요일,1번째 방문,영수증
배스킨라빈스 월계이마트점,아이스크림,4.32,,,Mr JaGalChi,https://m.place.naver.com/my/5dd94fda9ec8258e4a3b68e4/review?v=2,275,,,고객 대응이 너무 느립니다,,2023년 6월 13일 화요일,6번째 방문,영수증
배스킨라빈스 월계이마트점,아이스크림,4.32,,,hte****,https://m.place.naver.com/my/60f784def75fdeab25848e70/review?v=2,892,,,친,"일시적인 오류가 발생했습니다
주차하기 편해요",2023년 5월 23일 화요일,2번째 방문,영수증
배스킨라빈스 월계이마트점,아이스크림,4.32,,,로미0502,https://m.place.naver.com/my/5c710d5a186a66f00891bf84/review?v=2,486,,,깔끔하고 친절해요,,2023년 3월 14일 화요일,5번째 방문,영수증
배스킨라빈스 월계이마트점,아이스크림,4.32,,,룰루랄라6461,https://m.place.naver.com/my/5e73553e8f87a842bc047fcd/review?v=2,1135,,,이마트 넓어서 주차하기 편해요. 피스타치오만 먹는데 베라에만 있네요.,"일시적인 오류가 발생했습니다
주차하기 편해요",2023년 1월 12일 목요일,1번째 방문,영수증
배스킨라빈스 월계이마트점,아이스크림,4.32,,,쑤니416,https://m.place.naver.com/my/5e4d66d28f87a842bcf21a8f/review?v=2,923,12,,.,"일시적인 오류가 발생했습니다
매장이 청결해요",2023년 4월 19일 수요일,2번째 방문,영수증
배스킨라빈스 월계이마트점,아이스크림,4.32,,,1lovemsy,https://m.place.naver.com/my/5df7572f8f87a842bc2e9e96/review?v=2,1113,,,베스킨은 너무 맛있어^^,"일시적인 오류가 발생했습니다
매장이 청결해요",2023년 4월 16일 일요일,2번째 방문,영수증
배스킨라빈스 월계이마트점,아이스크림,4.32,,,o_o****,https://m.place.naver.com/my/5bc5baad241eec3b15f0fc86/review?v=2,268,,,음료가맛있는데 일하시는분 퇴근시간다가오니 재료소진됐다고 마음대로 결제취소해서 황당했습니다,,2023년 2월 4일 토요일,1번째 방문,영수증
배스킨라빈스 월계이마트점,아이스크림,4.32,,,Seoul4218,https://m.place.naver.com/my/5f06f0237a37f6ff549bd682/review?v=2,1290,,,굿,,2023년 6월 3일 토요일,1번째 방문,결제내역
배스킨라빈스 월계이마트점,아이스크림,4.32,,,리본삔,https://m.place.naver.com/my/5bdbe7e7d859a987c7612071/review?v=2,236,,,굿,,2023년 6월 10일 토요일,1번째 방문,영수증
배스킨라빈스 월계이마트점,아이스크림,4.32,,,터트리자,https://m.place.naver.com/my/5be04fe1c86c770318b997c3/review?v=2,1213,,,굿,,2023년 6월 10일 토요일,3번째 방문,영수증
배스킨라빈스 월계이마트점,아이스크림,4.32,,,Luisa31,https://m.place.naver.com/my/5c1eee335a1f67045ad1f64b/review?v=2,1060,11,,아이들이 좋아해요💕,"일시적인 오류가 발생했습니다
디저트가 맛있어요",2023년 2월 1일 수요일,3번째 방문,영수증
배스킨라빈스 월계이마트점,아이스크림,4.32,,,o_o****,https://m.place.naver.com/my/5bc5baad241eec3b15f0fc86/review?v=2,268,,,"알바가 일을 너무 못해요
",,2023년 2월 13일 월요일,2번째 방문,영수증
배스킨라빈스 월계이마트점,아이스크림,4.32,,,chrise,https://m.place.naver.com/my/5f05b66f514f72d06ac8bb50/review?v=2,109,,,굿,"일시적인 오류가 발생했습니다
매장이 청결해요",2023년 6월 6일 화요일,1번째 방문,영수증
배스킨라빈스 월계이마트점,아이스크림,4.32,,,바나나초밥,https://m.place.naver.com/my/5d9c1c8a8f87a842bc1875a2/review?v=2,1131,16,,굿,,2023년 6월 3일 토요일,1번째 방문,영수증
배스킨라빈스 월계이마트점,아이스크림,4.32,,,윈드러니공주,https://m.place.naver.com/my/5ef3f6b38f87a842bc17c3df/review?v=2,1160,,,컵싱글킹,,2023년 11월 1일 수요일,3번째 방문,영수증
배스킨라빈스 월계이마트점,아이스크림,4.32,,,onee100465,https://m.place.naver.com/my/5bea08f0dc99176748dd8e49/review?v=2,309,,,주차 편하고 좌석 넓고 대화하기 조아요.,"일시적인 오류가 발생했습니다
대화하기 좋아요",2022년 12월 23일 금요일,3번째 방문,영수증
배스킨라빈스 월계이마트점,아이스크림,4.32,,,jer****,https://m.place.naver.com/my/5cb731a1333dee428b04f7ed/review?v=2,318,1,,아이들이 그냥 지나치질 않아요^^,,2023년 3월 5일 일요일,6번째 방문,영수증
배스킨라빈스 월계이마트점,아이스크림,4.32,,,서울촌놈인걸요,https://m.place.naver.com/my/60377b598e9de61aff00fa64/review?v=2,1571,3,,굿 이상한 나라의 솜사탕도 맛남,"일시적인 오류가 발생했습니다
주차하기 편해요",2023년 1월 1일 일요일,1번째 방문,영수증
배스킨라빈스 월계이마트점,아이스크림,4.32,,,ics****,https://m.place.naver.com/my/5cbc343b847f1012e09d8bb5/review?v=2,22,,,"여기는 정말 언제쯤 친절해질까요?
나이든 남자분.여자분 무뚝뚝에 불친절에
진짜 기분나쁜적이 한두번 아닌데 애들이 먹는다니
어쩔수없이 울며겨자먹기로 사먹습니다.
오늘 지금 이시간 알바하는 젊은 남.녀 분..
더 불친절!!!힘들면 일하지 마시길 제발!!
손님 상대하는 일에 그따위로 인상쓰고 대꾸없이 일하는거 사장님이 아시는지..
맛보기라 되있는데 그런거 안됀다며
애들 노려보던 여자분~~
베라 본사에 물어볼꺼예요~~
제발 직원들 교육좀 시키세요!!!
",,2022년 12월 3일 토요일,1번째 방문,영수증
배스킨라빈스 월계이마트점,아이스크림,4.32,,,Luisa31,https://m.place.naver.com/my/5c1eee335a1f67045ad1f64b/review?v=2,1060,11,,아이들 데리고 많이 가는데 차근히 메뉴 받아주시고 아르바이트 직원 분들이 친절해요. ,"일시적인 오류가 발생했습니다
가성비가 좋아요",2023년 1월 18일 수요일,2번째 방문,영수증
배스킨라빈스 월계이마트점,아이스크림,4.32,,,YNWA8,https://m.place.naver.com/my/5e6a2ab98f87a842bc3076ba/review?v=2,394,,,좀 더 친절했으면,,2023년 2월 23일 목요일,1번째 방문,영수증
배스킨라빈스 월계이마트점,아이스크림,4.32,,,네넵33,https://m.place.naver.com/my/5ef6a45f8f87a842bc699563/review?v=2,1560,,,ㅌㅇㄴㄹㄷㄷㅇㅇㄴㅈㄴㅇ,,2023년 5월 8일 월요일,1번째 방문,영수증
배스킨라빈스 월계이마트점,아이스크림,4.32,,,크리미마미,https://m.place.naver.com/my/5efe69a9493ad9a9a0ebb1e0/review?v=2,1244,40,,이마트에서 장 보고 쉬기 좋아요.,,2023년 1월 1일 일요일,1번째 방문,영수증
배스킨라빈스 월계이마트점,아이스크림,4.32,,,JE1966,https://m.place.naver.com/my/5c59b493fc682c61f1bcf347/review?v=2,817,,,친절해요,"일시적인 오류가 발생했습니다
디저트가 맛있어요",2023년 5월 23일 화요일,2번째 방문,영수증
배스킨라빈스 월계이마트점,아이스크림,4.32,,,하하하919,https://m.place.naver.com/my/5cad735bd66a48617de92f4e/review?v=2,275,,,맛있어요. 맛있어요,,2023년 1월 23일 월요일,1번째 방문,영수증
배스킨라빈스 월계이마트점,아이스크림,4.32,,,예삐네 서울,https://m.place.naver.com/my/5ebc75708f87a842bc89a097/review?v=2,481,6,,다양하고 맛도 좋아요.,"일시적인 오류가 발생했습니다
뷰가 좋아요",2023년 2월 27일 월요일,1번째 방문,결제내역
배스킨라빈스 월계이마트점,아이스크림,4.32,,,minepado,https://m.place.naver.com/my/5efefc30a7f1cdd89fef4d2c/review?v=2,1035,1,,맛있어요,"일시적인 오류가 발생했습니다
주차하기 편해요",2023년 4월 16일 일요일,2번째 방문,영수증
배스킨라빈스 월계이마트점,아이스크림,4.32,,,소망냠냠16,https://m.place.naver.com/my/5c065f1ebbae9184ebd84c6a/review?v=2,347,,,베스킨라빈스 아이스크림 케이크 카카오 귀여워요,,2023년 1월 21일 토요일,1번째 방문,영수증
배스킨라빈스 월계이마트점,아이스크림,4.32,,,asqwe12319,https://m.place.naver.com/my/5f7d60566c3d7f733402adfa/review?v=2,566,,,아이가 좋아해요,"일시적인 오류가 발생했습니다
디저트가 맛있어요",2023년 2월 14일 화요일,1번째 방문,영수증
배스킨라빈스 월계이마트점,아이스크림,4.32,,,조이life,https://m.place.naver.com/my/5ed3d1a68f87a842bcdbab7b/review?v=2,292,45,,친절하고 좋아요,"일시적인 오류가 발생했습니다
특별한 메뉴가 있어요",2023년 2월 14일 화요일,3번째 방문,영수증
배스킨라빈스 월계이마트점,아이스크림,4.32,,,퐝키,https://m.place.naver.com/my/5c9102e5d6fd66e3df625f17/review?v=2,859,,,굿굿,,2023년 5월 13일 토요일,1번째 방문,영수증
배스킨라빈스 월계이마트점,아이스크림,4.32,,,미식가콩순,https://m.place.naver.com/my/5f063804ace692ef62419005/review?v=2,2247,50,,친절하고 좋은데 매장 크기에 비해 손님이 항상 너무 많아서 손님이고 알바분이고 다 정신없는 느낌.. ,"일시적인 오류가 발생했습니다
친절해요",2022년 12월 31일 토요일,3번째 방문,영수증
배스킨라빈스 월계이마트점,아이스크림,4.32,,,은영양,https://m.place.naver.com/my/5b692dff93d45cdd4d973447/review?v=2,1068,18,,이마트 베스킨란빈스,,2023년 1월 15일 일요일,1번째 방문,영수증
배스킨라빈스 월계이마트점,아이스크림,4.32,,,어이없는,https://m.place.naver.com/my/5d89595d8f87a842bca2a6de/review?v=2,387,,,아이스크림케이크를 샀어요,"일시적인 오류가 발생했습니다
사진이 잘 나와요",2022년 12월 15일 목요일,1번째 방문,영수증
배스킨라빈스 월계이마트점,아이스크림,4.32,,,Molly47,https://m.place.naver.com/my/5dbd076e8f87a842bc0e36fa/review?v=2,418,,,굿,"일시적인 오류가 발생했습니다
디저트가 맛있어요",2023년 7월 31일 월요일,2번째 방문,영수증
배스킨라빈스 월계이마트점,아이스크림,4.32,,,웃음마녀77,https://m.place.naver.com/my/5c41b562b3d121b72d54a539/review?v=2,1675,22,,"베스킨라빈스.
",,2023년 1월 30일 월요일,14번째 방문,영수증
배스킨라빈스 월계이마트점,아이스크림,4.32,,,짬짜면53,https://m.place.naver.com/my/5e58907f8f87a842bc285f7e/review?v=2,541,,,좋아요!!!!!!!!!,"일시적인 오류가 발생했습니다
디저트가 맛있어요",2023년 4월 2일 일요일,1번째 방문,영수증
배스킨라빈스 월계이마트점,아이스크림,4.32,,,플피,https://m.place.naver.com/my/5bb45bd893210c1e4ee6cf3b/review?v=2,96,,,쇼핑하고 쉴때 아이스크림 먹으니 좋네요~,"일시적인 오류가 발생했습니다
좌석이 편해요",2023년 1월 14일 토요일,1번째 방문,영수증
배스킨라빈스 월계이마트점,아이스크림,4.32,,,ruc****,https://m.place.naver.com/my/630eb3eff5b5ee1fa7010f29/review?v=2,571,,,피카츄 맛있어요,,2022년 12월 27일 화요일,2번째 방문,영수증
배스킨라빈스 월계이마트점,아이스크림,4.32,,,ght****,https://m.place.naver.com/my/5f1e68009ec8258e4a8ba97e/review?v=2,2277,,,굿,,2023년 4월 15일 토요일,1번째 방문,영수증
배스킨라빈스 월계이마트점,아이스크림,4.32,,,밥죠6,https://m.place.naver.com/my/5cdec424b627945cd774e57d/review?v=2,995,2,,굿굿,,2023년 3월 4일 토요일,1번째 방문,영수증
배스킨라빈스 월계이마트점,아이스크림,4.32,,,민기주아맘,https://m.place.naver.com/my/5bf1d44d90f71ffd30cc3d9e/review?v=2,320,3,,아이들이 좋아하는 아이스크림,"일시적인 오류가 발생했습니다
주차하기 편해요",2022년 12월 30일 금요일,1번째 방문,결제내역
배스킨라빈스 월계이마트점,아이스크림,4.32,,,hho****,https://m.place.naver.com/my/5eba17e18f87a842bc3faeaf/review?v=2,459,,,굿,,2023년 7월 17일 월요일,1번째 방문,영수증
배스킨라빈스 월계이마트점,아이스크림,4.32,,,yhm****,https://m.place.naver.com/my/5e6de9848f87a842bcc6f000/review?v=2,1460,7,,물가가 너무 올랐다!!!! 가격좀내리자!!!!,,2023년 1월 31일 화요일,3번째 방문,영수증
배스킨라빈스 월계이마트점,아이스크림,4.32,,,MLHBee,https://m.place.naver.com/my/5cc2d23dca33c39a5a1b0d36/review?v=2,919,,,아이스 허쉬앤 리세스🍪🍦,,2022년 12월 27일 화요일,4번째 방문,영수증
배스킨라빈스 월계이마트점,아이스크림,4.32,,,Hiheyhoi,https://m.place.naver.com/my/5bc5af7129f3f0566dae1976/review?v=2,954,27,,"불친절해요 …ㅠㅠ
드라이아이스 몇분 걸리는지? 
스푼 몇개 필요한지?? 
아예 안물어보셨고 먹으려고 보니 스푼이 하나도 없어서 당황했어요 
그리고 펐던걸 다시 덜어놓으셨는데 
집에와서 열어봤더니 아이스크림은 다 녹아있고 
쥐파먹은것처럼 되어있네요 속상하네요ㅠㅠ 
이게 하나도 안먹은 상태였어요 .. 
맛보기도 안된다고 하던데 다른 지점은 해주시던데…",,2022년 10월 22일 토요일,1번째 방문,영수증
배스킨라빈스 월계이마트점,아이스크림,4.32,,,Alobang,https://m.place.naver.com/my/5b66e588ed793e245b9dd41a/review?v=2,677,,,아이들이 좋아해요,"일시적인 오류가 발생했습니다
매장이 청결해요",2023년 4월 12일 수요일,2번째 방문,영수증
배스킨라빈스 월계이마트점,아이스크림,4.32,,,CoffeeBoy,https://m.place.naver.com/my/5ccceebf7eaaddea1430d06e/review?v=2,1570,18,,굿,,2023년 3월 14일 화요일,1번째 방문,영수증
배스킨라빈스 월계이마트점,아이스크림,4.32,,,jin****,https://m.place.naver.com/my/6153bb074bf9104e58132974/review?v=2,659,,,굿,,2023년 7월 8일 토요일,1번째 방문,영수증
배스킨라빈스 월계이마트점,아이스크림,4.32,,,터트리자,https://m.place.naver.com/my/5be04fe1c86c770318b997c3/review?v=2,1213,,,굿,,2023년 4월 15일 토요일,2번째 방문,영수증
배스킨라빈스 월계이마트점,아이스크림,4.32,,,mov****,https://m.place.naver.com/my/5e196e978f87a842bc77d090/review?v=2,1252,,,☺️,,2023년 3월 25일 토요일,3번째 방문,영수증
배스킨라빈스 월계이마트점,아이스크림,4.32,,,레몬트리9493,https://m.place.naver.com/my/5e59deb78f87a842bca54cd3/review?v=2,725,,,굿,,2023년 3월 11일 토요일,1번째 방문,영수증
배스킨라빈스 월계이마트점,아이스크림,4.32,,,Jjjjih86,https://m.place.naver.com/my/5c0392b6c3ce4897f7739e7f/review?v=2,2493,17,,아이스크림 잘먹었습니다~~,,2022년 11월 7일 월요일,2번째 방문,영수증
배스킨라빈스 월계이마트점,아이스크림,4.32,,,minepado,https://m.place.naver.com/my/5efefc30a7f1cdd89fef4d2c/review?v=2,1035,1,,이마트 갈 때 들리기 좋아요,"일시적인 오류가 발생했습니다
가성비가 좋아요",2022년 12월 16일 금요일,1번째 방문,영수증
배스킨라빈스 월계이마트점,아이스크림,4.32,,,중국어 강사,https://m.place.naver.com/my/5d86bf648f87a842bc375f9a/review?v=2,1402,,,맛있어요,,2023년 4월 10일 월요일,1번째 방문,영수증
배스킨라빈스 월계이마트점,아이스크림,4.32,,,clio7979,https://m.place.naver.com/my/5b949d2907f4b9c47813e5bf/review?v=2,651,1,,굿,,2023년 7월 2일 일요일,1번째 방문,영수증
배스킨라빈스 월계이마트점,아이스크림,4.32,,,kja030275,https://m.place.naver.com/my/5ce2b3b5a0fcdbdb367fd7f6/review?v=2,5,,,"진짜 저녁에 아르바이트 하는 남자분 진짜 불친절하고 그런정신으로 무슨 서비스를 한다고 너무 불쾌하고 싸우기 싫어서 그냥 왔는데 다시는 가고 싶지 않네요 
손님도 없고 한가한 시간 주문을 하고 있는데 나이드신분과 아르바이트생 한명 안에 들어가 있길래 주문 들어 왔냐고 물었더니 들어왔는데 어쩌냐는투로 말하고 스푼도 툭 던지듯 주고 아이스크림도 정량 준거 같지도 않아 너무 불쾌한 하루 였네요 언제쯤 친절해 질수 있을까요 베스킨라빈스 월계점은….",,2022년 12월 5일 월요일,1번째 방문,영수증
배스킨라빈스 월계이마트점,아이스크림,4.32,,,소나무2573,https://m.place.naver.com/my/5ddcbe759ec8258e4a6b2722/review?v=2,897,,,맛있어요,,2023년 7월 1일 토요일,3번째 방문,영수증
배스킨라빈스 월계이마트점,아이스크림,4.32,,,yhm****,https://m.place.naver.com/my/5e6de9848f87a842bcc6f000/review?v=2,1460,7,,친절한데 물가때문에 비싸요..,,2023년 1월 15일 일요일,2번째 방문,영수증
배스킨라빈스 월계이마트점,아이스크림,4.32,,,안군세상,https://m.place.naver.com/my/5b9a1dd14605e93725b89ca9/review?v=2,719,16,,믿고 먹는 베스킨라빈스에요.,"일시적인 오류가 발생했습니다
가성비가 좋아요",2022년 11월 4일 금요일,4번째 방문,영수증
배스킨라빈스 월계이마트점,아이스크림,4.32,,,smo****,https://m.place.naver.com/my/62e140fe8f534a35bb470401/review?v=2,114,,,파인트 KT멤버쉽 활용하면 할인받을수 있어서 좋아요.,"일시적인 오류가 발생했습니다
디저트가 맛있어요",2022년 12월 7일 수요일,2번째 방문,영수증
배스킨라빈스 월계이마트점,아이스크림,4.32,,,민이1699,https://m.place.naver.com/my/5cc6fa4aaa9cc31a3baa244f/review?v=2,1060,,,굿,,2023년 2월 28일 화요일,1번째 방문,영수증
배스킨라빈스 월계이마트점,아이스크림,4.32,,,주인공8,https://m.place.naver.com/my/5b69a71da54af619e6e66d0a/review?v=2,840,,,좋아요,"일시적인 오류가 발생했습니다
친절해요",2023년 2월 7일 화요일,1번째 방문,영수증
배스킨라빈스 월계이마트점,아이스크림,4.32,,,ago****,https://m.place.naver.com/my/5ca8beb665ece747a5421f2b/review?v=2,614,,,,"일시적인 오류가 발생했습니다
디저트가 맛있어요",2023년 4월 19일 수요일,2번째 방문,영수증
배스킨라빈스 월계이마트점,아이스크림,4.32,,,짠지의리뷰,https://m.place.naver.com/my/621b230615e21c0a7ad5a6a2/review?v=2,짠지의,12,,불친절함,,2023년 2월 8일 수요일,1번째 방문,영수증
배스킨라빈스 월계이마트점,아이스크림,4.32,,,OHR,https://m.place.naver.com/my/5c0f58aeee871a07f743703d/review?v=2,1388,,,좋아요,,2023년 4월 2일 일요일,1번째 방문,영수증
배스킨라빈스 월계이마트점,아이스크림,4.32,,,miumiwoo,https://m.place.naver.com/my/5f04474c7681c6a89256b38f/review?v=2,885,,,ㅡ,,2023년 7월 16일 일요일,1번째 방문,영수증
배스킨라빈스 월계이마트점,아이스크림,4.32,,,woo****,https://m.place.naver.com/my/614d51b14f4bb2541a814a05/review?v=2,742,2,,달달하니 맛있어요~,"일시적인 오류가 발생했습니다
매장이 청결해요",2023년 1월 1일 일요일,2번째 방문,영수증
배스킨라빈스 월계이마트점,아이스크림,4.32,,,norang71,https://m.place.naver.com/my/5ddb2c1b9ec8258e4aa5b5e6/review?v=2,113,,,"포장이 너무 느려요
그리고 티스푼 한숟가락의 양도 덜어내시는 거 보고…",,2022년 12월 27일 화요일,1번째 방문,영수증
배스킨라빈스 월계이마트점,아이스크림,4.32,,,똔이98,https://m.place.naver.com/my/5c3ca6fedd3fb953699d31a2/review?v=2,403,,,좋아요.,,2023년 2월 24일 금요일,5번째 방문,영수증
배스킨라빈스 월계이마트점,아이스크림,4.32,,,연봉3억,https://m.place.naver.com/my/5ed5dad68f87a842bc4109f6/review?v=2,63,,,매장이 넓고 맛있는것도 많아서 좋음,"일시적인 오류가 발생했습니다
주차하기 편해요",2023년 1월 3일 화요일,1번째 방문,영수증
배스킨라빈스 월계이마트점,아이스크림,4.32,,,ya9090,https://m.place.naver.com/my/5c2cf0706aa4fab66fac2a66/review?v=2,1101,,,굿,,2023년 7월 31일 월요일,1번째 방문,영수증
배스킨라빈스 월계이마트점,아이스크림,4.32,,,yopp57,https://m.place.naver.com/my/5efec117493ad9a9a0ec2983/review?v=2,607,,,"순번대로 안주시네요 ㅋㅋ 
음료 하나 시켰는데 10분 엥 ㅋㅋ뒷분먼저 챙기시는 ",,2022년 11월 30일 수요일,1번째 방문,영수증
배스킨라빈스 월계이마트점,아이스크림,4.32,,,Mr JaGalChi,https://m.place.naver.com/my/5dd94fda9ec8258e4a3b68e4/review?v=2,275,,,좋아요 ,,2023년 6월 18일 일요일,7번째 방문,영수증
배스킨라빈스 월계이마트점,아이스크림,4.32,,,꼬꼬마리리,https://m.place.naver.com/my/5c8a0656c70b384502dcc060/review?v=2,2170,,,굿,,2023년 6월 18일 일요일,2번째 방문,영수증
배스킨라빈스 월계이마트점,아이스크림,4.32,,,jin****,https://m.place.naver.com/my/6146f26d82fc75000708932b/review?v=2,208,,,아이들이 좋아해요^^,"일시적인 오류가 발생했습니다
친절해요",2023년 1월 29일 일요일,2번째 방문,영수증
배스킨라빈스 월계이마트점,아이스크림,4.32,,,효리47,https://m.place.naver.com/my/5b7799126baa182faa866f34/review?v=2,650,,,좋아요,"일시적인 오류가 발생했습니다
주차하기 편해요",2023년 5월 23일 화요일,2번째 방문,영수증
배스킨라빈스 월계이마트점,아이스크림,4.32,,,he****,https://m.place.naver.com/my/5c54eb0c2d815d6e51d804a1/review?v=2,1245,21,,달다,,2023년 1월 30일 월요일,1번째 방문,영수증
배스킨라빈스 월계이마트점,아이스크림,4.32,,,blu****,https://m.place.naver.com/my/5bb56f3cb42134cf24733a86/review?v=2,453,,,"불친절해요.
스푼 한개더달랬더니, 50원결제하래요.
결제하고 받았어요.",,2022년 12월 27일 화요일,1번째 방문,영수증
배스킨라빈스 월계이마트점,아이스크림,4.32,,,닥공요,https://m.place.naver.com/my/5d9c8e878f87a842bca2b313/review?v=2,1466,,,긋,,2023년 2월 24일 금요일,6번째 방문,영수증
배스킨라빈스 월계이마트점,아이스크림,4.32,,,꿈순이84,https://m.place.naver.com/my/5dd652fa8f87a842bcee9880/review?v=2,812,,,최고,,2023년 3월 15일 수요일,14번째 방문,결제내역
배스킨라빈스 월계이마트점,아이스크림,4.32,,,papico77,https://m.place.naver.com/my/5b62ea2a8ee7c957f8f38398/review?v=2,1099,,,좋아요,,2023년 3월 1일 수요일,1번째 방문,영수증
배스킨라빈스 월계이마트점,아이스크림,4.32,,,차칸캔디,https://m.place.naver.com/my/5f98f0059bf34004667eea0c/review?v=2,1386,,,마트내에 있어 편하기는 합니다.,"일시적인 오류가 발생했습니다
주차하기 편해요",2022년 11월 16일 수요일,4번째 방문,영수증
배스킨라빈스 월계이마트점,아이스크림,4.32,,,alsgmlfo,https://m.place.naver.com/my/5efe7a0eafcca6e20afd6b3f/review?v=2,182,3,,느려요,,2023년 2월 20일 월요일,1번째 방문,결제내역
배스킨라빈스 월계이마트점,아이스크림,4.32,,,jh99999,https://m.place.naver.com/my/5efeaf5dafcca6e20afdb1f1/review?v=2,1903,,,굿,,2023년 6월 3일 토요일,4번째 방문,영수증
배스킨라빈스 월계이마트점,아이스크림,4.32,,,오리궁뎅이2,https://m.place.naver.com/my/5bf6a894f02e5568912ba38b/review?v=2,1109,20,,신제품도 많고 좋아요,"일시적인 오류가 발생했습니다
주차하기 편해요",2022년 11월 6일 일요일,2번째 방문,영수증
배스킨라빈스 월계이마트점,아이스크림,4.32,,,오징어땅컹,https://m.place.naver.com/my/5cf332aaf2223bebd05aed61/review?v=2,492,,,친철해요 선생님 친철해요,"일시적인 오류가 발생했습니다
대화하기 좋아요",2022년 12월 17일 토요일,3번째 방문,결제내역
배스킨라빈스 월계이마트점,아이스크림,4.32,,,행복동간다,https://m.place.naver.com/my/5c4d9b46ef09c534bbc1a002/review?v=2,1472,7,,순삭^^,,2023년 1월 14일 토요일,1번째 방문,영수증
배스킨라빈스 월계이마트점,아이스크림,4.32,,,닥공요,https://m.place.naver.com/my/5d9c8e878f87a842bca2b313/review?v=2,1466,,,긋,,2023년 2월 16일 목요일,5번째 방문,영수증
배스킨라빈스 월계이마트점,아이스크림,4.32,,,화곡동아이유,https://m.place.naver.com/my/5eff1983a7f1cdd89fef8d11/review?v=2,1213,,,"아기가 테이블에 아이스크림을 흘려서 냅킨을 부탁드렸더니 딱 한장 줌
테이블에 흘려서 닦아야하니 냅킨 좀 더 부탁드린다고 하니 이마트꺼 사용하라함
냅킨 많이 아껴서 부자 되세요",,2022년 10월 22일 토요일,1번째 방문,영수증
배스킨라빈스 월계이마트점,아이스크림,4.32,,,미식냐옹이,https://m.place.naver.com/my/5c07a3bace620b2dfe3d8047/review?v=2,702,8,,옆에 넓은 식당에서 먹고갈수있어서 좋네요.,,2023년 2월 1일 수요일,1번째 방문,영수증
배스킨라빈스 월계이마트점,아이스크림,4.32,,,shi****,https://m.place.naver.com/my/5e0223628f87a842bc4867e6/review?v=2,1585,,,ㆍ,,2023년 2월 14일 화요일,3번째 방문,영수증
배스킨라빈스 월계이마트점,아이스크림,4.32,,,깔루아밀크11,https://m.place.naver.com/my/5c0b2f29fc38b6ac2aafa149/review?v=2,426,,,so so,,2023년 1월 11일 수요일,1번째 방문,영수증
배스킨라빈스 월계이마트점,아이스크림,4.32,,,perky80,https://m.place.naver.com/my/5bf6fc8d698e17b48a6bc2f6/review?v=2,924,,,아이가 좋아하네요,,2023년 1월 7일 토요일,2번째 방문,영수증
배스킨라빈스 월계이마트점,아이스크림,4.32,,,호인51,https://m.place.naver.com/my/5be81307236de823d42983ea/review?v=2,448,2,,주차 편리. 좌석도 많고 아이스크림 맛나게~~~,"일시적인 오류가 발생했습니다
대화하기 좋아요",2022년 12월 23일 금요일,1번째 방문,영수증
배스킨라빈스 월계이마트점,아이스크림,4.32,,,aji****,https://m.place.naver.com/my/5f04d20cad3c22327acc06c9/review?v=2,1150,6,,"주문해서 받기까지 사람이 많아도 그렇지 오래 걸림. 한분만 분주하고 나머지 분들은 가만히.
아이스크림 케잌였는데 아이스 포장 없고 숟가락 없고 아무것도 없이 스트로폼 박스만 받음. 어린이날이라 바쁜건 알겠지만 주변 정리도 안되고 복잡하고 공휴일에는 피해 가려고 해요",,2023년 5월 5일 금요일,2번째 방문,영수증
배스킨라빈스 월계이마트점,아이스크림,4.32,,,토토짱89,https://m.place.naver.com/my/5b73baacb15c10b4bf4b9b94/review?v=2,253,10,,맛은뭐 베스킨이니까요 여기 너무 느려서 진짜 짜증나는곳입니다 ㅜㅜ 심지어 여자알바새인지   포장다해놓고  기다리고있는거 뻔히보면서 핸드폰은 개인통화하고있네요 진짜 개빡쳐서 기다리기도 오래 기다렸는데 뭐하는짓인지 ㅜㅜ,,2022년 9월 26일 월요일,1번째 방문,영수증
배스킨라빈스 월계이마트점,아이스크림,4.32,,,win****,https://m.place.naver.com/my/604aa3669247cd20804a973d/review?v=2,36,,,신상도 많고 좋긴한데 알바가 조금 불친절한 듯하네요,,2022년 11월 6일 일요일,1번째 방문,영수증
배스킨라빈스 월계이마트점,아이스크림,4.32,,,악즉참17,https://m.place.naver.com/my/5c2d0b978f36a99b5c97444b/review?v=2,530,,,아이가 좋아해서 자주갑니다,,2022년 12월 4일 일요일,4번째 방문,결제내역
배스킨라빈스 월계이마트점,아이스크림,4.32,,,미미미도레미,https://m.place.naver.com/my/5c95de44ce3126a48e986c14/review?v=2,1158,24,,좋아요 ,,2023년 1월 24일 화요일,1번째 방문,영수증
배스킨라빈스 월계이마트점,아이스크림,4.32,,,똔이98,https://m.place.naver.com/my/5c3ca6fedd3fb953699d31a2/review?v=2,403,,,다른 배스킨라빈스는 맛보기 되는데 대형마트점이라 그런지 코로나로 인해 맛보기 안된다고해서 아쉬웠어요. 외계인의 바나나킥 도전해봤는데 맛있네요~!😊👍🏻👍🏻👍🏻,,2022년 10월 3일 월요일,1번째 방문,영수증
배스킨라빈스 월계이마트점,아이스크림,4.32,,,똔이98,https://m.place.naver.com/my/5c3ca6fedd3fb953699d31a2/review?v=2,403,,,참새방앗간입니다~🤣,,2022년 11월 21일 월요일,4번째 방문,영수증
배스킨라빈스 월계이마트점,아이스크림,4.32,,,은빈러브,https://m.place.naver.com/my/5d02faa57f24089ca4bee7c7/review?v=2,125,,,맛있어요~^^,"일시적인 오류가 발생했습니다
디저트가 맛있어요",2023년 1월 21일 토요일,1번째 방문,영수증
배스킨라빈스 월계이마트점,아이스크림,4.32,,,ard****,https://m.place.naver.com/my/5f083dbafe135d71ff8b4432/review?v=2,181,,,맛있어요~! ,"일시적인 오류가 발생했습니다
디저트가 맛있어요",2022년 12월 29일 목요일,1번째 방문,영수증
배스킨라빈스 월계이마트점,아이스크림,4.32,,,봉봉쓰28,https://m.place.naver.com/my/5e6c73f88f87a842bce05cad/review?v=2,2809,,,맛있어요,,2023년 1월 17일 화요일,6번째 방문,영수증
배스킨라빈스 월계이마트점,아이스크림,4.32,,,smo****,https://m.place.naver.com/my/62e140fe8f534a35bb470401/review?v=2,114,,,KT 더블 할인 되어요,"일시적인 오류가 발생했습니다
매장이 청결해요",2022년 11월 15일 화요일,1번째 방문,영수증
배스킨라빈스 월계이마트점,아이스크림,4.32,,,코모스47,https://m.place.naver.com/my/5e367f548f87a842bcae4bee/review?v=2,1040,14,,좋아요,,2023년 2월 17일 금요일,3번째 방문,영수증
배스킨라빈스 월계이마트점,아이스크림,4.32,,,다히히73,https://m.place.naver.com/my/5efde2520765f4dd1babe399/review?v=2,299,6,,간단히 먹기 좋아요,,2022년 12월 15일 목요일,1번째 방문,영수증
배스킨라빈스 월계이마트점,아이스크림,4.32,,,나비이,https://m.place.naver.com/my/5f06a7cc2485c5130cf21380/review?v=2,645,6,,굿굿,,2023년 2월 16일 목요일,1번째 방문,영수증
배스킨라빈스 월계이마트점,아이스크림,4.32,,,b12320,https://m.place.naver.com/my/5c7a332356f4b41c90d46116/review?v=2,356,15,,밥먹고 디저트로,"일시적인 오류가 발생했습니다
친절해요",2022년 11월 12일 토요일,1번째 방문,영수증
배스킨라빈스 월계이마트점,아이스크림,4.32,,,thw****,https://m.place.naver.com/my/5c83dde2a89da29c34b6ba58/review?v=2,256,,,친절해요,,2023년 2월 13일 월요일,1번째 방문,영수증
배스킨라빈스 월계이마트점,아이스크림,4.32,,,상추는500원,https://m.place.naver.com/my/5cf868c28429514fd461682c/review?v=2,282,1,,그냥 보통입니다,,2022년 11월 20일 일요일,2번째 방문,영수증
배스킨라빈스 월계이마트점,아이스크림,4.32,,,똔이98,https://m.place.naver.com/my/5c3ca6fedd3fb953699d31a2/review?v=2,403,,,외계인의 바나나킥 맛있어요~~,,2022년 10월 17일 월요일,2번째 방문,영수증
배스킨라빈스 월계이마트점,아이스크림,4.32,,,ruc****,https://m.place.naver.com/my/630eb3eff5b5ee1fa7010f29/review?v=2,571,,,뮤 넌 내꺼야,,2022년 12월 20일 화요일,1번째 방문,영수증
배스킨라빈스 월계이마트점,아이스크림,4.32,,,SOO2361,https://m.place.naver.com/my/5ceeadf21daecfebeee6c98b/review?v=2,287,2,,맛있어요,,2023년 1월 13일 금요일,1번째 방문,영수증
배스킨라빈스 월계이마트점,아이스크림,4.32,,,백만불보조개,https://m.place.naver.com/my/5dd8c3e09ec8258e4a24fc94/review?v=2,592,,,스트로베리가 짱입니다,,2023년 3월 9일 목요일,2번째 방문,영수증
배스킨라빈스 월계이마트점,아이스크림,4.32,,,닥공요,https://m.place.naver.com/my/5d9c8e878f87a842bca2b313/review?v=2,1466,,,굿,,2023년 2월 9일 목요일,4번째 방문,영수증
배스킨라빈스 월계이마트점,아이스크림,4.32,,,아니시아41,https://m.place.naver.com/my/5f7ea6596c3d7f7334990c6e/review?v=2,424,,,😀😀😀😀😀,,2023년 4월 14일 금요일,1번째 방문,영수증
배스킨라빈스 월계이마트점,아이스크림,4.32,,,힐스만두번째,https://m.place.naver.com/my/5b9256f44bc9da8c4a708d2e/review?v=2,338,7,,굿,,2023년 1월 5일 목요일,1번째 방문,영수증
배스킨라빈스 월계이마트점,아이스크림,4.32,,,웃음마녀77,https://m.place.naver.com/my/5c41b562b3d121b72d54a539/review?v=2,1675,22,,아이 참새방앗간,"일시적인 오류가 발생했습니다
매장이 청결해요",2022년 11월 3일 목요일,13번째 방문,영수증
배스킨라빈스 월계이마트점,아이스크림,4.32,,,eri****,https://m.place.naver.com/my/5f48f4b0a602e98f568b15a8/review?v=2,232,,,좋아요 ,,2023년 5월 1일 월요일,4번째 방문,영수증
배스킨라빈스 월계이마트점,아이스크림,4.32,,,Mr JaGalChi,https://m.place.naver.com/my/5dd94fda9ec8258e4a3b68e4/review?v=2,275,,,좋아요 ,,2023년 5월 1일 월요일,5번째 방문,영수증
배스킨라빈스 월계이마트점,아이스크림,4.32,,,동우3745,https://m.place.naver.com/my/5f64d0cf6c3d7f733488feb0/review?v=2,1130,15,,아이스크림 케이크가 조금 더 컸으면 좋겠다~,,2023년 2월 5일 일요일,1번째 방문,영수증
배스킨라빈스 월계이마트점,아이스크림,4.32,,,woo****,https://m.place.naver.com/my/614d51b14f4bb2541a814a05/review?v=2,742,2,,행사하니 좋아요,"일시적인 오류가 발생했습니다
가성비가 좋아요",2022년 11월 6일 일요일,1번째 방문,영수증
배스킨라빈스 월계이마트점,아이스크림,4.32,,,흐르는 강95,https://m.place.naver.com/my/5c453677343a2826696f3ff2/review?v=2,876,5,,.,,2023년 2월 24일 금요일,1번째 방문,영수증
배스킨라빈스 월계이마트점,아이스크림,4.32,,,용언,https://m.place.naver.com/my/5e06a2428f87a842bcfdb025/review?v=2,23,,,히히 귀여워요,,2022년 11월 7일 월요일,1번째 방문,영수증
배스킨라빈스 월계이마트점,아이스크림,4.32,,,화살23,https://m.place.naver.com/my/5bb0b82735b51295f68b91d2/review?v=2,985,9,,굿,,2023년 1월 29일 일요일,3번째 방문,영수증
배스킨라빈스 월계이마트점,아이스크림,4.32,,,뾰로롱쑤,https://m.place.naver.com/my/5dd93e409ec8258e4af828a5/review?v=2,881,,,엄마는외계인맛있어요♡♡♡,,2022년 10월 3일 월요일,1번째 방문,영수증
배스킨라빈스 월계이마트점,아이스크림,4.32,,,smduck1006,https://m.place.naver.com/my/5dc2c6248f87a842bcee210b/review?v=2,373,,,굿 ,,2023년 6월 3일 토요일,2번째 방문,영수증
배스킨라빈스 월계이마트점,아이스크림,4.32,,,dongi,https://m.place.naver.com/my/5b9b25c56e8b06da53f8ab8f/review?v=2,1499,16,,ㅎ애들이좋아해요,,2022년 10월 1일 토요일,1번째 방문,영수증
배스킨라빈스 월계이마트점,아이스크림,4.32,,,swj****,https://m.place.naver.com/my/5d5ebbf88f87a842bce9fdae/review?v=2,410,1,,직원이  음료 제조가 너무느려요 ,,2022년 10월 4일 화요일,1번째 방문,영수증
배스킨라빈스 월계이마트점,아이스크림,4.32,,,all****,https://m.place.naver.com/my/5cd4bbd3541c476445f03c8e/review?v=2,344,,,아이스크림은 역시 베라. .. 오늘도 맛있게 냠냠,,2022년 10월 30일 일요일,1번째 방문,영수증
배스킨라빈스 월계이마트점,아이스크림,4.32,,,4냥맘,https://m.place.naver.com/my/5e0432b18f87a842bc5ec08f/review?v=2,4,,,저녁에 근무하는 중년 여자 직원분 진짜 심하시네요. 패밀리 구매하면서 2가지 아이스크림은 따로 떨어지게 담아달라고 요청드렸는데 들은체도 안하시더니 그대로 붙여서 담더라구요? 그래서 다가가서 말씀드리니 뒤 귀에 무선이어폰을 꽂고 계시더라구요 두 눈을 의심했습니다 본인이 이어폰 소리에 못 듣고는 되려 이미 담았는데 어쩌냐며 적반하장이시더군요. 과도한 친절은 바라지도 않습니다. 기본적인 서비스 마인드는 있어야하는거 아닌가요? 정말 기분 나빠서 다시는 방문하고 싶지 않습니다. 최악이에요.,,2022년 9월 19일 월요일,1번째 방문,영수증
배스킨라빈스 월계이마트점,아이스크림,4.32,,,june27,https://m.place.naver.com/my/5f0684e6ace692ef6245b611/review?v=2,540,,,굿,,2022년 12월 30일 금요일,1번째 방문,영수증
배스킨라빈스 월계이마트점,아이스크림,4.32,,,유령찐,https://m.place.naver.com/my/5b8bbfdfe5f894cead36ff42/review?v=2,2690,,,뮤맛있네요,"일시적인 오류가 발생했습니다
친절해요",2022년 11월 28일 월요일,1번째 방문,영수증
배스킨라빈스 월계이마트점,아이스크림,4.32,,,cash on,https://m.place.naver.com/my/5e6f1d678f87a842bc18da6c/review?v=2,1669,,,맛있어용,,2022년 12월 18일 일요일,1번째 방문,영수증
배스킨라빈스 월계이마트점,아이스크림,4.32,,,뿔뿔2,https://m.place.naver.com/my/5e2539e48f87a842bca08ce3/review?v=2,796,3,,"평일 저녁 늦게 갔어요. 
나이 좀 있는 여자분 혼자 계셨고 사장님인가 싶은데 패밀리 이렇게 지저분하게 담아주심;; 대부분 먹기좋고 깔끔하게 5등분해주던데 담는 연습 좀 하셔야할듯",,2022년 11월 2일 수요일,2번째 방문,영수증
배스킨라빈스 월계이마트점,아이스크림,4.32,,,하호야호,https://m.place.naver.com/my/5d244bd4526b968afce9a090/review?v=2,442,,,굳,,2023년 1월 19일 목요일,2번째 방문,영수증
배스킨라빈스 월계이마트점,아이스크림,4.32,,,백만불보조개,https://m.place.naver.com/my/5dd8c3e09ec8258e4a24fc94/review?v=2,592,,,베스킨은 뭘 먹어도 맛있죠~?!^^,"일시적인 오류가 발생했습니다
음료가 맛있어요",2023년 1월 16일 월요일,1번째 방문,영수증
배스킨라빈스 월계이마트점,아이스크림,4.32,,,joy****,https://m.place.naver.com/my/5b9b9050a1eb05b2988c2839/review?v=2,515,,,굿,"일시적인 오류가 발생했습니다
친절해요",2023년 1월 15일 일요일,1번째 방문,영수증
배스킨라빈스 월계이마트점,아이스크림,4.32,,,eun****,https://m.place.naver.com/my/5c50f3125deb9b335395ea9e/review?v=2,412,,,좋아요,,2023년 1월 13일 금요일,1번째 방문,영수증
배스킨라빈스 월계이마트점,아이스크림,4.32,,,크리스탈74,https://m.place.naver.com/my/5f0595fe699d39675d9dc6f8/review?v=2,695,3,,,"일시적인 오류가 발생했습니다
대화하기 좋아요",2022년 11월 12일 토요일,1번째 방문,영수증
배스킨라빈스 월계이마트점,아이스크림,4.32,,,새우맛쿠키,https://m.place.naver.com/my/5bf6152345c1548d3dc2ce41/review?v=2,143,,,조아용,,2023년 1월 11일 수요일,1번째 방문,영수증
배스킨라빈스 월계이마트점,아이스크림,4.32,,,Flejwod,https://m.place.naver.com/my/5f2d0d549ec8258e4ab6ae01/review?v=2,442,,,친절하세요,,2022년 12월 27일 화요일,2번째 방문,영수증
배스킨라빈스 월계이마트점,아이스크림,4.32,,,비니3464,https://m.place.naver.com/my/60877c3dc7708fdb18cf46d4/review?v=2,1061,,,좋아요,,2023년 4월 2일 일요일,1번째 방문,영수증
배스킨라빈스 월계이마트점,아이스크림,4.32,,,dbsl562,https://m.place.naver.com/my/5e68cce88f87a842bc6c7729/review?v=2,652,,,.,,2023년 3월 11일 토요일,1번째 방문,영수증
배스킨라빈스 월계이마트점,아이스크림,4.32,,,지수8520,https://m.place.naver.com/my/5b83785aa506e9879f72ebd9/review?v=2,89,,,맛있어요,"일시적인 오류가 발생했습니다
매장이 청결해요",2022년 11월 6일 일요일,1번째 방문,영수증
배스킨라빈스 월계이마트점,아이스크림,4.32,,,gooopgg76,https://m.place.naver.com/my/5efde31515c4bcd4305863eb/review?v=2,1099,10,,굿,,2023년 1월 5일 목요일,5번째 방문,영수증
배스킨라빈스 월계이마트점,아이스크림,4.32,,,안군세상,https://m.place.naver.com/my/5b9a1dd14605e93725b89ca9/review?v=2,719,16,,맛있어요,"일시적인 오류가 발생했습니다
친절해요",2022년 12월 13일 화요일,5번째 방문,영수증
배스킨라빈스 월계이마트점,아이스크림,4.32,,,qlalf60,https://m.place.naver.com/my/5eafff1e8f87a842bc96943b/review?v=2,906,,,친절하고 깨끗해요,"일시적인 오류가 발생했습니다
친절해요",2022년 11월 7일 월요일,4번째 방문,영수증
배스킨라빈스 월계이마트점,아이스크림,4.32,,,링당동67,https://m.place.naver.com/my/5f1a9e8a9ec8258e4a44d8e9/review?v=2,86,5,,싱글레귤러 T멤버십할인 한달에 한번 받을수있어용,,2022년 9월 9일 금요일,1번째 방문,영수증
배스킨라빈스 월계이마트점,아이스크림,4.32,,,eli****,https://m.place.naver.com/my/603b09b53da5c35a8435c1d7/review?v=2,170,,,좋아요 ,"일시적인 오류가 발생했습니다
주차하기 편해요",2022년 12월 24일 토요일,1번째 방문,영수증
배스킨라빈스 월계이마트점,아이스크림,4.32,,,늘푸른새싹,https://m.place.naver.com/my/5dc532ce8f87a842bcadcc61/review?v=2,421,,,"알바생들이 손이 너무 느려요ㅠㅠ
너무 오래 기다렸어요",,2022년 10월 8일 토요일,1번째 방문,영수증
배스킨라빈스 월계이마트점,아이스크림,4.32,,,벼지혀니,https://m.place.naver.com/my/5eff4f1780dd0fa8cd65acf6/review?v=2,330,,,사랑해요 베라!!! 아이스크림 생각날 땐 여기죠,,2022년 9월 3일 토요일,2번째 방문,영수증
배스킨라빈스 월계이마트점,아이스크림,4.32,,,은형55,https://m.place.naver.com/my/5bad83bd3f4e4fe739d79ff3/review?v=2,528,4,,좋아요,,2022년 11월 25일 금요일,2번째 방문,영수증
배스킨라빈스 월계이마트점,아이스크림,4.32,,,우리는하나70,https://m.place.naver.com/my/5ef034ff8f87a842bc1d6e03/review?v=2,94,,,키오스크가 불편한분들은 안내를 해주셨으면,,2022년 12월 29일 목요일,1번째 방문,영수증
배스킨라빈스 월계이마트점,아이스크림,4.32,,,벨도담,https://m.place.naver.com/my/5e170c298f87a842bc7644f7/review?v=2,33,,,키작은 여자 알바생 음료 만드는법부터 친절하게 대하는방법까지 다시 배워야할듯하네요 ; 스무디 시켰는데 주스마냥 너무 묽고 뚜껑도 잘못닫아줘서 다 흘려서 여자직원한테 말했더니 제가 덜갈긴했는데 이러더라구요..? 애초에 잘갈아주던가요 ; 다른지점보다 맛없어요 ,,2022년 8월 21일 일요일,1번째 방문,영수증
배스킨라빈스 월계이마트점,아이스크림,4.32,,,처음처럼678,https://m.place.naver.com/my/5f58780b6c3d7f7334f607a6/review?v=2,2295,,,그냥,,2023년 4월 7일 금요일,6번째 방문,영수증
배스킨라빈스 월계이마트점,아이스크림,4.32,,,소나무2573,https://m.place.naver.com/my/5ddcbe759ec8258e4a6b2722/review?v=2,897,,,맛있어요,,2023년 3월 18일 토요일,2번째 방문,영수증
배스킨라빈스 월계이마트점,아이스크림,4.32,,,you****,https://m.place.naver.com/my/5c5d52670b5cbafa43a6b6c4/review?v=2,69,,,친절하고 종류가 많아요.,"일시적인 오류가 발생했습니다
친절해요",2022년 10월 29일 토요일,2번째 방문,영수증
배스킨라빈스 월계이마트점,아이스크림,4.32,,,진희8816,https://m.place.naver.com/my/5c86630ba1c9416cbdbb7a4c/review?v=2,507,,,굿,,2023년 2월 11일 토요일,2번째 방문,영수증
배스킨라빈스 월계이마트점,아이스크림,4.32,,,핑크64,https://m.place.naver.com/my/5efe7e9468401871104eb6ac/review?v=2,197,,,맛있어요,,2022년 12월 22일 목요일,4번째 방문,영수증
배스킨라빈스 월계이마트점,아이스크림,4.32,,,gk9,https://m.place.naver.com/my/5efe686468401871104e9875/review?v=2,141,1,,조아유,"일시적인 오류가 발생했습니다
디저트가 맛있어요",2022년 12월 4일 일요일,1번째 방문,영수증
배스킨라빈스 월계이마트점,아이스크림,4.32,,,요리보고빙,https://m.place.naver.com/my/5cd577d34038cc4c8b6a0ec6/review?v=2,482,,,굿,,2022년 12월 21일 수요일,1번째 방문,영수증
배스킨라빈스 월계이마트점,아이스크림,4.32,,,악즉참17,https://m.place.naver.com/my/5c2d0b978f36a99b5c97444b/review?v=2,530,,,^^,,2022년 12월 1일 목요일,3번째 방문,영수증
배스킨라빈스 월계이마트점,아이스크림,4.32,,,휘오나72,https://m.place.naver.com/my/5e112b068f87a842bc3ba673/review?v=2,163,,,굿,,2022년 12월 18일 일요일,1번째 방문,영수증
배스킨라빈스 월계이마트점,아이스크림,4.32,,,화살23,https://m.place.naver.com/my/5bb0b82735b51295f68b91d2/review?v=2,985,9,,굿,,2022년 12월 18일 일요일,2번째 방문,영수증
배스킨라빈스 월계이마트점,아이스크림,4.32,,,종휘아빠,https://m.place.naver.com/my/5d69316a8f87a842bc84aae4/review?v=2,1782,,,좋아요,,2022년 12월 18일 일요일,1번째 방문,영수증
배스킨라빈스 월계이마트점,아이스크림,4.32,,,shi****,https://m.place.naver.com/my/5e0223628f87a842bc4867e6/review?v=2,1585,,,ㆍ,,2022년 11월 28일 월요일,2번째 방문,영수증
배스킨라빈스 월계이마트점,아이스크림,4.32,,,383****,https://m.place.naver.com/my/5f0185c78f87a842bc926d76/review?v=2,328,1,,맛잇어요,"일시적인 오류가 발생했습니다
친절해요",2022년 11월 12일 토요일,1번째 방문,영수증
배스킨라빈스 월계이마트점,아이스크림,4.32,,,ok****,https://m.place.naver.com/my/5efff3862a6e9b34b3834264/review?v=2,1122,3,,"수저추가시 50원  이라네요
파인트외에 더블레귤러컵,싱글킹 컵은 포장 이 안된다해서
억지로 매장에서 먹고왔네요
위에 뚜껑만  닫으면 되는데
뚜껑 포장용기없는게 안타깝네요
 빈정 상했어요.",,2022년 8월 10일 수요일,2번째 방문,영수증
배스킨라빈스 월계이마트점,아이스크림,4.32,,,lapa170782,https://m.place.naver.com/my/5e19264f8f87a842bce236d8/review?v=2,218,,,ㅎ,,2022년 11월 26일 토요일,1번째 방문,영수증
배스킨라빈스 월계이마트점,아이스크림,4.32,,,레몬타임1929,https://m.place.naver.com/my/5dd7f46a9ec8258e4ab38da6/review?v=2,76,,,"음 파인트 주문했는데 수저하나라 하나만 더달라고했더니 오십원 내라는데 빈정상하내요 ㄷ ㄷ ㄷ 
베스킨 많이 먹는데 이런경우는 처음 @..@","일시적인 오류가 발생했습니다
화장실이 깨끗해요",2022년 8월 7일 일요일,2번째 방문,영수증
배스킨라빈스 월계이마트점,아이스크림,4.32,,,악즉참17,https://m.place.naver.com/my/5c2d0b978f36a99b5c97444b/review?v=2,530,,,**^^,,2022년 11월 25일 금요일,2번째 방문,영수증
배스킨라빈스 월계이마트점,아이스크림,4.32,,,for****,https://m.place.naver.com/my/5ce35a92c840b25bf31d4e45/review?v=2,43,,,"빨대는 어디 땅에 떨어져있던건지 빨대껍질은 더럽고
껍질까보니 구겨진부분 하얗게 줄가있고..
포장해서 온거라 그냥먹었지만 
다른지점보다 맛도 없음.. 맥심모카블라스트",,2022년 7월 22일 금요일,1번째 방문,영수증
배스킨라빈스 월계이마트점,아이스크림,4.32,,,jws****,https://m.place.naver.com/my/5eeaf0bd8f87a842bcabea2c/review?v=2,1537,7,,굿,,2022년 11월 8일 화요일,2번째 방문,영수증
배스킨라빈스 월계이마트점,아이스크림,4.32,,,you****,https://m.place.naver.com/my/5c5d52670b5cbafa43a6b6c4/review?v=2,69,,,매장이 넓어요. 청결해요.,"일시적인 오류가 발생했습니다
매장이 청결해요",2022년 10월 16일 일요일,1번째 방문,영수증
배스킨라빈스 월계이마트점,아이스크림,4.32,,,블루핑키,https://m.place.naver.com/my/5c1e4bc35e190e5af18d8b9b/review?v=2,113,,,좋아요,,2022년 12월 4일 일요일,1번째 방문,영수증
배스킨라빈스 월계이마트점,아이스크림,4.32,,,jksoon,https://m.place.naver.com/my/5eb977528f87a842bc0ce67d/review?v=2,1406,13,,조아요,,2022년 10월 31일 월요일,5번째 방문,영수증
배스킨라빈스 월계이마트점,아이스크림,4.32,,,ㅇㅅㅇ8572,https://m.place.naver.com/my/5c2cb1117e0118165a347947/review?v=2,385,,,,"일시적인 오류가 발생했습니다
디저트가 맛있어요",2022년 10월 2일 일요일,1번째 방문,영수증
배스킨라빈스 월계이마트점,아이스크림,4.32,,,뚱인데욤,https://m.place.naver.com/my/5efe3b6fafcca6e20afd14fa/review?v=2,830,,,맛있어요,,2022년 10월 29일 토요일,1번째 방문,영수증
배스킨라빈스 월계이마트점,아이스크림,4.32,,,지채정,https://m.place.naver.com/my/5b68d45974c17c6cbefeab8a/review?v=2,1049,,,굿,,2022년 10월 30일 일요일,1번째 방문,영수증
배스킨라빈스 월계이마트점,아이스크림,4.32,,,모찌모찌11,https://m.place.naver.com/my/5c35f7ef185e2f0aa616c63c/review?v=2,9,,,"주문하고 오래기다려서 정성스레 담아주신줄 알았는데ㅜㅜ 집에서 열어보니ㅜㅜㅜㅜㅜ
분명 패밀리 다섯가지맛시켰는데..층으로쌓아주셔서 위에서부터 먹어야하고..뚜껑열자마자 이런 비주얼ㅜㅜ 다음부턴 신경좀써주세요~~
",,2022년 7월 6일 수요일,1번째 방문,영수증
배스킨라빈스 월계이마트점,아이스크림,4.32,,,joyjoyjoy9730,https://m.place.naver.com/my/5c748a91dce56109ce8b6c67/review?v=2,32,,,맛있었고 포켓몬볼펜이 맘에 들어요,"일시적인 오류가 발생했습니다
디저트가 맛있어요",2022년 9월 4일 일요일,1번째 방문,영수증
배스킨라빈스 월계이마트점,아이스크림,4.32,,,쑤니416,https://m.place.naver.com/my/5e4d66d28f87a842bcf21a8f/review?v=2,923,12,,.,,2022년 10월 3일 월요일,1번째 방문,영수증
배스킨라빈스 월계이마트점,아이스크림,4.32,,,행복지기지기,https://m.place.naver.com/my/5b9bb33ed6f8667c7cf52658/review?v=2,879,,,굿이요,"일시적인 오류가 발생했습니다
친절해요",2022년 10월 22일 토요일,7번째 방문,영수증
배스킨라빈스 월계이마트점,아이스크림,4.32,,,genzzo38,https://m.place.naver.com/my/6089ff9bd92617387d7a7406/review?v=2,963,,,감사,,2022년 10월 2일 일요일,1번째 방문,영수증
배스킨라빈스 월계이마트점,아이스크림,4.32,,,검정콩맘,https://m.place.naver.com/my/5efe4a45bf28894a92884ce8/review?v=2,1297,,,"편하게 구입, 먹을수있어요",,2022년 7월 29일 금요일,1번째 방문,영수증
배스킨라빈스 월계이마트점,아이스크림,4.32,,,lines,https://m.place.naver.com/my/5e6246638f87a842bc781d66/review?v=2,1050,,,좋아요,,2022년 10월 21일 금요일,1번째 방문,영수증
배스킨라빈스 월계이마트점,아이스크림,4.32,,,happydool,https://m.place.naver.com/my/5ddb4ae09ec8258e4a2f397b/review?v=2,189,1,,알바분 혼자서 힘드실듯ㅠ,,2022년 9월 20일 화요일,1번째 방문,영수증
배스킨라빈스 월계이마트점,아이스크림,4.32,,,닥공요,https://m.place.naver.com/my/5d9c8e878f87a842bca2b313/review?v=2,1466,,,긋,,2022년 10월 30일 일요일,3번째 방문,영수증
배스킨라빈스 월계이마트점,아이스크림,4.32,,,규규꾸ㅠㅋ,https://m.place.naver.com/my/5e6df8378f87a842bc6a1987/review?v=2,107,18,,직원인지 사장인지 에어팟끼고 불친절해서 기분나쁘네요,,2022년 7월 25일 월요일,1번째 방문,영수증
배스킨라빈스 월계이마트점,아이스크림,4.32,,,als****,https://m.place.naver.com/my/6168049f2aa0d66050c5517c/review?v=2,54,,,굿,"일시적인 오류가 발생했습니다
뷰가 좋아요",2022년 11월 18일 금요일,1번째 방문,영수증
배스킨라빈스 월계이마트점,아이스크림,4.32,,,blackssam,https://m.place.naver.com/my/608d1e106762def630dc7609/review?v=2,686,2,,굿,,2022년 10월 30일 일요일,1번째 방문,영수증
배스킨라빈스 월계이마트점,아이스크림,4.32,,,조이life,https://m.place.naver.com/my/5ed3d1a68f87a842bcdbab7b/review?v=2,292,45,,"친절하신 직원 덕분에 카드문제로 해결은 못봤지만
다시 가게되는 곳이에요","일시적인 오류가 발생했습니다
친절해요",2022년 7월 8일 금요일,1번째 방문,영수증
배스킨라빈스 월계이마트점,아이스크림,4.32,,,coo****,https://m.place.naver.com/my/5c243ceb864e0afe0c9d0a1d/review?v=2,61,,,맛잇게 먹고가요^^,"일시적인 오류가 발생했습니다
가성비가 좋아요",2022년 9월 20일 화요일,1번째 방문,영수증
배스킨라빈스 월계이마트점,아이스크림,4.32,,,명은44,https://m.place.naver.com/my/5e69c8358f87a842bc0acbc5/review?v=2,137,,,🖒,"일시적인 오류가 발생했습니다
친절해요",2022년 10월 26일 수요일,1번째 방문,영수증
배스킨라빈스 월계이마트점,아이스크림,4.32,,,wlstkfkd00,https://m.place.naver.com/my/5dc62e5f8f87a842bc05fec4/review?v=2,502,,,굿,,2022년 11월 14일 월요일,1번째 방문,영수증
배스킨라빈스 월계이마트점,아이스크림,4.32,,,hey****,https://m.place.naver.com/my/5bf5d319e08ec3601f3f7183/review?v=2,779,,,굿,,2023년 3월 16일 목요일,7번째 방문,영수증
배스킨라빈스 월계이마트점,아이스크림,4.32,,,me융,https://m.place.naver.com/my/5bfcf15e6d422fd30056ac6f/review?v=2,941,,,여자알바생분 열씨미 일하네요.팔아프겠어요,,2022년 7월 17일 일요일,3번째 방문,영수증
배스킨라빈스 월계이마트점,아이스크림,4.32,,,yub****,https://m.place.naver.com/my/5f14794a9ec8258e4a4e7449/review?v=2,776,,,굿,,2022년 11월 9일 수요일,1번째 방문,영수증
배스킨라빈스 월계이마트점,아이스크림,4.32,,,ang****,https://m.place.naver.com/my/5e772aec8f87a842bc140ac6/review?v=2,339,1,,좋아요,"일시적인 오류가 발생했습니다
뷰가 좋아요",2022년 11월 9일 수요일,2번째 방문,영수증
배스킨라빈스 월계이마트점,아이스크림,4.32,,,윌감독,https://m.place.naver.com/my/5c237648b933d9f977aabb4c/review?v=2,815,,,불친절.,,2023년 1월 9일 월요일,1번째 방문,영수증
배스킨라빈스 월계이마트점,아이스크림,4.32,,,하하하2663,https://m.place.naver.com/my/5ddac4ec9ec8258e4a0c6e1d/review?v=2,666,,,굿,,2022년 11월 5일 토요일,2번째 방문,영수증
배스킨라빈스 월계이마트점,아이스크림,4.32,,,화살23,https://m.place.naver.com/my/5bb0b82735b51295f68b91d2/review?v=2,985,9,,굿,,2022년 11월 5일 토요일,1번째 방문,영수증
배스킨라빈스 월계이마트점,아이스크림,4.32,,,pororo64,https://m.place.naver.com/my/5e4a0e558f87a842bce5f198/review?v=2,585,,,아이스크림 수가 너무 적어요ㅠㅠ,,2022년 7월 28일 목요일,2번째 방문,영수증
배스킨라빈스 월계이마트점,아이스크림,4.32,,,조이life,https://m.place.naver.com/my/5ed3d1a68f87a842bcdbab7b/review?v=2,292,45,,"맛있어요
친절해요","일시적인 오류가 발생했습니다
친절해요",2022년 8월 10일 수요일,2번째 방문,영수증
배스킨라빈스 월계이마트점,아이스크림,4.32,,,행복지기지기,https://m.place.naver.com/my/5b9bb33ed6f8667c7cf52658/review?v=2,879,,,굿,"일시적인 오류가 발생했습니다
매장이 청결해요",2022년 10월 1일 토요일,6번째 방문,영수증
배스킨라빈스 월계이마트점,아이스크림,4.32,,,ReVieW,https://m.place.naver.com/my/5dc4b94e8f87a842bc38d471/review?v=2,4175,78,,새로 출시된 메뉴 먹어 봤는데 맛있었습니다.,"일시적인 오류가 발생했습니다
디저트가 맛있어요",2022년 7월 9일 토요일,2번째 방문,영수증
배스킨라빈스 월계이마트점,아이스크림,4.32,,,검정콩맘,https://m.place.naver.com/my/5efe4a45bf28894a92884ce8/review?v=2,1297,,,맛있어요 ,,2022년 9월 24일 토요일,3번째 방문,영수증
배스킨라빈스 월계이마트점,아이스크림,4.32,,,서울I토끼여우,https://m.place.naver.com/my/5e6750ca8f87a842bcc9bb72/review?v=2,1376,,,좋아요 ,"일시적인 오류가 발생했습니다
디저트가 맛있어요",2023년 1월 19일 목요일,1번째 방문,영수증
배스킨라빈스 월계이마트점,아이스크림,4.32,,,hey****,https://m.place.naver.com/my/5bf5d319e08ec3601f3f7183/review?v=2,779,,,조아요,,2023년 2월 27일 월요일,6번째 방문,영수증
배스킨라빈스 월계이마트점,아이스크림,4.32,,,sm****,https://m.place.naver.com/my/614ab4424f4bb2582580fcdb/review?v=2,159,,,굿,,2022년 10월 26일 수요일,1번째 방문,영수증
배스킨라빈스 월계이마트점,아이스크림,4.32,,,소소한일상행복만땅,https://m.place.naver.com/my/5f06198ec6c911a490bd29bd/review?v=2,124,,,,,2023년 2월 11일 토요일,3번째 방문,영수증
배스킨라빈스 월계이마트점,아이스크림,4.32,,,Taroe,https://m.place.naver.com/my/5effaa30de5d1e6a342b9d61/review?v=2,948,7,,치코리타 맛 맛있어요ㅜㅜ 요거트는 더할나위없고 베라 사랑합니다,"일시적인 오류가 발생했습니다
특별한 메뉴가 있어요",2022년 6월 25일 토요일,1번째 방문,영수증
배스킨라빈스 월계이마트점,아이스크림,4.32,,,레고3D로봇항공90,https://m.place.naver.com/my/5cb90e4eb2a8b8853a6d1e9c/review?v=2,101,2,,좋아요~,"일시적인 오류가 발생했습니다
주차하기 편해요",2022년 10월 21일 금요일,1번째 방문,영수증
배스킨라빈스 월계이마트점,아이스크림,4.32,,,cky****,https://m.place.naver.com/my/61481b0104927f4490086680/review?v=2,339,,,굿,,2022년 10월 21일 금요일,1번째 방문,영수증
배스킨라빈스 월계이마트점,아이스크림,4.32,,,디듀80,https://m.place.naver.com/my/5cf66cae2e5e3804e3c4555c/review?v=2,61,,,좀더친절하셨으면 좋겠어요ㅜ,,2022년 7월 28일 목요일,1번째 방문,영수증
배스킨라빈스 월계이마트점,아이스크림,4.32,,,ksok1616,https://m.place.naver.com/my/62d0082395b9130006c7bf21/review?v=2,187,,,굿,,2022년 10월 17일 월요일,3번째 방문,영수증
배스킨라빈스 월계이마트점,아이스크림,4.32,,,쌩유맘28,https://m.place.naver.com/my/5eb94a638f87a842bcd5af29/review?v=2,2022,26,,좋아요 ,,2022년 9월 18일 일요일,3번째 방문,영수증
배스킨라빈스 월계이마트점,아이스크림,4.32,,,inae0843,https://m.place.naver.com/my/5e6ae7d28f87a842bcd150fe/review?v=2,3812,1,,좋아요 ,,2022년 10월 16일 일요일,10번째 방문,영수증
배스킨라빈스 월계이마트점,아이스크림,4.32,,,딩뚱이맘,https://m.place.naver.com/my/5f851a806c3d7f7334b9170d/review?v=2,109,1,,양이다른곳에비해적어요 직원이지알바인데 아이스크림담는것도못행ᆢㄷ,,2022년 10월 5일 수요일,1번째 방문,영수증
배스킨라빈스 월계이마트점,아이스크림,4.32,,,Jiyeon64,https://m.place.naver.com/my/61a0445915e21ccb86d1aeb2/review?v=2,372,,,,,2022년 7월 19일 화요일,1번째 방문,영수증
배스킨라빈스 월계이마트점,아이스크림,4.32,,,벼지혀니,https://m.place.naver.com/my/5eff4f1780dd0fa8cd65acf6/review?v=2,330,,,맛있어요!!,"일시적인 오류가 발생했습니다
음료가 맛있어요",2022년 9월 9일 금요일,3번째 방문,영수증
배스킨라빈스 월계이마트점,아이스크림,4.32,,,박예은5660,https://m.place.naver.com/my/5d1437f8dcc750fc0e043e6c/review?v=2,21,,,친절해욤,,2022년 10월 7일 금요일,1번째 방문,영수증
배스킨라빈스 월계이마트점,아이스크림,4.32,,,활력소83,https://m.place.naver.com/my/60dae6ee6d15eb4a264b328e/review?v=2,1045,1,,굿,,2022년 9월 6일 화요일,1번째 방문,영수증
배스킨라빈스 월계이마트점,아이스크림,4.32,,,쪼심이,https://m.place.naver.com/my/5b89f4fc18e8266c5c5d54c5/review?v=2,356,25,,아이스크림 맛있어용,,2022년 7월 12일 화요일,1번째 방문,영수증
배스킨라빈스 월계이마트점,아이스크림,4.32,,,lIlIllIII,https://m.place.naver.com/my/5e4911138f87a842bc522bae/review?v=2,1714,,,"알바생들 교육 좀 다시 시키셔야 될 것 같아요.

바쁘고 힘들어서 일하기 싫은 티 내는거야 어쩔 수 없다지만, 주문도 키오스크로 받으면서 주문 번호 정도는 제대로 확인해야 하지 않을까요? 알바생분들 손이 느려서 늦게 제공되는건 이해해도 손님들끼리 주문한 내용물이 바뀌는 일은 없어야 하는게 맞지 않을까요?

집도 멀고 귀찮아서 그냥 받았는데, 덕분에 누구신지 모르는 분들이랑 저희 모두 손해봤네요.

그리고 아이스크림 케이크 예약을 미리 했는데, 픽업 당일이 되어서 갑자기 어플 알림으로 취소되는 일도 없었으면 합니다. 당황스러웠던 적이 한번이 아니라서 말씀드립니다.",,2022년 6월 6일 월요일,1번째 방문,영수증
배스킨라빈스 월계이마트점,아이스크림,4.32,,,위풍당당90,https://m.place.naver.com/my/5ec465be8f87a842bc6b55e8/review?v=2,959,,,조아요 ,,2022년 12월 31일 토요일,1번째 방문,영수증
배스킨라빈스 월계이마트점,아이스크림,4.32,,,행복지기지기,https://m.place.naver.com/my/5b9bb33ed6f8667c7cf52658/review?v=2,879,,,좋아요,"일시적인 오류가 발생했습니다
특별한 메뉴가 있어요",2022년 9월 3일 토요일,5번째 방문,영수증
배스킨라빈스 월계이마트점,아이스크림,4.32,,,ReVieW,https://m.place.naver.com/my/5dc4b94e8f87a842bc38d471/review?v=2,4175,78,,'엄마는 외계인' 맛있어요.,"일시적인 오류가 발생했습니다
특별한 메뉴가 있어요",2022년 7월 9일 토요일,3번째 방문,영수증
배스킨라빈스 월계이마트점,아이스크림,4.32,,,Alobang,https://m.place.naver.com/my/5b66e588ed793e245b9dd41a/review?v=2,677,,,베스킨라빈스 이마트월계점,,2022년 9월 4일 일요일,1번째 방문,영수증
배스킨라빈스 월계이마트점,아이스크림,4.32,,,진호맘60,https://m.place.naver.com/my/5dfd65d18f87a842bc58792a/review?v=2,837,,,굿,,2022년 9월 4일 일요일,1번째 방문,영수증
배스킨라빈스 월계이마트점,아이스크림,4.32,,,gol****,https://m.place.naver.com/my/5f3fe3aba602e98f56ab9543/review?v=2,65,,,좋아요 ,"일시적인 오류가 발생했습니다
친절해요",2022년 10월 1일 토요일,1번째 방문,영수증
배스킨라빈스 월계이마트점,아이스크림,4.32,,,범블대디,https://m.place.naver.com/my/5f6061626c3d7f7334a3db8d/review?v=2,1576,19,,좋아요^^,,2022년 8월 16일 화요일,4번째 방문,영수증
배스킨라빈스 월계이마트점,아이스크림,4.32,,,steelo,https://m.place.naver.com/my/608e4eb3c3bf1449d4002ac3/review?v=2,507,,, 제 일은 아니지만 옆에 앉아서보니 할머니가 손자데리고 오셔서 아이스크림 주세요 하니까 (이정도면 처음 와보신 분이겠죠) 직원두분 그냥 사적인 얘기 하면서 카운터에 서서 키오스크 하라고 하고서는 할머니가 한참 버벅거리면서 주문하는데도 멀뚱히 서서 대화하던데 키오스크 주문시간이라는 기준이 뭔지요. 아니면  좀 도와주시기라도 하시지. 요즘 안그래도 말 많은데 바쁘거나 손님이 많았다면 이해하겠지만 좀 그렇더라구요. ,,2022년 5월 28일 토요일,1번째 방문,영수증
배스킨라빈스 월계이마트점,아이스크림,4.32,,,예리미8,https://m.place.naver.com/my/5b90d369a8d26d240ca43f08/review?v=2,376,,,친절하고 포켓폰 스티커 100원 이예요,"일시적인 오류가 발생했습니다
디저트가 맛있어요",2022년 6월 3일 금요일,1번째 방문,영수증
배스킨라빈스 월계이마트점,아이스크림,4.32,,,푸르미잉,https://m.place.naver.com/my/5bfaa9b47f7b60a431e7dc4b/review?v=2,471,,,ㆍ,,2022년 8월 6일 토요일,1번째 방문,영수증
배스킨라빈스 월계이마트점,아이스크림,4.32,,,웃음마녀77,https://m.place.naver.com/my/5c41b562b3d121b72d54a539/review?v=2,1675,22,,아이가 좋아하는 베스킨,,2022년 6월 30일 목요일,12번째 방문,영수증
배스킨라빈스 월계이마트점,아이스크림,4.32,,,진희8816,https://m.place.naver.com/my/5c86630ba1c9416cbdbb7a4c/review?v=2,507,,,굿,,2022년 11월 17일 목요일,1번째 방문,영수증
배스킨라빈스 월계이마트점,아이스크림,4.32,,,auddmsdl22,https://m.place.naver.com/my/5bb9c85e22c782d56b4daca0/review?v=2,192,,,굿,,2022년 9월 16일 금요일,3번째 방문,영수증
배스킨라빈스 월계이마트점,아이스크림,4.32,,,솜사탕670,https://m.place.naver.com/my/5cdfd711fa9ff14c685a0e8f/review?v=2,1815,,,좋아요,,2022년 8월 24일 수요일,2번째 방문,영수증
배스킨라빈스 월계이마트점,아이스크림,4.32,,,ann****,https://m.place.naver.com/my/5f0572c434a524e70c5bf3a6/review?v=2,534,,,엄마는외계인 블라스트 맛있어요,,2022년 7월 26일 화요일,1번째 방문,영수증
배스킨라빈스 월계이마트점,아이스크림,4.32,,,MLHBee,https://m.place.naver.com/my/5cc2d23dca33c39a5a1b0d36/review?v=2,919,,,키오스크 있어서 편하게 고를 수 있어 좋아요❤️,,2022년 5월 31일 화요일,3번째 방문,영수증
배스킨라빈스 월계이마트점,아이스크림,4.32,,,풍경과바람,https://m.place.naver.com/my/601cb928a2ac402bb47afd83/review?v=2,577,,,.,"일시적인 오류가 발생했습니다
음료가 맛있어요",2022년 8월 20일 토요일,6번째 방문,영수증
배스킨라빈스 월계이마트점,아이스크림,4.32,,,존강,https://m.place.naver.com/my/5db317118f87a842bcc5d601/review?v=2,1451,,,굿,,2023년 1월 28일 토요일,3번째 방문,영수증
배스킨라빈스 월계이마트점,아이스크림,4.32,,,James7443,https://m.place.naver.com/my/5c4c53d6860e0160b974f06c/review?v=2,326,,,맛있어요,,2022년 9월 24일 토요일,1번째 방문,영수증
배스킨라빈스 월계이마트점,아이스크림,4.32,,,swe****,https://m.place.naver.com/my/5e60d6638f87a842bc123a66/review?v=2,1483,11,,😫,,2022년 7월 28일 목요일,2번째 방문,영수증
배스킨라빈스 월계이마트점,아이스크림,4.32,,,ki****,https://m.place.naver.com/my/6046f4c58c89fbd7b128dd71/review?v=2,452,,,직원분들이 우왕좌왕 하시는듯 싶습니다.,,2022년 6월 24일 금요일,3번째 방문,영수증
배스킨라빈스 월계이마트점,아이스크림,4.32,,,pyh****,https://m.place.naver.com/my/5da7de3d8f87a842bc759718/review?v=2,2396,,,좋아요,,2022년 9월 6일 화요일,4번째 방문,영수증
배스킨라빈스 월계이마트점,아이스크림,4.32,,,콩나물6689,https://m.place.naver.com/my/5c6b854da6fd6a0948a91e1f/review?v=2,1102,,,그냥,,2022년 11월 26일 토요일,2번째 방문,영수증
배스킨라빈스 월계이마트점,아이스크림,4.32,,,풍경과바람,https://m.place.naver.com/my/601cb928a2ac402bb47afd83/review?v=2,577,,,.,"일시적인 오류가 발생했습니다
특별한 메뉴가 있어요",2022년 8월 17일 수요일,5번째 방문,영수증
배스킨라빈스 월계이마트점,아이스크림,4.32,,,auddmsdl22,https://m.place.naver.com/my/5bb9c85e22c782d56b4daca0/review?v=2,192,,,굿,,2022년 9월 20일 화요일,4번째 방문,영수증
배스킨라빈스 월계이마트점,아이스크림,4.32,,,하하하2663,https://m.place.naver.com/my/5ddac4ec9ec8258e4a0c6e1d/review?v=2,666,,,직원이 친절해요,,2022년 7월 25일 월요일,1번째 방문,영수증
배스킨라빈스 월계이마트점,아이스크림,4.32,,,뇨뇨냐냐냐뇨냐뇨냐,https://m.place.naver.com/my/5b7acf3624baa70542695f22/review?v=2,635,,,굿,"일시적인 오류가 발생했습니다
대화하기 좋아요",2022년 10월 18일 화요일,1번째 방문,영수증
배스킨라빈스 월계이마트점,아이스크림,4.32,,,풍경과바람,https://m.place.naver.com/my/601cb928a2ac402bb47afd83/review?v=2,577,,,.,"일시적인 오류가 발생했습니다
특별한 메뉴가 있어요",2022년 8월 17일 수요일,4번째 방문,영수증
배스킨라빈스 월계이마트점,아이스크림,4.32,,,스트레칭걸,https://m.place.naver.com/my/5e6ca37b8f87a842bce7253b/review?v=2,715,1,,아이스크림 사러왔어요,,2022년 7월 17일 일요일,1번째 방문,영수증
배스킨라빈스 월계이마트점,아이스크림,4.32,,,tongtongbab93,https://m.place.naver.com/my/5d0f75402e853e1c810aed97/review?v=2,148,,,굿,,2022년 9월 16일 금요일,1번째 방문,영수증
배스킨라빈스 월계이마트점,아이스크림,4.32,,,풍경과바람,https://m.place.naver.com/my/601cb928a2ac402bb47afd83/review?v=2,577,,,.,"일시적인 오류가 발생했습니다
음료가 맛있어요",2022년 8월 17일 수요일,3번째 방문,영수증
배스킨라빈스 월계이마트점,아이스크림,4.32,,,피스타치오435,https://m.place.naver.com/my/5cc852f6fb23e5784e9bad40/review?v=2,848,,,👍,,2022년 9월 13일 화요일,1번째 방문,영수증
배스킨라빈스 월계이마트점,아이스크림,4.32,,,웃음마녀77,https://m.place.naver.com/my/5c41b562b3d121b72d54a539/review?v=2,1675,22,,아이스크림 맛있어요,,2022년 6월 15일 수요일,11번째 방문,영수증
배스킨라빈스 월계이마트점,아이스크림,4.32,,,두두경경,https://m.place.naver.com/my/5b6bc552caed6aa6d066c2a7/review?v=2,1551,8,,평일 저녁 알바하시는 분 진짜 일하기 싫으신듯.. ,,2022년 8월 11일 목요일,1번째 방문,영수증
배스킨라빈스 월계이마트점,아이스크림,4.32,,,쥴라프,https://m.place.naver.com/my/5c568602c3f118c08268fe33/review?v=2,264,4,,굿!!,,2022년 8월 9일 화요일,2번째 방문,영수증
배스킨라빈스 월계이마트점,아이스크림,4.32,,,see****,https://m.place.naver.com/my/5fa8ab2e953a8a4410b8931b/review?v=2,958,,,좋아요 ,"일시적인 오류가 발생했습니다
커피가 맛있어요",2022년 8월 30일 화요일,3번째 방문,영수증
배스킨라빈스 월계이마트점,아이스크림,4.32,,,손끝차이,https://m.place.naver.com/my/5cb5b7505decf1a99a5c6f47/review?v=2,144,6,,좋아요~,"일시적인 오류가 발생했습니다
매장이 청결해요",2022년 8월 6일 토요일,1번째 방문,영수증
배스킨라빈스 월계이마트점,아이스크림,4.32,,,경아9750,https://m.place.naver.com/my/5e799dff8f87a842bce30571/review?v=2,2347,,,굿,,2022년 8월 3일 수요일,3번째 방문,영수증
배스킨라빈스 월계이마트점,아이스크림,4.32,,,풍경과바람,https://m.place.naver.com/my/601cb928a2ac402bb47afd83/review?v=2,577,,,.,"일시적인 오류가 발생했습니다
음료가 맛있어요",2022년 8월 12일 금요일,2번째 방문,영수증
배스킨라빈스 월계이마트점,아이스크림,4.32,,,see****,https://m.place.naver.com/my/5fa8ab2e953a8a4410b8931b/review?v=2,958,,,좋아요 ,"일시적인 오류가 발생했습니다
음료가 맛있어요",2022년 8월 30일 화요일,2번째 방문,영수증
배스킨라빈스 월계이마트점,아이스크림,4.32,,,즐거워너무나도,https://m.place.naver.com/my/5ec8e72d8f87a842bc3b4a0b/review?v=2,137,,,굿,"일시적인 오류가 발생했습니다
커피가 맛있어요",2022년 9월 3일 토요일,1번째 방문,영수증
배스킨라빈스 월계이마트점,아이스크림,4.32,,,청포도양,https://m.place.naver.com/my/5c5e5913c4ce2466963f4508/review?v=2,331,13,,친절해요 ,,2022년 7월 31일 일요일,1번째 방문,영수증
배스킨라빈스 월계이마트점,아이스크림,4.32,,,쥴라프,https://m.place.naver.com/my/5c568602c3f118c08268fe33/review?v=2,264,4,,굿~~,,2022년 7월 31일 일요일,1번째 방문,영수증
배스킨라빈스 월계이마트점,아이스크림,4.32,,,oasiswood,https://m.place.naver.com/my/5fcadca44d280d5c43723b07/review?v=2,813,,,조아요 ,,2022년 9월 2일 금요일,1번째 방문,영수증
배스킨라빈스 월계이마트점,아이스크림,4.32,,,abeobeobeo,https://m.place.naver.com/my/5bca7056c8cd4369841dde27/review?v=2,,1,,굿,,2022년 11월 23일 수요일,1번째 방문,영수증
배스킨라빈스 월계이마트점,아이스크림,4.32,,,알몬드0,https://m.place.naver.com/my/5bf673fd87f58293f8be2f91/review?v=2,,,,굿,,2022년 8월 30일 화요일,1번째 방문,영수증
배스킨라빈스 월계이마트점,아이스크림,4.32,,,hoe****,https://m.place.naver.com/my/5df9c6638f87a842bc2f93f4/review?v=2,개의 가 더 있습니다,,,맛나요,"일시적인 오류가 발생했습니다
주차하기 편해요",2023년 1월 2일 월요일,1번째 방문,영수증
배스킨라빈스 월계이마트점,아이스크림,4.32,,,pan****,https://m.place.naver.com/my/6235102adf0bf31aea464c10/review?v=2,개의 가 더 있습니다,,,굿,"일시적인 오류가 발생했습니다
커피가 맛있어요",2022년 8월 23일 화요일,2번째 방문,영수증
배스킨라빈스 월계이마트점,아이스크림,4.32,,,maxracle,https://m.place.naver.com/my/5ba2275768d30e4ed55727e4/review?v=2,개의 가 더 있습니다,,,굿,"일시적인 오류가 발생했습니다
특별한 메뉴가 있어요",2022년 7월 26일 화요일,2번째 방문,영수증
배스킨라빈스 월계이마트점,아이스크림,4.32,,,뚜벅이3342,https://m.place.naver.com/my/5e4369258f87a842bc7ee7b9/review?v=2,,,,좋아요 ,,2022년 8월 27일 토요일,1번째 방문,영수증
배스킨라빈스 월계이마트점,아이스크림,4.32,,,포트와인5,https://m.place.naver.com/my/5cab332da65589ecfdce55e0/review?v=2,개의 가 더 있습니다,,,좋아요,"일시적인 오류가 발생했습니다
가성비가 좋아요",2022년 12월 29일 목요일,1번째 방문,영수증
배스킨라빈스 월계이마트점,아이스크림,4.32,,,jws****,https://m.place.naver.com/my/5eeaf0bd8f87a842bcabea2c/review?v=2,1537,7,,굿,,2022년 6월 24일 금요일,1번째 방문,영수증
배스킨라빈스 월계이마트점,아이스크림,4.32,,,띠로리링로리,https://m.place.naver.com/my/5f054d7ed55dbc0b18082b7c/review?v=2,개의 가 더 있습니다,,,맛있어용,"일시적인 오류가 발생했습니다
디저트가 맛있어요",2022년 8월 24일 수요일,1번째 방문,영수증
배스킨라빈스 월계이마트점,아이스크림,4.32,,,솜사탕670,https://m.place.naver.com/my/5cdfd711fa9ff14c685a0e8f/review?v=2,1815,,,좋아요,,2022년 7월 21일 목요일,1번째 방문,영수증
배스킨라빈스 월계이마트점,아이스크림,4.32,,,난yumyum,https://m.place.naver.com/my/5e195b538f87a842bcc8e18f/review?v=2,55,,,굿,"일시적인 오류가 발생했습니다
디저트가 맛있어요",2022년 12월 27일 화요일,3번째 방문,영수증
배스킨라빈스 월계이마트점,아이스크림,4.32,,,lmc****,https://m.place.naver.com/my/5eff945780dd0fa8cd6670a1/review?v=2,78,,,맛있어요,,2022년 8월 23일 화요일,1번째 방문,영수증
배스킨라빈스 월계이마트점,아이스크림,4.32,,,ok****,https://m.place.naver.com/my/5efff3862a6e9b34b3834264/review?v=2,1122,3,,굳,,2022년 8월 10일 수요일,4번째 방문,영수증
배스킨라빈스 월계이마트점,아이스크림,4.32,,,시스매니아,https://m.place.naver.com/my/5effa42fd012f64a7231c74a/review?v=2,63,,,굿,,2022년 8월 21일 일요일,1번째 방문,영수증
배스킨라빈스 월계이마트점,아이스크림,4.32,,,sunmiis,https://m.place.naver.com/my/5cd57b0bc09e863ab986bae1/review?v=2,225,,,좋아요,,2022년 8월 21일 일요일,1번째 방문,영수증
배스킨라빈스 월계이마트점,아이스크림,4.32,,,100****,https://m.place.naver.com/my/62395ed498f779a6afc4cd2a/review?v=2,380,,,맛있어요,"일시적인 오류가 발생했습니다
커피가 맛있어요",2022년 8월 20일 토요일,1번째 방문,영수증
배스킨라빈스 월계이마트점,아이스크림,4.32,,,me융,https://m.place.naver.com/my/5bfcf15e6d422fd30056ac6f/review?v=2,941,,,굿,,2022년 7월 17일 일요일,2번째 방문,영수증
배스킨라빈스 월계이마트점,아이스크림,4.32,,,행복지기지기,https://m.place.naver.com/my/5b9bb33ed6f8667c7cf52658/review?v=2,879,,,굿,"일시적인 오류가 발생했습니다
디저트가 맛있어요",2022년 7월 17일 일요일,4번째 방문,영수증
배스킨라빈스 월계이마트점,아이스크림,4.32,,,kso****,https://m.place.naver.com/my/5cd79367197b0518ee5b2f04/review?v=2,560,,,아이스큼 블랙소르베 맛있어요,,2022년 4월 29일 금요일,1번째 방문,영수증
배스킨라빈스 월계이마트점,아이스크림,4.32,,,1233924,https://m.place.naver.com/my/606f3bbc6bac9be45985f801/review?v=2,264,,,좋아요,,2022년 8월 16일 화요일,1번째 방문,영수증
배스킨라빈스 월계이마트점,아이스크림,4.32,,,ok****,https://m.place.naver.com/my/5efff3862a6e9b34b3834264/review?v=2,1122,3,,굳,,2022년 8월 10일 수요일,3번째 방문,영수증
배스킨라빈스 월계이마트점,아이스크림,4.32,,,dms****,https://m.place.naver.com/my/5c26d1f99d3dd72aa13f12cc/review?v=2,579,,,좋아요,,2022년 8월 15일 월요일,1번째 방문,영수증
배스킨라빈스 월계이마트점,아이스크림,4.32,,,이유정763,https://m.place.naver.com/my/60b95878f8260124227fa814/review?v=2,1642,,,굿,,2022년 8월 15일 월요일,1번째 방문,영수증
배스킨라빈스 월계이마트점,아이스크림,4.32,,,멘보샤 7,https://m.place.naver.com/my/60ffd851edfc5ebfadea3726/review?v=2,648,,,좋아요,,2022년 8월 13일 토요일,1번째 방문,영수증
배스킨라빈스 월계이마트점,아이스크림,4.32,,,ㅡㅂㅡㅎ,https://m.place.naver.com/my/5ee70ef18f87a842bc491ff1/review?v=2,1257,,,굿,,2022년 8월 4일 목요일,2번째 방문,영수증
배스킨라빈스 월계이마트점,아이스크림,4.32,,,Aksrnl,https://m.place.naver.com/my/5b6febd7b3f0cf27d33b341a/review?v=2,795,,,쏘쏘,,2022년 7월 21일 목요일,2번째 방문,영수증
배스킨라빈스 월계이마트점,아이스크림,4.32,,,하호야호,https://m.place.naver.com/my/5d244bd4526b968afce9a090/review?v=2,442,,,굳,,2022년 8월 9일 화요일,1번째 방문,영수증
배스킨라빈스 월계이마트점,아이스크림,4.32,,,심견65,https://m.place.naver.com/my/5f141e842d702664bd80cd84/review?v=2,213,1,,갈때마다 좁은 근무환경에도 친절하게 근무하는 직원분들에게 감사한 마음입니다~~~,,2022년 4월 9일 토요일,1번째 방문,영수증
배스킨라빈스 월계이마트점,아이스크림,4.32,,,kso****,https://m.place.naver.com/my/5cd79367197b0518ee5b2f04/review?v=2,560,,,친절해요,,2022년 7월 4일 월요일,2번째 방문,영수증
배스킨라빈스 월계이마트점,아이스크림,4.32,,,mja****,https://m.place.naver.com/my/5ec0e84b8f87a842bc0c2842/review?v=2,535,,,굿,,2022년 7월 4일 월요일,1번째 방문,영수증
배스킨라빈스 월계이마트점,아이스크림,4.32,,,유자09,https://m.place.naver.com/my/5eda13338f87a842bc424b72/review?v=2,52,,,좋아요,"일시적인 오류가 발생했습니다
음료가 맛있어요",2022년 8월 6일 토요일,1번째 방문,영수증
배스킨라빈스 월계이마트점,아이스크림,4.32,,,구니구니90,https://m.place.naver.com/my/5c19a231fb5b606ab386b723/review?v=2,39,1,,굿굿구웃,,2022년 8월 6일 토요일,1번째 방문,영수증
배스킨라빈스 월계이마트점,아이스크림,4.32,,,auddmsdl22,https://m.place.naver.com/my/5bb9c85e22c782d56b4daca0/review?v=2,192,,,굿,,2022년 7월 31일 일요일,2번째 방문,영수증
배스킨라빈스 월계이마트점,아이스크림,4.32,,,은형55,https://m.place.naver.com/my/5bad83bd3f4e4fe739d79ff3/review?v=2,528,4,,맛있어요,,2022년 7월 2일 토요일,1번째 방문,영수증
배스킨라빈스 월계이마트점,아이스크림,4.32,,,또잇또잉ㅎ,https://m.place.naver.com/my/5efebef968401871104f0ef6/review?v=2,24,,,"사장님이신 나이좀 되시는 여자분 불친절하시고
손님들 앞에 여럿 기다리는데 큰 소리로 알바들한테 일똑바로 하라고 소리치네요 불편…
알바들은 친절하고 열심히하시는데 사장분 땜에 불편
밑에 비슷한 리뷰들 있네요.. 한두번이 아니신듯~~",,2022년 4월 2일 토요일,1번째 방문,영수증
배스킨라빈스 월계이마트점,아이스크림,4.32,,,앵거스영,https://m.place.naver.com/my/5f0488ac646965cb44882aa5/review?v=2,823,,,마트안에 있어서 이용하기 편해요,"일시적인 오류가 발생했습니다
매장이 청결해요",2022년 5월 12일 목요일,1번째 방문,영수증
배스킨라빈스 월계이마트점,아이스크림,4.32,,,zzb****,https://m.place.naver.com/my/5d037d9406e5c18411f6b869/review?v=2,729,,,굿,,2022년 7월 1일 금요일,1번째 방문,영수증
배스킨라빈스 월계이마트점,아이스크림,4.32,,,Elley,https://m.place.naver.com/my/5c066d80b45e014cff5d4f91/review?v=2,1028,,,👍,,2022년 7월 5일 화요일,1번째 방문,영수증
배스킨라빈스 월계이마트점,아이스크림,4.32,,,올리비아2748,https://m.place.naver.com/my/5e6ed74a8f87a842bc21d1b1/review?v=2,607,,,사람이 많긴해요,,2022년 4월 29일 금요일,1번째 방문,영수증
배스킨라빈스 월계이마트점,아이스크림,4.32,,,lso****,https://m.place.naver.com/my/5d88dd7e8f87a842bcf5ba75/review?v=2,68,,,무난,,2022년 8월 2일 화요일,1번째 방문,영수증
배스킨라빈스 월계이마트점,아이스크림,4.32,,,in****,https://m.place.naver.com/my/62183d95edc8260006430035/review?v=2,1016,,,좋아요,"일시적인 오류가 발생했습니다
디저트가 맛있어요",2022년 8월 1일 월요일,1번째 방문,영수증
배스킨라빈스 월계이마트점,아이스크림,4.32,,,초극강빨리먹어,https://m.place.naver.com/my/6031c290b2e138ec758d9cbd/review?v=2,15,,,친절하고 빠르고  맛나요 ,"일시적인 오류가 발생했습니다
음료가 맛있어요",2022년 5월 7일 토요일,1번째 방문,영수증
배스킨라빈스 월계이마트점,아이스크림,4.32,,,jiy****,https://m.place.naver.com/my/5f0cc47c9ec8258e4abdd6fc/review?v=2,261,,,굿,,2022년 10월 21일 금요일,1번째 방문,영수증
배스킨라빈스 월계이마트점,아이스크림,4.32,,,하늘정금,https://m.place.naver.com/my/5b8022d7cf19bc46ec89519d/review?v=2,512,12,,굿,,2022년 6월 24일 금요일,1번째 방문,영수증
배스킨라빈스 월계이마트점,아이스크림,4.32,,,ㅡㅂㅡㅎ,https://m.place.naver.com/my/5ee70ef18f87a842bc491ff1/review?v=2,1257,,,굿,,2022년 7월 27일 수요일,1번째 방문,영수증
배스킨라빈스 월계이마트점,아이스크림,4.32,,,겸둥이42,https://m.place.naver.com/my/5ba5a7a5a0782b50ce19c0ea/review?v=2,472,,,굿,,2022년 7월 20일 수요일,2번째 방문,영수증
배스킨라빈스 월계이마트점,아이스크림,4.32,,,김민영652,https://m.place.naver.com/my/5c351cca595de4dd31ef5c11/review?v=2,479,,,굿 ,,2022년 6월 25일 토요일,1번째 방문,영수증
배스킨라빈스 월계이마트점,아이스크림,4.32,,,사랑9452,https://m.place.naver.com/my/5ff828b396ba9465f89e253e/review?v=2,8,,,빠르게 주셔서 애들이 잘먹었어요 ㅎ,"일시적인 오류가 발생했습니다
매장이 청결해요",2022년 4월 2일 토요일,1번째 방문,영수증
배스킨라빈스 월계이마트점,아이스크림,4.32,,,ok****,https://m.place.naver.com/my/5efff3862a6e9b34b3834264/review?v=2,1122,3,,궅,,2022년 7월 3일 일요일,1번째 방문,영수증
배스킨라빈스 월계이마트점,아이스크림,4.32,,,공룡쌤,https://m.place.naver.com/my/5ee4807f8f87a842bc215072/review?v=2,594,,,맛있어요,,2022년 10월 14일 금요일,1번째 방문,영수증
배스킨라빈스 월계이마트점,아이스크림,4.32,,,엄땅,https://m.place.naver.com/my/5e6dab178f87a842bc55a827/review?v=2,48,,,굿,,2022년 7월 16일 토요일,2번째 방문,영수증
배스킨라빈스 월계이마트점,아이스크림,4.32,,,뿔뿔2,https://m.place.naver.com/my/5e2539e48f87a842bca08ce3/review?v=2,796,3,,이마트2층,,2022년 8월 21일 일요일,1번째 방문,영수증
배스킨라빈스 월계이마트점,아이스크림,4.32,,,행복지기지기,https://m.place.naver.com/my/5b9bb33ed6f8667c7cf52658/review?v=2,879,,,좋아요,"일시적인 오류가 발생했습니다
음료가 맛있어요",2022년 6월 17일 금요일,3번째 방문,영수증
배스킨라빈스 월계이마트점,아이스크림,4.32,,,럭럭23,https://m.place.naver.com/my/5d4e121349d7f40274d3abc5/review?v=2,198,,,"앉아서 먹을 장소가 없는 매장입니다
아이스크림 케이크 맛있어요",,2022년 3월 5일 토요일,1번째 방문,영수증
배스킨라빈스 월계이마트점,아이스크림,4.32,,,ieu****,https://m.place.naver.com/my/619f61c804927f73150cccb2/review?v=2,75,,,"바쁜데. 알바생은레시피책보면서
음료만들고
너무불친절함~그냥먹던지싸우던지",,2022년 4월 18일 월요일,1번째 방문,영수증
배스킨라빈스 월계이마트점,아이스크림,4.32,,,auddmsdl22,https://m.place.naver.com/my/5bb9c85e22c782d56b4daca0/review?v=2,192,,,굿,,2022년 7월 19일 화요일,1번째 방문,영수증
배스킨라빈스 월계이마트점,아이스크림,4.32,,,꼬기오들,https://m.place.naver.com/my/5c138e5e8872275c071b5473/review?v=2,459,20,,베스킨은 항상 맛있쥬,,2022년 4월 20일 수요일,2번째 방문,영수증
배스킨라빈스 월계이마트점,아이스크림,4.32,,,풍경과바람,https://m.place.naver.com/my/601cb928a2ac402bb47afd83/review?v=2,577,,,",",,2022년 6월 28일 화요일,1번째 방문,영수증
배스킨라빈스 월계이마트점,아이스크림,4.32,,,YJ12345,https://m.place.naver.com/my/5dc4aed38f87a842bc1619ac/review?v=2,281,1,,친절해요. 아이스크림 예쁘게 담아주세요.,"일시적인 오류가 발생했습니다
친절해요",2022년 3월 21일 월요일,1번째 방문,영수증
배스킨라빈스 월계이마트점,아이스크림,4.32,,,lul****,https://m.place.naver.com/my/60604bfd747642abc419c907/review?v=2,871,4,,좋아요,,2022년 7월 16일 토요일,1번째 방문,영수증
배스킨라빈스 월계이마트점,아이스크림,4.32,,,밤하늘32,https://m.place.naver.com/my/5c51bb0f2d7f2531d97eb074/review?v=2,700,,,사람이 엄청 많아요!,,2022년 8월 15일 월요일,1번째 방문,영수증
배스킨라빈스 월계이마트점,아이스크림,4.32,,,babysky83,https://m.place.naver.com/my/5b890cbb4c4d801d25830bc4/review?v=2,197,3,,친절했으면 좋겠네요,,2022년 4월 8일 금요일,1번째 방문,영수증
배스킨라빈스 월계이마트점,아이스크림,4.32,,,달링앤유,https://m.place.naver.com/my/5c6f804652c7f17e4e83c108/review?v=2,1549,,,맛있어요,,2022년 7월 12일 화요일,2번째 방문,영수증
배스킨라빈스 월계이마트점,아이스크림,4.32,,,071****,https://m.place.naver.com/my/5f065dcd649bf9575930c582/review?v=2,623,,,굿,,2022년 7월 12일 화요일,1번째 방문,영수증
배스킨라빈스 월계이마트점,아이스크림,4.32,,,Aksrnl,https://m.place.naver.com/my/5b6febd7b3f0cf27d33b341a/review?v=2,795,,,굿,,2022년 7월 12일 화요일,1번째 방문,영수증
배스킨라빈스 월계이마트점,아이스크림,4.32,,,호야24,https://m.place.naver.com/my/5b9b3c275c452fb2fc8b2286/review?v=2,367,,,굿,"일시적인 오류가 발생했습니다
친절해요",2022년 10월 3일 월요일,1번째 방문,영수증
배스킨라빈스 월계이마트점,아이스크림,4.32,,,처음처럼678,https://m.place.naver.com/my/5f58780b6c3d7f7334f607a6/review?v=2,2295,,,굿,,2022년 11월 11일 금요일,5번째 방문,영수증
배스킨라빈스 월계이마트점,아이스크림,4.32,,,jh99999,https://m.place.naver.com/my/5efeaf5dafcca6e20afdb1f1/review?v=2,1903,,,굿,,2022년 10월 2일 일요일,3번째 방문,영수증
배스킨라빈스 월계이마트점,아이스크림,4.32,,,moonhk58,https://m.place.naver.com/my/5f05948e0e1ac3aceef96929/review?v=2,1240,,,굿,,2022년 6월 6일 월요일,2번째 방문,영수증
배스킨라빈스 월계이마트점,아이스크림,4.32,,,ori****,https://m.place.naver.com/my/5c0f61bd8ef14b30b9c28ad5/review?v=2,181,3,,좋아요 ,"일시적인 오류가 발생했습니다
디저트가 맛있어요",2022년 10월 1일 토요일,2번째 방문,영수증
배스킨라빈스 월계이마트점,아이스크림,4.32,,,겸둥이42,https://m.place.naver.com/my/5ba5a7a5a0782b50ce19c0ea/review?v=2,472,,,굿,,2022년 7월 9일 토요일,1번째 방문,영수증
배스킨라빈스 월계이마트점,아이스크림,4.32,,,히하우우,https://m.place.naver.com/my/61e90051004deb196ed3a0ea/review?v=2,64,,,굳,"일시적인 오류가 발생했습니다
디저트가 맛있어요",2022년 7월 2일 토요일,2번째 방문,영수증
배스킨라빈스 월계이마트점,아이스크림,4.32,,,행복지기지기,https://m.place.naver.com/my/5b9bb33ed6f8667c7cf52658/review?v=2,879,,,굿,"일시적인 오류가 발생했습니다
음료가 맛있어요",2022년 6월 4일 토요일,2번째 방문,영수증
배스킨라빈스 월계이마트점,아이스크림,4.32,,,쭈굴너굴,https://m.place.naver.com/my/5d9a8f178f87a842bc0fc3a1/review?v=2,856,2,,치코치코,,2022년 5월 15일 일요일,1번째 방문,영수증
배스킨라빈스 월계이마트점,아이스크림,4.32,,,흰수염고라니,https://m.place.naver.com/my/5d9ec3e68f87a842bc786528/review?v=2,463,,,굿,,2022년 7월 1일 금요일,2번째 방문,영수증
배스킨라빈스 월계이마트점,아이스크림,4.32,,,vivaclan,https://m.place.naver.com/my/5c5e82c0a01492c744b9cef6/review?v=2,337,,,굿,,2022년 7월 6일 수요일,1번째 방문,영수증
배스킨라빈스 월계이마트점,아이스크림,4.32,,,비인츠,https://m.place.naver.com/my/5ce12419fe140924c07dfc0e/review?v=2,303,,,좋아요,,2022년 7월 5일 화요일,1번째 방문,영수증
배스킨라빈스 월계이마트점,아이스크림,4.32,,,rle****,https://m.place.naver.com/my/5c34322063971332f1e8552b/review?v=2,378,,,좋아요 ,,2022년 7월 3일 일요일,1번째 방문,영수증
배스킨라빈스 월계이마트점,아이스크림,4.32,,,가나다둘기,https://m.place.naver.com/my/5f063dd39127dcb4fc6574bf/review?v=2,87,,,맛있어요~,"일시적인 오류가 발생했습니다
디저트가 맛있어요",2022년 7월 3일 일요일,1번째 방문,영수증
배스킨라빈스 월계이마트점,아이스크림,4.32,,,히하우우,https://m.place.naver.com/my/61e90051004deb196ed3a0ea/review?v=2,64,,,굳,,2022년 7월 2일 토요일,1번째 방문,영수증
배스킨라빈스 월계이마트점,아이스크림,4.32,,,mky****,https://m.place.naver.com/my/5d149a54686d6fe8116ca3bf/review?v=2,649,,,친절해요.,,2022년 5월 29일 일요일,1번째 방문,영수증
배스킨라빈스 월계이마트점,아이스크림,4.32,,,랄라랄라45,https://m.place.naver.com/my/5b9a3708e7e019241c0da222/review?v=2,506,,,좋아요,,2022년 7월 1일 금요일,1번째 방문,영수증
배스킨라빈스 월계이마트점,아이스크림,4.32,,,바람꽃9390,https://m.place.naver.com/my/5d8b76ba8f87a842bc4bb573/review?v=2,71,,,아이스크림 맛있어요,,2022년 4월 30일 토요일,2번째 방문,영수증
배스킨라빈스 월계이마트점,아이스크림,4.32,,,뷔러버,https://m.place.naver.com/my/5cd92117e11c7b4bcb1b34f2/review?v=2,1098,,,굿,,2022년 5월 28일 토요일,2번째 방문,영수증
배스킨라빈스 월계이마트점,아이스크림,4.32,,,바이올라89,https://m.place.naver.com/my/5d92ee4a8f87a842bc61a7c0/review?v=2,1144,,,굿,,2022년 6월 30일 목요일,1번째 방문,영수증
배스킨라빈스 월계이마트점,아이스크림,4.32,,,바이올라89,https://m.place.naver.com/my/5d92ee4a8f87a842bc61a7c0/review?v=2,1144,,,굿,,2022년 6월 30일 목요일,2번째 방문,영수증
배스킨라빈스 월계이마트점,아이스크림,4.32,,,bboomba,https://m.place.naver.com/my/5c1e7b03c27f490f4b33f50e/review?v=2,507,,,굿,,2022년 5월 27일 금요일,1번째 방문,영수증
배스킨라빈스 월계이마트점,아이스크림,4.32,,,이쁜이7763,https://m.place.naver.com/my/5c5b45ff50672539e9969560/review?v=2,765,,,사람이 많아요,,2022년 3월 26일 토요일,1번째 방문,영수증
배스킨라빈스 월계이마트점,아이스크림,4.32,,,부르르45,https://m.place.naver.com/my/5b9df875a47a0ddf839ab04f/review?v=2,1617,,,굿,"일시적인 오류가 발생했습니다
커피가 맛있어요",2022년 8월 23일 화요일,2번째 방문,영수증
배스킨라빈스 월계이마트점,아이스크림,4.32,,,shi****,https://m.place.naver.com/my/5e0223628f87a842bc4867e6/review?v=2,1585,,,ㆍ,,2022년 6월 6일 월요일,1번째 방문,영수증
배스킨라빈스 월계이마트점,아이스크림,4.32,,,qtgdse,https://m.place.naver.com/my/5ee5c0058f87a842bc8df6a5/review?v=2,88,,,맛있어요!,,2022년 6월 25일 토요일,1번째 방문,영수증
배스킨라빈스 월계이마트점,아이스크림,4.32,,,곱이,https://m.place.naver.com/my/5b7fa2d39caa1311ed69b5ab/review?v=2,583,7,,ㅇㅇ,"일시적인 오류가 발생했습니다
화장실이 깨끗해요",2022년 8월 5일 금요일,1번째 방문,영수증
배스킨라빈스 월계이마트점,아이스크림,4.32,,,달링앤유,https://m.place.naver.com/my/5c6f804652c7f17e4e83c108/review?v=2,1549,,,맛있어요,,2022년 6월 21일 화요일,1번째 방문,영수증
배스킨라빈스 월계이마트점,아이스크림,4.32,,,mol****,https://m.place.naver.com/my/5b97439671a6a312c2cf5015/review?v=2,7,,,양이 제각각..여러 매장 이용했지만 이런 경우는 처음.,,2022년 3월 1일 화요일,1번째 방문,영수증
배스킨라빈스 월계이마트점,아이스크림,4.32,,,inae0843,https://m.place.naver.com/my/5e6ae7d28f87a842bcd150fe/review?v=2,3812,1,,좋아요 ,,2022년 5월 29일 일요일,9번째 방문,영수증
배스킨라빈스 월계이마트점,아이스크림,4.32,,,야옹쮸,https://m.place.naver.com/my/6102122f2060e8e51e11029f/review?v=2,641,3,,맛있어요 ,"일시적인 오류가 발생했습니다
디저트가 맛있어요",2022년 8월 9일 화요일,1번째 방문,영수증
배스킨라빈스 월계이마트점,아이스크림,4.32,,,gooopgg76,https://m.place.naver.com/my/5efde31515c4bcd4305863eb/review?v=2,1099,10,,굿,,2022년 6월 14일 화요일,2번째 방문,영수증
배스킨라빈스 월계이마트점,아이스크림,4.32,,,tuijhf,https://m.place.naver.com/my/5e6019098f87a842bce6ad9d/review?v=2,1634,1,,나이많은 아줌마가 사장 같은데 너무 손이 느리고. 타매장에 비해 아이스크림도 굉장히 조금 준다 스쿱을 이용할 줄 모르는 듯 짜증나,,2022년 2월 28일 월요일,1번째 방문,영수증
배스킨라빈스 월계이마트점,아이스크림,4.32,,,jksoon,https://m.place.naver.com/my/5eb977528f87a842bc0ce67d/review?v=2,1406,13,,조아요,,2022년 5월 15일 일요일,4번째 방문,영수증
배스킨라빈스 월계이마트점,아이스크림,4.32,,,woo****,https://m.place.naver.com/my/5e2972b08f87a842bcb4977c/review?v=2,1582,2,,굳,"일시적인 오류가 발생했습니다
음료가 맛있어요",2022년 5월 15일 일요일,1번째 방문,영수증
배스킨라빈스 월계이마트점,아이스크림,4.32,,,dlgidal8223,https://m.place.naver.com/my/5ee487cb8f87a842bca8a920/review?v=2,406,,,맛있어요 ,"일시적인 오류가 발생했습니다
디저트가 맛있어요",2022년 9월 8일 목요일,1번째 방문,영수증
배스킨라빈스 월계이마트점,아이스크림,4.32,,,윤호윤서맘,https://m.place.naver.com/my/5d3ec64d894c9e2119e5015e/review?v=2,43,,,맛있어요,,2022년 6월 13일 월요일,1번째 방문,영수증
배스킨라빈스 월계이마트점,아이스크림,4.32,,,aym****,https://m.place.naver.com/my/5b9fa4c82b486f4dbe2f51d3/review?v=2,523,,,굿,"일시적인 오류가 발생했습니다
디저트가 맛있어요",2022년 6월 13일 월요일,1번째 방문,영수증
배스킨라빈스 월계이마트점,아이스크림,4.32,,,봉봉쓰28,https://m.place.naver.com/my/5e6c73f88f87a842bce05cad/review?v=2,2809,,,휴지도 없다니요!!휴지없는 매장 첨보네요,,2022년 2월 15일 화요일,5번째 방문,영수증
배스킨라빈스 월계이마트점,아이스크림,4.32,,,whdvlfdl,https://m.place.naver.com/my/60961388e225d9c77556d967/review?v=2,1,,,"직원분이 친절하세요
맛을 여러번 바꿔서 번거로왔을텐데 친절하게
응대해주셔서 감사했어요",,2022년 3월 3일 목요일,1번째 방문,영수증
배스킨라빈스 월계이마트점,아이스크림,4.32,,,me융,https://m.place.naver.com/my/5bfcf15e6d422fd30056ac6f/review?v=2,941,,,바쁠때 혼자 일하시기 힘드시겠어요,,2022년 2월 14일 월요일,1번째 방문,영수증
배스킨라빈스 월계이마트점,아이스크림,4.32,,,행복지기지기,https://m.place.naver.com/my/5b9bb33ed6f8667c7cf52658/review?v=2,879,,,굿!!,"일시적인 오류가 발생했습니다
디저트가 맛있어요",2022년 5월 7일 토요일,1번째 방문,영수증
배스킨라빈스 월계이마트점,아이스크림,4.32,,,연8529,https://m.place.naver.com/my/5b94c4598551016d6c3fd2d7/review?v=2,498,39,,좋아요,,2022년 4월 15일 금요일,1번째 방문,영수증
배스킨라빈스 월계이마트점,아이스크림,4.32,,,wol****,https://m.place.naver.com/my/5f063b1d3f64550bfae64233/review?v=2,285,,,맛나요,,2022년 5월 5일 목요일,1번째 방문,영수증
배스킨라빈스 월계이마트점,아이스크림,4.32,,,오후엔,https://m.place.naver.com/my/5b9a7524f532ca3c4894eff8/review?v=2,474,,,맛있어요,,2022년 5월 5일 목요일,1번째 방문,영수증
배스킨라빈스 월계이마트점,아이스크림,4.32,,,aof****,https://m.place.naver.com/my/5d98764b8f87a842bce6f8ef/review?v=2,195,,,좋아요!!,"일시적인 오류가 발생했습니다
친절해요",2022년 6월 7일 화요일,1번째 방문,영수증
배스킨라빈스 월계이마트점,아이스크림,4.32,,,babysky83,https://m.place.naver.com/my/5b890cbb4c4d801d25830bc4/review?v=2,197,3,,좋앙ㆍ느,"일시적인 오류가 발생했습니다
특별한 메뉴가 있어요",2022년 5월 4일 수요일,2번째 방문,영수증
배스킨라빈스 월계이마트점,아이스크림,4.32,,,lee****,https://m.place.naver.com/my/5bf4d0bd9ed3b5958b1c4275/review?v=2,7,,,엄청 바쁜시간에 빠르게 잘준비하셔서 감사합니다!,,2022년 1월 27일 목요일,3번째 방문,매장주문
배스킨라빈스 월계이마트점,아이스크림,4.32,,,태범이와무궁이,https://m.place.naver.com/my/5f05ed9ba33384f6f57bacd7/review?v=2,1234,,,맛있어요,,2022년 8월 26일 금요일,1번째 방문,영수증
배스킨라빈스 월계이마트점,아이스크림,4.32,,,dlc****,https://m.place.naver.com/my/5c08f5c59b1264ac5c931766/review?v=2,29,,,맛있고 친절해용,,2022년 4월 8일 금요일,1번째 방문,영수증
배스킨라빈스 월계이마트점,아이스크림,4.32,,,탁트인공간,https://m.place.naver.com/my/6058579ff76d2f35af41f723/review?v=2,946,26,,"이마트 2층 구석에 있다.
키오스크로 주문.
이제 대면 주문이 어려우니 어리거나 나이 많으면 쉽게 구매하기 힘들듯",,2022년 1월 27일 목요일,1번째 방문,영수증
배스킨라빈스 월계이마트점,아이스크림,4.32,,,pororo64,https://m.place.naver.com/my/5e4a0e558f87a842bce5f198/review?v=2,585,,,장보고 들르기 좋앙ㅎ,,2022년 3월 26일 토요일,1번째 방문,영수증
배스킨라빈스 월계이마트점,아이스크림,4.32,,,tuijhf,https://m.place.naver.com/my/5e6019098f87a842bce6ad9d/review?v=2,1634,1,,아이스크림 정량 주는지 의심 됨 손이느림,,2022년 2월 28일 월요일,2번째 방문,영수증
배스킨라빈스 월계이마트점,아이스크림,4.32,,,인생은 라랄라,https://m.place.naver.com/my/5bb14cc362d92346ee7b8112/review?v=2,690,,,친절해여~,"일시적인 오류가 발생했습니다
친절해요",2022년 9월 2일 금요일,1번째 방문,영수증
배스킨라빈스 월계이마트점,아이스크림,4.32,,,다다989,https://m.place.naver.com/my/5e142cea8f87a842bcd62ff7/review?v=2,331,7,,국,,2022년 5월 12일 목요일,1번째 방문,영수증
배스킨라빈스 월계이마트점,아이스크림,4.32,,,콩나물6689,https://m.place.naver.com/my/5c6b854da6fd6a0948a91e1f/review?v=2,1102,,,블라스트는 물로 주시네요,,2022년 6월 1일 수요일,1번째 방문,영수증
배스킨라빈스 월계이마트점,아이스크림,4.32,,,로미0502,https://m.place.naver.com/my/5c710d5a186a66f00891bf84/review?v=2,486,,,굿,,2022년 4월 27일 수요일,3번째 방문,영수증
배스킨라빈스 월계이마트점,아이스크림,4.32,,,yhm****,https://m.place.naver.com/my/5e6de9848f87a842bcc6f000/review?v=2,1460,7,,친절해요,,2022년 5월 29일 일요일,1번째 방문,영수증
배스킨라빈스 월계이마트점,아이스크림,4.32,,,은갱43,https://m.place.naver.com/my/5c6f856ea90f0b8f4967af04/review?v=2,122,,,주문메뉴가 늦게 나왔어요..,,2022년 3월 6일 일요일,1번째 방문,영수증
배스킨라빈스 월계이마트점,아이스크림,4.32,,,ekffufk2,https://m.place.naver.com/my/5b9b48a3ad41f00f2205ca5b/review?v=2,56,,,맛있어요,,2022년 5월 27일 금요일,1번째 방문,영수증
배스킨라빈스 월계이마트점,아이스크림,4.32,,,토벤님,https://m.place.naver.com/my/5f059a812f90b7de3538348b/review?v=2,494,7,,깔끔하고 친절해요!!!,"일시적인 오류가 발생했습니다
커피가 맛있어요",2022년 3월 31일 목요일,1번째 방문,영수증
배스킨라빈스 월계이마트점,아이스크림,4.32,,,JE779,https://m.place.naver.com/my/611fbdcba0a716a9a873f22e/review?v=2,1103,,,굿,,2022년 8월 16일 화요일,1번째 방문,영수증
배스킨라빈스 월계이마트점,아이스크림,4.32,,,오리궁뎅이2,https://m.place.naver.com/my/5bf6a894f02e5568912ba38b/review?v=2,1109,20,,쇼핑하기 좋아요,"일시적인 오류가 발생했습니다
친절해요",2022년 2월 22일 화요일,1번째 방문,영수증
배스킨라빈스 월계이마트점,아이스크림,4.32,,,ang****,https://m.place.naver.com/my/5e772aec8f87a842bc140ac6/review?v=2,339,1,,좋아요,"일시적인 오류가 발생했습니다
커피가 맛있어요",2022년 5월 21일 토요일,1번째 방문,영수증
배스킨라빈스 월계이마트점,아이스크림,4.32,,,해밀6254,https://m.place.naver.com/my/5e3035f18f87a842bc5acc7c/review?v=2,666,,,☆☆☆☆,"일시적인 오류가 발생했습니다
디저트가 맛있어요",2022년 7월 22일 금요일,1번째 방문,영수증
배스킨라빈스 월계이마트점,아이스크림,4.32,,,별명없음868,https://m.place.naver.com/my/5c5873bf6fa6e6c08c407bcb/review?v=2,382,,,굿,,2022년 5월 18일 수요일,1번째 방문,영수증
배스킨라빈스 월계이마트점,아이스크림,4.32,,,imfinethankuandu,https://m.place.naver.com/my/5e26e2348f87a842bc604a15/review?v=2,195,,,조아요,,2022년 5월 15일 일요일,1번째 방문,영수증
배스킨라빈스 월계이마트점,아이스크림,4.32,,,퍼프걸,https://m.place.naver.com/my/5c8765257a660e5e72c55eed/review?v=2,39,,,국,,2022년 4월 27일 수요일,1번째 방문,영수증
배스킨라빈스 월계이마트점,아이스크림,4.32,,,땅콩캬랴멜68,https://m.place.naver.com/my/60a79e25a6e4228f4940b178/review?v=2,316,1,,굿,,2022년 5월 15일 일요일,1번째 방문,영수증
배스킨라빈스 월계이마트점,아이스크림,4.32,,,영수증요정,https://m.place.naver.com/my/5fd20a4fa3ea8c6f89fad37d/review?v=2,745,,,굿,,2022년 5월 7일 토요일,2번째 방문,영수증
배스킨라빈스 월계이마트점,아이스크림,4.32,,,흰수염고라니,https://m.place.naver.com/my/5d9ec3e68f87a842bc786528/review?v=2,463,,,굿,,2022년 5월 11일 수요일,1번째 방문,영수증
배스킨라빈스 월계이마트점,아이스크림,4.32,,,956****,https://m.place.naver.com/my/5eafc01d8f87a842bc7a54be/review?v=2,364,,,맛있습니다,"일시적인 오류가 발생했습니다
디저트가 맛있어요",2022년 4월 6일 수요일,1번째 방문,영수증
배스킨라빈스 월계이마트점,아이스크림,4.32,,,00****,https://m.place.naver.com/my/5c84c00ee49dbf37daca6617/review?v=2,925,,,굿,,2022년 5월 7일 토요일,1번째 방문,영수증
배스킨라빈스 월계이마트점,아이스크림,4.32,,,꼬밍95,https://m.place.naver.com/my/5c0a5b9c2490cb3a408f3bca/review?v=2,2132,2,,굿,"일시적인 오류가 발생했습니다
음료가 맛있어요",2022년 5월 7일 토요일,2번째 방문,영수증
배스킨라빈스 월계이마트점,아이스크림,4.32,,,후하후하하하,https://m.place.naver.com/my/5d54383a4e881249fcf2f7fd/review?v=2,87,,,맛있어요,,2022년 5월 7일 토요일,1번째 방문,영수증
배스킨라빈스 월계이마트점,아이스크림,4.32,,,아이수아메리카노,https://m.place.naver.com/my/5f05605cd55dbc0b1808734a/review?v=2,775,,,굿,,2022년 4월 3일 일요일,1번째 방문,영수증
배스킨라빈스 월계이마트점,아이스크림,4.32,,,pan****,https://m.place.naver.com/my/6235102adf0bf31aea464c10/review?v=2,개의 가 더 있습니다,,,좋아요,"일시적인 오류가 발생했습니다
특별한 메뉴가 있어요",2022년 5월 6일 금요일,1번째 방문,영수증
배스킨라빈스 월계이마트점,아이스크림,4.32,,,닥스훈트,https://m.place.naver.com/my/5b9b873a19c72ce313b0e526/review?v=2,939,15,,굿,,2022년 4월 1일 금요일,1번째 방문,영수증
배스킨라빈스 월계이마트점,아이스크림,4.32,,,history213,https://m.place.naver.com/my/5b65484fb9dbac96376ef802/review?v=2,385,18,,,"일시적인 오류가 발생했습니다
매장이 청결해요",2022년 3월 25일 금요일,1번째 방문,영수증
배스킨라빈스 월계이마트점,아이스크림,4.32,,,코모스47,https://m.place.naver.com/my/5e367f548f87a842bcae4bee/review?v=2,1040,14,,좋아요,,2022년 5월 4일 수요일,2번째 방문,영수증
배스킨라빈스 월계이마트점,아이스크림,4.32,,,코모스47,https://m.place.naver.com/my/5e367f548f87a842bcae4bee/review?v=2,1040,14,,맛있어요,,2022년 5월 4일 수요일,1번째 방문,영수증
배스킨라빈스 월계이마트점,아이스크림,4.32,,,jksoon,https://m.place.naver.com/my/5eb977528f87a842bc0ce67d/review?v=2,1406,13,,조아요,,2022년 3월 31일 목요일,3번째 방문,영수증
배스킨라빈스 월계이마트점,아이스크림,4.32,,,범블대디,https://m.place.naver.com/my/5f6061626c3d7f7334a3db8d/review?v=2,1576,19,,좋아요^^,,2022년 3월 20일 일요일,3번째 방문,영수증
배스킨라빈스 월계이마트점,아이스크림,4.32,,,유리3223,https://m.place.naver.com/my/5e512c628f87a842bc11ccc4/review?v=2,583,1,,좋아요,,2022년 4월 21일 목요일,1번째 방문,영수증
배스킨라빈스 월계이마트점,아이스크림,4.32,,,뿜뿜7158,https://m.place.naver.com/my/5bf6d7da6f365c5d5b563861/review?v=2,173,,,직원이 한명이라 많이 바빠보였어요. 맛있게 잘먹었습니다.,,2022년 1월 3일 월요일,1번째 방문,영수증
배스킨라빈스 월계이마트점,아이스크림,4.32,,,sae****,https://m.place.naver.com/my/5dd23b668f87a842bc44c091/review?v=2,173,,,굿~,,2022년 4월 27일 수요일,1번째 방문,영수증
배스킨라빈스 월계이마트점,아이스크림,4.32,,,바나낭,https://m.place.naver.com/my/5b65b74c0bffdc122dc70187/review?v=2,166,,,빠릅니다,,2022년 7월 12일 화요일,2번째 방문,영수증
배스킨라빈스 월계이마트점,아이스크림,4.32,,,내돈내산후후,https://m.place.naver.com/my/5fc3b2be1a23b4ac19b44a06/review?v=2,699,,,쏘쏘,,2022년 8월 5일 금요일,2번째 방문,영수증
배스킨라빈스 월계이마트점,아이스크림,4.32,,,jae****,https://m.place.naver.com/my/5ba04af4d60b3428fa68579f/review?v=2,308,,,좋아요,,2022년 7월 16일 토요일,1번째 방문,영수증
배스킨라빈스 월계이마트점,아이스크림,4.32,,,gom****,https://m.place.naver.com/my/5c21b57e4540e93066a00d62/review?v=2,18,,,아는맛,,2022년 4월 3일 일요일,1번째 방문,영수증
배스킨라빈스 월계이마트점,아이스크림,4.32,,,이서연0,https://m.place.naver.com/my/5efea9a9bf28894a9288cb9c/review?v=2,376,,,친절하셔요,"일시적인 오류가 발생했습니다
친절해요",2022년 3월 20일 일요일,1번째 방문,영수증
배스킨라빈스 월계이마트점,아이스크림,4.32,,,엔냥,https://m.place.naver.com/my/5e568d668f87a842bc777bd2/review?v=2,1070,,,아이스크림이 맛있습니다.,,2021년 12월 25일 토요일,1번째 방문,영수증
배스킨라빈스 월계이마트점,아이스크림,4.32,,,see****,https://m.place.naver.com/my/5fa8ab2e953a8a4410b8931b/review?v=2,958,,,맛있어요 ,"일시적인 오류가 발생했습니다
가성비가 좋아요",2022년 4월 21일 목요일,1번째 방문,영수증
배스킨라빈스 월계이마트점,아이스크림,4.32,,,gooopgg76,https://m.place.naver.com/my/5efde31515c4bcd4305863eb/review?v=2,1099,10,,굿,"일시적인 오류가 발생했습니다
커피가 맛있어요",2022년 4월 19일 화요일,1번째 방문,영수증
배스킨라빈스 월계이마트점,아이스크림,4.32,,,최지윤elisabeth,https://m.place.naver.com/my/5e4fb2bf8f87a842bc31eec3/review?v=2,1009,,,포장이 빠르고 꼼꼼해요,"일시적인 오류가 발생했습니다
매장이 청결해요",2022년 2월 20일 일요일,1번째 방문,영수증
배스킨라빈스 월계이마트점,아이스크림,4.32,,,ki****,https://m.place.naver.com/my/6046f4c58c89fbd7b128dd71/review?v=2,452,,,굿,,2022년 4월 11일 월요일,2번째 방문,영수증
배스킨라빈스 월계이마트점,아이스크림,4.32,,,jun****,https://m.place.naver.com/my/5da9ae7b8f87a842bc6f2f87/review?v=2,232,,,굿굿,,2022년 4월 15일 금요일,1번째 방문,영수증
배스킨라빈스 월계이마트점,아이스크림,4.32,,,sea****,https://m.place.naver.com/my/5e9437008f87a842bc5c359b/review?v=2,724,34,,맛있어요,,2022년 3월 11일 금요일,1번째 방문,영수증
배스킨라빈스 월계이마트점,아이스크림,4.32,,,Minks,https://m.place.naver.com/my/5c358f7c8a51a12b3638b89b/review?v=2,2084,,,사람이 넘 많아요,,2022년 4월 2일 토요일,2번째 방문,영수증
배스킨라빈스 월계이마트점,아이스크림,4.32,,,swysrh,https://m.place.naver.com/my/5d62534c8f87a842bcb16624/review?v=2,885,,,굿,,2022년 4월 11일 월요일,1번째 방문,영수증
배스킨라빈스 월계이마트점,아이스크림,4.32,,,you****,https://m.place.naver.com/my/601d0e79bc68c5601eeefd09/review?v=2,353,,,케익맛.최고,,2022년 11월 6일 일요일,1번째 방문,영수증
배스킨라빈스 월계이마트점,아이스크림,4.32,,,ReVieW,https://m.place.naver.com/my/5dc4b94e8f87a842bc38d471/review?v=2,4175,78,,이전부터 자주 방문했던 단골 아이스크림 가게 입니다. 계속해서 새로운 메뉴가 출시되고 한결같이 맛있네요.,"일시적인 오류가 발생했습니다
친절해요",2021년 11월 26일 금요일,1번째 방문,영수증
배스킨라빈스 월계이마트점,아이스크림,4.32,,,ki****,https://m.place.naver.com/my/6046f4c58c89fbd7b128dd71/review?v=2,452,,,맛있내요~,,2022년 4월 4일 월요일,1번째 방문,영수증
배스킨라빈스 월계이마트점,아이스크림,4.32,,,21****,https://m.place.naver.com/my/60fc10cc240fd61626324564/review?v=2,181,,,좋아요,,2022년 4월 3일 일요일,1번째 방문,영수증
배스킨라빈스 월계이마트점,아이스크림,4.32,,,dangdangeu,https://m.place.naver.com/my/5da05d868f87a842bcd1a2de/review?v=2,2339,33,,좋아요,,2022년 2월 28일 월요일,6번째 방문,영수증
배스킨라빈스 월계이마트점,아이스크림,4.32,,,웃음마녀77,https://m.place.naver.com/my/5c41b562b3d121b72d54a539/review?v=2,1675,22,,아이 간식,,2022년 2월 8일 화요일,10번째 방문,영수증
배스킨라빈스 월계이마트점,아이스크림,4.32,,,Lee09,https://m.place.naver.com/my/5ea3a1ed8f87a842bcc91a73/review?v=2,189,,,굿,,2022년 4월 2일 토요일,1번째 방문,영수증
배스킨라빈스 월계이마트점,아이스크림,4.32,,,byulmyung,https://m.place.naver.com/my/5e8fbd548f87a842bcfccb71/review?v=2,1175,,,좋아요,,2022년 8월 6일 토요일,1번째 방문,영수증
배스킨라빈스 월계이마트점,아이스크림,4.32,,,바나낭,https://m.place.naver.com/my/5b65b74c0bffdc122dc70187/review?v=2,166,,,좋아요,,2022년 6월 25일 토요일,1번째 방문,영수증
배스킨라빈스 월계이마트점,아이스크림,4.32,,,None79,https://m.place.naver.com/my/5bfa26e00ca2dabc7244982c/review?v=2,32,,,좋아요~,"일시적인 오류가 발생했습니다
디저트가 맛있어요",2022년 4월 1일 금요일,1번째 방문,영수증
배스킨라빈스 월계이마트점,아이스크림,4.32,,,sht****,https://m.place.naver.com/my/5c063dcc129b7f6931c4972b/review?v=2,1023,1,,굿,"일시적인 오류가 발생했습니다
친절해요",2022년 3월 31일 목요일,1번째 방문,영수증
배스킨라빈스 월계이마트점,아이스크림,4.32,,,뚜원,https://m.place.naver.com/my/5efe8bd6493ad9a9a0ebdf24/review?v=2,1147,,,굿,,2022년 3월 31일 목요일,1번째 방문,영수증
배스킨라빈스 월계이마트점,아이스크림,4.32,,,ori****,https://m.place.naver.com/my/5c0f61bd8ef14b30b9c28ad5/review?v=2,181,3,,좋아요 ^^,"일시적인 오류가 발생했습니다
음료가 맛있어요",2022년 6월 21일 화요일,1번째 방문,영수증
배스킨라빈스 월계이마트점,아이스크림,4.32,,,리리고우고우,https://m.place.naver.com/my/5c377869e8c86a45a130a542/review?v=2,824,72,,베라 페이지를 중 하나.뉴욕치즈케이크,,2021년 11월 30일 화요일,2번째 방문,영수증
배스킨라빈스 월계이마트점,아이스크림,4.32,,,바람꽃9390,https://m.place.naver.com/my/5d8b76ba8f87a842bc4bb573/review?v=2,71,,,맛있어요,,2022년 3월 26일 토요일,1번째 방문,영수증
배스킨라빈스 월계이마트점,아이스크림,4.32,,,올해는 로또일등,https://m.place.naver.com/my/5c53209fb6524b95ac12fdfa/review?v=2,626,,,좋아요,,2022년 3월 25일 금요일,1번째 방문,영수증
배스킨라빈스 월계이마트점,아이스크림,4.32,,,처음처럼678,https://m.place.naver.com/my/5f58780b6c3d7f7334f607a6/review?v=2,2295,,,굿,,2022년 7월 25일 월요일,4번째 방문,영수증
배스킨라빈스 월계이마트점,아이스크림,4.32,,,bsh****,https://m.place.naver.com/my/5b7bfde9c62c592707fd062f/review?v=2,1005,,,양분배가 왜이런가요 이상하게 퍼줌,,2021년 12월 25일 토요일,2번째 방문,영수증
배스킨라빈스 월계이마트점,아이스크림,4.32,,,슬희루나,https://m.place.naver.com/my/5c057198aaf36959bac63ca1/review?v=2,165,,,좋아 요,,2022년 3월 19일 토요일,1번째 방문,영수증
배스킨라빈스 월계이마트점,아이스크림,4.32,,,라프리,https://m.place.naver.com/my/5f0a98899ec8258e4a74b328/review?v=2,48,,,이마트 내 있어서 주차가 편합니다.,,2021년 12월 25일 토요일,1번째 방문,영수증
배스킨라빈스 월계이마트점,아이스크림,4.32,,,민샘29,https://m.place.naver.com/my/5ef8683b8f87a842bc6e5c6f/review?v=2,85,,,,,2022년 1월 16일 일요일,1번째 방문,영수증
배스킨라빈스 월계이마트점,아이스크림,4.32,,,the****,https://m.place.naver.com/my/5db01d398f87a842bce5d16e/review?v=2,1438,,,ㅎㅎ,,2022년 2월 24일 목요일,2번째 방문,영수증
배스킨라빈스 월계이마트점,아이스크림,4.32,,,꾸시꾸시11,https://m.place.naver.com/my/5bf8e4936d3fe688bda47bf8/review?v=2,331,,,무인 주문이 어렵긴 한데 그래도  케익 종류도 많고 좋아요,,2021년 12월 20일 월요일,1번째 방문,영수증
배스킨라빈스 월계이마트점,아이스크림,4.32,,,칩코초트민,https://m.place.naver.com/my/5cf4a93567d5bf4d1c387e15/review?v=2,290,,,조아요,,2022년 3월 9일 수요일,2번째 방문,영수증
배스킨라빈스 월계이마트점,아이스크림,4.32,,,미식가콩순,https://m.place.naver.com/my/5f063804ace692ef62419005/review?v=2,2247,50,,친절해용,,2022년 2월 1일 화요일,2번째 방문,영수증
배스킨라빈스 월계이마트점,아이스크림,4.32,,,김칫국먹자,https://m.place.naver.com/my/5b9ba4237986a27c72e43fdd/review?v=2,1810,,,아이스크림 맛있어요,"일시적인 오류가 발생했습니다
친절해요",2021년 12월 7일 화요일,1번째 방문,영수증
배스킨라빈스 월계이마트점,아이스크림,4.32,,,정서방,https://m.place.naver.com/my/5bc2fda47a40ab1f3406838e/review?v=2,357,,,좋아요,,2022년 3월 6일 일요일,1번째 방문,영수증
배스킨라빈스 월계이마트점,아이스크림,4.32,,,엄땅,https://m.place.naver.com/my/5e6dab178f87a842bc55a827/review?v=2,48,,,좋아요,"일시적인 오류가 발생했습니다
매장이 청결해요",2022년 3월 5일 토요일,1번째 방문,영수증
배스킨라빈스 월계이마트점,아이스크림,4.32,,,Doris17,https://m.place.naver.com/my/5efdcc5a24363d3a46aac451/review?v=2,799,,,.,,2022년 1월 30일 일요일,1번째 방문,영수증
배스킨라빈스 월계이마트점,아이스크림,4.32,,,aguia,https://m.place.naver.com/my/5d48742bbc061cdcbba2bb9c/review?v=2,37,,,친절하고 좋아요,,2022년 3월 28일 월요일,1번째 방문,영수증
배스킨라빈스 월계이마트점,아이스크림,4.32,,,웅이3345,https://m.place.naver.com/my/5ec537868f87a842bcebd3c1/review?v=2,180,,,치즈고구마 골랐더니 할인받았어요,,2021년 10월 30일 토요일,1번째 방문,영수증
배스킨라빈스 월계이마트점,아이스크림,4.32,,,웃음마녀77,https://m.place.naver.com/my/5c41b562b3d121b72d54a539/review?v=2,1675,22,,이마트안에 있어서 장보고 아이랑 먹어요,,2021년 10월 28일 목요일,7번째 방문,영수증
배스킨라빈스 월계이마트점,아이스크림,4.32,,,여띤,https://m.place.naver.com/my/5bee02e1f3e7b90f0652f591/review?v=2,372,,,맛나요,,2022년 1월 18일 화요일,1번째 방문,영수증
배스킨라빈스 월계이마트점,아이스크림,4.32,,,없음678,https://m.place.naver.com/my/61459affedc82600063a7811/review?v=2,229,,,ㅇ,,2022년 1월 14일 금요일,1번째 방문,영수증
배스킨라빈스 월계이마트점,아이스크림,4.32,,,예인맘8670,https://m.place.naver.com/my/5efddf4da0d6d6b306a7f802/review?v=2,300,,,친절해요,,2022년 2월 7일 월요일,1번째 방문,영수증
배스킨라빈스 월계이마트점,아이스크림,4.32,,,o다크블랙o,https://m.place.naver.com/my/5d899e278f87a842bc7f0371/review?v=2,859,,,좋아요,,2022년 5월 14일 토요일,1번째 방문,영수증
배스킨라빈스 월계이마트점,아이스크림,4.32,,,maxracle,https://m.place.naver.com/my/5ba2275768d30e4ed55727e4/review?v=2,개의 가 더 있습니다,,,좋아요,"일시적인 오류가 발생했습니다
디저트가 맛있어요",2022년 1월 14일 금요일,1번째 방문,영수증
배스킨라빈스 월계이마트점,아이스크림,4.32,,,hon****,https://m.place.naver.com/my/5e6832ea8f87a842bcb1c164/review?v=2,2141,,,좋아요,,2022년 2월 16일 수요일,1번째 방문,영수증
배스킨라빈스 월계이마트점,아이스크림,4.32,,,뀨찌42,https://m.place.naver.com/my/5c04cb62282dbb2dec5941e4/review?v=2,1048,18,,역시 디저트는ㅎ,,2021년 11월 19일 금요일,1번째 방문,영수증
배스킨라빈스 월계이마트점,아이스크림,4.32,,,cyh****,https://m.place.naver.com/my/5e6732888f87a842bcf33ebe/review?v=2,1278,,,"뚜껑을 열자마자의 모습입니다.
이렇게 위까지 채워주지도않고 먹다가 준모습이예요
퍼서 담을때도 계속 조금담고 무게 재고를 반복하더니 ..결국은..
여태까지 베라를 많이 사먹었지만 이렇게 적게준적은한번도 없었어요.
앞으로 월계이마트 안에있는 베라는 안가는걸로..
 알바 하시는분 교육 다시 받으셔야 겠어요!!",,2021년 9월 11일 토요일,3번째 방문,영수증
배스킨라빈스 월계이마트점,아이스크림,4.32,,,세우3,https://m.place.naver.com/my/5d059627525149a2a99cbf58/review?v=2,1735,,,굿,,2022년 1월 30일 일요일,1번째 방문,영수증
배스킨라빈스 월계이마트점,아이스크림,4.32,,,Jin2292,https://m.place.naver.com/my/5c655849298eafd0547441a6/review?v=2,1670,,,⭐️⭐️⭐️⭐️⭐️,,2021년 11월 7일 일요일,1번째 방문,영수증
배스킨라빈스 월계이마트점,아이스크림,4.32,,,경아9750,https://m.place.naver.com/my/5e799dff8f87a842bce30571/review?v=2,2347,,,굿,,2022년 1월 6일 목요일,2번째 방문,영수증
배스킨라빈스 월계이마트점,아이스크림,4.32,,,하니니65,https://m.place.naver.com/my/6168f11504927f746f0ad3d5/review?v=2,155,,,좋아요,,2022년 2월 3일 목요일,2번째 방문,영수증
배스킨라빈스 월계이마트점,아이스크림,4.32,,,웃음마녀77,https://m.place.naver.com/my/5c41b562b3d121b72d54a539/review?v=2,1675,22,,좋아용,"일시적인 오류가 발생했습니다
매장이 청결해요",2022년 1월 5일 수요일,9번째 방문,영수증
배스킨라빈스 월계이마트점,아이스크림,4.32,,,붉은 조약돌,https://m.place.naver.com/my/5d07a194666bf91dc2ed6813/review?v=2,413,,,좋아요,,2022년 1월 30일 일요일,1번째 방문,영수증
배스킨라빈스 월계이마트점,아이스크림,4.32,,,사람2023,https://m.place.naver.com/my/5ec4c7b88f87a842bcd52c17/review?v=2,234,,,굿,,2022년 1월 30일 일요일,1번째 방문,영수증
배스킨라빈스 월계이마트점,아이스크림,4.32,,,영이392,https://m.place.naver.com/my/5b630e47364b2f5c5334b0c5/review?v=2,218,,,굿,,2022년 1월 6일 목요일,2번째 방문,영수증
배스킨라빈스 월계이마트점,아이스크림,4.32,,,웃음마녀77,https://m.place.naver.com/my/5c41b562b3d121b72d54a539/review?v=2,1675,22,,문센후 코스,,2021년 12월 7일 화요일,8번째 방문,영수증
배스킨라빈스 월계이마트점,아이스크림,4.32,,,상추는500원,https://m.place.naver.com/my/5cf868c28429514fd461682c/review?v=2,282,1,,보통이예요,,2021년 11월 21일 일요일,1번째 방문,영수증
배스킨라빈스 월계이마트점,아이스크림,4.32,,,우리똥강아지,https://m.place.naver.com/my/5c7afcfb5e18fc87fc9fe196/review?v=2,1176,,,저무 주문이 늦게나와요,,2021년 11월 11일 목요일,6번째 방문,영수증
배스킨라빈스 월계이마트점,아이스크림,4.32,,,ca****,https://m.place.naver.com/my/5dc533ea8f87a842bcb61a25/review?v=2,313,,,😀,,2022년 1월 8일 토요일,1번째 방문,영수증
배스킨라빈스 월계이마트점,아이스크림,4.32,,,하니니65,https://m.place.naver.com/my/6168f11504927f746f0ad3d5/review?v=2,155,,,좋아요,,2022년 1월 27일 목요일,1번째 방문,영수증
배스킨라빈스 월계이마트점,아이스크림,4.32,,,dod****,https://m.place.naver.com/my/5bf2d1b4c0b37827c6ba152d/review?v=2,1142,,,기프티콘도 무인 주문기 가능하네요 ㅋㅋ,,2021년 10월 3일 일요일,3번째 방문,영수증
배스킨라빈스 월계이마트점,아이스크림,4.32,,,swe****,https://m.place.naver.com/my/5e60d6638f87a842bc123a66/review?v=2,1483,11,,😀,,2021년 12월 4일 토요일,1번째 방문,영수증
배스킨라빈스 월계이마트점,아이스크림,4.32,,,짱쟁이,https://m.place.naver.com/my/5ccd2b26ffdec022f1bed433/review?v=2,553,,,맛있었어요,"일시적인 오류가 발생했습니다
디저트가 맛있어요",2022년 5월 14일 토요일,1번째 방문,영수증
배스킨라빈스 월계이마트점,아이스크림,4.32,,,봉봉쓰28,https://m.place.naver.com/my/5e6c73f88f87a842bce05cad/review?v=2,2809,,,국,,2021년 12월 3일 금요일,3번째 방문,영수증
배스킨라빈스 월계이마트점,아이스크림,4.32,,,잔소리최고꾼,https://m.place.naver.com/my/5f4f10096c3d7f73346c7c76/review?v=2,403,,,친절해요,"일시적인 오류가 발생했습니다
좌석이 편해요",2022년 1월 25일 화요일,1번째 방문,영수증
배스킨라빈스 월계이마트점,아이스크림,4.32,,,mac****,https://m.place.naver.com/my/6077639e134a458493c3667a/review?v=2,355,,,굿,,2022년 5월 21일 토요일,1번째 방문,영수증
배스킨라빈스 월계이마트점,아이스크림,4.32,,,개바라기46,https://m.place.naver.com/my/5d9edf808f87a842bcc5b4d8/review?v=2,2336,,,"좋아요
좋아요
좋아요",,2021년 10월 29일 금요일,1번째 방문,영수증
배스킨라빈스 월계이마트점,아이스크림,4.32,,,violet8384,https://m.place.naver.com/my/5c16d635dc28f35b7a232162/review?v=2,420,,,좋아요,"일시적인 오류가 발생했습니다
주차하기 편해요",2021년 12월 20일 월요일,1번째 방문,영수증
배스킨라빈스 월계이마트점,아이스크림,4.32,,,영이936,https://m.place.naver.com/my/60f178f3ebb308a2bd4996ab/review?v=2,168,,,굿굿,,2022년 1월 20일 목요일,1번째 방문,영수증
배스킨라빈스 월계이마트점,아이스크림,4.32,,,10월의그날,https://m.place.naver.com/my/5c8c5e48925d8f4725930dc4/review?v=2,2392,,,.,,2021년 12월 31일 금요일,1번째 방문,영수증
배스킨라빈스 월계이마트점,아이스크림,4.32,,,버둥이,https://m.place.naver.com/my/5bf68844265e2307d81c24c4/review?v=2,1425,,,좋,,2022년 4월 13일 수요일,1번째 방문,영수증
배스킨라빈스 월계이마트점,아이스크림,4.32,,,민트3231,https://m.place.naver.com/my/5dc61f198f87a842bcab843f/review?v=2,371,,,좋아요,,2022년 1월 13일 목요일,2번째 방문,영수증
배스킨라빈스 월계이마트점,아이스크림,4.32,,,나는야릴리,https://m.place.naver.com/my/5c42d33508b071e5593ee306/review?v=2,501,,,좋아요,,2022년 1월 10일 월요일,1번째 방문,영수증
배스킨라빈스 월계이마트점,아이스크림,4.32,,,쌩유맘28,https://m.place.naver.com/my/5eb94a638f87a842bcd5af29/review?v=2,2022,26,,좋아요,"일시적인 오류가 발생했습니다
특별한 메뉴가 있어요",2021년 12월 18일 토요일,2번째 방문,영수증
배스킨라빈스 월계이마트점,아이스크림,4.32,,,ils****,https://m.place.naver.com/my/61493ce7edc82600063af99f/review?v=2,657,,,굿,,2022년 1월 15일 토요일,1번째 방문,영수증
배스킨라빈스 월계이마트점,아이스크림,4.32,,,봉봉쓰28,https://m.place.naver.com/my/5e6c73f88f87a842bce05cad/review?v=2,2809,,,굿,,2021년 12월 9일 목요일,4번째 방문,영수증
배스킨라빈스 월계이마트점,아이스크림,4.32,,,밤비9962,https://m.place.naver.com/my/5b66da72ffbcbd6d1ead19b8/review?v=2,421,16,,좋아요,"일시적인 오류가 발생했습니다
가성비가 좋아요",2021년 12월 9일 목요일,1번째 방문,영수증
배스킨라빈스 월계이마트점,아이스크림,4.32,,,JE1966,https://m.place.naver.com/my/5c59b493fc682c61f1bcf347/review?v=2,817,,,친절해요,"일시적인 오류가 발생했습니다
친절해요",2022년 1월 11일 화요일,1번째 방문,영수증
배스킨라빈스 월계이마트점,아이스크림,4.32,,,hte****,https://m.place.naver.com/my/60f784def75fdeab25848e70/review?v=2,892,,,친절해요,"일시적인 오류가 발생했습니다
매장이 청결해요",2022년 1월 11일 화요일,1번째 방문,영수증
배스킨라빈스 월계이마트점,아이스크림,4.32,,,K0823,https://m.place.naver.com/my/5b9b55d5709e4c6ea56ebff4/review?v=2,596,,,굿,"일시적인 오류가 발생했습니다
커피가 맛있어요",2021년 12월 28일 화요일,1번째 방문,영수증
배스킨라빈스 월계이마트점,아이스크림,4.32,,,inae0843,https://m.place.naver.com/my/5e6ae7d28f87a842bcd150fe/review?v=2,3812,1,,좋아요 ,,2021년 12월 18일 토요일,8번째 방문,영수증
배스킨라빈스 월계이마트점,아이스크림,4.32,,,아이디어6,https://m.place.naver.com/my/5d26aee543fa7a8b4c14a11f/review?v=2,682,,,너무들바쁘시더라구요,"일시적인 오류가 발생했습니다
커피가 맛있어요",2021년 10월 9일 토요일,1번째 방문,영수증
배스킨라빈스 월계이마트점,아이스크림,4.32,,,그 분을 사랑해,https://m.place.naver.com/my/5f680c566c3d7f7334c4f896/review?v=2,161,,,"KT더블할인 파인트 8,200원 할인5,700원에 샀어요","일시적인 오류가 발생했습니다
집중하기 좋아요",2021년 9월 13일 월요일,1번째 방문,영수증
배스킨라빈스 월계이마트점,아이스크림,4.32,,,영수증요정,https://m.place.naver.com/my/5fd20a4fa3ea8c6f89fad37d/review?v=2,745,,,굿,,2022년 1월 6일 목요일,1번째 방문,영수증
배스킨라빈스 월계이마트점,아이스크림,4.32,,,꼬밍95,https://m.place.naver.com/my/5c0a5b9c2490cb3a408f3bca/review?v=2,2132,2,,굿,,2022년 1월 6일 목요일,1번째 방문,영수증
배스킨라빈스 월계이마트점,아이스크림,4.32,,,pyh****,https://m.place.naver.com/my/5da7de3d8f87a842bc759718/review?v=2,2396,,,좋아요,,2021년 12월 24일 금요일,3번째 방문,영수증
배스킨라빈스 월계이마트점,아이스크림,4.32,,,woo6364,https://m.place.naver.com/my/5bf40f24e260b095bd159ab2/review?v=2,1234,,,직원불들도 친절하지않고 대기시간이 넘 오래걸려여....,,2022년 1월 1일 토요일,2번째 방문,영수증
배스킨라빈스 월계이마트점,아이스크림,4.32,,,뚱이1188,https://m.place.naver.com/my/5e34e6fd8f87a842bc1f87c4/review?v=2,1807,1,,친절하고 맛있습니다,"일시적인 오류가 발생했습니다
주차하기 편해요",2022년 1월 31일 월요일,1번째 방문,영수증
배스킨라빈스 월계이마트점,아이스크림,4.32,,,wu****,https://m.place.naver.com/my/5f90f3f7f725675511eb5300/review?v=2,2267,,,조아요,,2022년 1월 3일 월요일,1번째 방문,영수증
배스킨라빈스 월계이마트점,아이스크림,4.32,,,리리고우고우,https://m.place.naver.com/my/5c377869e8c86a45a130a542/review?v=2,824,72,,오랜만에 베라 아이스크림 먹네요 맛있어요!,"일시적인 오류가 발생했습니다
특별한 메뉴가 있어요",2021년 8월 10일 화요일,1번째 방문,영수증
배스킨라빈스 월계이마트점,아이스크림,4.32,,,쭈766,https://m.place.naver.com/my/610f66d4c7fd2b1b20129605/review?v=2,167,,,아이가 좋아해요,,2021년 11월 7일 일요일,2번째 방문,영수증
배스킨라빈스 월계이마트점,아이스크림,4.32,,,ejd****,https://m.place.naver.com/my/5bd827f516cf09dd4305fd5e/review?v=2,1335,,,굿,,2022년 1월 1일 토요일,1번째 방문,영수증
배스킨라빈스 월계이마트점,아이스크림,4.32,,,로미0502,https://m.place.naver.com/my/5c710d5a186a66f00891bf84/review?v=2,486,,,아이스크림 깨끗하게 담아주셨음 좋겠어요,,2021년 9월 5일 일요일,2번째 방문,영수증
배스킨라빈스 월계이마트점,아이스크림,4.32,,,ust****,https://m.place.naver.com/my/5f05819a425190b39b961600/review?v=2,558,,,굿,,2021년 12월 31일 금요일,1번째 방문,영수증
배스킨라빈스 월계이마트점,아이스크림,4.32,,,그레4697,https://m.place.naver.com/my/5d71d6768f87a842bca429d5/review?v=2,1028,20,,굿,,2021년 11월 26일 금요일,3번째 방문,영수증
배스킨라빈스 월계이마트점,아이스크림,4.32,,,200****,https://m.place.naver.com/my/5f86df46d3aa01898b982f18/review?v=2,171,,,굿,,2021년 12월 28일 화요일,1번째 방문,영수증
배스킨라빈스 월계이마트점,아이스크림,4.32,,,어이나야,https://m.place.naver.com/my/5df50bf48f87a842bc9ffa6a/review?v=2,103,,,So so,,2021년 12월 6일 월요일,1번째 방문,영수증
배스킨라빈스 월계이마트점,아이스크림,4.32,,,bsh****,https://m.place.naver.com/my/5b7bfde9c62c592707fd062f/review?v=2,1005,,,맛나여,,2021년 12월 25일 토요일,1번째 방문,영수증
배스킨라빈스 월계이마트점,아이스크림,4.32,,,쭈71,https://m.place.naver.com/my/5efee2811c9b02e1ea3bfa94/review?v=2,1691,13,,굿,"일시적인 오류가 발생했습니다
커피가 맛있어요",2022년 7월 17일 일요일,2번째 방문,영수증
배스킨라빈스 월계이마트점,아이스크림,4.32,,,bh****,https://m.place.naver.com/my/5d90245b8f87a842bc2ac637/review?v=2,1004,,,좋아요,,2021년 12월 24일 금요일,1번째 방문,영수증
배스킨라빈스 월계이마트점,아이스크림,4.32,,,단325,https://m.place.naver.com/my/5e9796478f87a842bc78287f/review?v=2,318,,,간단히 선물용 구입하기 좋았어요,"일시적인 오류가 발생했습니다
디저트가 맛있어요",2021년 9월 23일 목요일,1번째 방문,영수증
배스킨라빈스 월계이마트점,아이스크림,4.32,,,나도알자,https://m.place.naver.com/my/5e0c75348f87a842bcf1dd86/review?v=2,583,,,친절하세요,,2021년 12월 22일 수요일,1번째 방문,영수증
배스킨라빈스 월계이마트점,아이스크림,4.32,,,arominail,https://m.place.naver.com/my/5c43189d49d789511a90305d/review?v=2,151,5,,그냥그냥,,2022년 2월 11일 금요일,1번째 방문,영수증
배스킨라빈스 월계이마트점,아이스크림,4.32,,,ruy1123,https://m.place.naver.com/my/5cfced232e029537e2363595/review?v=2,666,,,마트안에 있어서 쇼핑하고 먹기좋네요,"일시적인 오류가 발생했습니다
디저트가 맛있어요",2021년 8월 25일 수요일,1번째 방문,영수증
배스킨라빈스 월계이마트점,아이스크림,4.32,,,쭈71,https://m.place.naver.com/my/5efee2811c9b02e1ea3bfa94/review?v=2,1691,13,,굿,,2022년 7월 17일 일요일,1번째 방문,영수증
배스킨라빈스 월계이마트점,아이스크림,4.32,,,웃음마녀77,https://m.place.naver.com/my/5c41b562b3d121b72d54a539/review?v=2,1675,22,,깨끗하고 종류도 다양해서 좋아요,,2021년 8월 23일 월요일,6번째 방문,영수증
배스킨라빈스 월계이마트점,아이스크림,4.32,,,wre****,https://m.place.naver.com/my/5d5e6c328f87a842bcd6720c/review?v=2,898,,,맛나요,,2021년 11월 13일 토요일,1번째 방문,영수증
배스킨라빈스 월계이마트점,아이스크림,4.32,,,issu7020,https://m.place.naver.com/my/5ee885a68f87a842bc59c854/review?v=2,465,,,좋아요,,2022년 4월 21일 목요일,1번째 방문,영수증
배스킨라빈스 월계이마트점,아이스크림,4.32,,,민트3231,https://m.place.naver.com/my/5dc61f198f87a842bcab843f/review?v=2,371,,,좋아요,,2021년 12월 16일 목요일,1번째 방문,영수증
배스킨라빈스 월계이마트점,아이스크림,4.32,,,꿈순이84,https://m.place.naver.com/my/5dd652fa8f87a842bcee9880/review?v=2,812,,,좋아요,,2021년 11월 21일 일요일,13번째 방문,영수증
배스킨라빈스 월계이마트점,아이스크림,4.32,,,inae0843,https://m.place.naver.com/my/5e6ae7d28f87a842bcd150fe/review?v=2,3812,1,,좋아요,,2021년 11월 20일 토요일,7번째 방문,영수증
배스킨라빈스 월계이마트점,아이스크림,4.32,,,꿈순이84,https://m.place.naver.com/my/5dd652fa8f87a842bcee9880/review?v=2,812,,,좋아요,"일시적인 오류가 발생했습니다
친절해요",2021년 11월 19일 금요일,12번째 방문,영수증
배스킨라빈스 월계이마트점,아이스크림,4.32,,,꿈순이84,https://m.place.naver.com/my/5dd652fa8f87a842bcee9880/review?v=2,812,,,친절해요,,2021년 11월 19일 금요일,11번째 방문,영수증
배스킨라빈스 월계이마트점,아이스크림,4.32,,,꿈순이84,https://m.place.naver.com/my/5dd652fa8f87a842bcee9880/review?v=2,812,,,좋아요,,2021년 11월 19일 금요일,10번째 방문,영수증
배스킨라빈스 월계이마트점,아이스크림,4.32,,,cmj****,https://m.place.naver.com/my/5df32e018f87a842bc4ca542/review?v=2,380,,,양이 적어요,,2021년 11월 21일 일요일,1번째 방문,영수증
배스킨라빈스 월계이마트점,아이스크림,4.32,,,dangdangeu,https://m.place.naver.com/my/5da05d868f87a842bcd1a2de/review?v=2,2339,33,,좋아요,,2021년 11월 6일 토요일,5번째 방문,영수증
배스킨라빈스 월계이마트점,아이스크림,4.32,,,cyk29,https://m.place.naver.com/my/5d08f6f6fd3850d95c056997/review?v=2,101,7,,굿,,2021년 12월 7일 화요일,1번째 방문,영수증
배스킨라빈스 월계이마트점,아이스크림,4.32,,,하하호홍70,https://m.place.naver.com/my/5f3b2d0409e8048c416cbcf6/review?v=2,1942,5,,굿,"일시적인 오류가 발생했습니다
음료가 맛있어요",2021년 12월 6일 월요일,1번째 방문,영수증
배스킨라빈스 월계이마트점,아이스크림,4.32,,,범블대디,https://m.place.naver.com/my/5f6061626c3d7f7334a3db8d/review?v=2,1576,19,,맛있어요^^,,2021년 10월 31일 일요일,2번째 방문,영수증
배스킨라빈스 월계이마트점,아이스크림,4.32,,,brn****,https://m.place.naver.com/my/5d83246c8f87a842bca8f7d1/review?v=2,1586,,,좋앙ㅗ,,2022년 7월 2일 토요일,1번째 방문,영수증
배스킨라빈스 월계이마트점,아이스크림,4.32,,,luv0ya,https://m.place.naver.com/my/5f46324ea602e98f56ed3a28/review?v=2,372,,,좌석은 없지만 포스기로 편하게 주문합니다,"일시적인 오류가 발생했습니다
음료가 맛있어요",2021년 9월 11일 토요일,1번째 방문,영수증
배스킨라빈스 월계이마트점,아이스크림,4.32,,,쩡어리23,https://m.place.naver.com/my/5e0c6d668f87a842bca72a10/review?v=2,907,,,앉아서 먹을곳은 없지만 쇼핑몰이라 편리,"일시적인 오류가 발생했습니다
주차하기 편해요",2021년 9월 10일 금요일,1번째 방문,영수증
배스킨라빈스 월계이마트점,아이스크림,4.32,,,미식가콩순,https://m.place.naver.com/my/5f063804ace692ef62419005/review?v=2,2247,50,,맛나용,,2021년 10월 30일 토요일,1번째 방문,영수증
배스킨라빈스 월계이마트점,아이스크림,4.32,,,moni62,https://m.place.naver.com/my/5d9eee138f87a842bcf702b2/review?v=2,610,,,굿,,2022년 4월 4일 월요일,6번째 방문,영수증
배스킨라빈스 월계이마트점,아이스크림,4.32,,,범블대디,https://m.place.naver.com/my/5f6061626c3d7f7334a3db8d/review?v=2,1576,19,,좋아요^^,,2021년 10월 31일 일요일,1번째 방문,영수증
배스킨라빈스 월계이마트점,아이스크림,4.32,,,치즈8765,https://m.place.naver.com/my/5b63e0ab6327763cd57b9d14/review?v=2,681,13,,좋아요,,2021년 10월 31일 일요일,1번째 방문,영수증
배스킨라빈스 월계이마트점,아이스크림,4.32,,,MLHBee,https://m.place.naver.com/my/5cc2d23dca33c39a5a1b0d36/review?v=2,919,,,무인계산대로 편하게 주문할 수 있어 쪼아용!,,2021년 7월 31일 토요일,2번째 방문,영수증
배스킨라빈스 월계이마트점,아이스크림,4.32,,,선이4788,https://m.place.naver.com/my/5fdfefa1ad6db55410972138/review?v=2,1521,,,친절해요,"일시적인 오류가 발생했습니다
디저트가 맛있어요",2021년 11월 7일 일요일,4번째 방문,영수증
배스킨라빈스 월계이마트점,아이스크림,4.32,,,dangdangeu,https://m.place.naver.com/my/5da05d868f87a842bcd1a2de/review?v=2,2339,33,,좋아요,,2021년 10월 21일 목요일,4번째 방문,영수증
배스킨라빈스 월계이마트점,아이스크림,4.32,,,rnal9329,https://m.place.naver.com/my/5f061ca405022b66f9624ee1/review?v=2,339,,,"맛이좋아요 잘먹었습니
다",,2021년 6월 26일 토요일,1번째 방문,영수증
배스킨라빈스 월계이마트점,아이스크림,4.32,,,직장맘1,https://m.place.naver.com/my/5da840e48f87a842bca7b198/review?v=2,1123,13,,1+1이라서 주문했는데 먹고싶은 아이스크림이 2개다 품절이어서 다른메뉴로 샀어요 ㅠㅠ,,2021년 7월 18일 일요일,1번째 방문,영수증
배스킨라빈스 월계이마트점,아이스크림,4.32,,,고덕동뚱띠,https://m.place.naver.com/my/5c84ca1e4a061835d8d96361/review?v=2,1649,25,,알바생분이..너무 천천히 아이스크림을 퍼줘요..,,2021년 7월 28일 수요일,1번째 방문,영수증
배스킨라빈스 월계이마트점,아이스크림,4.32,,,akk****,https://m.place.naver.com/my/5e4f8cf78f87a842bcc435c1/review?v=2,325,,,굿,,2021년 11월 21일 일요일,2번째 방문,영수증
배스킨라빈스 월계이마트점,아이스크림,4.32,,,리지언,https://m.place.naver.com/my/5c1ded93d64a0c524e0aa40f/review?v=2,115,,,"키오스크로 운영하고 있는데 베라는 고르는데 너무 오래 걸려서 주문이 힘들었어요,",,2021년 7월 17일 토요일,1번째 방문,영수증
배스킨라빈스 월계이마트점,아이스크림,4.32,,,man****,https://m.place.naver.com/my/616013e513e1c725bf533f5b/review?v=2,215,1,,좋아요,,2021년 11월 20일 토요일,1번째 방문,영수증
배스킨라빈스 월계이마트점,아이스크림,4.32,,,빛나라SH,https://m.place.naver.com/my/5b7e4d359efacfd329f67a69/review?v=2,1285,,,앉아서 먹을 곳이 없어요,,2021년 9월 5일 일요일,1번째 방문,영수증
배스킨라빈스 월계이마트점,아이스크림,4.32,,,효리47,https://m.place.naver.com/my/5b7799126baa182faa866f34/review?v=2,650,,,좋아요,"일시적인 오류가 발생했습니다
매장이 청결해요",2022년 1월 11일 화요일,1번째 방문,영수증
배스킨라빈스 월계이마트점,아이스크림,4.32,,,꿈순이84,https://m.place.naver.com/my/5dd652fa8f87a842bcee9880/review?v=2,812,,,좋아요,,2021년 10월 21일 목요일,9번째 방문,영수증
배스킨라빈스 월계이마트점,아이스크림,4.32,,,울이람이,https://m.place.naver.com/my/5bf3f503d3afaf3ce18ca09d/review?v=2,407,20,,굿굿~~,,2021년 10월 9일 토요일,1번째 방문,영수증
배스킨라빈스 월계이마트점,아이스크림,4.32,,,초보대디,https://m.place.naver.com/my/5e769bbf8f87a842bc285b71/review?v=2,111,,,아이스크림은 베스킨!,"일시적인 오류가 발생했습니다
주차하기 편해요",2021년 9월 10일 금요일,1번째 방문,영수증
배스킨라빈스 월계이마트점,아이스크림,4.32,,,gurrm,https://m.place.naver.com/my/5bd6c0c3ea50dc1a653cd3bf/review?v=2,213,,,좋아요,"일시적인 오류가 발생했습니다
주차하기 편해요",2021년 11월 10일 수요일,3번째 방문,영수증
배스킨라빈스 월계이마트점,아이스크림,4.32,,,gurrm,https://m.place.naver.com/my/5bd6c0c3ea50dc1a653cd3bf/review?v=2,213,,,좋아요,,2021년 11월 10일 수요일,1번째 방문,영수증
배스킨라빈스 월계이마트점,아이스크림,4.32,,,gurrm,https://m.place.naver.com/my/5bd6c0c3ea50dc1a653cd3bf/review?v=2,213,,,좋아요,"일시적인 오류가 발생했습니다
주차하기 편해요",2021년 11월 10일 수요일,2번째 방문,영수증
배스킨라빈스 월계이마트점,아이스크림,4.32,,,d14****,https://m.place.naver.com/my/5d5a3f32b1c6cef2edb2f40c/review?v=2,7,,,받는순간 텅빈느낌이 들긴했었는데 재료도잘안섞이거푸신것같고 속이꽉찬동그라미가아니고 완전대충퍼가지고 양도엄청적었음,,2021년 7월 29일 목요일,1번째 방문,영수증
배스킨라빈스 월계이마트점,아이스크림,4.32,,,파랑초록노랑,https://m.place.naver.com/my/5d96962e8f87a842bc037c1f/review?v=2,873,,,굿,,2021년 10월 4일 월요일,1번째 방문,영수증
배스킨라빈스 월계이마트점,아이스크림,4.32,,,dus****,https://m.place.naver.com/my/60fa73553d3a081ba03cf79b/review?v=2,1713,,,좋아요,,2021년 11월 6일 토요일,1번째 방문,영수증
배스킨라빈스 월계이마트점,아이스크림,4.32,,,ehkstar80,https://m.place.naver.com/my/5ba4dbb579336405652dd3b9/review?v=2,75,,,복잡해요,,2021년 10월 17일 일요일,1번째 방문,영수증
배스킨라빈스 월계이마트점,아이스크림,4.32,,,복숭아펀치,https://m.place.naver.com/my/5ec6f9be8f87a842bc2c00fa/review?v=2,220,,,자모카훠지아몬드가 최애예요,"일시적인 오류가 발생했습니다
디저트가 맛있어요",2021년 8월 5일 목요일,2번째 방문,영수증
배스킨라빈스 월계이마트점,아이스크림,4.32,,,볼탱탱탱탱,https://m.place.naver.com/my/5eb7ff088f87a842bcf93f1b/review?v=2,234,,,"예전에도 남자사장이 너무 불친절했는데.
오늘은 알바생이 너무 불친절하네요..
다신여기서 기분나쁘게 안사먹을랍니다",,2021년 7월 20일 화요일,1번째 방문,영수증
배스킨라빈스 월계이마트점,아이스크림,4.32,,,난엄마36,https://m.place.naver.com/my/5f891a260beb9739f3e58206/review?v=2,227,,,ㄱ,,2021년 10월 11일 월요일,1번째 방문,영수증
배스킨라빈스 월계이마트점,아이스크림,4.32,,,jh99999,https://m.place.naver.com/my/5efeaf5dafcca6e20afdb1f1/review?v=2,1903,,,굿,,2022년 1월 15일 토요일,2번째 방문,영수증
배스킨라빈스 월계이마트점,아이스크림,4.32,,,행복5622,https://m.place.naver.com/my/5b9e8bf0c59ea66de14da9ed/review?v=2,218,,,좋아요,,2021년 9월 22일 수요일,1번째 방문,영수증
배스킨라빈스 월계이마트점,아이스크림,4.32,,,lightwater15,https://m.place.naver.com/my/5dc6235a8f87a842bcc223dd/review?v=2,43,,,무인 키오스크에서 빠르게 주문 가능합니다!!,,2021년 8월 1일 일요일,1번째 방문,영수증
배스킨라빈스 월계이마트점,아이스크림,4.32,,,adda,https://m.place.naver.com/my/5ba79a6ceb36f946b2d3079a/review?v=2,1083,,,"마트안에 있는데 이렇게도 불친절할수 있는지 궁금하네요?
제대로 안듣고 두번씩 말해야하고 
짜증나는말투로 일할거면 집에서 쉬지 머하러 나오는지 진짜 궁금합니다
배라중에 진짜 최악입니다",,2022년 1월 17일 월요일,1번째 방문,영수증
배스킨라빈스 월계이마트점,아이스크림,4.32,,,연필깎는남자,https://m.place.naver.com/my/5e6245128f87a842bc6f1149/review?v=2,663,16,,친절해요.,"일시적인 오류가 발생했습니다
친절해요",2021년 10월 23일 토요일,1번째 방문,영수증
배스킨라빈스 월계이마트점,아이스크림,4.32,,,가능,https://m.place.naver.com/my/5bf7a7bc6b76fbb3ecffeae6/review?v=2,1276,33,,그냥 동네 아이스크림집이 나은듯,,2021년 7월 31일 토요일,1번째 방문,영수증
배스킨라빈스 월계이마트점,아이스크림,4.32,,,사랑894,https://m.place.naver.com/my/60853ff24cdd34075b202dbb/review?v=2,1762,,,좋아요  ..,,2021년 10월 21일 목요일,1번째 방문,영수증
배스킨라빈스 월계이마트점,아이스크림,4.32,,,그레4697,https://m.place.naver.com/my/5d71d6768f87a842bca429d5/review?v=2,1028,20,,친절,,2021년 9월 15일 수요일,2번째 방문,영수증
배스킨라빈스 월계이마트점,아이스크림,4.32,,,wnf****,https://m.place.naver.com/my/5d99adc38f87a842bc56eed1/review?v=2,558,8,,셀프라좋네요,,2021년 7월 20일 화요일,1번째 방문,영수증
배스킨라빈스 월계이마트점,아이스크림,4.32,,,dangdangeu,https://m.place.naver.com/my/5da05d868f87a842bcd1a2de/review?v=2,2339,33,,좋아요,,2021년 9월 11일 토요일,3번째 방문,영수증
배스킨라빈스 월계이마트점,아이스크림,4.32,,,벼지혀니,https://m.place.naver.com/my/5eff4f1780dd0fa8cd65acf6/review?v=2,330,,,맛있어요,,2021년 9월 5일 일요일,1번째 방문,영수증
배스킨라빈스 월계이마트점,아이스크림,4.32,,,선이4788,https://m.place.naver.com/my/5fdfefa1ad6db55410972138/review?v=2,1521,,,좋아요,"일시적인 오류가 발생했습니다
음료가 맛있어요",2021년 9월 27일 월요일,3번째 방문,영수증
배스킨라빈스 월계이마트점,아이스크림,4.32,,,nan****,https://m.place.naver.com/my/5d31c51dd871640731a3767c/review?v=2,660,,,굿,,2021년 10월 2일 토요일,2번째 방문,영수증
배스킨라빈스 월계이마트점,아이스크림,4.32,,,안사람5,https://m.place.naver.com/my/5ca217d21fa45353e67915c8/review?v=2,570,,,천천히 나옵니다,,2021년 8월 7일 토요일,1번째 방문,영수증
배스킨라빈스 월계이마트점,아이스크림,4.32,,,yoo****,https://m.place.naver.com/my/5dbcbbb18f87a842bcfef251/review?v=2,110,,,ㅐ,,2021년 9월 17일 금요일,1번째 방문,영수증
배스킨라빈스 월계이마트점,아이스크림,4.32,,,pix****,https://m.place.naver.com/my/607f0833f999322586b49811/review?v=2,54,,,.,,2021년 8월 13일 금요일,1번째 방문,영수증
배스킨라빈스 월계이마트점,아이스크림,4.32,,,yur****,https://m.place.naver.com/my/5c4c680364ba143be6085b27/review?v=2,418,4,,배스킨라빈스 맛있습니다,,2021년 7월 14일 수요일,1번째 방문,영수증
배스킨라빈스 월계이마트점,아이스크림,4.32,,,똥찌83,https://m.place.naver.com/my/5e77fe338f87a842bcf6d440/review?v=2,523,,,굿굿굿,,2021년 10월 4일 월요일,1번째 방문,영수증
배스킨라빈스 월계이마트점,아이스크림,4.32,,,acacia78,https://m.place.naver.com/my/5bfbd1603ccf0c0b7342c218/review?v=2,658,10,,굿,,2021년 10월 3일 일요일,1번째 방문,영수증
배스킨라빈스 월계이마트점,아이스크림,4.32,,,nan****,https://m.place.naver.com/my/5d31c51dd871640731a3767c/review?v=2,660,,,굿,,2021년 10월 2일 토요일,1번째 방문,영수증
배스킨라빈스 월계이마트점,아이스크림,4.32,,,GoGoUp,https://m.place.naver.com/my/610d172e0f7cd6b46c724717/review?v=2,432,,,맛있어요,,2021년 10월 1일 금요일,1번째 방문,영수증
배스킨라빈스 월계이마트점,아이스크림,4.32,,,피거,https://m.place.naver.com/my/5c5272e7e3ad5ad63befa671/review?v=2,612,,,좋아요,"일시적인 오류가 발생했습니다
주차하기 편해요",2021년 9월 29일 수요일,2번째 방문,영수증
배스킨라빈스 월계이마트점,아이스크림,4.32,,,선이4788,https://m.place.naver.com/my/5fdfefa1ad6db55410972138/review?v=2,1521,,,좋아요,,2021년 9월 23일 목요일,2번째 방문,영수증
배스킨라빈스 월계이마트점,아이스크림,4.32,,,olive5184,https://m.place.naver.com/my/5c31c5e3d9bb1e5ea03caa24/review?v=2,716,,,굳,,2021년 8월 25일 수요일,1번째 방문,영수증
배스킨라빈스 월계이마트점,아이스크림,4.32,,,밍밍이야아,https://m.place.naver.com/my/5eb613628f87a842bc3fba4a/review?v=2,286,,,좋아요,,2021년 9월 21일 화요일,1번째 방문,영수증
배스킨라빈스 월계이마트점,아이스크림,4.32,,,웃음마녀77,https://m.place.naver.com/my/5c41b562b3d121b72d54a539/review?v=2,1675,22,,.,,2021년 7월 26일 월요일,5번째 방문,영수증
배스킨라빈스 월계이마트점,아이스크림,4.32,,,killer514x,https://m.place.naver.com/my/5e2a65918f87a842bcf307c5/review?v=2,836,,,역시 배스킨라빈스  맛있어요,,2021년 5월 16일 일요일,2번째 방문,영수증
배스킨라빈스 월계이마트점,아이스크림,4.32,,,깍두기24,https://m.place.naver.com/my/5c8b76953e92f28593e63938/review?v=2,216,3,,좋아요,,2021년 8월 14일 토요일,1번째 방문,영수증
배스킨라빈스 월계이마트점,아이스크림,4.32,,,쌩유맘28,https://m.place.naver.com/my/5eb94a638f87a842bcd5af29/review?v=2,2022,26,,좋아요,,2021년 8월 18일 수요일,1번째 방문,영수증
배스킨라빈스 월계이마트점,아이스크림,4.32,,,좋은걸 어떻게,https://m.place.naver.com/my/5d5e325a8f87a842bc637aaf/review?v=2,863,6,,^^,,2021년 7월 24일 토요일,3번째 방문,영수증
배스킨라빈스 월계이마트점,아이스크림,4.32,,,tlf1009,https://m.place.naver.com/my/605188f61f3798310d9abae5/review?v=2,145,,,아 포장을 안해줘서 가다가 다흘리구 녹고 불친절 가고싶지않네요 ㅠ,,2021년 6월 21일 월요일,1번째 방문,영수증
배스킨라빈스 월계이마트점,아이스크림,4.32,,,동그라미044,https://m.place.naver.com/my/5c0ce8569c59e38a9afef468/review?v=2,1477,,,매장에선 먹을수없으니 포장하실분만 구매하세요.,,2021년 5월 19일 수요일,1번째 방문,영수증
배스킨라빈스 월계이마트점,아이스크림,4.32,,,금나무네,https://m.place.naver.com/my/5c74162b303337192071004e/review?v=2,342,9,,잘먹고 갑니다,,2021년 6월 10일 목요일,1번째 방문,영수증
배스킨라빈스 월계이마트점,아이스크림,4.32,,,서하은채맘,https://m.place.naver.com/my/5d004d336cbc0050f0b2c085/review?v=2,1728,,,그냥저냥,,2021년 8월 18일 수요일,1번째 방문,영수증
배스킨라빈스 월계이마트점,아이스크림,4.32,,,jin****,https://m.place.naver.com/my/6146f26d82fc75000708932b/review?v=2,208,,,좋아요^^,"일시적인 오류가 발생했습니다
주차하기 편해요",2021년 9월 5일 일요일,1번째 방문,영수증
배스킨라빈스 월계이마트점,아이스크림,4.32,,,cut****,https://m.place.naver.com/my/5db410058f87a842bc6f5f0d/review?v=2,237,,,코로나로 인해서 아이스크림 앉아서 먹을 장소가 없어서  불편했어요 ㅠㅠ 앞에 테이블이라도 놔주셨으면 해요,,2021년 5월 5일 수요일,1번째 방문,영수증
배스킨라빈스 월계이마트점,아이스크림,4.32,,,goyurim,https://m.place.naver.com/my/612456c627808852ac75375b/review?v=2,15,,,굿,,2021년 8월 29일 일요일,1번째 방문,영수증
배스킨라빈스 월계이마트점,아이스크림,4.32,,,dangdangeu,https://m.place.naver.com/my/5da05d868f87a842bcd1a2de/review?v=2,2339,33,,"결제는 카드와 제로페이 2가지 방법으로 안 된다고하네요...;;
무인결제만 진행하고 있어서 그런지 직원이 2명 밖에 없어서 그런지 쪼금 아쉬웠어요~",,2021년 3월 2일 화요일,1번째 방문,영수증
배스킨라빈스 월계이마트점,아이스크림,4.32,,,아모르떼,https://m.place.naver.com/my/5c09437ca3830ac15d14d042/review?v=2,251,2,,아이스크림 돌아다니며 먹으래,,2021년 6월 6일 일요일,1번째 방문,영수증
배스킨라빈스 월계이마트점,아이스크림,4.32,,,fan****,https://m.place.naver.com/my/5e5f667f8f87a842bc9d1def/review?v=2,2728,22,,굳,,2021년 11월 29일 월요일,1번째 방문,영수증
배스킨라빈스 월계이마트점,아이스크림,4.32,,,뽐뽐78,https://m.place.naver.com/my/5c44417290066b2cebef9e31/review?v=2,218,1,,역시 베스킨 입니다^^,,2021년 5월 28일 금요일,1번째 방문,영수증
배스킨라빈스 월계이마트점,아이스크림,4.32,,,크레뻬,https://m.place.naver.com/my/5d91c1a08f87a842bc9b2719/review?v=2,835,,,좋아요,,2021년 8월 8일 일요일,3번째 방문,영수증
배스킨라빈스 월계이마트점,아이스크림,4.32,,,ella04,https://m.place.naver.com/my/5b6a5de22ec1f68da41a5baa/review?v=2,503,,,굿,,2021년 11월 11일 목요일,1번째 방문,영수증
배스킨라빈스 월계이마트점,아이스크림,4.32,,,moonhk58,https://m.place.naver.com/my/5f05948e0e1ac3aceef96929/review?v=2,1240,,,친절해요,,2021년 7월 16일 금요일,1번째 방문,영수증
배스킨라빈스 월계이마트점,아이스크림,4.32,,,pak8940,https://m.place.naver.com/my/5c8ed903a5b485d57a5c83f2/review?v=2,97,,,매장이 깔끔해요~~^^,,2021년 6월 10일 목요일,3번째 방문,영수증
배스킨라빈스 월계이마트점,아이스크림,4.32,,,황금별7258,https://m.place.naver.com/my/5d2ee9e0bb504c22b086a0ff/review?v=2,1269,,,굿,,2021년 8월 16일 월요일,1번째 방문,영수증
배스킨라빈스 월계이마트점,아이스크림,4.32,,,ch2****,https://m.place.naver.com/my/5e251d418f87a842bcdda081/review?v=2,1301,,,굿,,2021년 8월 10일 화요일,2번째 방문,영수증
배스킨라빈스 월계이마트점,아이스크림,4.32,,,inae0843,https://m.place.naver.com/my/5e6ae7d28f87a842bcd150fe/review?v=2,3812,1,,좋아요,,2021년 7월 24일 토요일,6번째 방문,영수증
배스킨라빈스 월계이마트점,아이스크림,4.32,,,빅모터스 장석우,https://m.place.naver.com/my/60d0a452d1cc2841b2eb0454/review?v=2,922,,,굿,,2021년 8월 15일 일요일,1번째 방문,영수증
배스킨라빈스 월계이마트점,아이스크림,4.32,,,ysp82,https://m.place.naver.com/my/5b6be7241d404187aa5e9ab6/review?v=2,327,,,좋아요,"일시적인 오류가 발생했습니다
주차하기 편해요",2021년 8월 11일 수요일,1번째 방문,영수증
배스킨라빈스 월계이마트점,아이스크림,4.32,,,wn****,https://m.place.naver.com/my/5c6deeaf9b0206779cf714f4/review?v=2,223,,,좋아요,,2021년 8월 11일 수요일,1번째 방문,영수증
배스킨라빈스 월계이마트점,아이스크림,4.32,,,cyh****,https://m.place.naver.com/my/5e6732888f87a842bcf33ebe/review?v=2,1278,,,굿,,2021년 8월 4일 수요일,2번째 방문,영수증
배스킨라빈스 월계이마트점,아이스크림,4.32,,,예블55,https://m.place.naver.com/my/5d35bd87545caa789bb12991/review?v=2,328,,,좋아요,,2021년 7월 22일 목요일,1번째 방문,영수증
배스킨라빈스 월계이마트점,아이스크림,4.32,,,이루어져랏마리링,https://m.place.naver.com/my/5b94dc08bc51d81c8dab07c8/review?v=2,148,,,,,2021년 5월 21일 금요일,2번째 방문,영수증
배스킨라빈스 월계이마트점,아이스크림,4.32,,,바깥양반,https://m.place.naver.com/my/5bb2e6339239bd9532a48cc0/review?v=2,484,,,굿굿,,2021년 8월 7일 토요일,1번째 방문,영수증
배스킨라빈스 월계이마트점,아이스크림,4.32,,,핑크공주51,https://m.place.naver.com/my/5b89c900b599effab7957304/review?v=2,263,,,조ㅎ아요,,2021년 7월 18일 일요일,3번째 방문,영수증
배스킨라빈스 월계이마트점,아이스크림,4.32,,,윤댕잉96,https://m.place.naver.com/my/5cc4a2b4cb540e6e94c6f99d/review?v=2,222,,,잘먹고 갑니다,,2021년 6월 10일 목요일,1번째 방문,영수증
배스킨라빈스 월계이마트점,아이스크림,4.32,,,리뷰뷰3,https://m.place.naver.com/my/5f2cdfad9ec8258e4a7cdfb3/review?v=2,뷰3,1,,좋아요,"일시적인 오류가 발생했습니다
디저트가 맛있어요",2021년 8월 1일 일요일,1번째 방문,영수증
배스킨라빈스 월계이마트점,아이스크림,4.32,,,꿈순이84,https://m.place.naver.com/my/5dd652fa8f87a842bcee9880/review?v=2,812,,,좋아요,"일시적인 오류가 발생했습니다
친절해요",2021년 7월 9일 금요일,8번째 방문,영수증
배스킨라빈스 월계이마트점,아이스크림,4.32,,,net****,https://m.place.naver.com/my/5c1e658c5fb0a416f98cca9c/review?v=2,563,,,맛있어요~,,2021년 7월 18일 일요일,1번째 방문,영수증
배스킨라빈스 월계이마트점,아이스크림,4.32,,,크레뻬,https://m.place.naver.com/my/5d91c1a08f87a842bc9b2719/review?v=2,835,,,좋아요,,2021년 7월 24일 토요일,2번째 방문,영수증
배스킨라빈스 월계이마트점,아이스크림,4.32,,,ynl****,https://m.place.naver.com/my/5c2c8b0fe9c795c7e1a1148c/review?v=2,531,,,좋아요,,2021년 7월 24일 토요일,2번째 방문,영수증
배스킨라빈스 월계이마트점,아이스크림,4.32,,,miy****,https://m.place.naver.com/my/5e12cc5b8f87a842bccae946/review?v=2,51,,,굿,,2021년 7월 30일 금요일,1번째 방문,영수증
배스킨라빈스 월계이마트점,아이스크림,4.32,,,꿈순이84,https://m.place.naver.com/my/5dd652fa8f87a842bcee9880/review?v=2,812,,,좋아요,,2021년 7월 6일 화요일,7번째 방문,영수증
배스킨라빈스 월계이마트점,아이스크림,4.32,,,lsm****,https://m.place.naver.com/my/5f05ebb0bec4db0860ad9ada/review?v=2,27,,,좋아요,,2021년 7월 28일 수요일,1번째 방문,영수증
배스킨라빈스 월계이마트점,아이스크림,4.32,,,재추나기,https://m.place.naver.com/my/5c0d1185f3d103e365192b52/review?v=2,117,,,최고,,2021년 7월 4일 일요일,1번째 방문,영수증
배스킨라빈스 월계이마트점,아이스크림,4.32,,,호원당,https://m.place.naver.com/my/5be8f1d4ac465a23848164e6/review?v=2,528,10,,깨끗해요,,2021년 6월 21일 월요일,1번째 방문,영수증
배스킨라빈스 월계이마트점,아이스크림,4.32,,,살빼요20,https://m.place.naver.com/my/5b9ad6154ec093176136f85e/review?v=2,1637,,,굿,,2021년 7월 24일 토요일,1번째 방문,영수증
배스킨라빈스 월계이마트점,아이스크림,4.32,,,mmy****,https://m.place.naver.com/my/5c3d4a510a7bb7534b3ab4ee/review?v=2,359,,,굿,,2021년 6월 29일 화요일,2번째 방문,영수증
배스킨라빈스 월계이마트점,아이스크림,4.32,,,yep****,https://m.place.naver.com/my/5ee829f08f87a842bc227cf2/review?v=2,118,,,,,2021년 6월 7일 월요일,2번째 방문,영수증
배스킨라빈스 월계이마트점,아이스크림,4.32,,,크레뻬,https://m.place.naver.com/my/5d91c1a08f87a842bc9b2719/review?v=2,835,,,좋아요,,2021년 7월 21일 수요일,1번째 방문,영수증
배스킨라빈스 월계이마트점,아이스크림,4.32,,,루비언니85,https://m.place.naver.com/my/5c1cb70ff8a09e7b6a24ef1f/review?v=2,410,,,좋아요,,2021년 9월 18일 토요일,2번째 방문,영수증
배스킨라빈스 월계이마트점,아이스크림,4.32,,,루비언니85,https://m.place.naver.com/my/5c1cb70ff8a09e7b6a24ef1f/review?v=2,410,,,좋아요,,2021년 9월 18일 토요일,3번째 방문,영수증
배스킨라빈스 월계이마트점,아이스크림,4.32,,,ynl****,https://m.place.naver.com/my/5c2c8b0fe9c795c7e1a1148c/review?v=2,531,,,좋아요,"일시적인 오류가 발생했습니다
주차하기 편해요",2021년 7월 17일 토요일,1번째 방문,영수증
배스킨라빈스 월계이마트점,아이스크림,4.32,,,봄날920,https://m.place.naver.com/my/5f04069446b97d95869c7443/review?v=2,180,,,넘 오래 기다림 ㅠ,,2021년 5월 15일 토요일,1번째 방문,영수증
배스킨라빈스 월계이마트점,아이스크림,4.32,,,레이지36,https://m.place.naver.com/my/5bf0c55492b7d9c25c79ac57/review?v=2,28,,,먹고 갈 자리만 있으면 더 좋을텐데 아쉬워요,,2021년 4월 21일 수요일,1번째 방문,영수증
배스킨라빈스 월계이마트점,아이스크림,4.32,,,jksoon,https://m.place.naver.com/my/5eb977528f87a842bc0ce67d/review?v=2,1406,13,,조아요,,2021년 6월 6일 일요일,2번째 방문,영수증
배스킨라빈스 월계이마트점,아이스크림,4.32,,,jksoon,https://m.place.naver.com/my/5eb977528f87a842bc0ce67d/review?v=2,1406,13,,조아요,,2021년 6월 6일 일요일,1번째 방문,영수증
배스킨라빈스 월계이마트점,아이스크림,4.32,,,아침이슬7665,https://m.place.naver.com/my/5ff15bf6a47fd5e6f23009b8/review?v=2,124,,,ㅈ,,2021년 6월 14일 월요일,1번째 방문,영수증
배스킨라빈스 월계이마트점,아이스크림,4.32,,,솜솜캔디76,https://m.place.naver.com/my/5e0043c58f87a842bc429fa7/review?v=2,451,,,좋아요,,2021년 9월 25일 토요일,1번째 방문,영수증
배스킨라빈스 월계이마트점,아이스크림,4.32,,,바나나킴,https://m.place.naver.com/my/5c0693f9c214b4514ea67433/review?v=2,903,14,,베라는 항상 맛있어요,,2021년 4월 3일 토요일,1번째 방문,영수증
배스킨라빈스 월계이마트점,아이스크림,4.32,,,떠떠짱,https://m.place.naver.com/my/5ee3594d8f87a842bcfcf838/review?v=2,137,2,,직원들 핵불친절 방문할때마다,,2021년 4월 6일 화요일,1번째 방문,영수증
배스킨라빈스 월계이마트점,아이스크림,4.32,,,귀요미6,https://m.place.naver.com/my/5f0584252b24071c70655694/review?v=2,21,,,아이스크림이 약간 녹아서 아쉽지만 맛있음,,2021년 2월 5일 금요일,1번째 방문,영수증
배스킨라빈스 월계이마트점,아이스크림,4.32,,,웅환효맘,https://m.place.naver.com/my/5be92a537c0b8fb63abfca0b/review?v=2,419,,,,,2021년 4월 22일 목요일,1번째 방문,영수증
배스킨라빈스 월계이마트점,아이스크림,4.32,,,hk****,https://m.place.naver.com/my/5bb24adb8e16aeca339a45b1/review?v=2,121,,,좋아요,,2021년 8월 6일 금요일,2번째 방문,영수증
배스킨라빈스 월계이마트점,아이스크림,4.32,,,inae0843,https://m.place.naver.com/my/5e6ae7d28f87a842bcd150fe/review?v=2,3812,1,,좋아요,,2021년 5월 30일 일요일,5번째 방문,영수증
배스킨라빈스 월계이마트점,아이스크림,4.32,,,후리지아361,https://m.place.naver.com/my/5bf40228378d29d8044ea4f8/review?v=2,979,,,좋아요,,2021년 5월 16일 일요일,2번째 방문,영수증
배스킨라빈스 월계이마트점,아이스크림,4.32,,,유오디아97,https://m.place.naver.com/my/5dbff4c88f87a842bc40aae8/review?v=2,574,,,굿,,2021년 6월 18일 금요일,1번째 방문,영수증
배스킨라빈스 월계이마트점,아이스크림,4.32,,,오드리3536,https://m.place.naver.com/my/5cf2c4288f87a842bc3a86ff/review?v=2,342,8,,베스킨 맛잇어요 어느지점이나,,2021년 1월 18일 월요일,1번째 방문,영수증
배스킨라빈스 월계이마트점,아이스크림,4.32,,,rkdsod877,https://m.place.naver.com/my/5c33706e4397cc2b235be07e/review?v=2,935,,,굿,,2021년 5월 29일 토요일,4번째 방문,영수증
배스킨라빈스 월계이마트점,아이스크림,4.32,,,루비언니85,https://m.place.naver.com/my/5c1cb70ff8a09e7b6a24ef1f/review?v=2,410,,,좋아요,,2021년 8월 14일 토요일,1번째 방문,영수증
배스킨라빈스 월계이마트점,아이스크림,4.32,,,추해75,https://m.place.naver.com/my/5cbde814ede3e19fb006aa7c/review?v=2,937,,,좋아요,,2021년 6월 13일 일요일,1번째 방문,영수증
배스킨라빈스 월계이마트점,아이스크림,4.32,,,sun****,https://m.place.naver.com/my/5f0609eea33384f6f57cc2c3/review?v=2,722,,,생일때마다가는 베라~쿠폰도주셨네요~,,2021년 1월 25일 월요일,1번째 방문,영수증
배스킨라빈스 월계이마트점,아이스크림,4.32,,,우리언니39,https://m.place.naver.com/my/5bf3818c7aa5aee7670cc452/review?v=2,38,,,주문했던 맛중에 두 개나 없어서 대체했고 매장에 사람이 많아서 기다렸지만 친절했어요,,2020년 12월 26일 토요일,1번째 방문,포장주문
배스킨라빈스 월계이마트점,아이스크림,4.32,,,dod****,https://m.place.naver.com/my/5bf2d1b4c0b37827c6ba152d/review?v=2,1142,,,여윽시 맛짐,,2021년 5월 7일 금요일,2번째 방문,영수증
배스킨라빈스 월계이마트점,아이스크림,4.32,,,제이제이영,https://m.place.naver.com/my/5b6c63c5b7156d9da3ff3878/review?v=2,1361,,,좋아요,"일시적인 오류가 발생했습니다
디저트가 맛있어요",2021년 6월 7일 월요일,1번째 방문,영수증
배스킨라빈스 월계이마트점,아이스크림,4.32,,,dangdangeu,https://m.place.naver.com/my/5da05d868f87a842bcd1a2de/review?v=2,2339,33,,좋아요,,2021년 5월 2일 일요일,2번째 방문,영수증
배스킨라빈스 월계이마트점,아이스크림,4.32,,,rkdsod877,https://m.place.naver.com/my/5c33706e4397cc2b235be07e/review?v=2,935,,,굿,,2021년 5월 22일 토요일,3번째 방문,영수증
배스킨라빈스 월계이마트점,아이스크림,4.32,,,매직니들,https://m.place.naver.com/my/5deaf43f9ec8258e4a0d4733/review?v=2,562,,,베라는 행복입니다,,2021년 4월 6일 화요일,1번째 방문,영수증
배스킨라빈스 월계이마트점,아이스크림,4.32,,,곰B,https://m.place.naver.com/my/5cc551871bceb3d83f6331c6/review?v=2,108,1,,신제품 시음!,,2021년 5월 4일 화요일,1번째 방문,영수증
배스킨라빈스 월계이마트점,아이스크림,4.32,,,황가네대장,https://m.place.naver.com/my/5fc2e61196ba9465f8935e14/review?v=2,30,,,"앞에 사람이 없었는데 천천히 주셔서 좀 그렇지만, 전에 사장님보다 친절해서 좋네요",,2021년 2월 22일 월요일,1번째 방문,영수증
배스킨라빈스 월계이마트점,아이스크림,4.32,,,미친토끼40,https://m.place.naver.com/my/5dc5174d8f87a842bcfc560d/review?v=2,130,,,친절하고 좋아요,,2021년 3월 2일 화요일,1번째 방문,영수증
배스킨라빈스 월계이마트점,아이스크림,4.32,,,이멜다씨,https://m.place.naver.com/my/5bf5afc182aec0c48aa43fab/review?v=2,256,2,,민트초코봉봉 굿,,2021년 4월 1일 목요일,1번째 방문,영수증
배스킨라빈스 월계이마트점,아이스크림,4.32,,,콩이네55,https://m.place.naver.com/my/5d9c23c98f87a842bc2ac8f4/review?v=2,486,,,맛있어요~,,2021년 5월 22일 토요일,1번째 방문,영수증
배스킨라빈스 월계이마트점,아이스크림,4.32,,,최고다정임이,https://m.place.naver.com/my/5b9f503e855ca04de6fe28ee/review?v=2,42,,,친절해요,,2021년 5월 22일 토요일,1번째 방문,영수증
배스킨라빈스 월계이마트점,아이스크림,4.32,,,그래안그래그래,https://m.place.naver.com/my/5ce076b5ba9f58daf2787745/review?v=2,1439,,,남자분이 깔끔하게 잘 담아주셨어요,,2021년 1월 22일 금요일,2번째 방문,영수증
배스킨라빈스 월계이마트점,아이스크림,4.32,,,스페인여행,https://m.place.naver.com/my/5d52b084d4672a4a70f62bf2/review?v=2,409,,,친절해요!,,2021년 5월 19일 수요일,1번째 방문,영수증
배스킨라빈스 월계이마트점,아이스크림,4.32,,,lnd****,https://m.place.naver.com/my/5eff6a2d54eca45f153daa24/review?v=2,1188,,,맛있어요,,2021년 8월 11일 수요일,2번째 방문,영수증
배스킨라빈스 월계이마트점,아이스크림,4.32,,,숙이778,https://m.place.naver.com/my/60518fcd6523f71b8df8761c/review?v=2,1752,,,마트 갈때 자주 가요,"일시적인 오류가 발생했습니다
음료가 맛있어요",2021년 3월 21일 일요일,1번째 방문,영수증
배스킨라빈스 월계이마트점,아이스크림,4.32,,,도도솔솔라시,https://m.place.naver.com/my/5d99b70b8f87a842bc7b78d7/review?v=2,302,,,타 매장에 비해 시설 깨끗해보임,,2021년 2월 20일 토요일,1번째 방문,영수증
배스킨라빈스 월계이마트점,아이스크림,4.32,,,후리지아361,https://m.place.naver.com/my/5bf40228378d29d8044ea4f8/review?v=2,979,,,좋아요,,2021년 4월 10일 토요일,1번째 방문,영수증
배스킨라빈스 월계이마트점,아이스크림,4.32,,,red****,https://m.place.naver.com/my/60b09850888e3d78dba7a312/review?v=2,383,,,맛나요,"일시적인 오류가 발생했습니다
디저트가 맛있어요",2021년 8월 5일 목요일,1번째 방문,영수증
배스킨라빈스 월계이마트점,아이스크림,4.32,,,방랑자9899,https://m.place.naver.com/my/5ce2061441a351db4a1a6293/review?v=2,936,17,,정신없음,,2021년 3월 20일 토요일,1번째 방문,영수증
배스킨라빈스 월계이마트점,아이스크림,4.32,,,연지맘맘,https://m.place.naver.com/my/5bed538118ef9b2fa24a404f/review?v=2,593,,,좋아요,,2021년 4월 8일 목요일,1번째 방문,영수증
배스킨라빈스 월계이마트점,아이스크림,4.32,,,뽀야뽀야11,https://m.place.naver.com/my/5f04f804ad3c22327acc251f/review?v=2,284,,,딸기라ㄸㅔ 그저그래요,,2021년 3월 11일 목요일,1번째 방문,영수증
배스킨라빈스 월계이마트점,아이스크림,4.32,,,세시리7,https://m.place.naver.com/my/5d8b0a7d8f87a842bc8278fa/review?v=2,4,,,크리스마스라 엄청 바빠보엿는데 픽업하러가니 금방 해주셧어요. 잘 먹겟습니다.,,2020년 12월 25일 금요일,1번째 방문,포장주문
배스킨라빈스 월계이마트점,아이스크림,4.32,,,ch2****,https://m.place.naver.com/my/5e251d418f87a842bcdda081/review?v=2,1301,,,굿,,2021년 5월 6일 목요일,1번째 방문,영수증
배스킨라빈스 월계이마트점,아이스크림,4.32,,,Flejwod,https://m.place.naver.com/my/5f2d0d549ec8258e4ab6ae01/review?v=2,442,,,좋아요,,2021년 4월 19일 월요일,1번째 방문,영수증
배스킨라빈스 월계이마트점,아이스크림,4.32,,,ske****,https://m.place.naver.com/my/5b9fa69df249ee6e559971b5/review?v=2,2456,,,디저트로 꼭 먹어줘야죠,,2021년 6월 1일 화요일,3번째 방문,영수증
배스킨라빈스 월계이마트점,아이스크림,4.32,,,killer514x,https://m.place.naver.com/my/5e2a65918f87a842bcf307c5/review?v=2,836,,,깨끗하고 맛있어요. 엄마는 외계인~~ㅎ,,2021년 1월 1일 금요일,1번째 방문,영수증
배스킨라빈스 월계이마트점,아이스크림,4.32,,,러댜냐,https://m.place.naver.com/my/5f30cfbd9ec8258e4a6cd2e5/review?v=2,117,,,8,,2021년 4월 7일 수요일,1번째 방문,영수증
배스킨라빈스 월계이마트점,아이스크림,4.32,,,푸른나무9420,https://m.place.naver.com/my/6010e1ad9074f7c50ec3d33d/review?v=2,231,2,,좋아요,,2021년 4월 23일 금요일,1번째 방문,영수증
배스킨라빈스 월계이마트점,아이스크림,4.32,,,pak8940,https://m.place.naver.com/my/5c8ed903a5b485d57a5c83f2/review?v=2,97,,,좋아요,,2021년 4월 16일 금요일,2번째 방문,영수증
배스킨라빈스 월계이마트점,아이스크림,4.32,,,luc****,https://m.place.naver.com/my/5fb4cfa819d6b675c1620f09/review?v=2,147,,,.,,2021년 4월 2일 금요일,1번째 방문,영수증
배스킨라빈스 월계이마트점,아이스크림,4.32,,,pak8940,https://m.place.naver.com/my/5c8ed903a5b485d57a5c83f2/review?v=2,97,,,좋아요,,2021년 4월 16일 금요일,1번째 방문,영수증
배스킨라빈스 월계이마트점,아이스크림,4.32,,,rkdsod877,https://m.place.naver.com/my/5c33706e4397cc2b235be07e/review?v=2,935,,,굿,,2021년 4월 10일 토요일,2번째 방문,영수증
배스킨라빈스 월계이마트점,아이스크림,4.32,,,쨍그,https://m.place.naver.com/my/5db64ba98f87a842bc863a7e/review?v=2,22,,,"맛은 있죠 배란데,. 알바생이 둘이 얘기하느라 빨리 가져가라는식으로 턱 올려두고 둘이 떠드느라 가져가는줄도 모를듯 ㅇㅂㅇ..",,2021년 1월 12일 화요일,1번째 방문,영수증
배스킨라빈스 월계이마트점,아이스크림,4.32,,,가가자매맘,https://m.place.naver.com/my/5ba461b7cd6a4ec9d090886e/review?v=2,704,21,,친절하고좋아요,,2021년 1월 14일 목요일,1번째 방문,영수증
배스킨라빈스 월계이마트점,아이스크림,4.32,,,뽀족가시,https://m.place.naver.com/my/5c1f1fa2dbb126046427f74f/review?v=2,831,,,좋아요,,2021년 5월 12일 수요일,1번째 방문,영수증
배스킨라빈스 월계이마트점,아이스크림,4.32,,,임수연9392,https://m.place.naver.com/my/5df727ae8f87a842bcd4861d/review?v=2,367,,,사람들이 많아요 마트안에 있어서 편하게 이용가능해요,,2021년 1월 17일 일요일,1번째 방문,영수증
배스킨라빈스 월계이마트점,아이스크림,4.32,,,지민돌이,https://m.place.naver.com/my/5b80cd5a54267f6c36b9dbee/review?v=2,1971,,,사람 많고 포스사용으로 진땀 났던곳~,,2020년 12월 15일 화요일,1번째 방문,영수증
배스킨라빈스 월계이마트점,아이스크림,4.32,,,kri****,https://m.place.naver.com/my/5fb91f2b8b47ba33ffe862e1/review?v=2,89,,,좋아요,,2021년 4월 4일 일요일,1번째 방문,영수증
배스킨라빈스 월계이마트점,아이스크림,4.32,,,야웅,https://m.place.naver.com/my/5bedcf5dccc8350ee86a284c/review?v=2,211,,,좋아요,,2021년 4월 2일 금요일,1번째 방문,영수증
배스킨라빈스 월계이마트점,아이스크림,4.32,,,그레4697,https://m.place.naver.com/my/5d71d6768f87a842bca429d5/review?v=2,1028,20,,친절하고 좋아요,,2021년 1월 1일 금요일,1번째 방문,영수증
배스킨라빈스 월계이마트점,아이스크림,4.32,,,리나콩,https://m.place.naver.com/my/5d9651c78f87a842bcae4771/review?v=2,158,,,친절하지는 않음,,2020년 12월 24일 목요일,1번째 방문,포장주문
배스킨라빈스 월계이마트점,아이스크림,4.32,,,nay****,https://m.place.naver.com/my/5d89c3338f87a842bce7e717/review?v=2,9,,,빠르고 편리해요,,2021년 1월 3일 일요일,1번째 방문,포장주문
배스킨라빈스 월계이마트점,아이스크림,4.32,,,보뇨뇨,https://m.place.naver.com/my/5d097778fa64ea1da43b84cf/review?v=2,39,,,베라는 뭐 맛잇됴,,2021년 1월 30일 토요일,1번째 방문,영수증
배스킨라빈스 월계이마트점,아이스크림,4.32,,,셀린공주,https://m.place.naver.com/my/5e13591a8f87a842bcbe5656/review?v=2,836,,,아이스크림 맛있게 먹고 왔어요,,2020년 11월 28일 토요일,2번째 방문,영수증
배스킨라빈스 월계이마트점,아이스크림,4.32,,,miz****,https://m.place.naver.com/my/5f0614f3de46936b673853e7/review?v=2,195,,,Good,,2021년 3월 25일 목요일,1번째 방문,영수증
배스킨라빈스 월계이마트점,아이스크림,4.32,,,좋은걸 어떻게,https://m.place.naver.com/my/5d5e325a8f87a842bc637aaf/review?v=2,863,6,,ㅡ,,2021년 1월 30일 토요일,2번째 방문,영수증
배스킨라빈스 월계이마트점,아이스크림,4.32,,,햄토루,https://m.place.naver.com/my/5c35535cdcfa452b19ba666f/review?v=2,88,,,"실패없는 엄외
이달의 메뉴라 먹어본 아이스호떡도 괜찮았음
아이와 어르신들 모두 만족",,2020년 11월 11일 수요일,1번째 방문,영수증
배스킨라빈스 월계이마트점,아이스크림,4.32,,,gpwjd84,https://m.place.naver.com/my/5bf4782d3f552b62984d530c/review?v=2,46,,,미리주문하니 좋습니다,,2020년 12월 23일 수요일,1번째 방문,포장주문
배스킨라빈스 월계이마트점,아이스크림,4.32,,,딸기3190,https://m.place.naver.com/my/5c204faf0b57e9b260c71793/review?v=2,11,,,"이마트 갈때마다 이용했는데 그람수 모자란것 같아  확인 해달하니 역시나 미달이네요.
직원분이신가 짧은 컷트머리 여자분이 막말하네요.
본사에 확인요청드렸어요.그람수 모자란사진동봉해서요.
결제취소하고 기분상해 다른 지점에서 사먹었더니 모양도 이쁘고 양도 딱 맞았어요.",,2020년 10월 27일 화요일,1번째 방문,영수증
배스킨라빈스 월계이마트점,아이스크림,4.32,,,김경애550,https://m.place.naver.com/my/60c7e3dbff49fdcbd4278f8b/review?v=2,931,,,좋아요,,2021년 3월 20일 토요일,1번째 방문,영수증
배스킨라빈스 월계이마트점,아이스크림,4.32,,,sha****,https://m.place.naver.com/my/5eaa7aff8f87a842bce4257b/review?v=2,346,,,좋아요,,2021년 3월 20일 토요일,1번째 방문,영수증
배스킨라빈스 월계이마트점,아이스크림,4.32,,,k1****,https://m.place.naver.com/my/5e47fc4a8f87a842bc923fb4/review?v=2,4,,,바쁜데도  빨리준비해주셨어요 특히 남자알바생이  너무 친절했어요,,2020년 12월 25일 금요일,1번째 방문,포장주문
배스킨라빈스 월계이마트점,아이스크림,4.32,,,DarkAngel38,https://m.place.naver.com/my/5caaa536ba73d75ba410f0ce/review?v=2,1,,,바로 준비해주셔서 빠르게 픽업했어요~,,2020년 12월 24일 목요일,1번째 방문,포장주문
배스킨라빈스 월계이마트점,아이스크림,4.32,,,냠냠먹어보자,https://m.place.naver.com/my/5c92d849944655e33ff856d5/review?v=2,158,,,블라스트가 음료처럼 묽어서 아쉽지만 맛있어요,,2020년 12월 6일 일요일,1번째 방문,영수증
배스킨라빈스 월계이마트점,아이스크림,4.32,,,하멍멍멍멍이,https://m.place.naver.com/my/5b9a5067debf0a393b120438/review?v=2,406,,,너무맛있어요,,2020년 12월 20일 일요일,1번째 방문,영수증
배스킨라빈스 월계이마트점,아이스크림,4.32,,,opti0108,https://m.place.naver.com/my/5d39403fbd621cfd9b8d45f8/review?v=2,893,14,,맛있어염.근데 쫌비싼편이어서..쪼꿈 아쉬워ㅜㅜ,,2020년 11월 20일 금요일,1번째 방문,영수증
배스킨라빈스 월계이마트점,아이스크림,4.32,,,아자544,https://m.place.naver.com/my/5d4285a612d8e5199424a96b/review?v=2,405,,,좋아요,,2021년 2월 11일 목요일,1번째 방문,영수증
배스킨라빈스 월계이마트점,아이스크림,4.32,,,셔니8066,https://m.place.naver.com/my/5eadf8d08f87a842bcf094f8/review?v=2,148,,,별로,,2021년 2월 23일 화요일,1번째 방문,영수증
배스킨라빈스 월계이마트점,아이스크림,4.32,,,cyh****,https://m.place.naver.com/my/5e6732888f87a842bcf33ebe/review?v=2,1278,,,아이스크림은 맛있어요,,2021년 1월 16일 토요일,1번째 방문,영수증
배스킨라빈스 월계이마트점,아이스크림,4.32,,,피에로64,https://m.place.naver.com/my/5f06d8a4d6ec8fd5cc9be0fa/review?v=2,204,,,굿,,2021년 3월 9일 화요일,1번째 방문,영수증
배스킨라빈스 월계이마트점,아이스크림,4.32,,,노란토마,https://m.place.naver.com/my/5ca779ecbbc617ddbcf0b45a/review?v=2,200,,,좋아요,,2021년 3월 6일 토요일,2번째 방문,영수증
배스킨라빈스 월계이마트점,아이스크림,4.32,,,사랑해8841,https://m.place.naver.com/my/5b80e13f570cd6122f6ee8fc/review?v=2,180,6,,좋아요,,2021년 1월 27일 수요일,3번째 방문,영수증
배스킨라빈스 월계이마트점,아이스크림,4.32,,,inae0843,https://m.place.naver.com/my/5e6ae7d28f87a842bcd150fe/review?v=2,3812,1,,좋아요,,2021년 2월 20일 토요일,4번째 방문,영수증
배스킨라빈스 월계이마트점,아이스크림,4.32,,,jik****,https://m.place.naver.com/my/5f3a3784a602e98f56051c0b/review?v=2,347,,,역시 배라는 맛있어요~,,2020년 12월 31일 목요일,3번째 방문,포장주문
배스킨라빈스 월계이마트점,아이스크림,4.32,,,ddd5398,https://m.place.naver.com/my/5df8496f8f87a842bc913add/review?v=2,1157,,,굿,"일시적인 오류가 발생했습니다
주차하기 편해요",2021년 7월 12일 월요일,1번째 방문,영수증
배스킨라빈스 월계이마트점,아이스크림,4.32,,,kckangy,https://m.place.naver.com/my/5dd89ec19ec8258e4a46e5b4/review?v=2,1314,,,무인판매,,2021년 2월 15일 월요일,1번째 방문,영수증
배스킨라빈스 월계이마트점,아이스크림,4.32,,,dod****,https://m.place.naver.com/my/5bf2d1b4c0b37827c6ba152d/review?v=2,1142,,,레인보우샤베트짱,,2020년 12월 4일 금요일,1번째 방문,영수증
배스킨라빈스 월계이마트점,아이스크림,4.32,,,꽃1432,https://m.place.naver.com/my/5c427f834f0ae1e51d8e911b/review?v=2,63,,,걍 그래요,,2021년 2월 11일 목요일,1번째 방문,영수증
배스킨라빈스 월계이마트점,아이스크림,4.32,,,핑크공주51,https://m.place.naver.com/my/5b89c900b599effab7957304/review?v=2,263,,,좋아요,,2021년 3월 1일 월요일,2번째 방문,영수증
배스킨라빈스 월계이마트점,아이스크림,4.32,,,ehsong1,https://m.place.naver.com/my/5caca50b80307c620951a8d8/review?v=2,233,,,맛나옷,,2021년 2월 26일 금요일,1번째 방문,영수증
배스킨라빈스 월계이마트점,아이스크림,4.32,,,don****,https://m.place.naver.com/my/5bff2eacd1ccb8ec62498163/review?v=2,171,,,굿,,2021년 5월 22일 토요일,1번째 방문,영수증
배스킨라빈스 월계이마트점,아이스크림,4.32,,,노란토마,https://m.place.naver.com/my/5ca779ecbbc617ddbcf0b45a/review?v=2,200,,,좋아요,,2021년 2월 23일 화요일,1번째 방문,영수증
배스킨라빈스 월계이마트점,아이스크림,4.32,,,리꽁띠,https://m.place.naver.com/my/5c220c950e5d285762378f92/review?v=2,24,,,친절하고 맛있어요,,2020년 12월 23일 수요일,2번째 방문,포장주문
배스킨라빈스 월계이마트점,아이스크림,4.32,,,miniYU,https://m.place.naver.com/my/5d9edaa98f87a842bcb72487/review?v=2,73,,,좋아요 맛있어요배라,,2020년 12월 24일 목요일,1번째 방문,포장주문
배스킨라빈스 월계이마트점,아이스크림,4.32,,,SUMIN25,https://m.place.naver.com/my/5d1b5134060f7104809177ea/review?v=2,142,,,굿,,2021년 2월 21일 일요일,1번째 방문,영수증
배스킨라빈스 월계이마트점,아이스크림,4.32,,,jhsmpp,https://m.place.naver.com/my/60231b1d1c71972d11f7c36c/review?v=2,341,,,좋아요,,2021년 2월 21일 일요일,1번째 방문,영수증
배스킨라빈스 월계이마트점,아이스크림,4.32,,,셀린공주,https://m.place.naver.com/my/5e13591a8f87a842bcbe5656/review?v=2,836,,,마법사의 할로윈 맛있어요,,2020년 10월 24일 토요일,1번째 방문,영수증
배스킨라빈스 월계이마트점,아이스크림,4.32,,,백리향79,https://m.place.naver.com/my/5ebf8e058f87a842bc803763/review?v=2,66,,,맛있게 잘먹을게요,,2020년 12월 24일 목요일,1번째 방문,포장주문
배스킨라빈스 월계이마트점,아이스크림,4.32,,,Matthias23,https://m.place.naver.com/my/5df6f3028f87a842bca2279b/review?v=2,397,6,,카카오 캐릭터 상품이 눈에 띄네요,,2020년 10월 24일 토요일,1번째 방문,영수증
배스킨라빈스 월계이마트점,아이스크림,4.32,,,yis1215,https://m.place.naver.com/my/5f45c526a602e98f56be3043/review?v=2,1479,,,굿,,2021년 5월 12일 수요일,1번째 방문,영수증
배스킨라빈스 월계이마트점,아이스크림,4.32,,,꿈순이84,https://m.place.naver.com/my/5dd652fa8f87a842bcee9880/review?v=2,812,,,좋아요,,2021년 2월 17일 수요일,1번째 방문,영수증
배스킨라빈스 월계이마트점,아이스크림,4.32,,,kan****,https://m.place.naver.com/my/5e6191a38f87a842bca08e28/review?v=2,982,,,,,2021년 3월 8일 월요일,1번째 방문,영수증
배스킨라빈스 월계이마트점,아이스크림,4.32,,,lee****,https://m.place.naver.com/my/5b78ab449d58833aeb465c98/review?v=2,320,,,굿,,2021년 1월 31일 일요일,2번째 방문,영수증
배스킨라빈스 월계이마트점,아이스크림,4.32,,,lee****,https://m.place.naver.com/my/5b78ab449d58833aeb465c98/review?v=2,320,,,맛있어요,,2021년 1월 31일 일요일,1번째 방문,영수증
배스킨라빈스 월계이마트점,아이스크림,4.32,,,사마79,https://m.place.naver.com/my/5cba62816b0ce5d5e8509c7e/review?v=2,179,5,,"이마트갈때마다 들려요
구경하느라 다리아프고 허리아프다고 
징징대는 남편 입막음용",,2020년 10월 9일 금요일,1번째 방문,영수증
배스킨라빈스 월계이마트점,아이스크림,4.32,,,stellar777,https://m.place.naver.com/my/5de0e4909ec8258e4acf27a2/review?v=2,39,,,"아이스크림은 베라 맛입니다~^^ㅎㅎ
엄청 친절하셨어요~♡♡",,2020년 11월 20일 금요일,1번째 방문,영수증
배스킨라빈스 월계이마트점,아이스크림,4.32,,,kyou1116,https://m.place.naver.com/my/5cc9017ede8b577bdce220f9/review?v=2,300,,,9,,2021년 1월 23일 토요일,1번째 방문,영수증
배스킨라빈스 월계이마트점,아이스크림,4.32,,,빵수니219,https://m.place.naver.com/my/5bf200afe60721e4abd1a7bc/review?v=2,2082,,,친절해요,,2021년 1월 9일 토요일,1번째 방문,영수증
배스킨라빈스 월계이마트점,아이스크림,4.32,,,yg****,https://m.place.naver.com/my/5ff187ad707ddc2b4866684d/review?v=2,141,,,굿,,2021년 1월 31일 일요일,3번째 방문,영수증
배스킨라빈스 월계이마트점,아이스크림,4.32,,,복숭아펀치,https://m.place.naver.com/my/5ec6f9be8f87a842bc2c00fa/review?v=2,220,,,추천해요,"일시적인 오류가 발생했습니다
매장이 청결해요",2021년 2월 9일 화요일,1번째 방문,영수증
배스킨라빈스 월계이마트점,아이스크림,4.32,,,붉은레몬59,https://m.place.naver.com/my/5ea252f48f87a842bc036461/review?v=2,234,,,굿,,2021년 2월 7일 일요일,1번째 방문,영수증
배스킨라빈스 월계이마트점,아이스크림,4.32,,,선이4788,https://m.place.naver.com/my/5fdfefa1ad6db55410972138/review?v=2,1521,,,좋아요,,2021년 2월 6일 토요일,1번째 방문,영수증
배스킨라빈스 월계이마트점,아이스크림,4.32,,,나다라자차카,https://m.place.naver.com/my/5c309a32a4e952ab40dc99d8/review?v=2,131,1,,굿,,2021년 1월 31일 일요일,2번째 방문,영수증
배스킨라빈스 월계이마트점,아이스크림,4.32,,,yg****,https://m.place.naver.com/my/5ff187ad707ddc2b4866684d/review?v=2,141,,,굿,,2021년 1월 31일 일요일,2번째 방문,영수증
배스킨라빈스 월계이마트점,아이스크림,4.32,,,pyh****,https://m.place.naver.com/my/5da7de3d8f87a842bc759718/review?v=2,2396,,,좋아요,,2021년 1월 31일 일요일,2번째 방문,영수증
배스킨라빈스 월계이마트점,아이스크림,4.32,,,나다라자차카,https://m.place.naver.com/my/5c309a32a4e952ab40dc99d8/review?v=2,131,1,,굿,,2021년 1월 31일 일요일,1번째 방문,영수증
배스킨라빈스 월계이마트점,아이스크림,4.32,,,yg****,https://m.place.naver.com/my/5ff187ad707ddc2b4866684d/review?v=2,141,,,굿,,2021년 1월 31일 일요일,1번째 방문,영수증
배스킨라빈스 월계이마트점,아이스크림,4.32,,,dbs****,https://m.place.naver.com/my/5baa0f283a2c11cada5a3372/review?v=2,1135,4,,굿,,2021년 1월 30일 토요일,1번째 방문,영수증
배스킨라빈스 월계이마트점,아이스크림,4.32,,,불꽃남자BK,https://m.place.naver.com/my/5bdab69ef9c1b560bb6b2e2b/review?v=2,42,,,^^,,2021년 1월 10일 일요일,1번째 방문,영수증
배스킨라빈스 월계이마트점,아이스크림,4.32,,,그래안그래그래,https://m.place.naver.com/my/5ce076b5ba9f58daf2787745/review?v=2,1439,,,친절해요,,2020년 12월 26일 토요일,1번째 방문,영수증
배스킨라빈스 월계이마트점,아이스크림,4.32,,,우갱47,https://m.place.naver.com/my/5e0292758f87a842bc6000f4/review?v=2,516,,,"네이버 주문 픽업관련 직업교육이 필요합니다 
저녁시간대 직원은 신속하게 잘 처리하시는데 오전시간대 분은 쫌....답답하고 짜증났어요",,2020년 12월 31일 목요일,3번째 방문,포장주문
배스킨라빈스 월계이마트점,아이스크림,4.32,,,삶이란31,https://m.place.naver.com/my/5e3a1dd38f87a842bcbead34/review?v=2,243,,,응대가 늦어서 별하나 뺐어요,,2020년 11월 3일 화요일,1번째 방문,영수증
배스킨라빈스 월계이마트점,아이스크림,4.32,,,inae0843,https://m.place.naver.com/my/5e6ae7d28f87a842bcd150fe/review?v=2,3812,1,,좋아요,,2021년 1월 9일 토요일,3번째 방문,영수증
배스킨라빈스 월계이마트점,아이스크림,4.32,,,고구마100개75,https://m.place.naver.com/my/5efe5dacbf28894a9288680d/review?v=2,1031,,,좋아여............,,2021년 1월 19일 화요일,1번째 방문,영수증
배스킨라빈스 월계이마트점,아이스크림,4.32,,,An7884,https://m.place.naver.com/my/5e1b359c8f87a842bcec5575/review?v=2,100,,,맛있어요,,2021년 1월 10일 일요일,1번째 방문,영수증
배스킨라빈스 월계이마트점,아이스크림,4.32,,,사랑해8841,https://m.place.naver.com/my/5b80e13f570cd6122f6ee8fc/review?v=2,180,6,,맛있어요,,2020년 11월 18일 수요일,1번째 방문,영수증
배스킨라빈스 월계이마트점,아이스크림,4.32,,,바라기35,https://m.place.naver.com/my/5f05a5690e1ac3aceef9a825/review?v=2,40,,,"이마트에서 애들이랑 아이스크림 하나...
밥 잘먹고 말 잘들으면 아이스크림 사줄꺼야... ㅋ
KT 할인으로 좋네요~",,2020년 9월 29일 화요일,3번째 방문,영수증
배스킨라빈스 월계이마트점,아이스크림,4.32,,,웃음마녀77,https://m.place.naver.com/my/5c41b562b3d121b72d54a539/review?v=2,1675,22,,아이가 좋아해요,,2020년 10월 17일 토요일,3번째 방문,영수증
배스킨라빈스 월계이마트점,아이스크림,4.32,,,all is well,https://m.place.naver.com/my/5bc581043c6a327ecbe1ae24/review?v=2,438,13,,굿,,2020년 12월 11일 금요일,1번째 방문,영수증
배스킨라빈스 월계이마트점,아이스크림,4.32,,,a1****,https://m.place.naver.com/my/5c6fba73abfe437c31db6906/review?v=2,61,,,마트에 있어서 가끔 가요. 나쁘진 않은데 저번에 뉴욕치즈케이크 먹었을때 안에있는 치즈케익이 딱딱해서 별로였어요. 양 딴데보다 적어요,,2020년 10월 2일 금요일,1번째 방문,영수증
배스킨라빈스 월계이마트점,아이스크림,4.32,,,CHIBAUME,https://m.place.naver.com/my/5d7343568f87a842bccfb702/review?v=2,839,,,좋아요,,2021년 1월 13일 수요일,1번째 방문,영수증
배스킨라빈스 월계이마트점,아이스크림,4.32,,,나랑드7,https://m.place.naver.com/my/5b9b277520ff63340e434a29/review?v=2,35,,,굿굿굿!!!!!!!!!!,,2020년 12월 23일 수요일,1번째 방문,포장주문
배스킨라빈스 월계이마트점,아이스크림,4.32,,,rms****,https://m.place.naver.com/my/5d94b8b78f87a842bcd8d414/review?v=2,707,12,,사람이 많은곳이다보니 정신없긴했지만 그래도 굿,,2020년 10월 17일 토요일,1번째 방문,영수증
배스킨라빈스 월계이마트점,아이스크림,4.32,,,Adios90,https://m.place.naver.com/my/5f3f5a0da602e98f56f502d8/review?v=2,41,,,맛나요!--,,2020년 12월 31일 목요일,3번째 방문,포장주문
배스킨라빈스 월계이마트점,아이스크림,4.32,,,좋은걸 어떻게,https://m.place.naver.com/my/5d5e325a8f87a842bc637aaf/review?v=2,863,6,,새로나온 아이스크림 좋아요^^,,2020년 9월 14일 월요일,1번째 방문,영수증
배스킨라빈스 월계이마트점,아이스크림,4.32,,,웃음마녀77,https://m.place.naver.com/my/5c41b562b3d121b72d54a539/review?v=2,1675,22,,좋아요~키오스트로 바껴서 주문할때 살짝 버벅거렸지만 익숙하니 편해요,,2020년 9월 12일 토요일,1번째 방문,영수증
배스킨라빈스 월계이마트점,아이스크림,4.32,,,공기방울5422,https://m.place.naver.com/my/5fbcafb15d1728af7e3fa4aa/review?v=2,216,2,,좋아요,,2021년 1월 6일 수요일,1번째 방문,영수증
배스킨라빈스 월계이마트점,아이스크림,4.32,,,Ana9,https://m.place.naver.com/my/5c23809ea07f82d1dc08fdf0/review?v=2,247,,,좋아요,,2021년 1월 3일 일요일,1번째 방문,영수증
배스킨라빈스 월계이마트점,아이스크림,4.32,,,als****,https://m.place.naver.com/my/5d00cb7dc8b1da9b054a75c6/review?v=2,588,,,굳,,2021년 1월 3일 일요일,1번째 방문,영수증
배스킨라빈스 월계이마트점,아이스크림,4.32,,,추추추35,https://m.place.naver.com/my/5f1239209ec8258e4ac78135/review?v=2,174,,,ㅋㅋ,,2020년 12월 14일 월요일,1번째 방문,영수증
배스킨라빈스 월계이마트점,아이스크림,4.32,,,pyh****,https://m.place.naver.com/my/5da7de3d8f87a842bc759718/review?v=2,2396,,,좋아요,,2021년 1월 2일 토요일,1번째 방문,영수증
배스킨라빈스 월계이마트점,아이스크림,4.32,,,dd9911020,https://m.place.naver.com/my/5e1be75c8f87a842bc248c31/review?v=2,1794,,,굿,,2021년 1월 2일 토요일,1번째 방문,영수증
배스킨라빈스 월계이마트점,아이스크림,4.32,,,ping1116,https://m.place.naver.com/my/5d64c4ec8f87a842bc1fb192/review?v=2,1398,21,,,,2020년 10월 31일 토요일,1번째 방문,영수증
배스킨라빈스 월계이마트점,아이스크림,4.32,,,갑스톤,https://m.place.naver.com/my/5d6bcab38f87a842bc5a3aff/review?v=2,337,4,,맛있어요,,2020년 12월 25일 금요일,1번째 방문,영수증
배스킨라빈스 월계이마트점,아이스크림,4.32,,,BeautifulMoment,https://m.place.naver.com/my/5eddd1c78f87a842bc3866c4/review?v=2,120,,,맛있어요,,2020년 12월 26일 토요일,1번째 방문,영수증
배스킨라빈스 월계이마트점,아이스크림,4.32,,,푸하하미라,https://m.place.naver.com/my/5be97f454b77f47c08aae06a/review?v=2,96,,,키오스크 주문이라 편하고~ 좋습니다,,2020년 7월 27일 월요일,1번째 방문,영수증
배스킨라빈스 월계이마트점,아이스크림,4.32,,,lnd****,https://m.place.naver.com/my/5eff6a2d54eca45f153daa24/review?v=2,1188,,,너무 맛있어요,,2020년 12월 24일 목요일,1번째 방문,포장주문
배스킨라빈스 월계이마트점,아이스크림,4.32,,,웃음마녀77,https://m.place.naver.com/my/5c41b562b3d121b72d54a539/review?v=2,1675,22,,친절하고 좋아요!!,,2020년 9월 25일 금요일,2번째 방문,영수증
배스킨라빈스 월계이마트점,아이스크림,4.32,,,우갱47,https://m.place.naver.com/my/5e0292758f87a842bc6000f4/review?v=2,516,,,네이버 스마트주문 완전 편하고 좋아요,,2020년 12월 23일 수요일,1번째 방문,포장주문
배스킨라빈스 월계이마트점,아이스크림,4.32,,,보리사자30,https://m.place.naver.com/my/5d2d36838c8219ecb7ebee11/review?v=2,1568,10,,맛있어요~~,,2020년 11월 19일 목요일,1번째 방문,영수증
배스킨라빈스 월계이마트점,아이스크림,4.32,,,오펜하임싸인,https://m.place.naver.com/my/5c72863930709e4e9b86e668/review?v=2,56,,,많이 파세용,,2020년 11월 2일 월요일,1번째 방문,영수증
배스킨라빈스 월계이마트점,아이스크림,4.32,,,웃음마녀77,https://m.place.naver.com/my/5c41b562b3d121b72d54a539/review?v=2,1675,22,,굿~~~,,2020년 11월 17일 화요일,4번째 방문,영수증
배스킨라빈스 월계이마트점,아이스크림,4.32,,,동글면이,https://m.place.naver.com/my/5dba85398f87a842bca1988b/review?v=2,53,,,애들이 넘 좋아해요,,2020년 10월 17일 토요일,1번째 방문,영수증
배스킨라빈스 월계이마트점,아이스크림,4.32,,,해피밀94,https://m.place.naver.com/my/5d45a78725ded1a17ae843d8/review?v=2,2064,27,,굿,,2020년 12월 14일 월요일,1번째 방문,영수증
배스킨라빈스 월계이마트점,아이스크림,4.32,,,조이공방,https://m.place.naver.com/my/5efe4cdd35e32560edaab0ec/review?v=2,361,,,맛있어요,,2020년 12월 14일 월요일,2번째 방문,영수증
배스킨라빈스 월계이마트점,아이스크림,4.32,,,조이공방,https://m.place.naver.com/my/5efe4cdd35e32560edaab0ec/review?v=2,361,,,좋아요,,2020년 12월 14일 월요일,1번째 방문,영수증
배스킨라빈스 월계이마트점,아이스크림,4.32,,,미소공주82,https://m.place.naver.com/my/5ecc601a8f87a842bc7d5244/review?v=2,1265,,,ㄱㄱ,,2020년 10월 21일 수요일,1번째 방문,영수증
배스킨라빈스 월계이마트점,아이스크림,4.32,,,lho****,https://m.place.naver.com/my/5f22bbdb9ec8258e4a248749/review?v=2,167,,,굿,,2020년 12월 14일 월요일,1번째 방문,영수증
배스킨라빈스 월계이마트점,아이스크림,4.32,,,Samman,https://m.place.naver.com/my/5b6f6e1733cee2282d3491b1/review?v=2,201,,,굳,,2020년 12월 12일 토요일,1번째 방문,영수증
배스킨라빈스 월계이마트점,아이스크림,4.32,,,벨라코,https://m.place.naver.com/my/5ef46e9d8f87a842bc7212b6/review?v=2,871,7,,역시 배라@,,2020년 12월 12일 토요일,1번째 방문,영수증
배스킨라빈스 월계이마트점,아이스크림,4.32,,,뿡빵4964,https://m.place.naver.com/my/5de36fae9ec8258e4a42451a/review?v=2,236,,,굳,,2020년 11월 29일 일요일,1번째 방문,영수증
배스킨라빈스 월계이마트점,아이스크림,4.32,,,sklove1115,https://m.place.naver.com/my/5f06460f9127dcb4fc65d857/review?v=2,197,,,좋아요,,2020년 12월 9일 수요일,1번째 방문,영수증
배스킨라빈스 월계이마트점,아이스크림,4.32,,,땡큐맘7,https://m.place.naver.com/my/5efeca7d493ad9a9a0ec3720/review?v=2,451,9,,"주말이라 그런지 너무 복잡했어요~ 
알바생이 더 있어야하는거 아닌가 싶더라구요
그래도 듬뿍 퍼주셔서 맛나게 잘 먹고 왔어요",,2020년 8월 1일 토요일,1번째 방문,영수증
배스킨라빈스 월계이마트점,아이스크림,4.32,,,셩2316,https://m.place.naver.com/my/5b9ce59ca47a0ddf839aacb7/review?v=2,181,,,두분다 느리셔서 한참 기다렸어요....,,2020년 8월 13일 목요일,1번째 방문,영수증
배스킨라빈스 월계이마트점,아이스크림,4.32,,,핑크공주51,https://m.place.naver.com/my/5b89c900b599effab7957304/review?v=2,263,,,좋아요,,2020년 12월 7일 월요일,1번째 방문,영수증
배스킨라빈스 월계이마트점,아이스크림,4.32,,,솔블리맘,https://m.place.naver.com/my/5d8ac53e8f87a842bc9b4fa6/review?v=2,145,,,아기들이 좋아해서 자주 이용해요^^,,2020년 8월 10일 월요일,1번째 방문,영수증
배스킨라빈스 월계이마트점,아이스크림,4.32,,,rkdsod877,https://m.place.naver.com/my/5c33706e4397cc2b235be07e/review?v=2,935,,,좋아요,,2020년 12월 5일 토요일,1번째 방문,영수증
배스킨라빈스 월계이마트점,아이스크림,4.32,,,함프로,https://m.place.naver.com/my/5c8d096ccbf6fbaa2a9ff6c3/review?v=2,474,,,좋아요,,2021년 2월 22일 월요일,1번째 방문,영수증
배스킨라빈스 월계이마트점,아이스크림,4.32,,,하늘색꿈9668,https://m.place.naver.com/my/5f343a549ec8258e4a2f6677/review?v=2,194,,,굿,,2020년 11월 24일 화요일,2번째 방문,영수증
배스킨라빈스 월계이마트점,아이스크림,4.32,,,너나잘해77,https://m.place.naver.com/my/5c21b0732491d8305294b037/review?v=2,27,,,친절하셔서 좋았습니다~,,2020년 10월 3일 토요일,1번째 방문,영수증
배스킨라빈스 월계이마트점,아이스크림,4.32,,,팔삼이팬,https://m.place.naver.com/my/5ea64f028f87a842bcdf5630/review?v=2,60,,,"너무 맛있네요
또 먹어야지",,2020년 9월 5일 토요일,1번째 방문,영수증
배스킨라빈스 월계이마트점,아이스크림,4.32,,,옹메디이,https://m.place.naver.com/my/5e15fbb98f87a842bc27ea60/review?v=2,69,3,,크림치즈가 있는 맛이 없어서 슬펐네요ㅠㅠㅠ그래도 맛있담,,2020년 7월 4일 토요일,1번째 방문,영수증
배스킨라빈스 월계이마트점,아이스크림,4.32,,,달팽이9,https://m.place.naver.com/my/5b9b74d32e93a207bfa24a85/review?v=2,3040,,,.,,2020년 10월 23일 금요일,2번째 방문,영수증
배스킨라빈스 월계이마트점,아이스크림,4.32,,,메론3084,https://m.place.naver.com/my/5dc5a3e38f87a842bcc3bf59/review?v=2,23,,,"오래걸리는거 말곤 괜찮습니딘
친절하시고 좋아요",,2020년 8월 31일 월요일,1번째 방문,영수증
배스킨라빈스 월계이마트점,아이스크림,4.32,,,알랑가몰렁,https://m.place.naver.com/my/5d121ba4af726f22148d62f5/review?v=2,288,,,굿~~~,,2020년 10월 20일 화요일,1번째 방문,영수증
배스킨라빈스 월계이마트점,아이스크림,4.32,,,뭔데뭔데,https://m.place.naver.com/my/5e8a8a9d8f87a842bcbcc97e/review?v=2,1338,,,왜비싼거지?,,2020년 9월 30일 수요일,1번째 방문,영수증
배스킨라빈스 월계이마트점,아이스크림,4.32,,,삶이란31,https://m.place.naver.com/my/5e3a1dd38f87a842bcbead34/review?v=2,243,,,좋아요,,2020년 11월 15일 일요일,2번째 방문,영수증
배스킨라빈스 월계이마트점,아이스크림,4.32,,,데스노트6862,https://m.place.naver.com/my/5d9e15b98f87a842bc13df88/review?v=2,203,3,,식품,,2021년 1월 16일 토요일,1번째 방문,영수증
배스킨라빈스 월계이마트점,아이스크림,4.32,,,pluto68,https://m.place.naver.com/my/5c5d8512be62055204a3e673/review?v=2,217,,,맛있게 먹넜어요. 친절해서 담에 또 주문 들어갑니다~~,,2020년 12월 23일 수요일,1번째 방문,포장주문
배스킨라빈스 월계이마트점,아이스크림,4.32,,,vkv****,https://m.place.naver.com/my/5c21cf56cf60e7328e9e7a03/review?v=2,47,,,보통,,2020년 10월 18일 일요일,1번째 방문,영수증
배스킨라빈스 월계이마트점,아이스크림,4.32,,,흰도리84,https://m.place.naver.com/my/5efebd01ee06165e651cea35/review?v=2,40,,,굿,,2020년 11월 7일 토요일,1번째 방문,영수증
배스킨라빈스 월계이마트점,아이스크림,4.32,,,MARIE82,https://m.place.naver.com/my/5f0584a20e1ac3aceef91e8d/review?v=2,139,,,스마트결제가 되요,,2020년 9월 5일 토요일,1번째 방문,영수증
배스킨라빈스 월계이마트점,아이스크림,4.32,,,나답게 살자9845,https://m.place.naver.com/my/5e40e0bf8f87a842bc8fd0bb/review?v=2,272,,,맛나 맛나,,2020년 9월 9일 수요일,1번째 방문,영수증
배스킨라빈스 월계이마트점,아이스크림,4.32,,,쿠블cooble,https://m.place.naver.com/my/5f5c3d766c3d7f7334dc6714/review?v=2,728,1,,굿,,2020년 10월 27일 화요일,2번째 방문,영수증
배스킨라빈스 월계이마트점,아이스크림,4.32,,,기여운세비니,https://m.place.naver.com/my/5beb269263a7915e769245d5/review?v=2,789,,,베스킨짜에,,2020년 9월 8일 화요일,1번째 방문,영수증
배스킨라빈스 월계이마트점,아이스크림,4.32,,,songglass,https://m.place.naver.com/my/5b9f3867e5f2853d844af289/review?v=2,492,,,이마트 안에 있어 편해요,,2020년 8월 1일 토요일,1번째 방문,영수증
배스킨라빈스 월계이마트점,아이스크림,4.32,,,너눈을왜그렇게떠,https://m.place.naver.com/my/5e718c7d8f87a842bceae216/review?v=2,374,4,,좋아요 좋아요 좋아요 굳굳,,2020년 8월 5일 수요일,1번째 방문,영수증
배스킨라빈스 월계이마트점,아이스크림,4.32,,,땡이748,https://m.place.naver.com/my/5c93e25c8f993e68fdb0c397/review?v=2,355,,,시원하고 좋아요,,2020년 8월 26일 수요일,1번째 방문,영수증
배스킨라빈스 월계이마트점,아이스크림,4.32,,,funky1118,https://m.place.naver.com/my/5c9c11941a717fd12d11ae0f/review?v=2,125,,,이마트 갈때마다 들려요,,2020년 8월 19일 수요일,1번째 방문,영수증
배스킨라빈스 월계이마트점,아이스크림,4.32,,,스티치4739,https://m.place.naver.com/my/5cbc2b7cbb30481fc22955e6/review?v=2,581,,,맛있어요~~~ 귣굳,,2020년 7월 13일 월요일,1번째 방문,영수증
배스킨라빈스 월계이마트점,아이스크림,4.32,,,미니당근,https://m.place.naver.com/my/5e40c1788f87a842bca54617/review?v=2,14,,,보라보라 맛있다~ ^^,,2020년 8월 15일 토요일,1번째 방문,영수증
배스킨라빈스 월계이마트점,아이스크림,4.32,,,간나니,https://m.place.naver.com/my/5bf0e8a07b88d4438d7dc46d/review?v=2,884,,,BTS세트 구입했어요~,,2020년 8월 8일 토요일,1번째 방문,영수증
배스킨라빈스 월계이마트점,아이스크림,4.32,,,pon****,https://m.place.naver.com/my/5bedffb9734687a1e99d534d/review?v=2,317,,,너무 너무 맛있어요~좋아요,,2020년 7월 11일 토요일,1번째 방문,영수증
배스킨라빈스 월계이마트점,아이스크림,4.32,,,스마일해피62,https://m.place.naver.com/my/5f22e2279ec8258e4ad9b7ee/review?v=2,20,,,내가 좋아하는 BTS!!,,2020년 8월 8일 토요일,1번째 방문,영수증
배스킨라빈스 월계이마트점,아이스크림,4.32,,,쩡6170,https://m.place.naver.com/my/5dc131ec8f87a842bc9faced/review?v=2,192,,,아이스크림맛있어요~,,2020년 8월 8일 토요일,1번째 방문,영수증
배스킨라빈스 월계이마트점,아이스크림,4.32,,,보오호,https://m.place.naver.com/my/5ed4588a8f87a842bc12ab18/review?v=2,283,,,콘주문했는데 컵으로 나왔지만 친절해서 패스,,2020년 9월 8일 화요일,4번째 방문,영수증
배스킨라빈스 월계이마트점,아이스크림,4.32,,,행복한 삶과 독서,https://m.place.naver.com/my/5d9c19848f87a842bc10a115/review?v=2,137,,,맛있어요,,2020년 9월 30일 수요일,1번째 방문,영수증
배스킨라빈스 월계이마트점,아이스크림,4.32,,,쩡이1845,https://m.place.naver.com/my/5e402b268f87a842bcec2aaf/review?v=2,588,,,아이스크림 맛나욤,,2020년 7월 30일 목요일,1번째 방문,영수증
배스킨라빈스 월계이마트점,아이스크림,4.32,,,삐에로파이브,https://m.place.naver.com/my/5bc9ecd3eef0756a1a26dcfd/review?v=2,588,,,좋아요,,2020년 8월 16일 일요일,1번째 방문,영수증
배스킨라빈스 월계이마트점,아이스크림,4.32,,,삐에로파이브,https://m.place.naver.com/my/5bc9ecd3eef0756a1a26dcfd/review?v=2,588,,,좋아요,,2020년 8월 16일 일요일,2번째 방문,영수증
배스킨라빈스 월계이마트점,아이스크림,4.32,,,샤랄라6693,https://m.place.naver.com/my/5be6fb6a3b7c5d2fdccbb657/review?v=2,66,,,주말엔 시간이 많이 걸리더라구요.  그거말곤 관찮았어요,,2020년 6월 27일 토요일,1번째 방문,영수증
배스킨라빈스 월계이마트점,아이스크림,4.32,,,몽이423,https://m.place.naver.com/my/5f463bd7a602e98f56b960cd/review?v=2,2876,,,좋아요,,2021년 3월 12일 금요일,1번째 방문,영수증
배스킨라빈스 월계이마트점,아이스크림,4.32,,,빵주바라기0820,https://m.place.naver.com/my/5b7ebdf719e5be117520d4a3/review?v=2,89,,,,,2020년 7월 11일 토요일,1번째 방문,영수증
배스킨라빈스 월계이마트점,아이스크림,4.32,,,닉넴어렵네,https://m.place.naver.com/my/5c6fc8129b90dc048b43bdb8/review?v=2,577,49,,직원 남자분 넘 친절해요😊 예전에 보던 나이드신 아저씨는 조금 무서웠는데[점주님인가요] 안계셔서 좋아요~,,2020년 3월 23일 월요일,1번째 방문,영수증
배스킨라빈스 월계이마트점,아이스크림,4.32,,,세스바이오,https://m.place.naver.com/my/5ebe0d628f87a842bc1a60a8/review?v=2,283,1,,가까워서 방문했어요,,2020년 7월 11일 토요일,1번째 방문,영수증
배스킨라빈스 월계이마트점,아이스크림,4.32,,,막가자87,https://m.place.naver.com/my/5e86689e8f87a842bc555a52/review?v=2,306,,,또올게요오 좋아요,,2020년 7월 11일 토요일,1번째 방문,영수증
배스킨라빈스 월계이마트점,아이스크림,4.32,,,빵빵3431,https://m.place.naver.com/my/5e3e2c608f87a842bc81ef25/review?v=2,1423,,,좋아용ㅎ또올게용ㅎㅎ,,2020년 7월 11일 토요일,1번째 방문,영수증
배스킨라빈스 월계이마트점,아이스크림,4.32,,,덕후감,https://m.place.naver.com/my/5c8f97e7d7ed90de37ec8b50/review?v=2,211,,,맛있고 자리도 넓어요,,2020년 7월 5일 일요일,2번째 방문,영수증
배스킨라빈스 월계이마트점,아이스크림,4.32,,,덕후감,https://m.place.naver.com/my/5c8f97e7d7ed90de37ec8b50/review?v=2,211,,,맛있고 자리도 넓어요,,2020년 7월 5일 일요일,1번째 방문,영수증
배스킨라빈스 월계이마트점,아이스크림,4.32,,,왕비8634,https://m.place.naver.com/my/5f4e4e136c3d7f73344e8bb5/review?v=2,186,,,좋아요,,2020년 8월 28일 금요일,1번째 방문,영수증
배스킨라빈스 월계이마트점,아이스크림,4.32,,,dndl69,https://m.place.naver.com/my/5eeeb3f48f87a842bc54a42a/review?v=2,109,,,,,2020년 6월 26일 금요일,1번째 방문,영수증
배스킨라빈스 월계이마트점,아이스크림,4.32,,,inae0843,https://m.place.naver.com/my/5e6ae7d28f87a842bcd150fe/review?v=2,3812,1,,좋아요,,2020년 8월 18일 화요일,2번째 방문,영수증
배스킨라빈스 월계이마트점,아이스크림,4.32,,,지서준,https://m.place.naver.com/my/5c6fb209bcb2d47cca7b9c3a/review?v=2,451,,,혼자 하셔서 손님 많을때 좀 기다릴수 있어요,,2020년 5월 13일 수요일,2번째 방문,영수증
배스킨라빈스 월계이마트점,아이스크림,4.32,,,바야바,https://m.place.naver.com/my/5bc7e5ff1f359d62050c6870/review?v=2,1412,,,좋아요,,2020년 10월 10일 토요일,1번째 방문,영수증
배스킨라빈스 월계이마트점,아이스크림,4.32,,,슬아공주,https://m.place.naver.com/my/5b79980ba6da468c305d4aee/review?v=2,111,,,ㅇ,,2020년 7월 30일 목요일,1번째 방문,영수증
배스킨라빈스 월계이마트점,아이스크림,4.32,,,소울84,https://m.place.naver.com/my/5b67b0144f2017444020061a/review?v=2,39,,,맛있어요~!^^,,2020년 8월 10일 월요일,2번째 방문,영수증
배스킨라빈스 월계이마트점,아이스크림,4.32,,,11분,https://m.place.naver.com/my/5eeb7af18f87a842bca74ae8/review?v=2,577,4,,친절해요,,2020년 8월 13일 목요일,1번째 방문,영수증
배스킨라빈스 월계이마트점,아이스크림,4.32,,,소울84,https://m.place.naver.com/my/5b67b0144f2017444020061a/review?v=2,39,,,맛있어요~^^,,2020년 8월 10일 월요일,1번째 방문,영수증
배스킨라빈스 월계이마트점,아이스크림,4.32,,,호잇뚜뚜,https://m.place.naver.com/my/5c0742b62e30f8c1c4af9ad8/review?v=2,89,,,좋아요!,,2020년 8월 10일 월요일,1번째 방문,영수증
배스킨라빈스 월계이마트점,아이스크림,4.32,,,정원맘 월계청백,https://m.place.naver.com/my/5e5d8a1e8f87a842bc4d2a37/review?v=2,58,,,주문이 너무 늦어요,,2020년 6월 8일 월요일,1번째 방문,영수증
배스킨라빈스 월계이마트점,아이스크림,4.32,,,셋아이맘23,https://m.place.naver.com/my/5ec603b18f87a842bcdf0efe/review?v=2,449,,,좋아요,,2020년 8월 8일 토요일,1번째 방문,영수증
배스킨라빈스 월계이마트점,아이스크림,4.32,,,블루하트68,https://m.place.naver.com/my/5f240dca9ec8258e4af93c59/review?v=2,46,,,맛있어요.,,2020년 8월 8일 토요일,1번째 방문,영수증
배스킨라빈스 월계이마트점,아이스크림,4.32,,,피거,https://m.place.naver.com/my/5c5272e7e3ad5ad63befa671/review?v=2,612,,,친절해요,,2020년 8월 5일 수요일,1번째 방문,영수증
배스킨라빈스 월계이마트점,아이스크림,4.32,,,보노보노763,https://m.place.naver.com/my/5e18503b8f87a842bc38397f/review?v=2,82,,,맛있어요,,2020년 8월 5일 수요일,1번째 방문,영수증
배스킨라빈스 월계이마트점,아이스크림,4.32,,,쌩쌩이78,https://m.place.naver.com/my/5ca03f923c3a52e82477a6e1/review?v=2,73,3,,맛있고 친절하시네요 ,,2020년 5월 3일 일요일,1번째 방문,영수증
배스킨라빈스 월계이마트점,아이스크림,4.32,,,지서준,https://m.place.naver.com/my/5c6fb209bcb2d47cca7b9c3a/review?v=2,451,,,너무 기다리게 하네요...,,2020년 5월 13일 수요일,1번째 방문,영수증
배스킨라빈스 월계이마트점,아이스크림,4.32,,,상콤냥잇,https://m.place.naver.com/my/5c938463176d17ee6240ee13/review?v=2,950,,,굿,"일시적인 오류가 발생했습니다
특별한 메뉴가 있어요",2020년 6월 27일 토요일,1번째 방문,영수증
배스킨라빈스 월계이마트점,아이스크림,4.32,,,쿠블cooble,https://m.place.naver.com/my/5f5c3d766c3d7f7334dc6714/review?v=2,728,1,,굿,,2020년 7월 30일 목요일,1번째 방문,영수증
배스킨라빈스 월계이마트점,아이스크림,4.32,,,하늘색꿈9668,https://m.place.naver.com/my/5f343a549ec8258e4a2f6677/review?v=2,194,,,굿,,2020년 7월 30일 목요일,1번째 방문,영수증
배스킨라빈스 월계이마트점,아이스크림,4.32,,,YAMAKI,https://m.place.naver.com/my/5c8c26cdd49d2403126b7040/review?v=2,1505,5,,무인시스템  이 후 너무복잡,,2020년 6월 27일 토요일,2번째 방문,영수증
배스킨라빈스 월계이마트점,아이스크림,4.32,,,빼빼롱7290,https://m.place.naver.com/my/5dff4beb8f87a842bce43ab8/review?v=2,498,,,좋아요,,2020년 7월 24일 금요일,1번째 방문,영수증
배스킨라빈스 월계이마트점,아이스크림,4.32,,,쩡인바린이,https://m.place.naver.com/my/5c7bba22cd5898e168aa34d7/review?v=2,341,,,"베스킨라빈스는 사랑입니다
주문받으신분이 친절했어요~",,2020년 4월 24일 금요일,1번째 방문,영수증
배스킨라빈스 월계이마트점,아이스크림,4.32,,,sms****,https://m.place.naver.com/my/5eeae6428f87a842bc100d9f/review?v=2,729,,, ,,2020년 6월 27일 토요일,1번째 방문,영수증
배스킨라빈스 월계이마트점,아이스크림,4.32,,,코코3881,https://m.place.naver.com/my/5def10288f87a842bc85d110/review?v=2,1152,5,,넘달아,,2020년 8월 12일 수요일,1번째 방문,영수증
배스킨라빈스 월계이마트점,아이스크림,4.32,,,bs950212,https://m.place.naver.com/my/5e008e0a8f87a842bca297b9/review?v=2,104,,,좋아요,,2020년 7월 11일 토요일,1번째 방문,영수증
배스킨라빈스 월계이마트점,아이스크림,4.32,,,okpoiu,https://m.place.naver.com/my/5b702db0ff24783363bcc252/review?v=2,92,,,좋아요,,2020년 7월 8일 수요일,1번째 방문,영수증
배스킨라빈스 월계이마트점,아이스크림,4.32,,,스마일9778,https://m.place.naver.com/my/5bde5a3a447d2658d3de2384/review?v=2,618,,,굿,,2021년 1월 13일 수요일,1번째 방문,영수증
배스킨라빈스 월계이마트점,아이스크림,4.32,,,yinying0123,https://m.place.naver.com/my/5e17ff078f87a842bc9a9587/review?v=2,72,,,좋아요,,2020년 6월 27일 토요일,1번째 방문,영수증
배스킨라빈스 월계이마트점,아이스크림,4.32,,,겸마,https://m.place.naver.com/my/5d229c73f068250943105c26/review?v=2,316,,,친절해요,,2020년 6월 23일 화요일,1번째 방문,영수증
배스킨라빈스 월계이마트점,아이스크림,4.32,,,윈디노랭이,https://m.place.naver.com/my/5e00c86e8f87a842bc8e9145/review?v=2,26,,,맛있어요~~,,2020년 6월 19일 금요일,1번째 방문,영수증
배스킨라빈스 월계이마트점,아이스크림,4.32,,,은지 태석 맘,https://m.place.naver.com/my/5d99b2768f87a842bc69d134/review?v=2,172,,,사장님이 너무친절하고 좋아요,,2020년 3월 13일 금요일,1번째 방문,영수증
배스킨라빈스 월계이마트점,아이스크림,4.32,,,뽀순이30,https://m.place.naver.com/my/5c21bb7829bc76714ab40c2e/review?v=2,51,,,친절하세요,,2020년 6월 17일 수요일,1번째 방문,영수증
배스킨라빈스 월계이마트점,아이스크림,4.32,,,hon****,https://m.place.naver.com/my/604aa4a661afc8e101506ed3/review?v=2,1087,,,,,2020년 9월 7일 월요일,1번째 방문,영수증
배스킨라빈스 월계이마트점,아이스크림,4.32,,,inae0843,https://m.place.naver.com/my/5e6ae7d28f87a842bcd150fe/review?v=2,3812,1,,좋아요,,2020년 6월 11일 목요일,1번째 방문,영수증
배스킨라빈스 월계이마트점,아이스크림,4.32,,,알뜰99,https://m.place.naver.com/my/5ec778768f87a842bca9a9e5/review?v=2,438,,,좋아요 ,,2020년 6월 6일 토요일,1번째 방문,영수증
배스킨라빈스 월계이마트점,아이스크림,4.32,,,오트라떼맘,https://m.place.naver.com/my/5d0753e4d637ce764680c73c/review?v=2,149,,,맛있어요,,2020년 6월 1일 월요일,1번째 방문,영수증
배스킨라빈스 월계이마트점,아이스크림,4.32,,,kim****,https://m.place.naver.com/my/5ec4cb2a8f87a842bcfddf70/review?v=2,462,,,굿,,2020년 5월 24일 일요일,1번째 방문,영수증
배스킨라빈스 월계이마트점,아이스크림,4.32,,,김태호9433,https://m.place.naver.com/my/5ee31df98f87a842bc503fda/review?v=2,369,1,,SSG페이는 안되는 곳,,2020년 6월 12일 금요일,1번째 방문,영수증
배스킨라빈스 월계이마트점,아이스크림,4.32,,,5Joo,https://m.place.naver.com/my/5c2fe9016034105ad4719c09/review?v=2,790,7,,친절함,,2020년 3월 28일 토요일,1번째 방문,영수증
배스킨라빈스 월계이마트점,아이스크림,4.32,,,wystory2,https://m.place.naver.com/my/5cf0fdc7b85618fb56f20cc6/review?v=2,111,,,주인아저씨 너무 무서움..,,2020년 2월 28일 금요일,1번째 방문,영수증
배스킨라빈스 월계이마트점,아이스크림,4.32,,,vchrist,https://m.place.naver.com/my/5b742ec3de026ed1d842f965/review?v=2,325,,,굿,,2020년 4월 18일 토요일,1번째 방문,영수증
배스킨라빈스 월계이마트점,아이스크림,4.32,,,테이아95,https://m.place.naver.com/my/5c48146fb3036015c887fd56/review?v=2,108,,,좋아요,,2020년 4월 18일 토요일,1번째 방문,영수증
배스킨라빈스 월계이마트점,아이스크림,4.32,,,멸치김밥,https://m.place.naver.com/my/5e06756a8f87a842bc8adb20/review?v=2,2221,25,,좋아영 ,,2020년 4월 8일 수요일,1번째 방문,영수증
배스킨라빈스 월계이마트점,아이스크림,4.32,,,레드비니,https://m.place.naver.com/my/5de2478d9ec8258e4a6a1780/review?v=2,147,,,굿,,2020년 2월 15일 토요일,1번째 방문,영수증
배스킨라빈스 월계이마트점,아이스크림,4.32,,,he5252,https://m.place.naver.com/my/5c6e6ac04bb61f68d9a4c53a/review?v=2,1746,,,날씨 더워서 맛나게 먹었어요,,2019년 7월 6일 토요일,1번째 방문,영수증
배스킨라빈스 월계이마트점,아이스크림,4.32,,,lov****,https://m.place.naver.com/my/5cbcd59c85f0a8241fe1fd0f/review?v=2,855,2,,굿,,2020년 7월 11일 토요일,1번째 방문,영수증
배스킨라빈스 월계이마트점,아이스크림,4.32,,,후니미니55,https://m.place.naver.com/my/5ce02e2f8f87a842bc8aba9b/review?v=2,275,,,마트 장보고 아이스크림먹었어요 생각보다 종류는 별로 없었습니당,,2019년 6월 1일 토요일,1번째 방문,영수증
배스킨라빈스 월계이마트점,아이스크림,4.32,,,MLHBee,https://m.place.naver.com/my/5cc2d23dca33c39a5a1b0d36/review?v=2,919,,,베스킨라빈스🍦 ❤,,2018년 9월 24일 월요일,1번째 방문,영수증
배스킨라빈스 월계이마트점,아이스크림,4.32,,,nhs7682,https://m.place.naver.com/my/5df8cae78f87a842bcc3b20d/review?v=2,1527,,,11,,2017년 7월 29일 토요일,1번째 방문,영수증
