가게이름,카테고리,전체평점,방문자리뷰,블로그리뷰,리뷰작성자,리뷰작성자링크,리뷰작성수,팔로워,첨부이미지,리뷰내용,이런_점이_좋아요,방문시간,방분횟수,방문인증
블루마일스커피로스터즈,카페,,,,만보이선생,https://m.place.naver.com/my/5ce67d20dbc8c72d63f9bc22/review?v=2,248,29.0,,"종종 들리고 있는 이곳,
오늘은 운좋게 오픈 3팀 한정 스콘세트 이벤트에
당첨됐습니다.
디카페인 커피에 곁들일 수 있는 고메 스콘세트를 
선물받았습니다.
바삭 촉촉 부드러운 스콘을 쨈과 이즈니버터와
함께 즐겼습니다.
칼로리 폭발로 운동을 더 해야하지만,
커피와 스콘이 조화로워서 참 좋네요. ^ ^

덥고 힘들었던 이번 주도
'블루마일스'와 즐겁게 마무리되네요.

좋은 이벤트 감사합니다!",,2024년 7월 26일 금요일,2번째 방문,예약
블루마일스커피로스터즈,카페,,,,호두파이19,https://m.place.naver.com/my/5d7749d38f87a842bca43ead/review?v=2,21,,,"세 번째 방문이에요!
경춘선 숲길이 내다보이는 통창뷰가 카페 안을 환하게 밝혀줘서 기분이 좋아요
커피도 맛있고 디저트도 쿠키 케이크 타르트 같은 스콘까지 여러 종류 준비되어 있어서 집중해서 작업하러 자주 찾게 될 것 같아요",,2024년 6월 25일 화요일,1번째 방문,영수증
블루마일스커피로스터즈,카페,,,,만보이선생,https://m.place.naver.com/my/5ce67d20dbc8c72d63f9bc22/review?v=2,248,29.0,,"아마도 공릉동에서 제일 많이 들린 카페일 것 같습니다.
리뷰를 올린 적이 없는게 되려 이상하고,
쿠폰을 만들지 않은 것도 의아합니다.

일단, 기본 커피 맛이 좋습니다.
음악도, 분위기도 좋구요.
원두 설명과 함께 음악 추천이라니...

화장실의 이중 잠금장치와 꾸밈을 보면,
세심한 주인장의 손길이 느껴집니다.

단점은 가끔 너~무 사람이 많은 정도 같네요.
주 고객층은 20대이고, 40대까지는 많이 찾아오십니다.

2층 창가에서 올해 개나리도 벚꽃도 실컷 봤네요.
주말에 가족과도 일부러 찾아왔으니,
이만하면 단골 인정?",,2024년 6월 18일 화요일,1번째 방문,영수증
블루마일스커피로스터즈,카페,,,,LOVEONGE,https://m.place.naver.com/my/5dc475c48f87a842bcb2a442/review?v=2,118,1.0,,"처음 방문했는데 우선 커피가 맛있네요. 원두 종류에 따른 안내도 잘 해주시 설묭 같이 주시는데 그것두 좋구요. 진동벨에 안내사항 같이 적혀 있어 좋았어요. 세심한 배려랄까요.
우연히 밤늦게 방문했는데 학기중에 새벽3시까지 운영하신다고 되어 있는데 그래서인지 늦은 시간에도 과제나 공부하시는 분들이 많더라구요. 
분위기도 좋구 커피 맛도 좋아서 또 방문하게 되지 않을까 싶어요. 요즘 밤늦게 하는 카페 찾는게 쉽지 않고 있더라도 커피맛이 별로거나 분위기가 별로인 곳이 많은데 여기는 두가지 다 모두 좋아서 재방문의사 있어 쿠폰도 만들었네요 ㅎㅎ",,2024년 5월 21일 화요일,1번째 방문,영수증
블루마일스커피로스터즈,카페,,,,hyezzang28,https://m.place.naver.com/my/5c239542711592e0b6019b71/review?v=2,19,,,"매일 커피랑 아이스크림라떼만
먹다가 바치케는
처음 주문해봤는데 촉촉꾸덕치케라 입에서 사르르 녹고 적당히 달고 치즈맛이 잘 느껴져요 🫶 
다음에 또 주문할게요!",,2024년 7월 14일 일요일,3번째 방문,영수증
블루마일스커피로스터즈,카페,,,,allthesame,https://m.place.naver.com/my/5b66bcc1da85f3239373ebb6/review?v=2,863,13.0,,"에어로프레스로 내려주신 필터커피~~^^
컵노트에 쓰여진데로 상큼한 레몬맛이~~
끝맛은 쌉싸름한 커피~ 달콤한 향기와 함께~
추천해주시신 음악과 마시니 완전 힙해~~^^",,2024년 7월 5일 금요일,1번째 방문,영수증
블루마일스커피로스터즈,카페,,,,yoola00,https://m.place.naver.com/my/5cfbeb9f2cae4730ce2885d8/review?v=2,8,,,"커피를 못 마시게 돼서 진짜 오랜만에 재방문했는데 역시 너무 좋네요 이걸 왜 잊고 살았을까 싶을 정도로 좋은 시간이었어요 늘 추울때만 와서 몰랐는데 여름이 다가오니 문도 활짝 열어두셔서 녹음을 즐기기에 너무 좋았습니다
못 보던 쿠키가 있길래 주문해봤는데 역시 여기 메뉴는 실패가 없네요 （ ¯꒳¯̥̥ ）",,2024년 5월 30일 목요일,3번째 방문,영수증
블루마일스커피로스터즈,카페,,,,낭만 거북이,https://m.place.naver.com/my/61987e8b30e3a2123a6516d6/review?v=2,127,2.0,,"달콤한 버터스카치가 있는 곳!
커피향이 풍부한 곳!
쿠키가 맛있고, 특유의 음악분위가 있는 곳!
창가쪽 테이블에서 즐겁게 먹으며 대화할 수 있어 좋았어요, (공부하는 학생분들도 꽤 있었는데 
분위기가 무겁진않아서 괜찮았습니당!!)
다음에 또 올게용!!",,2024년 5월 4일 토요일,1번째 방문,영수증
블루마일스커피로스터즈,카페,,,,유유자적girl,https://m.place.naver.com/my/5e51c3198f87a842bcb3038e/review?v=2,30,1.0,,"친구 추천으로 갔는데 가게 이름보자마자 마일스 데이비스 카인드 오브 블루가 떠올랐는데 블랜드이름을 보니 마일스 데이비스,챗 베이커,,ㅎㅎ 사장님이 재즈를 좋아하시나봐요😊 에그타르트 스콘 맛있고 뷰가 좋아요",,2024년 6월 1일 토요일,1번째 방문,결제내역
블루마일스커피로스터즈,카페,,,,장난하세요,https://m.place.naver.com/my/5bb35ead256b62a121967c1c/review?v=2,120,1.0,,"정말 몇번째 방문일지 모를 ”블루마일스“
이 곳에믄 노트북 작업하거나 
공부할 때 많이 방문합니다 !!
자리마다 콘센트도 있고 
통창으로 날이 좋을 때는 기분도 전환되게 
작업할 수 있는 곳🥹✨✨
여기는 디저트, 커피, 다른 음료들도 너무 맛나서
가끔 배달로도 시켜먹습니당 !!
이런 곳은 나만 알고 다니고 싶지만
이미 동네주민들, 인근 대학교에 다니는 학생들에게 
입소문 타서 북적북적 거리는 곳입니다🥹✨🫶🏻🫶🏻",,2024년 6월 17일 월요일,3번째 방문,영수증
블루마일스커피로스터즈,카페,,,,깽이9055,https://m.place.naver.com/my/5ebe890e8f87a842bc0523ab/review?v=2,582,7.0,,"창이 개방되니 더욱더 싱그럽고 분위기 좋네요
일요일 오후에도 사람 많아서 롱블랙아이스로 포장해서 마셨어요 원두선택 안하면 키오스크에서 결제로 넘어가지 않는답니당 ㅋ 공릉동 올 때마다 들르는 나의 최애 방앗간!!!!",,2024년 6월 9일 일요일,4번째 방문,영수증
블루마일스커피로스터즈,카페,,,,스포츠좋아,https://m.place.naver.com/my/5df6be918f87a842bcb804d4/review?v=2,24,,,"오늘은 에그 타르트 스콘도 맛있었구요!
강아지 데려가니 강아지 간식과 물도 챙겨주셔서 너무 좋았어요ㅎㅎ","일시적인 오류가 발생했습니다
커피가 맛있어요",2024년 7월 28일 일요일,3번째 방문,영수증
블루마일스커피로스터즈,카페,,,,hyezzang28,https://m.place.naver.com/my/5c239542711592e0b6019b71/review?v=2,19,,,"또왔어요 블루마일스..! 월요일
오후에 오니 자리가 널널하고 주말보다 조용해서 음악이 더 잘 들리네요. 주말도 평일도 매력적인 블루마일스 
오늘은 배불러서 치케를 못먹었는데 다음 방문땐 치케리뷰할게여~",,2024년 7월 1일 월요일,2번째 방문,영수증
블루마일스커피로스터즈,카페,,,,반짝이맘1028,https://m.place.naver.com/my/5eff31971c9b02e1ea3ca544/review?v=2,235,2.0,,"기찻길의 라일락향을 맡다보면
블루마일스가 보여요
블루마일스에 들어가면
탁트인 기찻길이 너무 청량하고 예뻐요

오늘은 신메뉴 커피 마셔봐야지 하다가도
카페에 들어 가면 기본으로 선택해요

특히 쳇베이커의 라떼 한모금은
정말 진하고 맛있어요

인스타에 심혈을 기울이셨다고 한
빅토리아케이크도 기대해서
먹었는데 상콤 폭신 그자체예요
너무 맛나요

커피와 빅토리아는 완벽한 조합이예요^0^
자주 가고 싶지만 거리가 있어서
자주 못가지만 정말 애정하는 곳이예요^^



",,2024년 4월 27일 토요일,3번째 방문,결제내역
블루마일스커피로스터즈,카페,,,,얼그레이1682,https://m.place.naver.com/my/5fcc23fba5f6806b5a89a3c8/review?v=2,351,,,"커피 맛난건 유명하니 말해 무엇.
스콘까지 맛난줄은 몰랐네여.
디카페인두 맛나서 애정하는 카페입니당♡","일시적인 오류가 발생했습니다
커피가 맛있어요",2024년 7월 17일 수요일,2번째 방문,예약
블루마일스커피로스터즈,카페,,,,스포츠좋아,https://m.place.naver.com/my/5df6be918f87a842bcb804d4/review?v=2,24,,,"원두 선택옵션도 많고 커피 맛 좋아요~
블루마일스만의 음악도 힙해서 좋구요 ㅎㅎ","일시적인 오류가 발생했습니다
커피가 맛있어요",2024년 6월 23일 일요일,2번째 방문,영수증
블루마일스커피로스터즈,카페,,,,노원빵셔틀,https://m.place.naver.com/my/5dbd84408f87a842bc462281/review?v=2,133,,,"커피를 좋아 하는편은 아닌데 상콤하니 맛있게 먹었고요 디저트도 많이 달지않고 맛있네요.

학생들이 많아 떠들긴 어렵지만, 분위기도 좋고 아무튼 좋았습니다.",,2024년 4월 13일 토요일,1번째 방문,결제내역
블루마일스커피로스터즈,카페,,,,herd8949,https://m.place.naver.com/my/5f05c93568ab0c2f9befa3b0/review?v=2,7,3.0,,"봄에 첫방문 했을 때 시즈널 커피 마시고 너무 맘에 들었던 곳이라, 남편도 데리고 와서 영업했습니다.

기본 원두도 좋지만 저는 시즈널원두가 무척 인상적이었어서, 오늘은 여름 시즈널원두 선택했어요.

내부가 조용한 편은 아니지만, 사람들의 활력과 맛있는 커피 즐길 수 있어서 좋아요.^^",,2024년 6월 5일 수요일,1번째 방문,영수증
블루마일스커피로스터즈,카페,,,,kimmeesoon,https://m.place.naver.com/my/5db7dc148f87a842bc7773f3/review?v=2,14,,,"커피 디저트 모두 맛집이에요:) 
오늘는 아메리카노였지만 시그니처 음료도 맛있어요ㅎㅎ","일시적인 오류가 발생했습니다
커피가 맛있어요",2024년 7월 12일 금요일,1번째 방문,영수증
블루마일스커피로스터즈,카페,,,,yks****,https://m.place.naver.com/my/5ce7ccdaa8b8c2d9ae4455ce/review?v=2,29,,,"오랜만에쉬는날 남편이랑 공릉데이트왔다가
들려본 블루마일스커피로스터즈💙
너티블루라떼 완전 제스타일이에요 ㅋㅋㅋ
피스타치오 좋아하는데 취저 
스카치라떼랑 고민했는데 너티블루라떼로
이제정착할려구요 ㅋㅋ
아이스크림라떼도 아이스크림이 너무달지
않아서 맛있어용
디저트도 맛집이니까 황치즈 꼭드시길🧡",,2024년 6월 27일 목요일,1번째 방문,영수증
블루마일스커피로스터즈,카페,,,,호두파이19,https://m.place.naver.com/my/5d7749d38f87a842bca43ead/review?v=2,21,,,"경춘선 숲길이 내다보이는 통창뷰, 깨끗한 실내, 맛있는 커피, 적당한 음량의 음악까지
대화를 하러 오기에도, 작업을 하러 오기에도 너무 좋은 곳이에요
N회차 방문중입니다~~",,2024년 6월 27일 목요일,2번째 방문,영수증
블루마일스커피로스터즈,카페,,,,YeJi Choi,https://m.place.naver.com/my/60912f496f0767c2cedb28a9/review?v=2,21,,,ㅇ좋은 음악이 나와서 데이트하기 좋아요~ 카공 하시는 분들도 많네용 추천합니다,"일시적인 오류가 발생했습니다
커피가 맛있어요",2024년 7월 11일 목요일,1번째 방문,영수증
블루마일스커피로스터즈,카페,,,,매봉봉이,https://m.place.naver.com/my/5d668e0e8f87a842bc7e1af1/review?v=2,38,,,"티백이 덜 우려진 것 같아 다시 요청 드렸더니 친절하게 다시 해주셨어요! 
커피에 진심이신것 같아요 ㅎㅎ 맛있고 공부하기도 좋아요",,2024년 5월 17일 금요일,1번째 방문,영수증
블루마일스커피로스터즈,카페,,,,레몽izi,https://m.place.naver.com/my/5e5cd0058f87a842bcc4cb58/review?v=2,19,,,"평일오후에 방문했음에도 만석이고, 
카페음악이 적당히 신나서 혼자 작업하거나 가볍게 
할일하러 오기에 딱입니다🌸

그리고 다른 카페들과 달리 2층이라서 답답할까 싶었는데 오히려 카페가 굉장히 넓고 탁 트인 통창뷰라서 바람도 잘 들어오고, 보통 카페들보다 쾌적하고 개방적이라 좋았습니다:)

사장님께서도 엄청 친절하시고 4가지 원두 중에 브루잉 커피를 고를 수 있었으며 깔끔하니 맛있었습니다!!
추가로 시킨 초코에그스콘도 달지 않아서 완전 추천드려요,,,✨


다음에도 할 일 있을 때 종종 올 것 같습니다~!~!",,2024년 4월 11일 목요일,1번째 방문,영수증
블루마일스커피로스터즈,카페,,,,firlasl,https://m.place.naver.com/my/5e0b3ff48f87a842bcacb2b8/review?v=2,267,25.0,,커피 정말 맛있었어요,"일시적인 오류가 발생했습니다
인테리어가 멋져요",2024년 7월 21일 일요일,1번째 방문,영수증
블루마일스커피로스터즈,카페,,,,omi****,https://m.place.naver.com/my/5fee67f21b69b2cc1faccf59/review?v=2,11,1.0,,"스콘이 맛있네요 버터랑 크림이 참 잘 어울려요
매장도 예쁘고 청결해요 공부하기 좋습니다
창가쪽 뷰가 좋아서 오래 머물고 싶은 공간이네요
다음에 근처 올 일 있으면 또 올 듯해요~",,2024년 7월 10일 수요일,1번째 방문,예약
블루마일스커피로스터즈,카페,,,,추억이너울너울,https://m.place.naver.com/my/62f1b4dfbd46ea55e8da1360/review?v=2,94,,,"오랫만에 밤나들이겸 운동을 하러 공리단길을 갔었어요.
자주 찾던곳인데 무엇이 바빴는지 한참만에 갔네요.
피스타치오라떼를 주문했어요. 진하고 부드러운 그맛.
너무 맛있어서 저녁 산책이 즐거웠습니다.^^",,2024년 4월 27일 토요일,2번째 방문,영수증
블루마일스커피로스터즈,카페,,,,나라올라888,https://m.place.naver.com/my/5cc17457ea9cf31c749daef8/review?v=2,750,23.0,,집중하기 좋아요. 텀블러 할인 500원 해줘요,"일시적인 오류가 발생했습니다
커피가 맛있어요",2024년 5월 28일 화요일,2번째 방문,영수증
블루마일스커피로스터즈,카페,,,,개루미37,https://m.place.naver.com/my/5ead27998f87a842bc6c60bb/review?v=2,11,,,"항상 혼자서 집중해서 카공하고 싶을 때 꼭 오는 곳이에요
창가자리가 너무너무 좋아요🙆‍♀️🙆‍♂️🩷❤️","일시적인 오류가 발생했습니다
커피가 맛있어요",2024년 7월 13일 토요일,3번째 방문,영수증
블루마일스커피로스터즈,카페,,,,pin insight 영감핀,https://m.place.naver.com/my/5fe16cac4d83939d76f38e5b/review?v=2,556,33.0,,은은한 위스키향이 좋아요 🥃,"일시적인 오류가 발생했습니다
커피가 맛있어요",2024년 7월 6일 토요일,2번째 방문,영수증
블루마일스커피로스터즈,카페,,,,yoola00,https://m.place.naver.com/my/5cfbeb9f2cae4730ce2885d8/review?v=2,8,,,"또 또또 왔습니다
나또블(나 또 블루마일즈 옴)
진짜 오랜만에 할 일 없이 책만 읽으려고 왔는데 책 읽기에는 음악이나 자잘한 소음이 많았어요 책 읽기는 힘들겠다 싶었는데 청소기 소리에 잘 자는 신생아마냥 갑자기 집중이 되면서 술술 읽었습니다•••
머리 써서 당 떨어질때마다 쿠키 먹고 입에서 단내 나면 커피 마셨더니 카페인쇼크 올 거 같았지만 카페인은 현대인의 3대 영양소 아니겠습니까..? 
재밌고 맛있게 있다가 갑니다.•♥",,2024년 6월 26일 수요일,4번째 방문,영수증
블루마일스커피로스터즈,카페,,,,pmy53,https://m.place.naver.com/my/5ca32b58b62f01e2b4e93bcd/review?v=2,1486,,,아메리카노 맛있어서 자주 옵니다,,2024년 7월 9일 화요일,10번째 방문,영수증
블루마일스커피로스터즈,카페,,,,포를롱,https://m.place.naver.com/my/5d92c5ea8f87a842bcfaaa96/review?v=2,25,,,강아지랑 같이 와도 너무 친절하시고 간식도 주시고 너무 좋아요 ㅎㅎ웰커밍한 분위기가 너무 좋습니다,"일시적인 오류가 발생했습니다
집중하기 좋아요",2024년 7월 13일 토요일,15번째 방문,영수증
블루마일스커피로스터즈,카페,,,,Jjong123,https://m.place.naver.com/my/5f04558eee4be03dee26959c/review?v=2,613,,,"커피 맛도 좋고 에그타르트 너무 맛있습니다!!
통창으로 되어있어 해도 잘 들어오고 분위기 굳!!!","일시적인 오류가 발생했습니다
커피가 맛있어요",2024년 6월 1일 토요일,1번째 방문,영수증
블루마일스커피로스터즈,카페,,,,hyezzang28,https://m.place.naver.com/my/5c239542711592e0b6019b71/review?v=2,19,,,"N번째 방문하는 블루마일스에요 ! 커피는
말할것도없이 너무 맛있고, 피콜로아이스크림라떼는 폴바X 저리가라에요 ! 책읽기 좋고 담요도 있어요 
또 올게요 ! ",,2024년 6월 16일 일요일,1번째 방문,영수증
블루마일스커피로스터즈,카페,,,,포를롱,https://m.place.naver.com/my/5d92c5ea8f87a842bcfaaa96/review?v=2,25,,,"매번 새로운 원두 메뉴가 있어서 좋아요
주말에 힐링하러 오는 곳
아인슈페너도 있으면 좋겠어요~~","일시적인 오류가 발생했습니다
커피가 맛있어요",2024년 7월 6일 토요일,13번째 방문,영수증
블루마일스커피로스터즈,카페,,,,원규타인,https://m.place.naver.com/my/5de590af9ec8258e4a9aa291/review?v=2,56,,,"커피가 맛있어요~
매장이 넓어서 쾌적해요","일시적인 오류가 발생했습니다
커피가 맛있어요",2024년 5월 19일 일요일,8번째 방문,영수증
블루마일스커피로스터즈,카페,,,,o bella o,https://m.place.naver.com/my/5da181da8f87a842bcdc13ad/review?v=2,227,22.0,,"근처 병원에 왔다가 커피한 잔 하려고 왔어요~
분위기 차분하고 2층이라 매장도 넓은 편이예요.
커피 블랜딩을 선택할 수 있는데 
진저맨블랜드로 플랫화이트 마셨는데 커피 맛 넘 좋네요^^
다음에는 다른 것으로 마셔봐야겠어요~
매장에 기계가 있는거 보니 직접 블랜딩 로스팅 하는거 같아요. 이런 느낌 좋아요~ 
프렌차이즈 카페는 좀 탄맛이 많이나서 별루고
주로 커피에 진심인 개인 카페를 찾아다니는데
요기 만족해요~❤️
밖에 눈와서 창밖을 보면서 음악들으니 뭔가 힐링 되네요^^",,2024년 2월 22일 목요일,1번째 방문,영수증
블루마일스커피로스터즈,카페,,,,hallo50,https://m.place.naver.com/my/5ed725148f87a842bce9c269/review?v=2,144,,,"혼자서 작업할때 자주 방문하는 곳입니다.
최근 일년동안 방문하지 못하다 간만에 방문했는데 약간의 가격인상은 있었지만 그만틈 더 다양한 디저트가 생겼더라구요. 커피도 맛있으니 방문 추천합니다!",,2024년 2월 25일 일요일,3번째 방문,영수증
블루마일스커피로스터즈,카페,,,,매봉봉이,https://m.place.naver.com/my/5d668e0e8f87a842bc7e1af1/review?v=2,38,,,"커피도 맛있는데
말차라떼가 너무 달지 않아서 좋은듯요","일시적인 오류가 발생했습니다
인테리어가 멋져요",2024년 5월 31일 금요일,2번째 방문,영수증
블루마일스커피로스터즈,카페,,,,포를롱,https://m.place.naver.com/my/5d92c5ea8f87a842bcfaaa96/review?v=2,25,,,"저녁늦게 일하러 오기도 좋아요
다 좋은데 너무 춥고 가끔 너무 웅성웅성 소리가 울려서 머리가 아픕니다","일시적인 오류가 발생했습니다
집중하기 좋아요",2024년 7월 9일 화요일,14번째 방문,영수증
블루마일스커피로스터즈,카페,,,,이수진3312,https://m.place.naver.com/my/5eec9a628f87a842bcf5e07f/review?v=2,44,,,"직원분들도 친절하시고, 공부하기 좋은 카페에요 💗","일시적인 오류가 발생했습니다
집중하기 좋아요",2024년 6월 16일 일요일,26번째 방문,영수증
블루마일스커피로스터즈,카페,,,,이수진3312,https://m.place.naver.com/my/5eec9a628f87a842bcf5e07f/review?v=2,44,,,"블루마일스, 공릉에서 가장 카공하기 좋은 카페같아요~!","일시적인 오류가 발생했습니다
집중하기 좋아요",2024년 6월 14일 금요일,25번째 방문,영수증
블루마일스커피로스터즈,카페,,,,이수진3312,https://m.place.naver.com/my/5eec9a628f87a842bcf5e07f/review?v=2,44,,,블루마일스에서의 시간에 위로받고 가요 🙏🏻 스트레스는 많고 풀 데는 없고.. 황치즈 쿠키 먹으면서 스스로 달래고 갑니다. 블루마일스 감사해요,"일시적인 오류가 발생했습니다
인테리어가 멋져요",2024년 4월 19일 금요일,22번째 방문,영수증
블루마일스커피로스터즈,카페,,,,yeo****,https://m.place.naver.com/my/5c7c1f94788e49dde7489db8/review?v=2,21,,,"커피 마시면서 공부하려고 자주 가는곳이에요
근데 오늘은 라떼가 스팀이 망했네요
나오자마자 한모금 마시고 사진찍은거에요 제가 한번 섞은게 아니라 이렇게 나왔어요
두번째 사진은 한 15분 뒤..
5800원 라떼에 스팀 망하면 새로 만드셔야하는거 아닌가...ㅠㅠㅠㅠ 
시간 지날수록 구멍 커져서 징그러웠어요
원두는 맛있었어요 쳇베이커 새콤한게 매력있는 맛이에요 

손님은 가게에 많았지만 제가 주문할 때 주문은 제꺼뿐이었는데.. 직원도 세 분이나 계시던데 이 라떼를 보고도 손님에게 내놓는게 실망스러웠어요 항상 정성 가득 들어간 음료를 주는 카페라서 비싸도 그 값을 한다 생각해서 자주 방문했는데ㅠ.. 속상했습니다",,2024년 4월 21일 일요일,2번째 방문,결제내역
블루마일스커피로스터즈,카페,,,,장난하세요,https://m.place.naver.com/my/5bb35ead256b62a121967c1c/review?v=2,120,1.0,,"항상 카공할 때 많이 옵니다!
최애 메뉴는 “버터스카치” 입니다!
공부하다가 당 떨어질 때 다들 시켜드셔보세요!
짱맛도리😽🫶🏻🫶🏻
",,2024년 4월 22일 월요일,2번째 방문,영수증
블루마일스커피로스터즈,카페,,,,이수진3312,https://m.place.naver.com/my/5eec9a628f87a842bcf5e07f/review?v=2,44,,,"창이 커서 좋은 블루마일스, 벚꽃 흐드러진 풍경이 넘 좋아요🌸","일시적인 오류가 발생했습니다
커피가 맛있어요",2024년 4월 1일 월요일,21번째 방문,영수증
블루마일스커피로스터즈,카페,,,,이성준3,https://m.place.naver.com/my/6127405ecc3a5110ff195c72/review?v=2,4,,,늦게까지 공부하기 좋아요,,2024년 5월 22일 수요일,2번째 방문,영수증
블루마일스커피로스터즈,카페,,,,라일락이질때46,https://m.place.naver.com/my/5c31e44493cc834058f11a0a/review?v=2,12,,,여자 두명이 일하는데 무뚝뚝한 표정과 무미건조한 말투 등 불친절의 끝판왕임. 아마 본인들은 무엇이 잘못인지 이 순간까지도 전혀 모를거임. 최소한의 서비스 마인드라는게 어떤것인지 생각해보길 바람.,,2024년 6월 17일 월요일,1번째 방문,영수증
블루마일스커피로스터즈,카페,,,,say****,https://m.place.naver.com/my/5f3390a39ec8258e4ae5a418/review?v=2,16,,,"커피도 맛있고 디저트도 너무 맛있어요!
무엇보다 인테리어가 짱짱!!","일시적인 오류가 발생했습니다
커피가 맛있어요",2024년 4월 9일 화요일,1번째 방문,영수증
블루마일스커피로스터즈,카페,,,,다람쥐8678,https://m.place.naver.com/my/5bef9d6d673c30c2ca3f8224/review?v=2,361,,,여기 커피 존맛탱..!!! ,,2024년 6월 17일 월요일,1번째 방문,영수증
블루마일스커피로스터즈,카페,,,,깽이9055,https://m.place.naver.com/my/5ebe890e8f87a842bc0523ab/review?v=2,582,7.0,,"제 공릉동 최애 커피 맛집이에요 커피 납품도 하실정도로 커피에 진심이세요 전 원두는 아아는 마일스데이비스,  화이트플랫은 진저맨블렌드 원두를 마십니당 쵝오~!!!!!!",,2024년 2월 11일 일요일,2번째 방문,영수증
블루마일스커피로스터즈,카페,,,,비쵸비얍,https://m.place.naver.com/my/5c2027e6c27f490f4b33f81e/review?v=2,48,,,커피랑 디저트 맛있어요! 창가자리도 좋아서 추천합니다,"일시적인 오류가 발생했습니다
커피가 맛있어요",2024년 5월 12일 일요일,1번째 방문,결제내역
블루마일스커피로스터즈,카페,,,,hky36,https://m.place.naver.com/my/610aa25b1c103908c51d27d1/review?v=2,4,,,"쿠키 종류도 많고, 친절해서 항상 오는곳👍","일시적인 오류가 발생했습니다
커피가 맛있어요",2024년 6월 17일 월요일,1번째 방문,영수증
블루마일스커피로스터즈,카페,,,,나난냐,https://m.place.naver.com/my/6167842782fc7500070b1bcd/review?v=2,635,28.0,,"슈톨렌 쿠키…넘나뤼 맛나요…ㅠㅠㅠ 마지팬 쫀득하고, 쿠키지는 촉촉했구요. 살짝 오일리함이 있었어요. 그리고 건조과일이 상큼하게 씹히는 맛이 너무 맛있었어요. 특히 중간에 말린 무화과가 크기 씹혀서 너무 감동적이었구요…🥹 견과류랑 잘 어울렸어요…",,2023년 12월 18일 월요일,2번째 방문,결제내역
블루마일스커피로스터즈,카페,,,,원규타인,https://m.place.naver.com/my/5de590af9ec8258e4a9aa291/review?v=2,56,,,"강아지랑 자주 방문하는 곳 이에요~!
항상 사람이 많은데 친절하고 음료가 맛있어용","일시적인 오류가 발생했습니다
커피가 맛있어요",2024년 3월 24일 일요일,7번째 방문,영수증
블루마일스커피로스터즈,카페,,,,포를롱,https://m.place.naver.com/my/5d92c5ea8f87a842bcfaaa96/review?v=2,25,,,"여름 시즈널 원두 코코파인이 나와서 좋아요
더 다양한 디저트도 먹고 싶어요
항상 애용합니다","일시적인 오류가 발생했습니다
커피가 맛있어요",2024년 6월 2일 일요일,12번째 방문,영수증
블루마일스커피로스터즈,카페,,,,김시온8,https://m.place.naver.com/my/5f05759a34a524e70c5bfd06/review?v=2,269,,,"애정하는 공릉 카페 중 하나입니다!
시즈널 메뉴가 맛있어요🤭","일시적인 오류가 발생했습니다
인테리어가 멋져요",2024년 3월 29일 금요일,1번째 방문,영수증
블루마일스커피로스터즈,카페,,,,빡일,https://m.place.naver.com/my/5e985e2c8f87a842bc335ea8/review?v=2,21,,,경춘선길 초입이라 접근성이 좋고 커피와 디저트 맛이 좋아요,"일시적인 오류가 발생했습니다
커피가 맛있어요",2024년 7월 10일 수요일,2번째 방문,결제내역
블루마일스커피로스터즈,카페,,,,이수진3312,https://m.place.naver.com/my/5eec9a628f87a842bcf5e07f/review?v=2,44,,,오늘도 블루마일스에서 좋은 시간 보내고 갑니당!,"일시적인 오류가 발생했습니다
커피가 맛있어요",2024년 5월 19일 일요일,24번째 방문,영수증
블루마일스커피로스터즈,카페,,,,원규타인,https://m.place.naver.com/my/5de590af9ec8258e4a9aa291/review?v=2,56,,,"강아지가 좋아하는 카페예요~~
강아지 간식을 함께 주셔서 너뮤 좋아요!","일시적인 오류가 발생했습니다
커피가 맛있어요",2024년 3월 3일 일요일,6번째 방문,영수증
블루마일스커피로스터즈,카페,,,,X0Xxx,https://m.place.naver.com/my/60286366142b6a5cc392608d/review?v=2,94,1.0,,"커피가 진짜 맛있어요
항상 사람 많음
좌석도 테이블 안낮고 콘센트 꽤 있어서 편해요
오틀리랑 매일우유 쓰는 점도 좋아요",,2024년 2월 17일 토요일,1번째 방문,영수증
블루마일스커피로스터즈,카페,,,,533****,https://m.place.naver.com/my/6037a9a039becb1c411b18b1/review?v=2,12,,,"쳇베이커 사랑하는 사람인데
딱 메뉴에 쳇베이커가 있더라구요
커피를 잘 모르지만 한모금 하자마자 정신이 번쩍 들었어요
벚꽃뷰는 덤..
다음에는 여자친구랑 가야겠어요!",,2024년 4월 4일 목요일,1번째 방문,영수증
블루마일스커피로스터즈,카페,,,,코코볼한갠가,https://m.place.naver.com/my/5c1f4187ecb539094c955b0f/review?v=2,882,,,"노원맥주축제 갔다가 커피 향이 너무 좋아서 먹었는데, 향만큼 커피 맛도 진~~~~짜 좋더라구요! 드립백도 바로 샀어요!!!! 진짜 커피 맛집! 다음에는 매장에도 가보려구요!",,2024년 5월 25일 토요일,1번째 방문,영수증
블루마일스커피로스터즈,카페,,,,흠40,https://m.place.naver.com/my/5f06b521848333b0d5be474a/review?v=2,128,8.0,,작년에 한번 방문했다가 커피가 맛있어서 재방문했습니다. 작년에는 나만아는 히든플레이스 느낌이었는데ㅠㅠ이번에 와보니 스터디카페 느낌이라 안타까웠어요..커피 맛은 여전히 맛있습니다🧡,,2024년 4월 10일 수요일,1번째 방문,영수증
블루마일스커피로스터즈,카페,,,,이수진3312,https://m.place.naver.com/my/5eec9a628f87a842bcf5e07f/review?v=2,44,,,"카공맛집 + 텀블러할인 ,, 완벽해용 ","일시적인 오류가 발생했습니다
커피가 맛있어요",2024년 5월 12일 일요일,23번째 방문,영수증
블루마일스커피로스터즈,카페,,,,jie****,https://m.place.naver.com/my/5efdddcb15c4bcd430585765/review?v=2,57,,,2-3시경에갓는데 벚꽃 창가자리에 앉앗는데 너무 좋더라구요~ 덕분에 좋으시간 보냇습니당,"일시적인 오류가 발생했습니다
커피가 맛있어요",2024년 4월 9일 화요일,1번째 방문,결제내역
블루마일스커피로스터즈,카페,,,,이수진3312,https://m.place.naver.com/my/5eec9a628f87a842bcf5e07f/review?v=2,44,,,봄되니까 창이 큰 카페가 좋아요~!,"일시적인 오류가 발생했습니다
친절해요",2024년 3월 29일 금요일,20번째 방문,영수증
블루마일스커피로스터즈,카페,,,,cosmosdarling,https://m.place.naver.com/my/61de7ca0a98008560d9dec99/review?v=2,5,,,푸릇푸릇한 뷰가 예쁜 카페에요 디저트 종류도 다양하고 커피도 맛있어요 또 오고 싶은 곳이에요:),"일시적인 오류가 발생했습니다
뷰가 좋아요",2024년 5월 6일 월요일,1번째 방문,영수증
블루마일스커피로스터즈,카페,,,,bsb****,https://m.place.naver.com/my/5efddf7b854ca9293112bf8c/review?v=2,296,3.0,,좋아하는 공간👍👍,"일시적인 오류가 발생했습니다
친절해요",2024년 4월 20일 토요일,1번째 방문,결제내역
블루마일스커피로스터즈,카페,,,,pin****,https://m.place.naver.com/my/5bb5ef1839697b3f2bb01179/review?v=2,68,4.0,,카공하기 좋은 공리단길 카페에용😘분위기도 좋고 음악도 좋은 그런 곳이랍니다!❤️,,2024년 4월 3일 수요일,1번째 방문,영수증
블루마일스커피로스터즈,카페,,,,김서현2561,https://m.place.naver.com/my/5e00338f8f87a842bcc7f1e1/review?v=2,5,,,"공부하러 자주 옵니당! 원두가 다양해서 하나씩 맛보는 즐거움이 있고, 2층에 통창이라 답답하지 않고 계절마다 달라지는 뷰를 볼 수 있어 좋아요.
커피뿐 아니라 시그니처 음료도 맛있고 좋아요!",,2024년 4월 12일 금요일,1번째 방문,영수증
블루마일스커피로스터즈,카페,,,,jy746,https://m.place.naver.com/my/6590bb9f73736e3dcf411d82/review?v=2,6,,,"커피가 정말 맛있어요! 
대화 나누기도 좋구, 창이 커서 활짝 열어두니 바람도 시원하구
좋았습니다!",,2024년 6월 1일 토요일,1번째 방문,결제내역
블루마일스커피로스터즈,카페,,,,polarist0090,https://m.place.naver.com/my/5be3ad58cd7899e8b9f48122/review?v=2,5,,,너무 맛있고 매장이 예뻐요! 다음에는 창가에 앉아보고 싶네요🥰,"일시적인 오류가 발생했습니다
커피가 맛있어요",2024년 6월 16일 일요일,1번째 방문,영수증
블루마일스커피로스터즈,카페,,,,포를롱,https://m.place.naver.com/my/5d92c5ea8f87a842bcfaaa96/review?v=2,25,,,최애 카페에요 젤 맛있어요 벌써 몇번째 오는지- 아인슈페너 메뉴도 있으면 좋겠어요,"일시적인 오류가 발생했습니다
뷰가 좋아요",2024년 5월 8일 수요일,10번째 방문,영수증
블루마일스커피로스터즈,카페,,,,빙모67,https://m.place.naver.com/my/5e0b30be8f87a842bc2904f8/review?v=2,76,,,최애카페…!! 공부하기 좋고 버터스카치 최고 맛있어용☺️☺️,"일시적인 오류가 발생했습니다
커피가 맛있어요",2024년 2월 24일 토요일,2번째 방문,영수증
블루마일스커피로스터즈,카페,,,,포를롱,https://m.place.naver.com/my/5d92c5ea8f87a842bcfaaa96/review?v=2,25,,,최애카페입니다 뷰가 좋아요 커피도 맛있어요,"일시적인 오류가 발생했습니다
커피가 맛있어요",2024년 5월 15일 수요일,11번째 방문,영수증
블루마일스커피로스터즈,카페,,,,two03,https://m.place.naver.com/my/5dfdc55d8f87a842bc6ef46c/review?v=2,4,,,"커피가 너무 맛있어요!
나오는 노래도 너무 조와요…","일시적인 오류가 발생했습니다
커피가 맛있어요",2024년 5월 8일 수요일,1번째 방문,영수증
블루마일스커피로스터즈,카페,,,,나르68,https://m.place.naver.com/my/5b9a6dbf234bd0416ecfdb03/review?v=2,678,2.0,,마셔본 드립 커피 중에 향이 제일 풍부해요!!,"일시적인 오류가 발생했습니다
커피가 맛있어요",2024년 4월 9일 화요일,1번째 방문,영수증
블루마일스커피로스터즈,카페,,,,abc****,https://m.place.naver.com/my/5f04bf3a52d6a42fe2280933/review?v=2,14,,,분위기 뷰 좋고 커피 맛있어요~ 디카페인 두유 커스텀 다 있어서 좋아요,"일시적인 오류가 발생했습니다
커피가 맛있어요",2024년 6월 6일 목요일,1번째 방문,영수증
블루마일스커피로스터즈,카페,,,,김7774,https://m.place.naver.com/my/5e81884c8f87a842bc9b0dbe/review?v=2,73,1.0,,자주 오는 카페! 커피랑 디저트 모두 맛있고 텀블러 할인도 돼요 :),"일시적인 오류가 발생했습니다
커피가 맛있어요",2024년 3월 10일 일요일,4번째 방문,영수증
블루마일스커피로스터즈,카페,,,,dallumom Hyeji,https://m.place.naver.com/my/5f0633503f64550bfae59af1/review?v=2,24,1.0,,처음 맛보는 커피를 만날 수 있는 곳!,"일시적인 오류가 발생했습니다
커피가 맛있어요",2024년 2월 19일 월요일,1번째 방문,영수증
블루마일스커피로스터즈,카페,,,,jangbes,https://m.place.naver.com/my/5d8942a98f87a842bc7576c4/review?v=2,3,,,분위기가 너무 좋아요~!,,2024년 5월 30일 목요일,1번째 방문,영수증
블루마일스커피로스터즈,카페,,,,뮴됴리,https://m.place.naver.com/my/5c2f504e9f4d0a5c7c13221e/review?v=2,305,13.0,,커피 맛있고 노트북 하기 좋아요,,2024년 3월 24일 일요일,1번째 방문,결제내역
블루마일스커피로스터즈,카페,,,,찐핑쿠,https://m.place.naver.com/my/5ddbcae49ec8258e4ac3bfca/review?v=2,1228,72.0,,"자리가 좀 불편한것 말곤 괜춘
일단 커피가 맛있고 구움과자도 맛있음","일시적인 오류가 발생했습니다
커피가 맛있어요",2024년 3월 15일 금요일,2번째 방문,영수증
블루마일스커피로스터즈,카페,,,,반짝이맘1028,https://m.place.naver.com/my/5eff31971c9b02e1ea3ca544/review?v=2,235,2.0,,"여기는 커피에 진심을 담은 사장님께서
운영하시는 곳이에요~

우선 키오스크가 비치되어 있어서 
키오스크로 주문하셔야 하는데
저는 키오스크 있는지 몰랐는데
친절하신 사장님께서 직접 키오스크로
주문해주셔서 감사했어요 ㅎㅎ

블루커피의 원두는 4가지가 있고 개인취향대로
선택하시면 되요
 
요즘 무화과에 빠져있어서 
쿠키는 무화과로 구매했어요 
역시 쿠키와 커피는 맛나요
",,2023년 12월 8일 금요일,2번째 방문,결제내역
블루마일스커피로스터즈,카페,,,,yina90,https://m.place.naver.com/my/6031f63180233d795f2d433a/review?v=2,696,,,매장도 꽤넓고 공릉 철길 옆이라 커피 마시고 산책하기 좋아요 ㅎㅎㅎ ,"일시적인 오류가 발생했습니다
커피가 맛있어요",2024년 3월 19일 화요일,1번째 방문,영수증
블루마일스커피로스터즈,카페,,,,fnlsie,https://m.place.naver.com/my/5efdd9748f87a842bca580f8/review?v=2,377,,,"공릉 인기카페인가요
분위기 힙하고 다양한 디저트
가격대가 높아서 놀랐지만
잘먹고가욥",,2024년 5월 15일 수요일,1번째 방문,영수증
블루마일스커피로스터즈,카페,,,,이성준3,https://m.place.naver.com/my/6127405ecc3a5110ff195c72/review?v=2,4,,,철길 뷰 두고 작업이나 독서하기 좋습니다 :),"일시적인 오류가 발생했습니다
커피가 맛있어요",2024년 4월 20일 토요일,1번째 방문,영수증
블루마일스커피로스터즈,카페,,,,뿌뿌뿌링,https://m.place.naver.com/my/5f2cb76f9ec8258e4aec8056/review?v=2,8,,,공부하기도 너무 좋고 새벽까지 한다는 점이 너무 큰 장점이에요!,"일시적인 오류가 발생했습니다
커피가 맛있어요",2024년 5월 22일 수요일,1번째 방문,영수증
블루마일스커피로스터즈,카페,,,,kiiimsh,https://m.place.naver.com/my/5c1f10f1797fc695d0c70fe9/review?v=2,37,1.0,,원두도 직접 볶으시고 원두 종류도 다양해서 좋아요..! 애견동반도 가능 한 것 같았어요 가끔 귀여운 댕댕이도 놀라와요🫶🏻,"일시적인 오류가 발생했습니다
커피가 맛있어요",2024년 2월 24일 토요일,1번째 방문,영수증
블루마일스커피로스터즈,카페,,,,ybnormar,https://m.place.naver.com/my/5db3f8978f87a842bcfadd52/review?v=2,522,5.0,,"커피 맛집이에요! 원두별로 맛보고 잇는데 다 특색잇게 맛잇어요ㅎㅎ그리고 추천해주신 음악과도 정말로 잘 어울리는거같아요
디저트 에그타르트스콘 빅토리아스콘 빅토리아케익! 다 강추입니다",,2024년 2월 8일 목요일,1번째 방문,영수증
블루마일스커피로스터즈,카페,,,,개미핥개,https://m.place.naver.com/my/5e1b01628f87a842bca0473f/review?v=2,2287,,,언제나 커피가 맛있는 곳! 뷰도 좋아서 공부도 휴식도 하기 좋아요,"일시적인 오류가 발생했습니다
커피가 맛있어요",2024년 5월 5일 일요일,5번째 방문,영수증
블루마일스커피로스터즈,카페,,,,Heemi,https://m.place.naver.com/my/5b67d972a4829dfd9abcbd54/review?v=2,16,,,"커피맛집 디저트맛집 블루마일스 •••ʚ♡⃛ɞ 
매번 시즌마다 새로운 디저트 올라오는것만 기다려요 🥹","일시적인 오류가 발생했습니다
커피가 맛있어요",2024년 5월 8일 수요일,1번째 방문,영수증
블루마일스커피로스터즈,카페,,,,당기니,https://m.place.naver.com/my/5dc3f5218f87a842bc4b7506/review?v=2,25,2.0,,사장님..제발 저의 리뷰를 봐주세요.......ㅠㅠㅠㅠ바치케 가격이랑 양이 줄어들엇던데 ㅠㅠㅠ맛도 옛날거가 맛있고 그게 유일한 낙이었는데..비싸게 팔아도되니까 제발 옛날거 만들어주세요 ㅠㅠㅠㅠㅠㅠㅠㅠㅠㅠㅠㅠㅠㅠㅠ진짜 절망스럽다 ㅠㅡㅠ,,2024년 4월 9일 화요일,1번째 방문,결제내역
블루마일스커피로스터즈,카페,,,,DEANTRBL,https://m.place.naver.com/my/5f04417a012fad32006d31de/review?v=2,131,,,"2019년도 처음 블루마일스 방문해서 버터스카치 먹고 이곳 팬 됐는데 오랜만에 또 마셔봤어요 :)
옛날엔 더 달달했던것 같은데 오랜만에 마시니 너티한 맛이 더 진해진것 같아요
맛있는 커피를 마시고 싶으면 블루마일스 🧡💙",,2023년 11월 29일 수요일,2번째 방문,영수증
블루마일스커피로스터즈,카페,,,,앤러블리kan,https://m.place.naver.com/my/5eff752da1b6a107c6e2bca4/review?v=2,27,,,디저트도 맛있고 커피도 맛있어요,"일시적인 오류가 발생했습니다
커피가 맛있어요",2024년 5월 12일 일요일,1번째 방문,영수증
블루마일스커피로스터즈,카페,,,,개루미37,https://m.place.naver.com/my/5ead27998f87a842bc6c60bb/review?v=2,11,,,"날씨 좋은 날☆☆ 혼자 집중하거나 카공하고 싶을 때 자주 오는 곳이에요!
창가자리에서 햇빛 받으며 공부하면 너무 힐링이에요 :)",,2024년 2월 16일 금요일,2번째 방문,영수증
블루마일스커피로스터즈,카페,,,,geniekku,https://m.place.naver.com/my/5ded22768f87a842bca4ae40/review?v=2,79,4.0,,"커피도 맛있고 (원두 맛도 다양하고/디카페인 존재)
디저트도 항상 시즌별로 바뀌는데
디저트 아무거나 시켜도 다 맛있어요 
시판쓰는게 아니라 다 수제여서 많이 달지 않아요 
콘센트 있고 집중하기 좋습니다 (과기대 학생들이 많아요) 
실내에 공용화장실 있습니다 

블루마일스는 커피랑 디저트 뿐 아니라 
뷰 맛집이기도 해서 파크뷰가 정말 좋아요 ㅎㅎ 

공릉동 최애 카페입니다

@다만, 여기 커피가 진해서 카페인에 취약하신 분들은 디카페인 변경 추천드려요
여기 커피는 마시면 밤에 잠이 안와요 ㅋㅋㅋㅋㅋ
(반대로 시험기간이시라면 샷추가 해보세요)",,2023년 10월 9일 월요일,4번째 방문,결제내역
블루마일스커피로스터즈,카페,,,,원규타인,https://m.place.naver.com/my/5de590af9ec8258e4a9aa291/review?v=2,56,,,"디저트 너무 맛있어요~~
항상 강아지 간식이랑 물 챙겨주셔서 너무 좋아요!","일시적인 오류가 발생했습니다
커피가 맛있어요",2024년 2월 3일 토요일,5번째 방문,영수증
블루마일스커피로스터즈,카페,,,,하이로사,https://m.place.naver.com/my/5b630f4bdf1aac3d03380d64/review?v=2,363,,,두번째 방문입니다 매일 산책길에 2층이라 지나쳤는데 리뷰 좋아서 찾아왔는데 라떼에 진심인데 남편이 반한 맛!! 벚꽃 필때 오자해놓고 일주일만에 다시 왔습니다 경춘선 숲길에는 수많은 커피 맛집이 있는데 최상급의 맛이라 생각되네요 내맘 속 커피집 저장~자주 올 것 같은 예감^^,,2024년 2월 2일 금요일,1번째 방문,영수증
블루마일스커피로스터즈,카페,,,,qhd****,https://m.place.naver.com/my/5c16086751e236bb47f72e53/review?v=2,15,,,"여기 너무 맛있어요
커피도 맛있고 디저트도 존맛탱!!","일시적인 오류가 발생했습니다
커피가 맛있어요",2024년 5월 9일 목요일,1번째 방문,영수증
블루마일스커피로스터즈,카페,,,,리짜르,https://m.place.naver.com/my/5cd2cba43a30960fa135297f/review?v=2,208,,,공릉 최애 카페! 여기가 젤 맛있고 좋아여어.. ღ ,"일시적인 오류가 발생했습니다
아늑해요",2024년 2월 26일 월요일,2번째 방문,영수증
블루마일스커피로스터즈,카페,,,,뽀오옹잉,https://m.place.naver.com/my/5efaee748f87a842bcd19208/review?v=2,18,,,분위기도 좋고 뷰도 좋아용 담에 또 방문할 것 같아용,"일시적인 오류가 발생했습니다
친절해요",2024년 5월 8일 수요일,1번째 방문,영수증
블루마일스커피로스터즈,카페,,,,물고기9937,https://m.place.naver.com/my/5e5e65b28f87a842bc80656c/review?v=2,22,,,"깨끗하고 커피맛도 정말 좋아요 ~~^^
그래서 친구랑 가족들과도 자주 온답니다 
커피콩도 사다먹고 한답니다
화장실도 밖으로 나가지 않아두 되고 너무 좋아요 ~~^^
화장실 깨끗해서 쾌적해요 ^^♡

수다 떨기도 좋코 2층이 뷰도 좋아서 확트인 창틀도 좋고 아주 굿입니다 
자주 오게 되네요 ",,2023년 12월 21일 목요일,1번째 방문,영수증
블루마일스커피로스터즈,카페,,,,유46,https://m.place.naver.com/my/5c1869b2324ec59f4a5e42e6/review?v=2,14,,,과기대 커피 맛집이예요🩷,"일시적인 오류가 발생했습니다
커피가 맛있어요",2024년 5월 8일 수요일,1번째 방문,영수증
블루마일스커피로스터즈,카페,,,,yoola00,https://m.place.naver.com/my/5cfbeb9f2cae4730ce2885d8/review?v=2,8,,,5번 정도 방문했었는데 이제야 리뷰 남기네요 여기 분위기랑 노래가 너무 좋아서 거의 매주 오고 있어요 쿠폰도 이제야 적립하기 시작했는데 쿠폰 디자인도 너무 예뻐요.. 버터 스카치 진짜 맛있었고 예상대로 바닐라라떼 최고예요🥹 원래 디저트류는 잘 안 시키는데 궁금해서 먹어보고 아ㅏ~ 여기 쿠키도 미쳣다 감탄하고 자기전에 일기 썼습니다,,2023년 12월 5일 화요일,1번째 방문,영수증
블루마일스커피로스터즈,카페,,,,yoola00,https://m.place.naver.com/my/5cfbeb9f2cae4730ce2885d8/review?v=2,8,,,쿠키 뿌시러 매주 오는데 노래도 좋고 자리도 많아서 너무 좋아요 호두가 엄청 고소하고 맛있어서 아메리카노랑 먹으니까 딱이었어요🥹 텀블러 할인 500원 되니까 다들 텀블러 들고 오세요,,2024년 2월 15일 목요일,2번째 방문,영수증
블루마일스커피로스터즈,카페,,,,비밀의색30,https://m.place.naver.com/my/5d33a80d1948ac912b25978f/review?v=2,76,,,커피 다양하고 맛있어요. 창으로 벚꽃이 보이는 뷰가 정말 좋습니다.,,2024년 3월 31일 일요일,1번째 방문,결제내역
블루마일스커피로스터즈,카페,,,,NEMO27,https://m.place.naver.com/my/5dc65c828f87a842bc22f441/review?v=2,6,,,집 근처라 자주 오고 있습니다. 커피가 맛있어요!,,2024년 5월 3일 금요일,1번째 방문,영수증
블루마일스커피로스터즈,카페,,,,dar****,https://m.place.naver.com/my/5c6b9f40068518093e35412f/review?v=2,3,,,"위이이이위이이이이이이위이이이이에에이이잉 에에에에에엥
에에엥에에에에에에에에ㅔ에에에엥ㅇ","일시적인 오류가 발생했습니다
커피가 맛있어요",2024년 4월 23일 화요일,1번째 방문,영수증
블루마일스커피로스터즈,카페,,,,이제부터라도좀적어보려해,https://m.place.naver.com/my/5e2394c28f87a842bc9f6998/review?v=2,57,,,"공부하기 좋아요.
커피도 기본 이상입니다","일시적인 오류가 발생했습니다
커피가 맛있어요",2024년 5월 1일 수요일,1번째 방문,결제내역
블루마일스커피로스터즈,카페,,,,limsj6737,https://m.place.naver.com/my/5d95990c8f87a842bcbd5cb9/review?v=2,713,,,스터디카페같아요,,2024년 4월 19일 금요일,1번째 방문,영수증
블루마일스커피로스터즈,카페,,,,오늘도 해피하루,https://m.place.naver.com/my/5e7644a18f87a842bc86c458/review?v=2,3,,,"고소한 아이스라떼 맛있음~~
에그타르트도 맛남.( 갓 구웠을 때 먹음 더 맛있었겠다는)
2층 창 밖의 벚꽃도 굿!! 👍",,2024년 4월 12일 금요일,1번째 방문,영수증
블루마일스커피로스터즈,카페,,,,달빛향기33,https://m.place.naver.com/my/5d46c4e58f87a842bc3ff731/review?v=2,622,9.0,,맛나요,,2024년 4월 19일 금요일,2번째 방문,영수증
블루마일스커피로스터즈,카페,,,,이수진3312,https://m.place.naver.com/my/5eec9a628f87a842bcf5e07f/review?v=2,44,,,텀블러할인 좋아요 :),"일시적인 오류가 발생했습니다
커피가 맛있어요",2024년 2월 28일 수요일,18번째 방문,영수증
블루마일스커피로스터즈,카페,,,,어쩔수없지,https://m.place.naver.com/my/5ecca42b8f87a842bcda2d56/review?v=2,237,4.0,,커피 맛있어요~~^^,"일시적인 오류가 발생했습니다
커피가 맛있어요",2024년 4월 14일 일요일,1번째 방문,영수증
블루마일스커피로스터즈,카페,,,,썸머시즌,https://m.place.naver.com/my/5f04a6b87b376c129df5d871/review?v=2,81,,,공릉동 커피 맛집! 커피도 맛있고 디저트도 맛나요,"일시적인 오류가 발생했습니다
커피가 맛있어요",2024년 3월 3일 일요일,3번째 방문,영수증
블루마일스커피로스터즈,카페,,,,mj****,https://m.place.naver.com/my/5f7963976c3d7f7334f72f8a/review?v=2,65,,,"커피가 맛있고 콘센트가 많아서 좋아요
",,2024년 3월 17일 일요일,1번째 방문,영수증
블루마일스커피로스터즈,카페,,,,sunnic,https://m.place.naver.com/my/5cb0366a50e149ce37200d64/review?v=2,6,,,"통창으로 되어있어서 밖을 보면서 작업하기에 좋았습니다 :) 커피도 맛있어요 .‘ 
","일시적인 오류가 발생했습니다
사진이 잘 나와요",2024년 4월 2일 화요일,1번째 방문,영수증
블루마일스커피로스터즈,카페,,,,tld****,https://m.place.naver.com/my/5d11b7d6733387b437a61ded/review?v=2,34,,,항상 자주오는 단골 커피집입니자! 오늘도 짱 맛있는 커피 마시고가요!! 커피 맛집을 찾는다면 공릉은 바로 여기!!,"일시적인 오류가 발생했습니다
커피가 맛있어요",2023년 12월 18일 월요일,1번째 방문,영수증
블루마일스커피로스터즈,카페,,,,solii9167,https://m.place.naver.com/my/5fd5e5cceb5e4c61fdf1e0e4/review?v=2,389,,,"비오고 바람불어서  전망좋은곳  이층  찾아왔는데  딱 좋으네요
커피향도 좋아요","일시적인 오류가 발생했습니다
커피가 맛있어요",2023년 12월 11일 월요일,1번째 방문,영수증
블루마일스커피로스터즈,카페,,,,pooh1064,https://m.place.naver.com/my/5c1d9b38f7ec8268b1340561/review?v=2,55,,,"분위기도 좋고 커피맛이 정말 좋아요~
찐 커피맛집 입니다^^","일시적인 오류가 발생했습니다
커피가 맛있어요",2024년 2월 8일 목요일,1번째 방문,영수증
블루마일스커피로스터즈,카페,,,,ddeumdeo,https://m.place.naver.com/my/5e40e6178f87a842bcb4209a/review?v=2,6,,,맛있어요!ㅎㅎ 텀블러 할인 되어서 참 좋습니다~♥︎ 주말에도 사람이 많네요!!!!!!,,2024년 3월 10일 일요일,1번째 방문,영수증
블루마일스커피로스터즈,카페,,,,냠냐릐채,https://m.place.naver.com/my/5b66a7f9a673562447245c94/review?v=2,19,,,"여기 원두를 사서먹을정도로 좋아하는 카페에요:3
가끔 노트북 작업하러오기 좋아요👍","일시적인 오류가 발생했습니다
커피가 맛있어요",2024년 3월 29일 금요일,1번째 방문,영수증
블루마일스커피로스터즈,카페,,,,포를롱,https://m.place.naver.com/my/5d92c5ea8f87a842bcfaaa96/review?v=2,25,,,오랜만에 왔는데 여전히 인기가 엄청 많네요 커피 찐 맛집,"일시적인 오류가 발생했습니다
커피가 맛있어요",2024년 3월 16일 토요일,9번째 방문,영수증
블루마일스커피로스터즈,카페,,,,포를롱,https://m.place.naver.com/my/5d92c5ea8f87a842bcfaaa96/review?v=2,25,,,분위기도 위치도 커피도 음악도 다 마음에 드는곳,"일시적인 오류가 발생했습니다
반려동물과 가기 좋아요",2024년 2월 4일 일요일,8번째 방문,영수증
블루마일스커피로스터즈,카페,,,,두번째로,https://m.place.naver.com/my/5c97d0a7f8518d2a08dca917/review?v=2,51,,,시그니쳐 음료 너무 맛있고 쿠키도 너무 귀여워요☺️❤️,"일시적인 오류가 발생했습니다
커피가 맛있어요",2023년 12월 17일 일요일,1번째 방문,영수증
블루마일스커피로스터즈,카페,,,,532****,https://m.place.naver.com/my/5c57ec77c7dcbcb750f4d93a/review?v=2,64,,,맛있어요,"일시적인 오류가 발생했습니다
커피가 맛있어요",2024년 5월 24일 금요일,1번째 방문,영수증
블루마일스커피로스터즈,카페,,,,01hseo,https://m.place.naver.com/my/5f0c73489ec8258e4ac25569/review?v=2,5,,,정말 맛있는 바닐라라떼를 먹었어요 매일 와야지...,"일시적인 오류가 발생했습니다
화장실이 깨끗해요",2024년 3월 21일 목요일,2번째 방문,영수증
블루마일스커피로스터즈,카페,,,,추억이너울너울,https://m.place.naver.com/my/62f1b4dfbd46ea55e8da1360/review?v=2,94,,,"강아지와 편히 갈수 있는곳이라 다니게 되었어요.
분위도 나름 힙하고 무엇보다 커피가 맛있답니다.
전 주로 라떼를 먹는데 오늘은 달달이가 먹고파
파블로아이스크림라떼를 주문했어요.
진하고 풍부한 맛이 멱시 맛있었어요. 달달이긴 해도
부담스럽게 달지 않으면서 부드럽고 시원했어요.
오늘은 날씨도 좋고 해서 매장바로 밖 벤치에서",,2023년 9월 30일 토요일,1번째 방문,영수증
블루마일스커피로스터즈,카페,,,,더위사냥24,https://m.place.naver.com/my/5d7e5e748f87a842bcc8e27b/review?v=2,26,,,언제나 좋은 바이브,"일시적인 오류가 발생했습니다
집중하기 좋아요",2024년 2월 13일 화요일,1번째 방문,영수증
블루마일스커피로스터즈,카페,,,,이수진3312,https://m.place.naver.com/my/5eec9a628f87a842bcf5e07f/review?v=2,44,,,카푸치노 처음먹어보는데 맛있어요!,"일시적인 오류가 발생했습니다
대화하기 좋아요",2023년 11월 8일 수요일,11번째 방문,영수증
블루마일스커피로스터즈,카페,,,,이수진3312,https://m.place.naver.com/my/5eec9a628f87a842bcf5e07f/review?v=2,44,,,크리스마스 단장한 블루마일스 더 자주 올게용 넘 좋은 카페 🫶🏻☕️,"일시적인 오류가 발생했습니다
커피가 맛있어요",2023년 11월 15일 수요일,13번째 방문,영수증
블루마일스커피로스터즈,카페,,,,florapark4798,https://m.place.naver.com/my/5d4fb7d83d4f3033abd7cfab/review?v=2,7,,,"집 근처에 있어서 자주 다니는 카페에요 ㅎㅎ 
커피도 맛있고 무엇보다도 여기에서 파는 쿠키가 진짜 맛있음 
그리고 혼자 카공하기도 좋은 카페 
굿이에용 ",,2024년 2월 13일 화요일,1번째 방문,영수증
블루마일스커피로스터즈,카페,,,,imt****,https://m.place.naver.com/my/5ea45bb28f87a842bcc3536c/review?v=2,13,,,맨날 오는데 또 왔어요 맛있어요 최우진이 추천해줫어요,,2024년 3월 14일 목요일,1번째 방문,영수증
블루마일스커피로스터즈,카페,,,,이수진3312,https://m.place.naver.com/my/5eec9a628f87a842bcf5e07f/review?v=2,44,,,분위기 좋은 블루마일스 ✨,"일시적인 오류가 발생했습니다
커피가 맛있어요",2023년 10월 27일 금요일,9번째 방문,영수증
블루마일스커피로스터즈,카페,,,,프린세스BIN,https://m.place.naver.com/my/5d6767708f87a842bc014e56/review?v=2,147,,,"커피맛있는데 양이... 작아요.
점심안먹고간거라 그런지 모르겠지만
스콘은 왜이리 맛있는건지 ㅋ 
반려동물입장가능이라 더 좋았어요~ ",,2024년 1월 28일 일요일,1번째 방문,영수증
블루마일스커피로스터즈,카페,,,,한 한,https://m.place.naver.com/my/5c4fca9c24966031d02599d4/review?v=2,20,,,"진저 맨 브랜드는 정말 맛있네요 향이 너무 좋아요 에그타르트도 정말 맛있어요
","일시적인 오류가 발생했습니다
인테리어가 멋져요",2024년 1월 27일 토요일,5번째 방문,영수증
블루마일스커피로스터즈,카페,,,,이수진3312,https://m.place.naver.com/my/5eec9a628f87a842bcf5e07f/review?v=2,44,,,,"일시적인 오류가 발생했습니다
커피가 맛있어요",2024년 3월 9일 토요일,19번째 방문,영수증
블루마일스커피로스터즈,카페,,,,이수진3312,https://m.place.naver.com/my/5eec9a628f87a842bcf5e07f/review?v=2,44,,,늘 분위기 좋은 블루마일스 ♥️,"일시적인 오류가 발생했습니다
집중하기 좋아요",2023년 11월 18일 토요일,14번째 방문,영수증
블루마일스커피로스터즈,카페,,,,gid****,https://m.place.naver.com/my/5efee72bff821a0cd670bb16/review?v=2,13,,,케이크는 처음 시켜봤는데 맛있어요!! 맛있는 커피와 디저트를 함께 즐길 수 있어서 좋았습니당 ㅎㅎ,"일시적인 오류가 발생했습니다
커피가 맛있어요",2023년 12월 25일 월요일,4번째 방문,영수증
블루마일스커피로스터즈,카페,,,,pln****,https://m.place.naver.com/my/5c314e27a288a5b4f6ebf6c0/review?v=2,767,,,"카페가 예뻐요~
커피가 맛있어요!","일시적인 오류가 발생했습니다
커피가 맛있어요",2023년 12월 28일 목요일,1번째 방문,결제내역
블루마일스커피로스터즈,카페,,,,나라올라888,https://m.place.naver.com/my/5cc17457ea9cf31c749daef8/review?v=2,750,23.0,,커피맛이 좋아요.,"일시적인 오류가 발생했습니다
커피가 맛있어요",2023년 12월 25일 월요일,1번째 방문,영수증
블루마일스커피로스터즈,카페,,,,로샤16,https://m.place.naver.com/my/5c57c7ba6f32db0d02aba3ed/review?v=2,575,,,커피가 맛있어서 또 방문했네요 저번에 디저트도 맛있었는데 아쉬운건 빨대 잘라서 안 주셨으면 단면이 고르지 않아서 좀 그래요,"일시적인 오류가 발생했습니다
커피가 맛있어요",2023년 12월 7일 목요일,1번째 방문,영수증
블루마일스커피로스터즈,카페,,,,이수진3312,https://m.place.naver.com/my/5eec9a628f87a842bcf5e07f/review?v=2,44,,,크리스마스 분위기 물씬!🎄♥️,"일시적인 오류가 발생했습니다
커피가 맛있어요",2023년 11월 12일 일요일,12번째 방문,영수증
블루마일스커피로스터즈,카페,,,,kjs3cm3,https://m.place.naver.com/my/5d78d8438f87a842bce7e3df/review?v=2,140,,,"반려견동반입장가능해요. 
자리가 협소한게 아쉬운데 주말이라 사람들많아
기다렸다 자리생기면 앉아야해요. 
배달주문도 많았고 사람들회전도 나쁘지 않고
커피와 스콘맛있어요. ",,2024년 1월 28일 일요일,1번째 방문,영수증
블루마일스커피로스터즈,카페,,,,김7774,https://m.place.naver.com/my/5e81884c8f87a842bc9b0dbe/review?v=2,73,1.0,,텀블러 할인 좋아요~ 오늘도 잘 먹었습니다,,2023년 12월 7일 목요일,3번째 방문,영수증
블루마일스커피로스터즈,카페,,,,수빈105,https://m.place.naver.com/my/5c97954f81aefc6482f4ebaf/review?v=2,26,,,여기 플랫화이트랑 라떼 진짜진짜진짜 존맛이에요 완전 꼬소하고 중독적인 맛이고 한번 맛보면 다른데서 못먹음 ㅠㅠㅠㅠ 4주년 축하드려요 어쩜 기념쿠키도맛있지..? 뷰도 짱이고 모든면에서 최고에여,,2023년 9월 5일 화요일,8번째 방문,영수증
블루마일스커피로스터즈,카페,,,,릴릴리3024,https://m.place.naver.com/my/5c7fb12a6320782515d62815/review?v=2,1251,,,에스프레소 듀엣은 두가지 커피를 마실수 있어서 좋아여 특히 피콜로는 부드러워서 잘넘어가요. 탄산수도 홀짝홀짝 ㅋㅋ  마롱쿠키는 안에 밤이 통으로 많이 들어있었어요,,2023년 11월 4일 토요일,2번째 방문,영수증
블루마일스커피로스터즈,카페,,,,양상추추,https://m.place.naver.com/my/5f068b8fee1ece9f4a6aeae8/review?v=2,2007,204.0,,태릉입구쪽에 단순 분위기맛집이나 핫플카페가 아닌 찐커피맛집이 꽤 있네요 호이폴로이 블루마일스 그리고 비스킷플로어까지 일단 개인적으론 요 세군데가 커피맛으론 top3 입니다^^* 셋다 아담하지만 나름 분위기도 다 다르고 각각 다 좋아요♡ 오늘 마신 쳇베이커라떼랑 코코파인롱블랙 둘다 넘 맛있어서...원두 사서갈까 지금 망설이는 중입니다 ... 근데 갑자기 비가 억수로 오는중 ㅠㅠ ㅋㅋㅋ ,,2023년 8월 22일 화요일,1번째 방문,영수증
블루마일스커피로스터즈,카페,,,,포를롱,https://m.place.naver.com/my/5d92c5ea8f87a842bcfaaa96/review?v=2,25,,,너무 맛있어요 버터스카치 양이 좀 더 많으면 좋겠어요 라떼아트도 너무 예쁘고 바닐라 향도 좋아요,"일시적인 오류가 발생했습니다
뷰가 좋아요",2023년 12월 2일 토요일,7번째 방문,영수증
블루마일스커피로스터즈,카페,,,,쏭로그,https://m.place.naver.com/my/60a72e09c1859dac7e9ba488/review?v=2,366,60.0,,"커피 찐 맛탱 
자주 와요! 쿠폰 사용해서 완전 이득 🤍🩵
김룰루가 단골이라 정말 너무 자주 오곤 하는데
올때마다 사람이 엄청 많아요! 커피 맛있음 🥃🥛",,2023년 12월 17일 일요일,1번째 방문,영수증
블루마일스커피로스터즈,카페,,,,umb****,https://m.place.naver.com/my/5d9fe3188f87a842bc3cd813/review?v=2,9,,,오랜만에 방문해도 커피맛은 변함이 없네요~첫눈내리는 날에 방문해서 맘이 더 따뜻해지는것 같아요,"일시적인 오류가 발생했습니다
커피가 맛있어요",2023년 11월 17일 금요일,1번째 방문,영수증
블루마일스커피로스터즈,카페,,,,수빈105,https://m.place.naver.com/my/5c97954f81aefc6482f4ebaf/review?v=2,26,,,항상 친절하시고 커피랑 디저트종류 다 너무너무 맛있어요 매장도 깨끗하고 재즈음악도 좋아요 '◡'✿,"일시적인 오류가 발생했습니다
커피가 맛있어요",2023년 10월 28일 토요일,10번째 방문,영수증
블루마일스커피로스터즈,카페,,,,BerryYou,https://m.place.naver.com/my/5c96401704823a65189a75b1/review?v=2,62,4.0,,"늦은 시간까지 영업해서 저녁을 늦게 먹는 저도 오기 편해요:) 늘 집중과 몰입 그리고 한 잔의 여유와 행복한 디저트 타임 즐기고 있습니당~감사해요
 그리고 바나나푸딩 첨 먹어보는데 블루마일스 디저트 중에 탑이에요 ㅠㅠㅠㅠ 존맛",,2023년 9월 16일 토요일,3번째 방문,영수증
블루마일스커피로스터즈,카페,,,,tnw****,https://m.place.naver.com/my/5e32910c8f87a842bc0007f6/review?v=2,65,,,"공릉 커피 = 블루마일스 말해뭐해~~~ 
커피 맛집 + 쿠키 🍪맛집이예영❤️","일시적인 오류가 발생했습니다
인테리어가 멋져요",2024년 2월 14일 수요일,1번째 방문,영수증
블루마일스커피로스터즈,카페,,,,geniekku,https://m.place.naver.com/my/5ded22768f87a842bca4ae40/review?v=2,79,4.0,,"정말 좋아하는 카페에요 일단 커피도 정말 진하고 맛있고 조용하게 노트북 작업을 하거나 책읽기 좋아요 특히 창밖으로 보이는 공원뷰때문에 자주 가는데요, 벚꽃시즌에 가도 예쁜데 은근 비올때 가도 창밖에 비오는걸 볼 수 있어서 너무 좋아요 여기는 커피뿐만 아니라 디저트도 엄청 맛있는데 에그타르트가 정말 맛있습니다 겉에 타르트지가 패스튜리가 아니라 쿠키같은데 정말 바삭하고 버터의 고소한 풍미가 느껴지고 타르트 속 필링은 부드럽고 달콤해요 신메뉴도 자주 나오기때문에 주말에 또 방문하고 싶네요 ",,2023년 7월 16일 일요일,2번째 방문,결제내역
블루마일스커피로스터즈,카페,,,,원규타인,https://m.place.naver.com/my/5de590af9ec8258e4a9aa291/review?v=2,56,,,"강아지 간식을 챙겨주는 카페예요~!
넓고 에그타르트 스콘이 정말 맛있어용 ","일시적인 오류가 발생했습니다
커피가 맛있어요",2023년 12월 10일 일요일,4번째 방문,영수증
블루마일스커피로스터즈,카페,,,,꿈꿈이12,https://m.place.naver.com/my/5d71d4618f87a842bc9d98b1/review?v=2,148,,,커피맛집 오늘은 카푸치노 ~~ 음악도 좋음~~,"일시적인 오류가 발생했습니다
대화하기 좋아요",2023년 10월 30일 월요일,1번째 방문,결제내역
블루마일스커피로스터즈,카페,,,,김7774,https://m.place.naver.com/my/5e81884c8f87a842bc9b0dbe/review?v=2,73,1.0,,분위기도 좋고 텀블러 500원 할인되어 좋아요 :),,2023년 11월 30일 목요일,2번째 방문,영수증
블루마일스커피로스터즈,카페,,,,일등성,https://m.place.naver.com/my/5e5278ed8f87a842bc502143/review?v=2,768,60.0,,BC카드 페이북 이벤트 참여하면 결제일할인 받을 수 있어요! 커피랑 디저트 다 맛있넹,"일시적인 오류가 발생했습니다
친절해요",2023년 11월 18일 토요일,1번째 방문,영수증
블루마일스커피로스터즈,카페,,,,new****,https://m.place.naver.com/my/608a1e9c0fafb559e92bdb8c/review?v=2,682,4.0,,굿,,2024년 6월 20일 목요일,1번째 방문,영수증
블루마일스커피로스터즈,카페,,,,원규타인,https://m.place.naver.com/my/5de590af9ec8258e4a9aa291/review?v=2,56,,,커피가 맛있구 반려동물 동반이라 너무 좋아요 !!,"일시적인 오류가 발생했습니다
커피가 맛있어요",2023년 11월 19일 일요일,3번째 방문,영수증
블루마일스커피로스터즈,카페,,,,다이니dain,https://m.place.naver.com/my/5cc70a2c8f87a842bc99cc6f/review?v=2,34,1.0,,"커피 맛있어요! 
날씨 좋은 날 뷰도 좋고 음악도 좋고 
공부하기 얘기하기 좋은 곳 같아요","일시적인 오류가 발생했습니다
커피가 맛있어요",2023년 10월 2일 월요일,1번째 방문,결제내역
블루마일스커피로스터즈,카페,,,,18****,https://m.place.naver.com/my/62bb1080bb4d183813454759/review?v=2,40,,,커피랑 쿠키가 맛있어요,"일시적인 오류가 발생했습니다
커피가 맛있어요",2024년 3월 3일 일요일,1번째 방문,영수증
블루마일스커피로스터즈,카페,,,,이수진3312,https://m.place.naver.com/my/5eec9a628f87a842bcf5e07f/review?v=2,44,,,블루마일스 공릉 카공 최고스팟!,"일시적인 오류가 발생했습니다
집중하기 좋아요",2023년 12월 10일 일요일,17번째 방문,영수증
블루마일스커피로스터즈,카페,,,,릴릴리3024,https://m.place.naver.com/my/5c7fb12a6320782515d62815/review?v=2,1251,,,"쿠키를 뭘 먹을까 고민하며 보고 있었는데 사장님께서 웃으시며 궁금한거 있으면 물어보라고 해주셔서 첫인상이 넘 좋았어요. 그래서 정말 이것저것 물어봄 키
너티블루라떼는 마일스 데이비스 원두로 먹는게 좋다고하셔서 주문했는데 와우 입에대고 쭉마시면 엄청 찐득하니 고소하고 맛있었어요. 얼그레이스콘은 홍차맛이 찐하고 달았어요. 화장실도 실내에 있는데 핸드워시가 향긋해요 취향에 맞는향이었음.창가쪽에 앉아서 나무도 보고 지나가는 사람도 보는 재미가 있음. 다른거 먹어보러 또 갈게요",,2023년 10월 28일 토요일,1번째 방문,영수증
블루마일스커피로스터즈,카페,,,,쮸민zzumin,https://m.place.naver.com/my/5ddf38c29ec8258e4a0992b8/review?v=2,2,,,,"일시적인 오류가 발생했습니다
커피가 맛있어요",2024년 3월 27일 수요일,1번째 방문,영수증
블루마일스커피로스터즈,카페,,,,3LSY3,https://m.place.naver.com/my/5e8a23fe8f87a842bcd73127/review?v=2,7,,,"추운 날씨에 따뜻한 플랫화이트 한 잔 너무 좋아요🫶
뷰도 늘 좋아서 공부하러 올 때마다 기분이 좋아져요! 커피 항상 너무 맛있습니당..👍 더 자주 올게요
",,2023년 11월 12일 일요일,2번째 방문,영수증
블루마일스커피로스터즈,카페,,,,모짜렐라핫도그요즘잘자쿨냥이,https://m.place.naver.com/my/5f04c18883c3db9a1b548cd8/review?v=2,19,2.0,,별 기대없이 디저트 주문했는데 너무 맛있네요!! 창가좌석은 대놓고 노트북 작업하라고 만드신 좌석 같아서 잘 있다 갑니다☺️ 요즘 작업하기 눈치 보이는 카페들도 많은데 눈치 하나도 안 보이고 좋네용 자주 올 것 같아요!,,2023년 9월 19일 화요일,1번째 방문,영수증
블루마일스커피로스터즈,카페,,,,멍때려,https://m.place.naver.com/my/5c4bc5f94e51a795ff5cdb69/review?v=2,39,,,"롱커피 아메리카노 버터커피 다 맛잇어요
비스킷 스콘 다 맛있어요
또 올게용","일시적인 오류가 발생했습니다
커피가 맛있어요",2023년 11월 1일 수요일,1번째 방문,영수증
블루마일스커피로스터즈,카페,,,,lov****,https://m.place.naver.com/my/5f40af18a602e98f568fe4da/review?v=2,5,,,"공릉, 나아가 노원, 나아가 강북 최고의 브루잉 커피를 맛 볼 수 있는 곳입니다!! 원두의 모든 노트가 풍성하게 느껴집니다. 꼭 방문해서 드셔보세요~","일시적인 오류가 발생했습니다
커피가 맛있어요",2023년 11월 17일 금요일,1번째 방문,영수증
블루마일스커피로스터즈,카페,,,,꺌꺌마녀,https://m.place.naver.com/my/5dab27f98f87a842bccf595a/review?v=2,397,,,한번 방문해서 먹어보고 맛있어서 원두 샀어요,"일시적인 오류가 발생했습니다
커피가 맛있어요",2023년 12월 19일 화요일,2번째 방문,영수증
블루마일스커피로스터즈,카페,,,,0 L u c y 0,https://m.place.naver.com/my/602366317507d72c2159dfbb/review?v=2,42,,,"커피 추천도 잘해주시고, 정성들여 내려주십니다. 창이 뚫려있어서 개방감있어요 구웃. 공간도 넘 예쁘고 정성들인 티가 뿜뿜합니다. 집중하기에 좋은 공간이었어요",,2023년 10월 12일 목요일,1번째 방문,영수증
블루마일스커피로스터즈,카페,,,,이수진3312,https://m.place.naver.com/my/5eec9a628f87a842bcf5e07f/review?v=2,44,,,"커피도 맛있고 직원분들도 친절해요!
","일시적인 오류가 발생했습니다
대화하기 좋아요",2023년 11월 30일 목요일,16번째 방문,영수증
블루마일스커피로스터즈,카페,,,,Onghee,https://m.place.naver.com/my/5f1951459ec8258e4aa5a110/review?v=2,156,14.0,,메뉴 구성이 마음에 들어요!! 아이스크림이랑 고소한 커피 조합이 너무 좋았어요 🤭,"일시적인 오류가 발생했습니다
인테리어가 멋져요",2023년 9월 18일 월요일,1번째 방문,결제내역
블루마일스커피로스터즈,카페,,,,이수진3312,https://m.place.naver.com/my/5eec9a628f87a842bcf5e07f/review?v=2,44,,,"늘 분위기 좋은 블루마일스, 추천해요☕️","일시적인 오류가 발생했습니다
인테리어가 멋져요",2023년 10월 31일 화요일,10번째 방문,영수증
블루마일스커피로스터즈,카페,,,,feel033,https://m.place.naver.com/my/5b87b8c9cdfde241816a2073/review?v=2,195,,,집에서 배달시켜 먹다 너무 마음에 들어서 찾아오기 시작했는데 함께 온 지인들 마다 모두 좋아하시네요 호지차슈페너 굿굿👍,"일시적인 오류가 발생했습니다
음료가 맛있어요",2023년 10월 10일 화요일,1번째 방문,영수증
블루마일스커피로스터즈,카페,,,,01hseo,https://m.place.naver.com/my/5f0c73489ec8258e4ac25569/review?v=2,5,,,오늘따라 블마 바나나푸딩이 너무 너무 생각나서.. 주말 늦잠 포기하고 일어나자마자 달려왔어용🍌🤎 커피도 항상 향도 맛도 좋고 쿠키도 맛있습니당🤤 최고~!!!! 헤헤,,2023년 11월 12일 일요일,1번째 방문,영수증
블루마일스커피로스터즈,카페,,,,ezy,https://m.place.naver.com/my/5ca8bce660930a1b243eaf4b/review?v=2,13,,,커피도 너무 맛있고 사장님도 친절해요 자주 올게요 ◟( ˘ ³˘)◞ ♡ ,"일시적인 오류가 발생했습니다
친절해요",2023년 12월 13일 수요일,1번째 방문,영수증
블루마일스커피로스터즈,카페,,,,수빈105,https://m.place.naver.com/my/5c97954f81aefc6482f4ebaf/review?v=2,26,,,음악도좋고 분위기도 인테리어도 뷰도 커피 맛도 좋은 최애카페 💙 코코파인원두 짱맛,"일시적인 오류가 발생했습니다
커피가 맛있어요",2023년 10월 6일 금요일,9번째 방문,영수증
블루마일스커피로스터즈,카페,,,,712woo,https://m.place.naver.com/my/5ec6505d8f87a842bce02fbe/review?v=2,12,,,"커피 맛있고 매장 뷰 좋아요
분위기 좋아요^^","일시적인 오류가 발생했습니다
커피가 맛있어요",2023년 11월 22일 수요일,1번째 방문,영수증
블루마일스커피로스터즈,카페,,,,꼬꼬미꽁,https://m.place.naver.com/my/5bf5450dd9d04a4f2d77c715/review?v=2,282,22.0,,"원두도 고를 수 있고 음료 종류가 많아 좋아요!
직원 분들도 친절하시고 또 갈 의향 500%♡","일시적인 오류가 발생했습니다
커피가 맛있어요",2023년 10월 23일 월요일,1번째 방문,영수증
블루마일스커피로스터즈,카페,,,,달콤살벌한곰양,https://m.place.naver.com/my/5be2a65968413b6f1b544c9d/review?v=2,9,,,"
스콘이나 쿠키하나랑 라떼, 그리고 창밖풍경과 노랫소리가 잠깐 쉬다가기 너무 좋은곳이예요!
저는 개인적으로 여기 라떼가 맛있더라구요?!
쿠키랑 스콘은 말모말모♡",,2023년 11월 5일 일요일,1번째 방문,영수증
블루마일스커피로스터즈,카페,,,,애플망고 샤베트,https://m.place.naver.com/my/5c04ea01ba5dad3b8ddf6d7b/review?v=2,25,1.0,,커피와 뷰 맛집입니다 카공하기도 너무 좋아요👍🏻👍🏻,"일시적인 오류가 발생했습니다
커피가 맛있어요",2023년 11월 8일 수요일,1번째 방문,영수증
블루마일스커피로스터즈,카페,,,,이수진3312,https://m.place.naver.com/my/5eec9a628f87a842bcf5e07f/review?v=2,44,,,커피도 맛있고 직원분들도 넘 친절하세여! 최고!,"일시적인 오류가 발생했습니다
대화하기 좋아요",2023년 11월 20일 월요일,15번째 방문,영수증
블루마일스커피로스터즈,카페,,,,보슬비v,https://m.place.naver.com/my/5bd4273bca726a8e09f76772/review?v=2,633,22.0,,고소 달달 맛있어요!,,2024년 7월 7일 일요일,1번째 방문,결제내역
블루마일스커피로스터즈,카페,,,,geniekku,https://m.place.naver.com/my/5ded22768f87a842bca4ae40/review?v=2,79,4.0,,"라떼에 두유변경이나 오트우유 변경되는게 좋아요 
디카페인도 있어서 늦은 저녁엔 디카페인으로 변경해서 먹습니다 
블루마일스는 디카페인도 맛있어요 고소해요 ",,2023년 8월 4일 금요일,3번째 방문,영수증
블루마일스커피로스터즈,카페,,,,하루0010,https://m.place.naver.com/my/620c6a2e99f7ae11d8b36e15/review?v=2,4,,,너무 신기해요 파란옷 입은 김에 파란색 카페가 보여서 들어왔는데 파란색 최신 스타벅스에 온 느낌 !! 💙 너무 편하게 있다 갑니다 :),"일시적인 오류가 발생했습니다
인테리어가 멋져요",2023년 10월 5일 목요일,1번째 방문,영수증
블루마일스커피로스터즈,카페,,,,liebesysy,https://m.place.naver.com/my/5c4d758a20df1734cfdd462c/review?v=2,466,11.0,,"반려견 동반 가능한 곳이라 산책 중에 들렀어요 주말이라 사람들이 많았지만 커피향도 좋고 아이스크림, 에스프레소 더블도 깊은 맛! 반려견 간식으로 쿠키와 물그릇도 준비해주셔서 강아지도 잘 쉬다갈 수 있었어요~",,2023년 7월 9일 일요일,1번째 방문,영수증
블루마일스커피로스터즈,카페,,,,z6538,https://m.place.naver.com/my/5c8c6cf5e1b9ba1c2907521f/review?v=2,39,,,"저의 최애 공릉동 카페입니다! 일단 커피가 너무너무 맛있어요!! 특히 마일드 데이비스 원두 완전 강추입니다 고소하고 너무 맛있어요! 
쿠키는 종류가 엄청 많은데 저는 2년째 화이트 마카다미아를 고수하고 있습니다.
라페라떼 아이스 + 화이트 마카다미아 쿠키 최고의 조합",,2023년 7월 9일 일요일,1번째 방문,영수증
블루마일스커피로스터즈,카페,,,,필소윤 Pil So Yun,https://m.place.naver.com/my/5f05b9bc68ab0c2f9bef5763/review?v=2,23,,,"확실히 다른데 보다 커피가 맛있어요🙊
(커알못이지만 일단 텁텁하지 않고 
다양한 맛이있어서 좋음!)

근데 디저트까지 잘 할 줄이야👍

스콘이랑 타르트 인위적으로 단거 싫어하는데 
적당히 달고 재료가 좋은 퀄리티있는 디저트 !!",,2023년 9월 2일 토요일,1번째 방문,영수증
블루마일스커피로스터즈,카페,,,,moooonsy,https://m.place.naver.com/my/5f06d918200ffc9fb665974e/review?v=2,2,,,,"일시적인 오류가 발생했습니다
커피가 맛있어요",2024년 3월 4일 월요일,1번째 방문,영수증
블루마일스커피로스터즈,카페,,,,김태현4316,https://m.place.naver.com/my/5e5a107b8f87a842bc1a18ed/review?v=2,4,,,분위기가 좋아요,"일시적인 오류가 발생했습니다
커피가 맛있어요",2024년 2월 5일 월요일,1번째 방문,영수증
블루마일스커피로스터즈,카페,,,,호호50,https://m.place.naver.com/my/5f05b24368ab0c2f9bef3765/review?v=2,26,,,"치즈케이크도 맛나고 에그타르트도 맛있어요.
근데 커피는 더 맛나네요","일시적인 오류가 발생했습니다
커피가 맛있어요",2023년 10월 29일 일요일,1번째 방문,영수증
블루마일스커피로스터즈,카페,,,,한 한,https://m.place.naver.com/my/5c4fca9c24966031d02599d4/review?v=2,20,,,친구도 정말 맛있다고 하네요 이곳 커피는 최고예요👍👍👍,"일시적인 오류가 발생했습니다
커피가 맛있어요",2023년 12월 17일 일요일,4번째 방문,영수증
블루마일스커피로스터즈,카페,,,,자윤맘,https://m.place.naver.com/my/5fcaf5f3d4ee6c0b18ebdb58/review?v=2,18,1.0,,"오픈시간 맞춰오는 카페.
친절하고 커피도 찐하고 맛있어요. 분위기도 좋습니다","일시적인 오류가 발생했습니다
매장이 청결해요",2023년 10월 17일 화요일,1번째 방문,영수증
블루마일스커피로스터즈,카페,,,,이수진3312,https://m.place.naver.com/my/5eec9a628f87a842bcf5e07f/review?v=2,44,,,탁트인 창가자리 넘 좋아요,"일시적인 오류가 발생했습니다
친절해요",2023년 10월 5일 목요일,7번째 방문,영수증
블루마일스커피로스터즈,카페,,,,hj0142,https://m.place.naver.com/my/5e144ccd8f87a842bcd732d1/review?v=2,241,,,맛있어요~~ 지인들과 커피마시기 좋았어요^^,"일시적인 오류가 발생했습니다
사진이 잘 나와요",2023년 11월 21일 화요일,1번째 방문,영수증
블루마일스커피로스터즈,카페,,,,novembre,https://m.place.naver.com/my/5cbd33d64794bffa3222f040/review?v=2,21,,,조용하고 고즈넉한 분위기의 카페에요! 커피향도 넘 좋습니다! 나만 알고 싶은 곳이에용!🥹,"일시적인 오류가 발생했습니다
커피가 맛있어요",2023년 9월 26일 화요일,1번째 방문,영수증
블루마일스커피로스터즈,카페,,,,빼링,https://m.place.naver.com/my/5e306c818f87a842bc62e0e6/review?v=2,30,1.0,,분위기가 너무 좋고 귀야운 쿠키들도 많아요!!,"일시적인 오류가 발생했습니다
커피가 맛있어요",2023년 12월 20일 수요일,1번째 방문,영수증
블루마일스커피로스터즈,카페,,,,bor****,https://m.place.naver.com/my/5bfbb896b9d0e1715f1d2660/review?v=2,33,,,"공릉 최애카페에요🫶🏻
2층 계단 입구에서부터 원두 향으로 기분좋고
통창뷰라 철길공원 보이는 것도 너무 좋아요
커피 맛도 너무 좋아요 ( 향이 일단 너무 좋고 고소하고 풍미가 좋아요)


",,2023년 9월 18일 월요일,1번째 방문,영수증
블루마일스커피로스터즈,카페,,,,csh****,https://m.place.naver.com/my/5f0686eaace692ef6245d576/review?v=2,681,,,좋아요,,2024년 6월 24일 월요일,1번째 방문,영수증
블루마일스커피로스터즈,카페,,,,갔던집또안가는리뷰어,https://m.place.naver.com/my/5b6ff0d966e46e30eaecc3cf/review?v=2,갔던집또안가는어,133.0,,오빠랑 데이트하다 들렸어요♡ 지이이이이인짜 혀가 아릴만큼 단맛이 짱짱한 곳! 도우도 달고 크림도달아서 당충전하기엔 딱이었어요! 스트레스 날리기엔 너무딱이었던 곳이에요^^ 굿♡차 잔이특이해요! 다음에는 다른쿠키도 도전해봐야디,,2023년 5월 29일 월요일,1번째 방문,영수증
블루마일스커피로스터즈,카페,,,,smiiile,https://m.place.naver.com/my/5efe3fe889852ed478c88c2f/review?v=2,104,,,"특별한 맛이라 또 생각나서 왔어요!
토마토랑 바질과 시원한 소다의 조합이 넘 좋아용👍
공간도 멋스럽고 음악 조합까지 좋은 곳입니다!
커피도 맛있을 것 같아서 담엔 커피 마시러 올게요 ㅎㅎ",,2023년 9월 14일 목요일,1번째 방문,영수증
블루마일스커피로스터즈,카페,,,,정연7645,https://m.place.naver.com/my/5e01c19a8f87a842bc3f9ca0/review?v=2,17,,,"커피 너무 맛있고 카공하기 딱 좋은 카페입니다!!
분위기가 좋아서 집중도 잘 되고 좌석이랑 테이블 다 편리합니다!","일시적인 오류가 발생했습니다
커피가 맛있어요",2023년 10월 17일 화요일,1번째 방문,영수증
블루마일스커피로스터즈,카페,,,,개루미37,https://m.place.naver.com/my/5ead27998f87a842bc6c60bb/review?v=2,11,,,,"일시적인 오류가 발생했습니다
커피가 맛있어요",2024년 2월 14일 수요일,1번째 방문,영수증
블루마일스커피로스터즈,카페,,,,funky120,https://m.place.naver.com/my/5c680212f0c44b2896be0dae/review?v=2,121,1.0,,"시그니처 메뉴 먹어봤어요 고소하고 시원한 아이스크림과 진한 에스프레소가 잘 어우러져서 정말 맛있어요 블루를 컨셉으로한 깔끔하고 모던한 실내인테리어,  재즈뮤지션들의 모습이 벽에 걸려있고 흘러나오는 재즈음악도 힙하고 좋아요~! 
",,2023년 6월 25일 일요일,1번째 방문,영수증
블루마일스커피로스터즈,카페,,,,밍댜밍댜,https://m.place.naver.com/my/5f044706012fad32006d433f/review?v=2,24,,,근처에 살아서 카공하려 자주 들려요! ,"일시적인 오류가 발생했습니다
커피가 맛있어요",2023년 11월 26일 일요일,1번째 방문,결제내역
블루마일스커피로스터즈,카페,,,,너구리리리리,https://m.place.naver.com/my/5e870f2a8f87a842bc7b0a4c/review?v=2,644,,,쿠키가 맛있다,,2023년 12월 16일 토요일,1번째 방문,영수증
블루마일스커피로스터즈,카페,,,,성언770,https://m.place.naver.com/my/63ccd05e1438fc3a9ca6cf0b/review?v=2,9,,,저번에 비오는 날 방문했었는데 너무 예쁘고 좋았어서 다시 방문하게 되었어요 !! 바스크 치즈케이크도 너무너무 맛있고 무엇보다 피콜로 아이스크림 라떼가 진짜 진짜 너무 맛있답니다아 ...🫶🏻🫶🏻🫶🏻,,2023년 9월 5일 화요일,1번째 방문,영수증
블루마일스커피로스터즈,카페,,,,3849하,https://m.place.naver.com/my/5d88983d8f87a842bce28302/review?v=2,17,,,"우연히 동생통해서 알게되었는데 인생카페가 된곳입니다 바닐라라떼 마일스데이비스원두로 주문했는데 먹자마자 오?! 하고 감탄했네요 살면서 처음먹어본맛이고 다른카페커피와 확실히 차별화되어있어요 커피모르는 제가봐도 사장님 원두로스팅 너무잘하시고 진심이신게 느껴져요 가끔 원두랑 더치커피도 따로사갑니다 친구들 동네에 놀러오면 여기 꼭 데려와요 여기 꼭오세요 진짜 존맛이에요ㅠ
아메리카노- 쳇베이커 원두
바닐라라떼 - 마일스데이비스 
완전추천이요!!!",,2023년 7월 22일 토요일,1번째 방문,영수증
블루마일스커피로스터즈,카페,,,,huni_nnn,https://m.place.naver.com/my/5d91647d8f87a842bcbbe963/review?v=2,13,,,"여기 강아지동반이 가능해서 자주 애용히는
곳이에요~~ 히히 음료 빵 다 맛있어용","일시적인 오류가 발생했습니다
인테리어가 멋져요",2023년 9월 3일 일요일,1번째 방문,영수증
블루마일스커피로스터즈,카페,,,,BerryYou,https://m.place.naver.com/my/5c96401704823a65189a75b1/review?v=2,62,4.0,,"집중하기 넘넘 좋고, 블렌딩하신 커피도 맛있고 디저트도 매일매일 바껴서 재밌어용:)","일시적인 오류가 발생했습니다
인테리어가 멋져요",2023년 8월 12일 토요일,2번째 방문,영수증
블루마일스커피로스터즈,카페,,,,꺌꺌마녀,https://m.place.naver.com/my/5dab27f98f87a842bccf595a/review?v=2,397,,,시즌커피 진짜 맛나네요,,2023년 12월 14일 목요일,1번째 방문,영수증
블루마일스커피로스터즈,카페,,,,hyodani,https://m.place.naver.com/my/5f06094ac6c911a490bc3143/review?v=2,5,,,커피가 너무 맛있어요 향이 너무 풍부해서 입안에 가득 남아 있으니 기분이 좋네요 앞으로 공릉동 올 때마다 카페는 여기만 올 것 같아요 사장님 넘 미남이심ㅎㅎ,,2023년 10월 15일 일요일,1번째 방문,영수증
블루마일스커피로스터즈,카페,,,,rurucy,https://m.place.naver.com/my/5e9ac59d8f87a842bcd75278/review?v=2,287,3.0,,커피 맛이 깔끔해서 종종 와요! 원두 선택할수도 있고 숲길 바로 옆이라 뷰도 좋습니다.,"일시적인 오류가 발생했습니다
커피가 맛있어요",2023년 9월 21일 목요일,1번째 방문,영수증
블루마일스커피로스터즈,카페,,,,밈킴,https://m.place.naver.com/my/613479623113397f457ae144/review?v=2,7,,,스벅같이 노트북과 책들고 오래 있어도 민망하지 않은 곳이네요. ,,2023년 11월 14일 화요일,1번째 방문,영수증
블루마일스커피로스터즈,카페,,,,994361,https://m.place.naver.com/my/5e831cb58f87a842bcb8300e/review?v=2,68,,,"커피가 너무 맛있어요!!
","일시적인 오류가 발생했습니다
인테리어가 멋져요",2023년 11월 12일 일요일,1번째 방문,영수증
블루마일스커피로스터즈,카페,,,,gid****,https://m.place.naver.com/my/5efee72bff821a0cd670bb16/review?v=2,13,,,자주오는 카페! 일단 커피가 너무 맛있어서 좋아요! 그리고 요즘 우유 안먹으려고 하는데 두유랑 오트밀 제공해줘서 맘 놓고 라떼 먹을수 있어 좋네요 ,"일시적인 오류가 발생했습니다
집중하기 좋아요",2023년 9월 29일 금요일,2번째 방문,영수증
블루마일스커피로스터즈,카페,,,,이수진3312,https://m.place.naver.com/my/5eec9a628f87a842bcf5e07f/review?v=2,44,,,"시험기간 대학생들의 카공 성지,, 블루마일스 쵝오.. 또올게용♥️","일시적인 오류가 발생했습니다
커피가 맛있어요",2023년 10월 22일 일요일,8번째 방문,영수증
블루마일스커피로스터즈,카페,,,,이수진3312,https://m.place.naver.com/my/5eec9a628f87a842bcf5e07f/review?v=2,44,,,텀블러 할인 넘 좋아용! ,"일시적인 오류가 발생했습니다
집중하기 좋아요",2023년 9월 22일 금요일,6번째 방문,영수증
블루마일스커피로스터즈,카페,,,,이수진3312,https://m.place.naver.com/my/5eec9a628f87a842bcf5e07f/review?v=2,44,,,텀블러 할인 넘 좋아용 💙 커피도 맛나요 💙,"일시적인 오류가 발생했습니다
뷰가 좋아요",2023년 9월 8일 금요일,5번째 방문,영수증
블루마일스커피로스터즈,카페,,,,르안,https://m.place.naver.com/my/5cb20a1062328a7517c6bd19/review?v=2,27,,,원두 선택도 가능하고 넘 맛있어서 이틀째 연달아 방문합니다:-),"일시적인 오류가 발생했습니다
커피가 맛있어요",2023년 10월 9일 월요일,2번째 방문,영수증
블루마일스커피로스터즈,카페,,,,BerryYou,https://m.place.naver.com/my/5c96401704823a65189a75b1/review?v=2,62,4.0,,단골 카페예용:) 커피도 디저트도 시즌별로 달라져서 먹는 즐거움이 있습니댜!,"일시적인 오류가 발생했습니다
커피가 맛있어요",2023년 10월 11일 수요일,4번째 방문,영수증
블루마일스커피로스터즈,카페,,,,tpf****,https://m.place.naver.com/my/5efe4011afcca6e20afd1b9a/review?v=2,22,,,라떼맛집이라 배달로도 자주 먹어요. 따뜻한라떼도 맛있고 아이스도 맛있음,"일시적인 오류가 발생했습니다
커피가 맛있어요",2023년 9월 17일 일요일,1번째 방문,영수증
블루마일스커피로스터즈,카페,,,,쩝쩝박사연습생,https://m.place.naver.com/my/5b9fdbce8b637c0e8d8addb0/review?v=2,371,39.0,,,"일시적인 오류가 발생했습니다
집중하기 좋아요",2024년 1월 1일 월요일,1번째 방문,영수증
블루마일스커피로스터즈,카페,,,,kon****,https://m.place.naver.com/my/5e1aad498f87a842bc44bdd2/review?v=2,24,,,"이 근처 커피 젤 잘 하는 집.
쿠폰 세 장이나 모은 내가 산 증인🤪👍🏻
무엇보다 뷰가 최고다!! ღ","일시적인 오류가 발생했습니다
집중하기 좋아요",2023년 9월 26일 화요일,2번째 방문,영수증
블루마일스커피로스터즈,카페,,,,오늘간곳,https://m.place.naver.com/my/5ccd7b14cd2a7c718ba280c1/review?v=2,130,17.0,,"커피 맛과 향이 최고입니다. 👍🏼👍🏼👍🏼 직접 로스팅하신 원두가 늘 신선합니다. 좋은 재료로 만드시는 디저트 맛도 훌륭하고, 시즌마다 새로운 메뉴를 맛볼 수 있는 점도 좋습니다. 😋",,2023년 7월 2일 일요일,1번째 방문,영수증
블루마일스커피로스터즈,카페,,,,YEON99,https://m.place.naver.com/my/5f0409371b364ad6580daea4/review?v=2,12,,,"원두 선택 가능해서 다양한 맛을 즐길 수 있어서 좋아합니다
인테리어도 좋고 사용하는 잔들도 예뻐요","일시적인 오류가 발생했습니다
인테리어가 멋져요",2023년 10월 14일 토요일,1번째 방문,영수증
블루마일스커피로스터즈,카페,,,,한 한,https://m.place.naver.com/my/5c4fca9c24966031d02599d4/review?v=2,20,,,꿈과 바나나 푸딩은 정말 최고에요.짧은 시간 안에 다시 또 방문 했네요 ^^,"일시적인 오류가 발생했습니다
커피가 맛있어요",2023년 11월 23일 목요일,3번째 방문,영수증
블루마일스커피로스터즈,카페,,,,hyodani,https://m.place.naver.com/my/5f06094ac6c911a490bc3143/review?v=2,5,,,커피 너무 맛있네요 여러곳 다녀 보지만 여기 올 때 마다 후회가 없네요,"일시적인 오류가 발생했습니다
커피가 맛있어요",2023년 10월 24일 화요일,2번째 방문,영수증
블루마일스커피로스터즈,카페,,,,sy9****,https://m.place.naver.com/my/5b9b6ce66114286e19ee61e2/review?v=2,37,,,"이사가면 안되는 이유 중 하나인 이곳,
커피가 맛이있다는걸 알게해준거같아요
오늘도 힐링하고 에너지 채워요
드립 머신 둘 다 좋아요!",,2023년 10월 26일 목요일,2번째 방문,영수증
블루마일스커피로스터즈,카페,,,,오무스,https://m.place.naver.com/my/5c3b154825f4b833b4f70432/review?v=2,41,,,음료 너무맛있게먹구갑니다🥹❤️ 아이스크림 + 탄산 + 복숭아의 조합이너무 신기해서 먹어보러왔는데 분위기도 좋고 음료도 맛있어요!,"일시적인 오류가 발생했습니다
인테리어가 멋져요",2023년 8월 21일 월요일,1번째 방문,영수증
블루마일스커피로스터즈,카페,,,,han****,https://m.place.naver.com/my/5d6059548f87a842bc2982df/review?v=2,31,,,"커피가 정말 너무 맛있는 최애카페입니다!
음악도 좋고, 창밖뷰도 좋아요♡
혼자 독서하고 사색하고싶을때 오는 곳인데, 오늘은 생일을 맞아 남편과 함께왔어요. 개인적으로 다크한 향이 일품인  [마일스 데이비스 블렌드] 추천합니닷",,2023년 9월 17일 일요일,1번째 방문,영수증
블루마일스커피로스터즈,카페,,,,kon****,https://m.place.naver.com/my/5e1aad498f87a842bc44bdd2/review?v=2,24,,,"할 일을 하러 카페를 많이 다니는 사람으로서
서울 카페 중에 제일 좋아하는 곳입니다 :)
고민도 없이 항상 이 곳으로 발걸음이 향하는 이유는 정말 많은데요, 커피를 정말 잘 하는건 기본이고 디저트도 맛있어요! 무엇보다 큰 창밖으로 보이는 초록잎들이 개인적으로 참 좋습니다ㅎㅎ 전체적으로 청결하고 깔끔해요! 오래오래 번창하시길 ღ ",,2023년 8월 1일 화요일,1번째 방문,영수증
블루마일스커피로스터즈,카페,,,,jun****,https://m.place.naver.com/my/5f062cf7de46936b6739f0b7/review?v=2,10,,,동네 마실다니다 커피땡길때 옵니다. 쓴물 같은 커피가 아니고 '맛'이 있습니다. 시즌별 원두 블랜딩도 맛있음,"일시적인 오류가 발생했습니다
커피가 맛있어요",2023년 10월 22일 일요일,1번째 방문,영수증
블루마일스커피로스터즈,카페,,,,연진472,https://m.place.naver.com/my/5d7b80618f87a842bc789871/review?v=2,12,,,굿굿 호지차슈페너도 맛있어요,"일시적인 오류가 발생했습니다
대화하기 좋아요",2023년 10월 27일 금요일,1번째 방문,영수증
블루마일스커피로스터즈,카페,,,,mypaengi,https://m.place.naver.com/my/5f045877012fad32006d6d11/review?v=2,14,,,"공릉 3대 커피 맛집이 맞아요!
저는 여름 한정메뉴인 코코넛향이 나는 아메리카노에 반했습니다:)","일시적인 오류가 발생했습니다
커피가 맛있어요",2023년 9월 24일 일요일,2번째 방문,영수증
블루마일스커피로스터즈,카페,,,,zz****,https://m.place.naver.com/my/5c3c3566ecdb56874cb447e3/review?v=2,10,,,"찐애정하는곳입니다
커피도 디저트도 항상 만족스러워요😃","일시적인 오류가 발생했습니다
커피가 맛있어요",2023년 11월 30일 목요일,1번째 방문,결제내역
블루마일스커피로스터즈,카페,,,,number,https://m.place.naver.com/my/5dd8667b9ec8258e4a68ac2b/review?v=2,31,1.0,,"와서 공부하고 가기 너무 좋고, 공릉에서 제일 커피가 맛있어요 👍👍👍 주말마다 오면 멍멍이들도 많아서 살짝 힐링이에용 ","일시적인 오류가 발생했습니다
친절해요",2023년 8월 27일 일요일,2번째 방문,영수증
블루마일스커피로스터즈,카페,,,,수빈105,https://m.place.naver.com/my/5c97954f81aefc6482f4ebaf/review?v=2,26,,,자주오는곳이에요!! 여름한정 코코파인 원두도 구매해서 먹고있는데 여기서만 먹을 수 있는 맛인것같아요 사장님 정말 친절하시고 커피 맛있는데 저렴하기까지하고 뷰도좋고 조용하구 다 좋아요 🌳,,2023년 7월 21일 금요일,5번째 방문,영수증
블루마일스커피로스터즈,카페,,,,rla****,https://m.place.naver.com/my/61c6d76799f7ae78b1b13eee/review?v=2,4,,,커피도 맛있고 에타스콘 필링이 꽉 차있어서 정말 맛있습니다..🫠,"일시적인 오류가 발생했습니다
커피가 맛있어요",2023년 10월 27일 금요일,1번째 방문,영수증
블루마일스커피로스터즈,카페,,,,DEANTRBL,https://m.place.naver.com/my/5f04417a012fad32006d31de/review?v=2,131,,,"사실 이 집은 버터스카치 커피가 대조오오온맛인데 오늘은 롱블랙 마셔봤어요!
다크초콜릿 맛이 나는게 맛있네용 :)","일시적인 오류가 발생했습니다
친절해요",2023년 9월 7일 목요일,1번째 방문,영수증
블루마일스커피로스터즈,카페,,,,BB1934,https://m.place.naver.com/my/5e4cb4d18f87a842bcde8d0e/review?v=2,123,1.0,,콜드브루도 맛있네용 ㅋㅋ 요새 자주와서 쿠키 벌써 n번째 겟 ㅋㅋㅋㅋㅋㅋ ,"일시적인 오류가 발생했습니다
집중하기 좋아요",2023년 8월 28일 월요일,6번째 방문,영수증
블루마일스커피로스터즈,카페,,,,순지45,https://m.place.naver.com/my/5d05f9ae525149a2a99cc080/review?v=2,23,,,공부하기 좋아요,,2023년 10월 17일 화요일,3번째 방문,영수증
블루마일스커피로스터즈,카페,,,,한 한,https://m.place.naver.com/my/5c4fca9c24966031d02599d4/review?v=2,20,,,커피랑 스콘이 정말 맛있어요 바나나 푸딩도 최고네요,"일시적인 오류가 발생했습니다
커피가 맛있어요",2023년 11월 18일 토요일,2번째 방문,영수증
블루마일스커피로스터즈,카페,,,,Ko피치,https://m.place.naver.com/my/5f05d36e68ab0c2f9befd692/review?v=2,6,,,공릉에서 자주가는 카페예요 혼자 공부하기에도 좋고 친구랑 수다떨기에도 좋은 곳이에요 쿠키도 다양하고 처음으로 에그타르트스콘도 먹어봤는데 맛있습니다 커피도 원두 여러개고 디카페인도 있어서 너무 좋아요!,,2023년 8월 10일 목요일,1번째 방문,영수증
블루마일스커피로스터즈,카페,,,,BB1934,https://m.place.naver.com/my/5e4cb4d18f87a842bcde8d0e/review?v=2,123,1.0,,"기념 행사중이에용 ~!!
5등 쿠키 뽑았어요 
오예! ","일시적인 오류가 발생했습니다
빵이 맛있어요",2023년 8월 24일 목요일,5번째 방문,영수증
블루마일스커피로스터즈,카페,,,,minimung,https://m.place.naver.com/my/5b9d3fdf922afd2904c5e44c/review?v=2,14,1.0,,"동네에 멋지고 편안한 카페를 발견해서 기뻐요♡
알록달록하지만 세련된 인테리어가 멋지고 고소한 로스팅 향기와 노랫소리에 더해진 백색소음이 매력적이에요.
아이스크림을 비롯한 디저트 메뉴도 다양하고 원두를 골라 먹을 수 있는 커피는 더욱 만족스럽고 맛있어요.
직원분도 자연스레 기분 좋을 만큼 친절한 분이셨어요♡
조만간 또 오고 싶을 것 같아요 :)",,2023년 6월 23일 금요일,1번째 방문,영수증
블루마일스커피로스터즈,카페,,,,별1274,https://m.place.naver.com/my/5b9b571dd480ffd6c793655f/review?v=2,598,19.0,,맛있는 커피 맛있는 디저트,"일시적인 오류가 발생했습니다
커피가 맛있어요",2023년 10월 21일 토요일,1번째 방문,결제내역
블루마일스커피로스터즈,카페,,,,햇빛향기69,https://m.place.naver.com/my/5d1c01cae02b18130837df92/review?v=2,40,,,"커피는 공릉동서 이 집이 제일 맛있어요.
원두 선택도 다양하게 할 수 있고 그리고
화장실이 실내에 있는점도 좋아요.","일시적인 오류가 발생했습니다
커피가 맛있어요",2023년 8월 21일 월요일,2번째 방문,결제내역
블루마일스커피로스터즈,카페,,,,녹아영,https://m.place.naver.com/my/608a1ae7101840653da034ff/review?v=2,12,,,텀블러 500원 할인되어 좋았어요 호지차슈페너 맛있어요 굿굿,,2023년 9월 25일 월요일,1번째 방문,영수증
블루마일스커피로스터즈,카페,,,,DODO86,https://m.place.naver.com/my/5c82397660ea484051365c9f/review?v=2,196,,,호지차슈페너는 적당한 달기와 진한슈페너의 조화가 좋았어요. 듀엣메뉴는 처음엔 어찌조합하는가 헤맸지만. 하나 하니 롱블랙이나 에소프레소 둘다 맛있었어요. 디카페인인데도 맛있네요~~,,2023년 7월 1일 토요일,1번째 방문,영수증
블루마일스커피로스터즈,카페,,,,한 한,https://m.place.naver.com/my/5c4fca9c24966031d02599d4/review?v=2,20,,,커피 정말 맛있고 바나나 푸딩이랑 치즈 케이크 너무 맛있어요 다음에 또 방문 할 거 같애요,"일시적인 오류가 발생했습니다
인테리어가 멋져요",2023년 11월 5일 일요일,1번째 방문,영수증
블루마일스커피로스터즈,카페,,,,BerryYou,https://m.place.naver.com/my/5c96401704823a65189a75b1/review?v=2,62,4.0,,단골 카페입니당:) 이유는 무엇보다 커피가 찐 커피이기 때문이에요. 사장님이 블렌딩하신 여러가지 커피는 어떤 맛인지 적혀있는 종이와 함께 제공되는데 어울리는 노래도 적혀있구 커피마다 철학이 있어요☺️ 디저트도 맛있구요. 테이크아웃하면 1000원 할인되어요. 제 최애는 디카페인 아이스아메리카노입니당 ㅎㅎ 오늘은 쳇베이커로 먹어봅니당! ,,2023년 7월 14일 금요일,1번째 방문,영수증
블루마일스커피로스터즈,카페,,,,포를롱,https://m.place.naver.com/my/5d92c5ea8f87a842bcfaaa96/review?v=2,25,,,애견동반도 가능해서 너무 좋아요,"일시적인 오류가 발생했습니다
커피가 맛있어요",2023년 9월 16일 토요일,5번째 방문,영수증
블루마일스커피로스터즈,카페,,,,hj888,https://m.place.naver.com/my/5e5768cb8f87a842bca279dc/review?v=2,11,,,커피도 너무 맛있고 뷰도 너무 좋아요 !! 쿠키도 있고 커피 원두 종류도 선택할수있어요 !! 분위기도 너무 좋아용 ☺️☺️ 추천합니당 😆👍🏻,"일시적인 오류가 발생했습니다
친절해요",2023년 10월 19일 목요일,1번째 방문,영수증
블루마일스커피로스터즈,카페,,,,SQRA,https://m.place.naver.com/my/5ef4bc5b8f87a842bcadaf05/review?v=2,422,57.0,,"공트럴 파크 힙한 카페 블루마일즈
2층 유리창으로 초록초록한 분위기에 커피향이 넘나 좋은곳
커피 로스팅 선택 가능하고 다양한 시그니쳐 메뉴랑 쿠기까지 있음
버터스카치 달달 맛나네욤^^",,2023년 6월 25일 일요일,1번째 방문,영수증
블루마일스커피로스터즈,카페,,,,미라미66,https://m.place.naver.com/my/5bc4703fb3f4c5a5c1231d07/review?v=2,9,,,"공릉동 카페가 많은데, 커피 맛있고 디저트 많고  여유로운 카페는 여기가 유일해요!","일시적인 오류가 발생했습니다
커피가 맛있어요",2023년 10월 1일 일요일,1번째 방문,영수증
블루마일스커피로스터즈,카페,,,,hibabyeah,https://m.place.naver.com/my/5dbbcf548f87a842bc42fa28/review?v=2,1142,5.0,,주말에는 꼭 여기서 사먹는거 같아요 커피 진짜 마싯어요!!! 👍🏻👍🏻👍🏻,"일시적인 오류가 발생했습니다
커피가 맛있어요",2023년 8월 12일 토요일,5번째 방문,영수증
블루마일스커피로스터즈,카페,,,,별에서온외계인,https://m.place.naver.com/my/5f06289105022b66f9631b3d/review?v=2,22,,,"맛있어요
앞으로 종종 오려고요!","일시적인 오류가 발생했습니다
커피가 맛있어요",2023년 10월 16일 월요일,1번째 방문,영수증
블루마일스커피로스터즈,카페,,,,타리어,https://m.place.naver.com/my/5b7fd4fdd99f52352c939816/review?v=2,668,28.0,,너무 맛있는 곳❤️,"일시적인 오류가 발생했습니다
커피가 맛있어요",2023년 11월 12일 일요일,1번째 방문,영수증
블루마일스커피로스터즈,카페,,,,sooni21,https://m.place.naver.com/my/5c1f86d05a6ff596022ff52b/review?v=2,11,,,"원두를 고를 수 있어 좋아요.
전 늘 마일스데이비스~~!!
아메리카노 라떼에 다 맛있어요.
초당옥수수가 올라간 콘에그타르트스콘도 맛있네요!",,2023년 9월 4일 월요일,1번째 방문,결제내역
블루마일스커피로스터즈,카페,,,,telemary,https://m.place.naver.com/my/5e72fcfa8f87a842bc348a56/review?v=2,25,,,"항상 맛있는 커피가 있어서 늘 가고싶은 곳♡ 
공릉동 커피하면 무조건 블루마일스~~☺️💕","일시적인 오류가 발생했습니다
커피가 맛있어요",2023년 8월 27일 일요일,1번째 방문,영수증
블루마일스커피로스터즈,카페,,,,mypaengi,https://m.place.naver.com/my/5f045877012fad32006d6d11/review?v=2,14,,,너티라떼 정말 맛있어요! 쉽게 맛 볼 수 있는 스타일은 아니예요:),"일시적인 오류가 발생했습니다
커피가 맛있어요",2023년 10월 7일 토요일,3번째 방문,영수증
블루마일스커피로스터즈,카페,,,,mypaengi,https://m.place.naver.com/my/5f045877012fad32006d6d11/review?v=2,14,,,집 근처 커피 맛있는 곳을 찾아 헤맸는데 뜻밖의 장소에 떡하니 있었어요. 무조건 커피는 블루마일스로 정착입니다!!!,"일시적인 오류가 발생했습니다
커피가 맛있어요",2023년 9월 23일 토요일,1번째 방문,영수증
블루마일스커피로스터즈,카페,,,,수빈105,https://m.place.naver.com/my/5c97954f81aefc6482f4ebaf/review?v=2,26,,,"코코파인원두 진짜 특이하고 톡쏘는..? 시원한맛인데 너무 중독돼서 3팩째 사서 만들어먹고있습니다 ㅎㅎ 한정판이라니 아쉬워요,,","일시적인 오류가 발생했습니다
커피가 맛있어요",2023년 8월 12일 토요일,6번째 방문,영수증
블루마일스커피로스터즈,카페,,,,yeo****,https://m.place.naver.com/my/5c7c1f94788e49dde7489db8/review?v=2,21,,,케이크가 맛있고 음료들이 정성 가득 해요 다 맛있어서 좋아요,"일시적인 오류가 발생했습니다
커피가 맛있어요",2023년 9월 17일 일요일,1번째 방문,영수증
블루마일스커피로스터즈,카페,,,,파랑이네 강아지,https://m.place.naver.com/my/5f0563614d1cf87540aab07b/review?v=2,22,,,"비가 오면 운치가 좋고, 날이 좋으면 그냥 기분이 좋고

커피가 진하고 맛있어서 자주 오는 곳이에요
제 최애메뉴는 카페라떼 오틀리로 변경한건데
단거 안좋아하시면 고소하니 맛있을거에요

원두도 고를수있어요
사람이 항상 많아요

",,2023년 7월 9일 일요일,1번째 방문,영수증
블루마일스커피로스터즈,카페,,,,융듀96,https://m.place.naver.com/my/5d82cff18f87a842bcc314f5/review?v=2,216,8.0,,공릉분위기맛집 잘 마시고갈게요!,"일시적인 오류가 발생했습니다
커피가 맛있어요",2023년 9월 9일 토요일,1번째 방문,영수증
블루마일스커피로스터즈,카페,,,,포를롱,https://m.place.naver.com/my/5d92c5ea8f87a842bcfaaa96/review?v=2,25,,,최최최애카페라 근방에서 여기만 와요 ,"일시적인 오류가 발생했습니다
커피가 맛있어요",2023년 9월 17일 일요일,6번째 방문,영수증
블루마일스커피로스터즈,카페,,,,skql0531,https://m.place.naver.com/my/5e3101238f87a842bc5b97fb/review?v=2,32,,,아아가 진짜 맛있어요~!! 분위기도 넘 편안하구 종종 들르는 곳이랍니다~💕 비오는날 오기 더 최고최고,"일시적인 오류가 발생했습니다
커피가 맛있어요",2023년 8월 10일 목요일,2번째 방문,영수증
블루마일스커피로스터즈,카페,,,,ㅋㅋㅋ5,https://m.place.naver.com/my/5e367c1c8f87a842bc8e19e1/review?v=2,14,,,"더운여름 댕댕이와 함께 여기만한곳이 없어요
커피 찐 맛나고 울댕댕이 간식이라 물 늘챙겨주시고
직원분들도 넘친절
쵝오여요 ",,2023년 8월 6일 일요일,1번째 방문,영수증
블루마일스커피로스터즈,카페,,,,geniekku,https://m.place.naver.com/my/5ded22768f87a842bca4ae40/review?v=2,79,4.0,,"일단 커피가 맛있고! 책읽거나 집중하기 좋아요 
특히 이집은 큰 창으로 앞에 공원이 보이는데 파크뷰가 너무 평온하고 힐링되는 기분이에요
화장실도 내부에 있고 (공용이긴하지만) 깨끗하고 
콘센트도 많아서 노트북 독서 조용하게 즐기기 좋은곳입니다 ",,2023년 6월 24일 토요일,1번째 방문,영수증
블루마일스커피로스터즈,카페,,,,jjjjjuyeon,https://m.place.naver.com/my/5f057ea44d1cf87540ab0d03/review?v=2,120,,,바질토마토에이드 맛있어요!!,"일시적인 오류가 발생했습니다
디저트가 맛있어요",2023년 9월 5일 화요일,1번째 방문,영수증
블루마일스커피로스터즈,카페,,,,sn5735,https://m.place.naver.com/my/5ba0f46b36fd4e557476de72/review?v=2,26,,,커피 맛집입니다..사진엔 없지만 디저트도 자주 먹는데 디저트도 넘 맛있어요..매장도 쾌적하고 화장실도 내부에 있고 넘 좋습니다..사진에 사탕은 그냥 제꺼에요..,,2023년 8월 29일 화요일,1번째 방문,영수증
블루마일스커피로스터즈,카페,,,,이민주2218,https://m.place.naver.com/my/5d74d9b98f87a842bc9bf0e7/review?v=2,129,,,공간도 넓고 창도 커서 굉장히 쾌적해요. 커피가 맛있어서 자주 찾는 카페입니다🤩🤩,"일시적인 오류가 발생했습니다
커피가 맛있어요",2023년 8월 14일 월요일,1번째 방문,영수증
블루마일스커피로스터즈,카페,,,,쏘쿨녀33,https://m.place.naver.com/my/5dc3ce458f87a842bc9fb952/review?v=2,30,,,"커피와 디저트가 잘 어울려요!!!!
원하는 원두를 선택할수 있어서 좋아요🫶🏼","일시적인 오류가 발생했습니다
친절해요",2023년 9월 14일 목요일,1번째 방문,영수증
블루마일스커피로스터즈,카페,,,,달숙양모,https://m.place.naver.com/my/5fc9afadeaef8f0dbe8fb842/review?v=2,106,7.0,,크룽지 아이스크림 맛있어요! 크룽지도 그렇구 아이스크림 자체도 되게 맛있네용:),"일시적인 오류가 발생했습니다
커피가 맛있어요",2023년 9월 19일 화요일,1번째 방문,영수증
블루마일스커피로스터즈,카페,,,,wmf****,https://m.place.naver.com/my/5edb02688f87a842bc27f156/review?v=2,26,,,커피종류가 많아서 취향대로 먹을 수있어서 넘 좋아요ㅎㅎ글고 바스크치즈케이크 진짜 인생 치케임..,"일시적인 오류가 발생했습니다
커피가 맛있어요",2023년 8월 14일 월요일,1번째 방문,영수증
블루마일스커피로스터즈,카페,,,,효니효,https://m.place.naver.com/my/5d57d7bd0e7edc25f5ce149b/review?v=2,22,,,첨 왔는데 커피도 에그타르트도 다 좋아요ㅎㅎ 분위기도 좋고 푸릇파릇!! 4주년 기념행사까지 쿠키받아서 기분이도 좋네요ㅎㅎ 공트럴파크 자주오는데 이제야 알았더니 왠지 모를 반성이 듭니다ㅋㅋㅋ,,2023년 8월 28일 월요일,1번째 방문,영수증
블루마일스커피로스터즈,카페,,,,반짝이맘1028,https://m.place.naver.com/my/5eff31971c9b02e1ea3ca544/review?v=2,235,2.0,,"커피에 진심이신 분이네요~
공릉동 카페 거리에서 4년이나 유지되신 이유가 있었어요~오감 만족이 느껴지는 곳이였습니다","일시적인 오류가 발생했습니다
사진이 잘 나와요",2023년 8월 16일 수요일,1번째 방문,결제내역
블루마일스커피로스터즈,카페,,,,북극52,https://m.place.naver.com/my/5e376bff8f87a842bc218247/review?v=2,11,,,3번째 방문이에요! 곧 이사할 집 근처라 와봤는데 바닐라라떼랑 호지차슈페너가 묵직하면서 진하고 엄청 달지도 않아서 너무 맛있어요!❤️‍🔥❤️‍🔥🐈‍⬛,"일시적인 오류가 발생했습니다
인테리어가 멋져요",2023년 7월 2일 일요일,1번째 방문,영수증
블루마일스커피로스터즈,카페,,,,신소연7942,https://m.place.naver.com/my/5e7d970f8f87a842bcae2caa/review?v=2,11,,,"자주 오던 카페 오랜만에 왔는데 디저트 종류가 더 다양해졌네요 !! 커피는 원래 맛있구 ,, 공부하기도 좋고 친구들이랑 놀기도 좋아서 항상 자주 와용","일시적인 오류가 발생했습니다
대화하기 좋아요",2023년 7월 13일 목요일,1번째 방문,영수증
블루마일스커피로스터즈,카페,,,,없음6215,https://m.place.naver.com/my/5bee9e0d36202269254c12f8/review?v=2,119,,,뷰가 좋고 커피랑 쿠키가 맛있어요!,"일시적인 오류가 발생했습니다
커피가 맛있어요",2023년 8월 29일 화요일,1번째 방문,영수증
블루마일스커피로스터즈,카페,,,,수빈105,https://m.place.naver.com/my/5c97954f81aefc6482f4ebaf/review?v=2,26,,,갈때마다 기분좋아지고 즐거운 곳이에요 ㅎㅎ 커피는 말할것도없고 디저트도 너무 맛있네요!!!,"일시적인 오류가 발생했습니다
커피가 맛있어요",2023년 8월 24일 목요일,7번째 방문,영수증
블루마일스커피로스터즈,카페,,,,ohj****,https://m.place.naver.com/my/5f06be538f87a842bc3a0bd8/review?v=2,12,,,좋은 재료로 만든 쿠키와 함께 마시는 커피는 언제나 맛있어요 !!,"일시적인 오류가 발생했습니다
커피가 맛있어요",2023년 8월 11일 금요일,1번째 방문,영수증
블루마일스커피로스터즈,카페,,,,미니치16,https://m.place.naver.com/my/5bc444daca82777957e618de/review?v=2,252,2.0,,음료 넘 맛있고 친절하셔요 🥺 공부나 작업 하기 좋은 장소로 추천합니다!! ,"일시적인 오류가 발생했습니다
인테리어가 멋져요",2023년 10월 20일 금요일,1번째 방문,영수증
블루마일스커피로스터즈,카페,,,,friend0722,https://m.place.naver.com/my/5c9c4f44f569bfbdc8f55c05/review?v=2,64,,,"우리동네이 이런 카페가 있어서 다행이다
커피도 너무 맛있고 분위기 음악도 너무 좋아요
일하기에도 좋고 대화하기도 좋은곳","일시적인 오류가 발생했습니다
커피가 맛있어요",2023년 7월 21일 금요일,1번째 방문,영수증
블루마일스커피로스터즈,카페,,,,개미핥개,https://m.place.naver.com/my/5e1b01628f87a842bca0473f/review?v=2,2287,,,"커피 맛집 블루마일스
오늘은 호지차에 도전해봤는데 고소하고 넘 맛있어요
바닐라라떼도 맛있어요… 최고","일시적인 오류가 발생했습니다
커피가 맛있어요",2023년 10월 8일 일요일,4번째 방문,영수증
블루마일스커피로스터즈,카페,,,,수빈105,https://m.place.naver.com/my/5c97954f81aefc6482f4ebaf/review?v=2,26,,,코코파인블렌드 진짜 독특한 향이 나는데 라떼로 먹으니까 고소하고 처음먹어보는맛인데 자주먹을거같아요 완전추천!! 토마토바질에이드도 상큼하고 향긋하고 맛있어요ㅠㅠㅠ,,2023년 7월 7일 금요일,3번째 방문,영수증
블루마일스커피로스터즈,카페,,,,따오21,https://m.place.naver.com/my/5eac433d8f87a842bc0b3078/review?v=2,22,,,"사장님이 너무 친절하시고 완전 맛있어요 !!
","일시적인 오류가 발생했습니다
커피가 맛있어요",2023년 8월 27일 일요일,1번째 방문,영수증
블루마일스커피로스터즈,카페,,,,트리스마스02,https://m.place.naver.com/my/60c9f3e810950f5056fc1deb/review?v=2,23,,,쿠키랑 커피 모두 너무 맛있어요!,"일시적인 오류가 발생했습니다
커피가 맛있어요",2023년 8월 14일 월요일,3번째 방문,영수증
블루마일스커피로스터즈,카페,,,,hibabyeah,https://m.place.naver.com/my/5dbbcf548f87a842bc42fa28/review?v=2,1142,5.0,,뷰가 좋아서 와보고 싶었는데 커피맛이 어마어마하네요... 구움과자들도 마싯어요..🥺 자주 방문하겠습니다🫶🏻,"일시적인 오류가 발생했습니다
커피가 맛있어요",2023년 6월 25일 일요일,1번째 방문,영수증
블루마일스커피로스터즈,카페,,,,꼬모67,https://m.place.naver.com/my/6060a9c12e56c915beda9f4d/review?v=2,824,,,펌킨타르트스콘 짱 맛!,"일시적인 오류가 발생했습니다
커피가 맛있어요",2023년 11월 27일 월요일,1번째 방문,영수증
블루마일스커피로스터즈,카페,,,,number,https://m.place.naver.com/my/5dd8667b9ec8258e4a68ac2b/review?v=2,31,1.0,,창가뷰가 너무 좋고 커피가 맛있어서 자주 오는 카페에용 ㅜㅜ 공부하기 너무 좋아요-!!,"일시적인 오류가 발생했습니다
집중하기 좋아요",2023년 8월 6일 일요일,1번째 방문,영수증
블루마일스커피로스터즈,카페,,,,매일행복중,https://m.place.naver.com/my/5f0625b16c567de863f8b159/review?v=2,2,,,커피는 이전엔 마일스 데이비스로 주로 마시다가 쳇 베이커는 처음 마셔봤는데 이것도 너무 맛있네요ㅎㅎ 블루베리 치즈 타르트 스콘도 좋아요!!,"일시적인 오류가 발생했습니다
커피가 맛있어요",2023년 8월 17일 목요일,1번째 방문,영수증
블루마일스커피로스터즈,카페,,,,jea****,https://m.place.naver.com/my/5b9bd1e6e3280be2eb8a1f8f/review?v=2,228,,,음료도 맛있고 화장실이 청결해서 좋아여!!,"일시적인 오류가 발생했습니다
커피가 맛있어요",2023년 7월 7일 금요일,2번째 방문,영수증
블루마일스커피로스터즈,카페,,,,원규타인,https://m.place.naver.com/my/5de590af9ec8258e4a9aa291/review?v=2,56,,,자주와요~~ 강아지 동반이 돼서 좋아요!,"일시적인 오류가 발생했습니다
커피가 맛있어요",2023년 8월 15일 화요일,2번째 방문,영수증
블루마일스커피로스터즈,카페,,,,뫄27,https://m.place.naver.com/my/5b9d197b3322b16de7fa87ac/review?v=2,300,,,커피도 맛있고 디저트류도 다 너무 맛있어요😊,"일시적인 오류가 발생했습니다
커피가 맛있어요",2023년 10월 21일 토요일,2번째 방문,영수증
블루마일스커피로스터즈,카페,,,,원규타인,https://m.place.naver.com/my/5de590af9ec8258e4a9aa291/review?v=2,56,,,"강아지랑 항상 자주 와요!
너무 좋아요
강아지 간식도 매번 준비해주세요!","일시적인 오류가 발생했습니다
커피가 맛있어요",2023년 8월 4일 금요일,1번째 방문,영수증
블루마일스커피로스터즈,카페,,,,달빛향기33,https://m.place.naver.com/my/5d46c4e58f87a842bc3ff731/review?v=2,622,9.0,,버터스카치 맛있네요♡,,2023년 9월 21일 목요일,1번째 방문,영수증
블루마일스커피로스터즈,카페,,,,메이메이샨,https://m.place.naver.com/my/5baa0c192a73bbb8f7aadc16/review?v=2,484,1.0,,공리단길 한 켠에 자리한 힙한 2층 카페에요 :) 커피원두도 취향에 따라 고를 수 있어 좋네요! 커피맛도 최고👍,"일시적인 오류가 발생했습니다
커피가 맛있어요",2023년 7월 28일 금요일,1번째 방문,영수증
블루마일스커피로스터즈,카페,,,,몬스터버거트럭,https://m.place.naver.com/my/5ee1bf688f87a842bca2ac9a/review?v=2,22,,,"커피가 맛있어서 배달로만 여러번 먹어보고 매장에 처음 와봤는데, 분위기도 좋고 커피도 더 맛있는 것 같아요!","일시적인 오류가 발생했습니다
인테리어가 멋져요",2023년 8월 28일 월요일,1번째 방문,영수증
블루마일스커피로스터즈,카페,,,,화수분김쑤,https://m.place.naver.com/my/5bf7f9edf980fc32131b86e6/review?v=2,13,,,"커피가 맛있어서 오는 카페입니다😊 원두도 다양해서 골라마시기도 좋고, 드립용도 사서 마시는데 매장에서 마시는 그대로라 너무 맛나요🩷
평소 케잌도 별로 좋아하지 않는데 여기 바스크치즈케잌은 정말 최고👍👍👍",,2023년 7월 9일 일요일,1번째 방문,영수증
블루마일스커피로스터즈,카페,,,,몰입의 미학,https://m.place.naver.com/my/5c075831d9cf06e917fa80e6/review?v=2,21,,,코코 파인 블렌드 맛있습니다. 👍 ,"일시적인 오류가 발생했습니다
커피가 맛있어요",2023년 8월 21일 월요일,1번째 방문,영수증
블루마일스커피로스터즈,카페,,,,삽굡살,https://m.place.naver.com/my/5db3b9ec8f87a842bc0f851c/review?v=2,8,,,"여름 코코블렌딩(?) 진짜 맛있어요!!
커피맛 좋아서 자주 갔던 카펜데 여름한정블렌딩이라서 너무 먹어보고싶었는데 넘 맛나네요
시즌말구 고정으로 판매하는 블렌딩원두 되면 좋겠어요ㅠㅠ",,2023년 6월 30일 금요일,1번째 방문,영수증
블루마일스커피로스터즈,카페,,,,perfume42,https://m.place.naver.com/my/5efeafeaafcca6e20afdb2f5/review?v=2,24,,,커피가 맛있어요 자주오고 있습니다 공리단길에서 제일 좋아요😮,"일시적인 오류가 발생했습니다
커피가 맛있어요",2023년 9월 15일 금요일,1번째 방문,영수증
블루마일스커피로스터즈,카페,,,,186437,https://m.place.naver.com/my/5efe486e97c2663e93480459/review?v=2,3,,,근처에 가면 항상 들르는 우리동네 커피맛집이에용~~!,"일시적인 오류가 발생했습니다
커피가 맛있어요",2023년 10월 21일 토요일,1번째 방문,영수증
블루마일스커피로스터즈,카페,,,,ㅋㅋ9353,https://m.place.naver.com/my/5b9a8e204b58cb40e2eb9cdc/review?v=2,18,,,분위기도좋고 커피도 맛있어서 자주와여~ 또올게요~~,"일시적인 오류가 발생했습니다
인테리어가 멋져요",2023년 10월 7일 토요일,3번째 방문,영수증
블루마일스커피로스터즈,카페,,,,별내루룰,https://m.place.naver.com/my/5efddd630765f4dd1babd776/review?v=2,166,9.0,,커피가 고소하고 맛있어요. 매장도 넒어서 좋아요!!,"일시적인 오류가 발생했습니다
커피가 맛있어요",2023년 8월 11일 금요일,1번째 방문,영수증
블루마일스커피로스터즈,카페,,,,ifn****,https://m.place.naver.com/my/5c7154425084c9f026a5394e/review?v=2,15,,,말모 ㅎㅅㅎ 엄청 자주 옵니다 빅토리아 스콘 꼭 드세요 🧁🧁🧁 다크한 거 좋아하시면 원두는 마일스데이비스로! 화장실에 블랙스트릿 노래가 흘러나오는 걸 보고 배우신 분들이 운영하시는 카페라는 걸 단번에 알았답니다 ... 👨🏻‍🎤🪗🪇 낮에 오면 뷰 최고,,2023년 7월 2일 일요일,1번째 방문,영수증
블루마일스커피로스터즈,카페,,,,콩순이엄마냥,https://m.place.naver.com/my/5efdced58b790375a186ada0/review?v=2,20,,,"공릉동에서 제일 맛있는 커피!
2 층이라 뷰도 좋아요 🫶🏻 
강아지 동반도 가능 하니 다들 와보세요🫶🏻","일시적인 오류가 발생했습니다
커피가 맛있어요",2023년 10월 5일 목요일,1번째 방문,영수증
블루마일스커피로스터즈,카페,,,,썸머시즌,https://m.place.naver.com/my/5f04a6b87b376c129df5d871/review?v=2,81,,,페이보릿☕️🍨,"일시적인 오류가 발생했습니다
커피가 맛있어요",2023년 9월 10일 일요일,2번째 방문,영수증
블루마일스커피로스터즈,카페,,,,skql0531,https://m.place.naver.com/my/5e3101238f87a842bc5b97fb/review?v=2,32,,,"뷰가 진짜 너무 좋고 뭘 하기에도 편안한거 같애용
처음 시켜보는 음룐데 맛이 새로워~~~😝","일시적인 오류가 발생했습니다
친절해요",2023년 7월 27일 목요일,1번째 방문,영수증
블루마일스커피로스터즈,카페,,,,gid****,https://m.place.naver.com/my/5efee72bff821a0cd670bb16/review?v=2,13,,,공릉동에서 가장 커피 맛있는 곳!! 자주옵니다 ㅎㅎ,"일시적인 오류가 발생했습니다
커피가 맛있어요",2023년 10월 6일 금요일,3번째 방문,영수증
블루마일스커피로스터즈,카페,,,,Brilliant Cho,https://m.place.naver.com/my/615e82ced154ea1621009116/review?v=2,9,,,첫 방문인데 커피 종류가 여러가지고 전문적이라 좋아요! 담에 또 오고 싶어요 :),"일시적인 오류가 발생했습니다
커피가 맛있어요",2023년 9월 30일 토요일,1번째 방문,영수증
블루마일스커피로스터즈,카페,,,,김7774,https://m.place.naver.com/my/5e81884c8f87a842bc9b0dbe/review?v=2,73,1.0,,텀블러 할인 500원이나 해주시네요 최고! 뷰도 좋아요 :),"일시적인 오류가 발생했습니다
커피가 맛있어요",2023년 8월 6일 일요일,1번째 방문,영수증
블루마일스커피로스터즈,카페,,,,하예14,https://m.place.naver.com/my/5efdf4f667c6d4320f56f1e8/review?v=2,12,,,저는 블루마일스 카페를 매우매우 좋아한답니다. 친구가 블루마일스 벽돌 하나는 제 꺼라고 할 정도로 자주 갔어요…ㅎㅎ 앞에 보이는 뷰도 이쁘고 커피도 맛있고 공부하기 좋은 공간이라 자주 가요 탁 트인 느낌이 공부하기 좋습니다!,,2023년 6월 23일 금요일,1번째 방문,영수증
블루마일스커피로스터즈,카페,,,,air****,https://m.place.naver.com/my/5def309a8f87a842bc379ddc/review?v=2,80,,,항상 너무 맛있게 잘먹고있어용 최고의카페,"일시적인 오류가 발생했습니다
커피가 맛있어요",2023년 8월 5일 토요일,1번째 방문,영수증
블루마일스커피로스터즈,카페,,,,062****,https://m.place.naver.com/my/5cbd77e7cee48012ae0ab601/review?v=2,56,,,공릉에서 뷰좋고 커피맛있고 디저트 맛있고 친절한 곳,"일시적인 오류가 발생했습니다
좌석이 편해요",2023년 10월 11일 수요일,1번째 방문,영수증
블루마일스커피로스터즈,카페,,,,wltn33,https://m.place.naver.com/my/5e89c1a48f87a842bc39fcd4/review?v=2,15,,,"저는 망고패션후르츠를 시켰는데 너무 맛있게 먹었어요. 또 와서 시켜먹으려구요 ㅎㅎ
","일시적인 오류가 발생했습니다
친절해요",2023년 8월 4일 금요일,1번째 방문,영수증
블루마일스커피로스터즈,카페,,,,포를롱,https://m.place.naver.com/my/5d92c5ea8f87a842bcfaaa96/review?v=2,25,,,제 최애카페 코코파인 먹어보고 싶었어요 오래 유지해주세요 이 원두,"일시적인 오류가 발생했습니다
커피가 맛있어요",2023년 8월 22일 화요일,4번째 방문,영수증
블루마일스커피로스터즈,카페,,,,카일러의 리뷰,https://m.place.naver.com/my/5ddb59b59ec8258e4a74bba1/review?v=2,카일러의,40.0,,커피가 너무 맛있고 좋네요,"일시적인 오류가 발생했습니다
커피가 맛있어요",2023년 8월 1일 화요일,2번째 방문,영수증
블루마일스커피로스터즈,카페,,,,susudul22,https://m.place.naver.com/my/5efe0c87508969f832308927/review?v=2,25,,,맛있어요 ㅎㅎㅎ 창가보고 집중하기 좋습니다~ 넓어서 쾌적해요!,"일시적인 오류가 발생했습니다
인테리어가 멋져요",2023년 8월 29일 화요일,3번째 방문,영수증
블루마일스커피로스터즈,카페,,,,jae****,https://m.place.naver.com/my/5cd2aa15b568c483292ecc48/review?v=2,9,,,자주오는곳인데 커피맛도 좋구 대화하기에도 좋네요. 최근에 아이스크림도 시켜서 먹었는데 아이스크림도 맛있네요ㅎㅎ.,"일시적인 오류가 발생했습니다
친절해요",2023년 8월 19일 토요일,1번째 방문,영수증
블루마일스커피로스터즈,카페,,,,장난하세요,https://m.place.naver.com/my/5bb35ead256b62a121967c1c/review?v=2,120,1.0,,저는 얼음녹는게 싫어서 텀블러를 들고갔는데 기존의 커피 양보다 큰 사이즈여서 얼음으로 채워주시고 고소한 원두 추천도 받고 무엇보다 커피가 맛있어요!!!!🫶🏻,,2023년 7월 6일 목요일,1번째 방문,영수증
블루마일스커피로스터즈,카페,,,,우디버디,https://m.place.naver.com/my/5efe2d8e0765f4dd1bac5beb/review?v=2,359,2.0,,"언니랑 카페에서 아이패드로 일하러 왓는데, 딱 좋네요.
디저트도 적당히 많고 커피도 맛나요
",,2023년 7월 15일 토요일,1번째 방문,영수증
블루마일스커피로스터즈,카페,,,,gus****,https://m.place.naver.com/my/5ef85fba8f87a842bcbb7e91/review?v=2,13,,,"커피가 맛있어용
","일시적인 오류가 발생했습니다
커피가 맛있어요",2023년 10월 3일 화요일,1번째 방문,영수증
블루마일스커피로스터즈,카페,,,,gr1****,https://m.place.naver.com/my/5eabc8358f87a842bc088e02/review?v=2,30,,,"커피 맛이 좋고, 창가 뷰가 너무 좋아 자주 방문하는 곳!","일시적인 오류가 발생했습니다
커피가 맛있어요",2023년 10월 9일 월요일,1번째 방문,영수증
블루마일스커피로스터즈,카페,,,,윤진1064,https://m.place.naver.com/my/5eb00cef8f87a842bc691dfe/review?v=2,578,,,,,2023년 10월 12일 목요일,4번째 방문,영수증
블루마일스커피로스터즈,카페,,,,꼬꼬댁32,https://m.place.naver.com/my/5b9b33c6644e446db8487ab0/review?v=2,142,,,아이가 여기 쿠키 좋아해서 옵니다🙂 아이랑 오면 항상 음료수도 챙겨주세요! 사장님 감사합니다🥹♥️ 커피도 맛있고 쿠키도 너무 맛있어요👍🏻👍🏻,"일시적인 오류가 발생했습니다
화장실이 깨끗해요",2023년 6월 23일 금요일,1번째 방문,영수증
블루마일스커피로스터즈,카페,,,,수빈105,https://m.place.naver.com/my/5c97954f81aefc6482f4ebaf/review?v=2,26,,,텀블러할인에 테이크아웃할인까지.. 커피 진짜 저렴한데 정말정말 맛있어요 분위기도좋아요,"일시적인 오류가 발생했습니다
커피가 맛있어요",2023년 7월 5일 수요일,2번째 방문,영수증
블루마일스커피로스터즈,카페,,,,정유빔,https://m.place.naver.com/my/5f05c20e82d9f26c95ef85f4/review?v=2,12,,,"항상 애용하고있습니다!
공릉 카페 정말 많지만 여기가 젤 맛있는 것 같아요
(공릉살이5년차..^^)카공하기 딱이에요..!♥","일시적인 오류가 발생했습니다
커피가 맛있어요",2023년 9월 18일 월요일,1번째 방문,영수증
블루마일스커피로스터즈,카페,,,,스포츠좋아,https://m.place.naver.com/my/5df6be918f87a842bcb804d4/review?v=2,24,,,"원두가 다양하고 커피가 맛있어요!
달콤한 디저트들은 진한 커피와 잘 어울리고요
흐르는 재즈가 분위기 up 시켜줍니다ㅎㅎ","일시적인 오류가 발생했습니다
디저트가 맛있어요",2023년 7월 2일 일요일,1번째 방문,영수증
블루마일스커피로스터즈,카페,,,,susudul22,https://m.place.naver.com/my/5efe0c87508969f832308927/review?v=2,25,,,디저트도 맛있고 커피도 맛있어용! 이야기하기도 공부하기도 좋아요. 에어컨 튼 날 창문만 닫아주시면 딱 좋을 듯 합니다~❤️,"일시적인 오류가 발생했습니다
커피가 맛있어요",2023년 7월 1일 토요일,2번째 방문,영수증
블루마일스커피로스터즈,카페,,,,적적한 밤,https://m.place.naver.com/my/6145fd727bac194ea559ab45/review?v=2,8,,,공부하러 오기 너무 좋은 제 최애 카페입니다 커피도 맛있고 디저트도 맛있고 화장실까지 깨끗한 완벽한곳!!,"일시적인 오류가 발생했습니다
커피가 맛있어요",2023년 6월 30일 금요일,1번째 방문,영수증
블루마일스커피로스터즈,카페,,,,JNee93,https://m.place.naver.com/my/5f195cff9ec8258e4a499008/review?v=2,58,,,,"일시적인 오류가 발생했습니다
인테리어가 멋져요",2023년 10월 26일 목요일,1번째 방문,결제내역
블루마일스커피로스터즈,카페,,,,yyyeeen,https://m.place.naver.com/my/5de6fe629ec8258e4aa59178/review?v=2,111,,,"커피도 음료도 쿠키도.. 다 맛있어요 !! 
주변에 사는 친구가 추천해서 왔는데 앞으로도 공릉오면 여기올 것 같아요 ! 🩷","일시적인 오류가 발생했습니다
커피가 맛있어요",2023년 8월 7일 월요일,1번째 방문,영수증
블루마일스커피로스터즈,카페,,,,BB1934,https://m.place.naver.com/my/5e4cb4d18f87a842bcde8d0e/review?v=2,123,1.0,,오랫만에 블루마일스 ^^,"일시적인 오류가 발생했습니다
디저트가 맛있어요",2023년 8월 13일 일요일,4번째 방문,영수증
블루마일스커피로스터즈,카페,,,,miumiu52,https://m.place.naver.com/my/5b9bbbf76509c26e26d4c7e2/review?v=2,26,,,공릉동에서 커피 제일 맛있는 곳이에요!! 라떼맛집 강추강추,"일시적인 오류가 발생했습니다
인테리어가 멋져요",2023년 9월 9일 토요일,1번째 방문,영수증
블루마일스커피로스터즈,카페,,,,cs****,https://m.place.naver.com/my/5c9ae0f632773e26ed357c17/review?v=2,23,,,쿠키 종류가 많이 바뀌었어요! 통밀쿠키랑 화이트마카다미아 맛있는데 빨리 들어왔음 좋겠어요!!,"일시적인 오류가 발생했습니다
음료가 맛있어요",2023년 9월 10일 일요일,4번째 방문,결제내역
블루마일스커피로스터즈,카페,,,,ann****,https://m.place.naver.com/my/5c023da182bc1143f34e8418/review?v=2,17,,,공간이 넓고 책읽거나 공부하기 좋아요 너티블루라떼 매우 맛있음 !,"일시적인 오류가 발생했습니다
특별한 메뉴가 있어요",2023년 8월 4일 금요일,1번째 방문,영수증
블루마일스커피로스터즈,카페,,,,동동3492,https://m.place.naver.com/my/5bfbf7cfddb8f3713d31d7a1/review?v=2,16,,,"커피 시키면 블렌딩 4가지 중 선택할 수 있어 선택지가 많아서 좋아요ㅎㅎ
통밀피칸쿠키도 두툼하고 맛있습니다🫢
시원하고 노트북석 같은 자리도 있어서 편합니다~ : )",,2023년 7월 3일 월요일,1번째 방문,영수증
블루마일스커피로스터즈,카페,,,,꼬소87,https://m.place.naver.com/my/5bbc29b170334e91a6289411/review?v=2,12,,,헐 대박 아이스크림이 입에서 완전 녹아요! 매장 청결하고 창문으로 넓게 트여있어서 좋아요,"일시적인 오류가 발생했습니다
좌석이 편해요",2023년 8월 4일 금요일,1번째 방문,영수증
블루마일스커피로스터즈,카페,,,,mmmjii,https://m.place.naver.com/my/5f012b0a8f87a842bce3c5d5/review?v=2,34,,,"직원분이 잘생기고 친절해요~
맛집이네용〰️ 호지차슈페너 맛있어요👍","일시적인 오류가 발생했습니다
친절해요",2023년 7월 6일 목요일,1번째 방문,영수증
블루마일스커피로스터즈,카페,,,,Dosol,https://m.place.naver.com/my/5e0630e28f87a842bc228849/review?v=2,21,,,친구들이랑 약속잡고 커피 좋아한다 그러면 꼭 이 집으로 와요! 맛 하나는 아주 기가막히죠 :),"일시적인 오류가 발생했습니다
커피가 맛있어요",2023년 7월 25일 화요일,1번째 방문,영수증
블루마일스커피로스터즈,카페,,,,Waldo62,https://m.place.naver.com/my/61bda912ae6d558875ace9b1/review?v=2,8,,,커피 진짜 맛있어요! 디저트도 촉촉하고 부드러운게 식감이 장난 아닙니다! 앞으로 자주 오려구요ㅎㅎ,"일시적인 오류가 발생했습니다
커피가 맛있어요",2023년 8월 6일 일요일,1번째 방문,영수증
블루마일스커피로스터즈,카페,,,,jae****,https://m.place.naver.com/my/5cd2aa15b568c483292ecc48/review?v=2,9,,,자주오는데 역시 커피맛있네요! 철길에서 카페로 오기에 좋네요,"일시적인 오류가 발생했습니다
매장이 청결해요",2023년 8월 20일 일요일,2번째 방문,영수증
블루마일스커피로스터즈,카페,,,,someday3616,https://m.place.naver.com/my/5b9b200bcd2eef108f5352b9/review?v=2,884,,,"커피맛집이네요!
조용하게 분위기 즐기기좋은 카페였어요~",,2023년 10월 19일 목요일,1번째 방문,영수증
블루마일스커피로스터즈,카페,,,,르안,https://m.place.naver.com/my/5cb20a1062328a7517c6bd19/review?v=2,27,,,,"일시적인 오류가 발생했습니다
좌석이 편해요",2023년 10월 8일 일요일,1번째 방문,영수증
블루마일스커피로스터즈,카페,,,,수빈105,https://m.place.naver.com/my/5c97954f81aefc6482f4ebaf/review?v=2,26,,,엄청 맛있어요!! 카페 분위기도 너무 좋고 테이크아웃하면 1000원 할인돼서 가격도 착해요 진짜최고,"일시적인 오류가 발생했습니다
커피가 맛있어요",2023년 7월 4일 화요일,1번째 방문,영수증
블루마일스커피로스터즈,카페,,,,항상감사77,https://m.place.naver.com/my/5cfc5af4876a8be35755a39e/review?v=2,924,44.0,,콜롬비어래인보우디카페인커피와 토마토바질소다 주문했어요. 커피는 디카페인커피 맛없는 국룰깨고 맛좋아요. 토마토바질소다는 묘한맛. 한여름에 많이 좋아할 맛이예요. 숟가락으로 토마토와 레몬을 꾹꾹 누르니 훨 나아요. 바질잎이 하나들어있어 이국적인 맛이예요,,2023년 5월 10일 수요일,1번째 방문,영수증
블루마일스커피로스터즈,카페,,,,나혼자상가,https://m.place.naver.com/my/5c7ca49de91a791737170086/review?v=2,41,,,"커피도 맛있고, 치즈케이크 꾸덕하니 좋습니다.","일시적인 오류가 발생했습니다
커피가 맛있어요",2023년 8월 25일 금요일,1번째 방문,결제내역
블루마일스커피로스터즈,카페,,,,sek****,https://m.place.naver.com/my/5ff9031cb5183b4abce3564f/review?v=2,587,,,커피 맛있어서 늘와요!! 평일에 오니까 매장 조용하고 좋네요:),"일시적인 오류가 발생했습니다
커피가 맛있어요",2023년 9월 26일 화요일,1번째 방문,영수증
블루마일스커피로스터즈,카페,,,,gho****,https://m.place.naver.com/my/5eed4a088f87a842bce6b66b/review?v=2,344,,,항상 맛있게 잘 마시고 먹고 있습니다! BC 카드 이용하면 2023년 11월까지 할인 혜택도 받을 수 있습니다.,"일시적인 오류가 발생했습니다
커피가 맛있어요",2023년 11월 26일 일요일,2번째 방문,영수증
블루마일스커피로스터즈,카페,,,,2000ssudiya,https://m.place.naver.com/my/5db299ef8f87a842bc0a4d81/review?v=2,40,,,메뉴도 다양하고 커피도 맛있어여~^^ 사진도 잘나와요,"일시적인 오류가 발생했습니다
인테리어가 멋져요",2023년 7월 18일 화요일,1번째 방문,영수증
블루마일스커피로스터즈,카페,,,,219481,https://m.place.naver.com/my/5ebcd04c8f87a842bc64bb94/review?v=2,19,,,"매장이 시원하고 깔끔해요~! 신기한 메뉴도 많구 원두도 다양해서 골라먹는 잼도 있어요☺️
지금 4주년 이벤트도 하고있으니 얼른 오셔서 다들 귀여운 쿠키 받아가세요!!",,2023년 8월 24일 목요일,1번째 방문,영수증
블루마일스커피로스터즈,카페,,,,Uu10,https://m.place.naver.com/my/5dae69538f87a842bc546e07/review?v=2,34,1.0,,"커피가 진짜 맛있어요 👍
원두도 다양해서 골라서 먹는 재미도 있어요 
쿠키류도 다양해서 좋아요😊","일시적인 오류가 발생했습니다
커피가 맛있어요",2023년 6월 30일 금요일,1번째 방문,영수증
블루마일스커피로스터즈,카페,,,,Su1048,https://m.place.naver.com/my/5b8895830d3b6c928e37dbfd/review?v=2,13,1.0,,"공릉의 디저트 맛집 중 하나인데, 명불허전이에요! 항상 새로운 디저트가 계절에 맞게 출시되어서 다른 디저트 먹는 재미가 있어서 좋아요! 사장님의 정성이 가득 느껴져서 또 오고 싶어요~~",,2023년 7월 13일 목요일,1번째 방문,영수증
블루마일스커피로스터즈,카페,,,,뮴74,https://m.place.naver.com/my/5c1efe057df0965a08ea110c/review?v=2,43,,,"비오는 날 오면 너무 좋은 뷰🍃
음료랑 쿠키도 너무 맛있어요 (특히 바질토마토에이드가 정말 맛있습니당 !!)","일시적인 오류가 발생했습니다
커피가 맛있어요",2023년 7월 11일 화요일,1번째 방문,영수증
블루마일스커피로스터즈,카페,,,,메엠메엠38,https://m.place.naver.com/my/5f6f59456c3d7f7334c67d93/review?v=2,2,,,"철길 보이는 뷰에 커피 진짜 맛있어요!!
","일시적인 오류가 발생했습니다
매장이 청결해요",2023년 9월 24일 일요일,1번째 방문,영수증
블루마일스커피로스터즈,카페,,,,한옥88,https://m.place.naver.com/my/5cfa7d1c1f9f5f7d8fac8434/review?v=2,9,,,"시간 날 때면 항상 와서 먹고가는데
혼자 먹기 아까워서 친구 포장용으로도 사보네요
커피도 취향별로 다양하게 먹을 수 있고 화이트마카다미아쿠키가 제일 맛있는거같아요",,2023년 7월 29일 토요일,1번째 방문,영수증
블루마일스커피로스터즈,카페,,,,불주먹7979,https://m.place.naver.com/my/5b9a787453d358da8f8385a6/review?v=2,1270,,,"짱 조아하는 카페,,,💓🫶❤️☕️❤️","일시적인 오류가 발생했습니다
친절해요",2023년 8월 20일 일요일,1번째 방문,영수증
블루마일스커피로스터즈,카페,,,,김바아아압,https://m.place.naver.com/my/5f056c184d1cf87540aad0c2/review?v=2,20,,,"직원분도 친절하시고
맛잇는 디저트도 많고 음료도 맛잇어요
하트하트","일시적인 오류가 발생했습니다
친절해요",2023년 9월 5일 화요일,1번째 방문,영수증
블루마일스커피로스터즈,카페,,,,ㅋㅋ9353,https://m.place.naver.com/my/5b9a8e204b58cb40e2eb9cdc/review?v=2,18,,,커피도 맛있고 쿠키도 맛있어서 자주와요. 공트럴파크에서 좋아하는 카페 중 하나에요.,"일시적인 오류가 발생했습니다
커피가 맛있어요",2023년 8월 1일 화요일,1번째 방문,영수증
블루마일스커피로스터즈,카페,,,,36586,https://m.place.naver.com/my/5c602f42734799688589e57b/review?v=2,45,,,커피 존맛 코코넛 원두로 드세요 ,"일시적인 오류가 발생했습니다
좌석이 편해요",2023년 7월 15일 토요일,1번째 방문,영수증
블루마일스커피로스터즈,카페,,,,김예서68,https://m.place.naver.com/my/5e1a80628f87a842bc92630b/review?v=2,11,,,커피 맛집..🫶 부드러운 커피와 디저트들이 맛있어서 자주 오게 되는 곳이에요! 조용히 과제를 하기도 좋고 친구들과 커피와 디저트를 즐기러 오기도 좋아요,"일시적인 오류가 발생했습니다
집중하기 좋아요",2023년 7월 10일 월요일,1번째 방문,영수증
블루마일스커피로스터즈,카페,,,,안주엉,https://m.place.naver.com/my/5b73d3d0ab38dc79dbb9e9b7/review?v=2,36,,,항상 커피만 마시다가 녹차라떼 시켰는데 진하고 맛있어요! 매장 분위기도 조용해서 대화하기도 좋습니당 항상 좋은 곳:),"일시적인 오류가 발생했습니다
커피가 맛있어요",2023년 6월 23일 금요일,1번째 방문,영수증
블루마일스커피로스터즈,카페,,,,트리스마스02,https://m.place.naver.com/my/60c9f3e810950f5056fc1deb/review?v=2,23,,,너무 맛있었습니다!,"일시적인 오류가 발생했습니다
디저트가 맛있어요",2023년 8월 9일 수요일,2번째 방문,영수증
블루마일스커피로스터즈,카페,,,,PK부릉릉,https://m.place.naver.com/my/5d8a324a8f87a842bca75444/review?v=2,35,,,"콜드브루 너무 맛있다 산미가 약간있는데 스모키한 향이 느껴진다
컵도 유난히 깔끔한 느낌을 받았는데 (간혹 컵에서 냄새나거나  보통 깔끔하다는 느낌을 유난하게 못받았는데)
어쩐지 세척기로 식기를 세척하시네요
매장 아주 깔끔하고 관리가 잘됩니다
비올때 창가에서 커피마시면 세상 기분 전환됩니다",,2023년 7월 15일 토요일,1번째 방문,영수증
블루마일스커피로스터즈,카페,,,,요롱이32,https://m.place.naver.com/my/5b9e347aa820177cea330385/review?v=2,329,,,"커피가 맛있어요 
동생한테도 알려줬는데 맛있다고 동네 카페 픽 했어요 
인테리어도 특이하고 저에겐 좋으네요 ~^^ ",,2023년 6월 30일 금요일,1번째 방문,영수증
블루마일스커피로스터즈,카페,,,,Su1048,https://m.place.naver.com/my/5b8895830d3b6c928e37dbfd/review?v=2,13,1.0,,디저트 맛집으로 유명한데 시즌마다 디저트 메뉴도 바뀌어서 매번 색다르고 맛있어서 기대되어요!! ㅠㅠ(광광),"일시적인 오류가 발생했습니다
커피가 맛있어요",2023년 7월 21일 금요일,2번째 방문,영수증
블루마일스커피로스터즈,카페,,,,gid****,https://m.place.naver.com/my/5efee72bff821a0cd670bb16/review?v=2,13,,,집근처에 좋은 카페있어서 좋아요!! 여기 커피가 제일 맛있네요 ㅎㅎ,"일시적인 오류가 발생했습니다
커피가 맛있어요",2023년 8월 11일 금요일,1번째 방문,영수증
블루마일스커피로스터즈,카페,,,,두유양35,https://m.place.naver.com/my/5e6f2f1a8f87a842bc9dd648/review?v=2,4,,,"커피도 너무 맛있고 디저트도 다 맛있어요!
자주 가는 카페! ","일시적인 오류가 발생했습니다
커피가 맛있어요",2023년 7월 2일 일요일,1번째 방문,영수증
블루마일스커피로스터즈,카페,,,,ㅎㅎ77,https://m.place.naver.com/my/5d68fb638f87a842bcc20869/review?v=2,20,,,디저트 맛있고 혼자 오기도 좋고 친구들과 수다떨러 오기도 좋아요😊,"일시적인 오류가 발생했습니다
커피가 맛있어요",2023년 8월 14일 월요일,1번째 방문,영수증
블루마일스커피로스터즈,카페,,,,우주괴물26,https://m.place.naver.com/my/5d9ee7718f87a842bcdfaba6/review?v=2,2,,,커피와 쿠키 모두 맛있고 항상 친절하셔서 좋아요 :-),"일시적인 오류가 발생했습니다
음료가 맛있어요",2023년 9월 15일 금요일,1번째 방문,영수증
블루마일스커피로스터즈,카페,,,,dys56,https://m.place.naver.com/my/5d05cbe18f2ae1469442fdfe/review?v=2,8,,,역시 버터스카치는 언제 먹어도 맛있는것같아요!! 잘 먹고 갑니당😍😍,"일시적인 오류가 발생했습니다
대화하기 좋아요",2023년 8월 9일 수요일,1번째 방문,영수증
블루마일스커피로스터즈,카페,,,,jingkki,https://m.place.naver.com/my/5efe081fb4dd01caff09e8a1/review?v=2,13,,,블루마일스 커피 최고...,,2023년 10월 12일 목요일,1번째 방문,영수증
블루마일스커피로스터즈,카페,,,,뚱이엉니,https://m.place.naver.com/my/5d9847a88f87a842bc2b3a28/review?v=2,9,,,스콘도 맛있고 커피도 너무 맛있아요!,"일시적인 오류가 발생했습니다
대화하기 좋아요",2023년 8월 12일 토요일,1번째 방문,영수증
블루마일스커피로스터즈,카페,,,,seeyasea,https://m.place.naver.com/my/5ceaafc962519d4062cd8630/review?v=2,16,,,메론우롱 맛있어요!,"일시적인 오류가 발생했습니다
커피가 맛있어요",2023년 9월 10일 일요일,1번째 방문,영수증
블루마일스커피로스터즈,카페,,,,DY4697,https://m.place.naver.com/my/5f0a57f2765d0733a5b981d5/review?v=2,34,2.0,,고소한맛의 라떼 추구 하는데 원두 선택을 잘못해서 라떼랑은 좀 안 어울렸어요ㅠ 푸딩이 품절되서 타르트 사봤는데 에그타르트 스콘 시트가 눅눅..ㅠ 분위기는 괜찮았어요! 카공 하러 오시는 분들 꽤 많은 듯. 2층 창밖으로 경춘선숲 산책길에 초록초록한 뷰가 보여서 시원하고 좋았어요. ,,2023년 5월 18일 목요일,1번째 방문,결제내역
블루마일스커피로스터즈,카페,,,,개미핥개,https://m.place.naver.com/my/5e1b01628f87a842bca0473f/review?v=2,2287,,,"여름 한정 메뉴가 너무 맛있고 상큼해여
일년 내내 만들어주시면 좋겠어요 ㅎㅎ","일시적인 오류가 발생했습니다
커피가 맛있어요",2023년 9월 1일 금요일,3번째 방문,영수증
블루마일스커피로스터즈,카페,,,,kai****,https://m.place.naver.com/my/616e6902add043f69dcd5856/review?v=2,17,,,,,2023년 10월 1일 일요일,3번째 방문,결제내역
블루마일스커피로스터즈,카페,,,,말티츄,https://m.place.naver.com/my/5d461ca665f5133440e8e7c9/review?v=2,15,2.0,,"커피도 맛있는데 각종 쿠키들이 진짜 맛있어요!
강아지랑 같이 갈 수 있는 카페라 너무 좋아요😚",,2023년 8월 26일 토요일,1번째 방문,영수증
블루마일스커피로스터즈,카페,,,,트리스마스02,https://m.place.naver.com/my/60c9f3e810950f5056fc1deb/review?v=2,23,,,너무 맛있어요! 완전 단골이에용,"일시적인 오류가 발생했습니다
커피가 맛있어요",2023년 7월 4일 화요일,1번째 방문,영수증
블루마일스커피로스터즈,카페,,,,PK부릉릉,https://m.place.naver.com/my/5d8a324a8f87a842bca75444/review?v=2,35,,,이 근처에서 제일 좋아하는 곳! 콜드브루가 스모키하면서도 깔끔 묵직하니 맛있음.그 외에도 뭘 시켜도 기대를 저버리지않는다,"일시적인 오류가 발생했습니다
커피가 맛있어요",2023년 8월 9일 수요일,2번째 방문,영수증
블루마일스커피로스터즈,카페,,,,woojujuu,https://m.place.naver.com/my/5da63d5b8f87a842bc8255e1/review?v=2,542,3.0,,바질 토마토 소다 처음 먹어봤는데 설탕토마토 맛 나서 맛있었어요!,"일시적인 오류가 발생했습니다
인테리어가 멋져요",2023년 7월 6일 목요일,1번째 방문,영수증
블루마일스커피로스터즈,카페,,,,kyah,https://m.place.naver.com/my/5b9ee9df2b486f4dbe2f4f85/review?v=2,124,13.0,,음료가 맛있고 친절하세요! 유리창이 커서 개방감있고 좋습니다.,"일시적인 오류가 발생했습니다
친절해요",2023년 5월 13일 토요일,1번째 방문,영수증
블루마일스커피로스터즈,카페,,,,민서612,https://m.place.naver.com/my/5cab15a3ab23c028969c6cd4/review?v=2,44,,,커피도 맛있구 쾌적하고 이야기하기 좋아요!,"일시적인 오류가 발생했습니다
커피가 맛있어요",2023년 7월 5일 수요일,1번째 방문,영수증
블루마일스커피로스터즈,카페,,,,꾸꾸릉이,https://m.place.naver.com/my/5b9a7006cfe710b9bfb6e31e/review?v=2,54,,,"공부하기 너무 좋아요!
","일시적인 오류가 발생했습니다
커피가 맛있어요",2023년 9월 4일 월요일,1번째 방문,결제내역
블루마일스커피로스터즈,카페,,,,den****,https://m.place.naver.com/my/5c6b3520631f595f17bf49cd/review?v=2,7,,,공릉동 최애 카페입니다. 10군데 넘게 방문해봤는데 여기 커피가 제일 맛있어요. 테이크아웃 1천원 할인이라 가격도 합리적이구요 짱짱. 매번 주시는 원두설명지는 예뻐서 책갈피로 잘 쓰고았습니다^^,,2023년 8월 7일 월요일,1번째 방문,영수증
블루마일스커피로스터즈,카페,,,,1232285,https://m.place.naver.com/my/5b6434bb495a9c23e356a573/review?v=2,21,,,집중하기 좋아요! 커피도 맛있고 풍경이 좋아요,"일시적인 오류가 발생했습니다
커피가 맛있어요",2023년 8월 31일 목요일,2번째 방문,영수증
블루마일스커피로스터즈,카페,,,,고구밍1007,https://m.place.naver.com/my/5d8893078f87a842bcc39224/review?v=2,38,,,여기 커피 정말 맛있어요~! 마일스데이비스 블렌드  대박입니다. ,"일시적인 오류가 발생했습니다
친절해요",2023년 9월 5일 화요일,1번째 방문,영수증
블루마일스커피로스터즈,카페,,,,den****,https://m.place.naver.com/my/5c6b3520631f595f17bf49cd/review?v=2,7,,,"오늘도 너티블루랑 아이스라떼 업어갑니다 ㅎㅎ
4주년 이벤트도 진행하고 있네요^^","일시적인 오류가 발생했습니다
커피가 맛있어요",2023년 8월 23일 수요일,2번째 방문,영수증
블루마일스커피로스터즈,카페,,,,wjs2543,https://m.place.naver.com/my/5dd143a88f87a842bcbf93ff/review?v=2,55,,,롱블랙과 디저트가 정말 맛있어요~~,"일시적인 오류가 발생했습니다
커피가 맛있어요",2023년 7월 24일 월요일,2번째 방문,영수증
블루마일스커피로스터즈,카페,,,,순지45,https://m.place.naver.com/my/5d05f9ae525149a2a99cc080/review?v=2,23,,,햇살 받으면서 공부하기 너무 좋은 카페입니다ㅎㅎ,"일시적인 오류가 발생했습니다
인테리어가 멋져요",2023년 7월 7일 금요일,1번째 방문,영수증
블루마일스커피로스터즈,카페,,,,여니쭈니맘,https://m.place.naver.com/my/5bd00203c913f5a0743c0abe/review?v=2,5,,,지인 소개 완전 강추입니다~~^^,"일시적인 오류가 발생했습니다
커피가 맛있어요",2023년 6월 24일 토요일,1번째 방문,영수증
블루마일스커피로스터즈,카페,,,,이동네먹짱,https://m.place.naver.com/my/5f061920de46936b673892c1/review?v=2,431,84.0,,"커피와 디저트 맛있어요!
필터커피가 제대롭니다. 서울 5대 로스터리로 선정됐다는데 인.정.
2층에 있어요! 적당히 소란스럽고 벽쪽은 테이블마다 콘센트도 있어서 충전하기 좋아요
노원구에 핸드드립  카페 못 찾아서 항상 아쉬웠는데 드디어 정착합니다.
테이블도 많아요 또 오고 싶은 곳!",,2023년 2월 11일 토요일,1번째 방문,영수증
블루마일스커피로스터즈,카페,,,,ㅋㅋ9353,https://m.place.naver.com/my/5b9a8e204b58cb40e2eb9cdc/review?v=2,18,,,좋아하는 카페라 또 왔어요 맛도 좋고 뷰도 좋습니다. ,"일시적인 오류가 발생했습니다
커피가 맛있어요",2023년 8월 27일 일요일,2번째 방문,영수증
블루마일스커피로스터즈,카페,,,,pet****,https://m.place.naver.com/my/61470cee7df62000068db48e/review?v=2,3,,,My favourite Acid coffee,,2023년 6월 29일 목요일,1번째 방문,영수증
블루마일스커피로스터즈,카페,,,,cs****,https://m.place.naver.com/my/5c9ae0f632773e26ed357c17/review?v=2,23,,,강아지랑 자주 오는 곳이예요! 여기 쿠키는 정말 맛있고 가까운 곳이 이런 곳이 있어서 넘 행복해요 🙂,"일시적인 오류가 발생했습니다
디저트가 맛있어요",2023년 8월 14일 월요일,3번째 방문,영수증
블루마일스커피로스터즈,카페,,,,깽이9055,https://m.place.naver.com/my/5ebe890e8f87a842bc0523ab/review?v=2,582,7.0,,주3회 출근 커피 넘넘 맛나용,"일시적인 오류가 발생했습니다
커피가 맛있어요",2023년 6월 24일 토요일,1번째 방문,영수증
블루마일스커피로스터즈,카페,,,,HY789,https://m.place.naver.com/my/5e4d12f68f87a842bce0f4b4/review?v=2,6,,,입맛이 좀 까다로운 편이라 맛있는 라떼 찾느라 한참 헤맸는데 여기 알고 나서부터는 주말마다 여기 와서 먹습니다. 주중에 열심히 일하고 주말에는 블루마일스 커피랑 쿠키 먹으며 힐링해요. :-),,2023년 6월 25일 일요일,1번째 방문,영수증
블루마일스커피로스터즈,카페,,,,쫀냠이,https://m.place.naver.com/my/5c10eb3083f53cc792595510/review?v=2,190,78.0,,"뷰도 좋고,좌석도 편한데 커피와 디저트까지맛있어요! 이 동네 다른 카페들과 비교했을 때, 적어도 저에게는 대체할만 곳이 없네요 ㅎㅎ🌲☕️","일시적인 오류가 발생했습니다
디저트가 맛있어요",2023년 5월 16일 화요일,1번째 방문,결제내역
블루마일스커피로스터즈,카페,,,,김도리도리장군,https://m.place.naver.com/my/6030e2c5db6190eb557f7b09/review?v=2,69,,,"롱블랙 마일스 데이비스 블렌드 
메론우롱 ICE
메론 우롱 은은하게 메론맛이 나면서 시원~
더운 여름에 딱
",,2023년 7월 8일 토요일,1번째 방문,영수증
블루마일스커피로스터즈,카페,,,,챰챰쓰,https://m.place.naver.com/my/5e967ed18f87a842bc0974b8/review?v=2,16,,,"커피도 맛있고 스콘, 쿠키도 맛있어요!!","일시적인 오류가 발생했습니다
대화하기 좋아요",2023년 6월 25일 일요일,1번째 방문,영수증
블루마일스커피로스터즈,카페,,,,뚜른,https://m.place.naver.com/my/5c420119f447146bbc76eeaa/review?v=2,8,,,"너티블루라떼가 정말 맛있어요 ♡ 
자리도 괜찮아서 자주 오고 있습니다 ~","일시적인 오류가 발생했습니다
커피가 맛있어요",2023년 7월 22일 토요일,1번째 방문,영수증
블루마일스커피로스터즈,카페,,,,ifn****,https://m.place.naver.com/my/5c7154425084c9f026a5394e/review?v=2,15,,,아이스크림 라떼 단종되면 죽을 거예요 😄😄😄😄,"일시적인 오류가 발생했습니다
대화하기 좋아요",2023년 7월 17일 월요일,3번째 방문,영수증
블루마일스커피로스터즈,카페,,,,BB1934,https://m.place.naver.com/my/5e4cb4d18f87a842bcde8d0e/review?v=2,123,1.0,,오늘도 굳,,2023년 8월 29일 화요일,7번째 방문,영수증
블루마일스커피로스터즈,카페,,,,kys566,https://m.place.naver.com/my/5b87e44393d26492507846bc/review?v=2,6,,,우리동네에서 내가 제일 좋아하는 카페 커피가 진짜 맛있어요~~ 항상 올때마다 손님도 많아요~ 완전 추천!!!,"일시적인 오류가 발생했습니다
커피가 맛있어요",2023년 6월 29일 목요일,1번째 방문,영수증
블루마일스커피로스터즈,카페,,,,sun17789,https://m.place.naver.com/my/5cde5467e97c7825022e1019/review?v=2,21,,,아이스크림이랑 스콘이 너무너무 맛있어용,"일시적인 오류가 발생했습니다
인테리어가 멋져요",2023년 8월 21일 월요일,1번째 방문,영수증
블루마일스커피로스터즈,카페,,,,제제9876,https://m.place.naver.com/my/605e9f1d52af70ec2b87dddc/review?v=2,11,,,"맛난 음료 마시며 조카랑 데이트 즐겁게 했네요. 
조카가 망고패션후르츠 소다 너무 맛있데요^^",,2023년 6월 25일 일요일,1번째 방문,영수증
블루마일스커피로스터즈,카페,,,,gho****,https://m.place.naver.com/my/5eed4a088f87a842bce6b66b/review?v=2,344,,,항상 맛있게 잘 먹고 있습니다. 계속 맛있는 음식 부탁드립니다.,"일시적인 오류가 발생했습니다
커피가 맛있어요",2023년 11월 11일 토요일,1번째 방문,영수증
블루마일스커피로스터즈,카페,,,,hibabyeah,https://m.place.naver.com/my/5dbbcf548f87a842bc42fa28/review?v=2,1142,5.0,,자주 사먹는곳입니다! 커피가 진짜 마싯어요!!! 👍🏻👍🏻,"일시적인 오류가 발생했습니다
커피가 맛있어요",2023년 7월 16일 일요일,4번째 방문,영수증
블루마일스커피로스터즈,카페,,,,콩짱2112,https://m.place.naver.com/my/5fba088fb7781f2350c005d1/review?v=2,1098,,,커피와 에그타르트 맛있어요,"일시적인 오류가 발생했습니다
커피가 맛있어요",2023년 10월 3일 화요일,2번째 방문,영수증
블루마일스커피로스터즈,카페,,,,썸머시즌,https://m.place.naver.com/my/5f04a6b87b376c129df5d871/review?v=2,81,,,동네 최고 커피 맛집! 다양한 원두의 맛있는 커피 마실 수 있는 곳~ 조용히 책읽거나 업무보기도 좋음☕️👍🏻,"일시적인 오류가 발생했습니다
집중하기 좋아요",2023년 6월 30일 금요일,1번째 방문,영수증
블루마일스커피로스터즈,카페,,,,ifn****,https://m.place.naver.com/my/5c7154425084c9f026a5394e/review?v=2,15,,,"주에 두 번은 오는듯 ... 🤭💛 수다떨기도 공부하기도 좋기가 정말 어려운데, 그것이 가능한 곳....!🫨 그리고 제발제발 아이스크림 에스프레소? 그거 꼭 드세요 그리고 사장님 제발제발 그거 단종하지 말아주세효 😭😭🍦☕️",,2023년 7월 9일 일요일,2번째 방문,영수증
블루마일스커피로스터즈,카페,,,,hibabyeah,https://m.place.naver.com/my/5dbbcf548f87a842bc42fa28/review?v=2,1142,5.0,,매일 잘 마시고 있습니다!! 커피 진짜 마싯어용🫶🏻✨,"일시적인 오류가 발생했습니다
커피가 맛있어요",2023년 7월 15일 토요일,3번째 방문,영수증
블루마일스커피로스터즈,카페,,,,silver9811,https://m.place.naver.com/my/5df2060d8f87a842bc8f93a8/review?v=2,318,1.0,,커피 정말 맛있어요,"일시적인 오류가 발생했습니다
인테리어가 멋져요",2023년 7월 15일 토요일,1번째 방문,영수증
블루마일스커피로스터즈,카페,,,,BB1934,https://m.place.naver.com/my/5e4cb4d18f87a842bcde8d0e/review?v=2,123,1.0,,바질토마토 맛잇어요! ,"일시적인 오류가 발생했습니다
집중하기 좋아요",2023년 7월 2일 일요일,3번째 방문,영수증
블루마일스커피로스터즈,카페,,,,bas****,https://m.place.naver.com/my/5f057d11532b4ce788cda049/review?v=2,1,,,커피 맛있어요!,"일시적인 오류가 발생했습니다
커피가 맛있어요",2023년 8월 17일 목요일,1번째 방문,영수증
블루마일스커피로스터즈,카페,,,,요거투,https://m.place.naver.com/my/5c3d49dfab6031877f1858b3/review?v=2,349,19.0,,"챗베이커? 산미 강한 커피 좋아하는데 여기가 짱인듯 
진짜 맛있어요 커피
디저트는 말해 뭐해~","일시적인 오류가 발생했습니다
커피가 맛있어요",2023년 4월 25일 화요일,1번째 방문,영수증
블루마일스커피로스터즈,카페,,,,쩝쩝박사8925,https://m.place.naver.com/my/5d95bc918f87a842bc4e7f05/review?v=2,24,,,커피도 디저트도 너무 맛있어요~!,"일시적인 오류가 발생했습니다
특별한 메뉴가 있어요",2023년 7월 8일 토요일,1번째 방문,영수증
블루마일스커피로스터즈,카페,,,,나난냐,https://m.place.naver.com/my/6167842782fc7500070b1bcd/review?v=2,635,28.0,,"매장이 예뻐서 보는 재미도 있고, 음료시키면 같이 오는 카드에 큐알코드로 음악도 있구… 쿠키두 디게 맛있구… 감성도 있구… 좋아요!","일시적인 오류가 발생했습니다
디저트가 맛있어요",2023년 3월 23일 목요일,1번째 방문,결제내역
블루마일스커피로스터즈,카페,,,,cs****,https://m.place.naver.com/my/5c9ae0f632773e26ed357c17/review?v=2,23,,,공리단길에서 쿠키와 커피는 최고인듯 합니다!! 고급지고 쿠키는 너무 맛있어요~ 강아지랑 산책하고 같이 올 수 있어서 더 좋아요^^,"일시적인 오류가 발생했습니다
커피가 맛있어요",2023년 7월 15일 토요일,1번째 방문,영수증
블루마일스커피로스터즈,카페,,,,삽굡살,https://m.place.naver.com/my/5db3b9ec8f87a842bc0f851c/review?v=2,8,,,"맛있어요!
가격은 조금 비싸지먄..","일시적인 오류가 발생했습니다
커피가 맛있어요",2023년 7월 14일 금요일,2번째 방문,영수증
블루마일스커피로스터즈,카페,,,,Hye9704,https://m.place.naver.com/my/5c6e6ad54bb61f68d9a4d37c/review?v=2,568,,,"커피 진짜 맛있어요.
함께 먹은 약과쿠기도 맛있구요.
공릉동 가면 또 가고픈곳","일시적인 오류가 발생했습니다
디저트가 맛있어요",2023년 4월 10일 월요일,1번째 방문,영수증
블루마일스커피로스터즈,카페,,,,221B435,https://m.place.naver.com/my/63ea1c61a7b1630006ca746a/review?v=2,1,,,맛있어요,"일시적인 오류가 발생했습니다
집중하기 좋아요",2023년 11월 8일 수요일,1번째 방문,영수증
블루마일스커피로스터즈,카페,,,,cholong0911,https://m.place.naver.com/my/5ea40e138f87a842bc223433/review?v=2,13,,,음료도 맛있고 뷰도 좋고 자주오게될것같아요,"일시적인 오류가 발생했습니다
커피가 맛있어요",2023년 7월 14일 금요일,1번째 방문,영수증
블루마일스커피로스터즈,카페,,,,Yangyang9,https://m.place.naver.com/my/5f04071228a40774c3f182ec/review?v=2,9,,,"커피가 특색 있고, 통창이어서 뷰가 좋아요!
화장실에서도 재즈 음악이 나오는 무드 있는 카페👍","일시적인 오류가 발생했습니다
화장실이 깨끗해요",2023년 6월 23일 금요일,1번째 방문,영수증
블루마일스커피로스터즈,카페,,,,좋은 날이랍니다,https://m.place.naver.com/my/5f997fdf8030a704a960a30f/review?v=2,785,2.0,,커피 맛있고 분위기도 좋아요,"일시적인 오류가 발생했습니다
커피가 맛있어요",2023년 12월 5일 화요일,1번째 방문,영수증
블루마일스커피로스터즈,카페,,,,행정사 이기도,https://m.place.naver.com/my/5e1c0b1b8f87a842bc10835c/review?v=2,11,,,비오는 날 바깥 풍경을 보며 커피 마시기 딱 좋습니다. :),"일시적인 오류가 발생했습니다
커피가 맛있어요",2023년 7월 13일 목요일,1번째 방문,영수증
블루마일스커피로스터즈,카페,,,,맑은혀의광인,https://m.place.naver.com/my/6034b5d80306aa52a0af786f/review?v=2,375,60.0,,"노원구에 스페셜티 로스터리가 있다고 해서 방문했습니다.

콜롬비아 로꼬 블랙벨벳, 코스타리카 데 푸에고 모두 따뜻하게 주문했습니다.

콜롬비아는 샴페인, 코스타리카는 포트 와인 컵노트가 느껴졌는데, 오히려 콤롬비아가 떫은 맛이 더 강했습니다.",,2023년 2월 11일 토요일,1번째 방문,영수증
블루마일스커피로스터즈,카페,,,,비둘기4369,https://m.place.naver.com/my/60640d0456d68ef9396cf5ea/review?v=2,1,,,에그타르트가 맛있다! 🤫,"일시적인 오류가 발생했습니다
디저트가 맛있어요",2023년 7월 6일 목요일,1번째 방문,영수증
블루마일스커피로스터즈,카페,,,,맑은날의윤슬,https://m.place.naver.com/my/5c24dd05fecf3f52e4e119d1/review?v=2,205,,,"평일오전에 갔더니 너무 좋네요! 뷰 감상하면서 음악도 즐기면서 맛있는 커피 마셨습니다. 
인테리어도 힙하고 멋져요👍","일시적인 오류가 발생했습니다
음료가 맛있어요",2023년 4월 7일 금요일,1번째 방문,영수증
블루마일스커피로스터즈,카페,,,,cs****,https://m.place.naver.com/my/5c9ae0f632773e26ed357c17/review?v=2,23,,,제가 너무 좋아하는 곳이예요!!! 디저트.너무 맛있고 매주 주말 루틴입니다 ^^,"일시적인 오류가 발생했습니다
디저트가 맛있어요",2023년 8월 12일 토요일,2번째 방문,영수증
블루마일스커피로스터즈,카페,,,,롸37,https://m.place.naver.com/my/5e468a608f87a842bc5c0244/review?v=2,9,,,여긴 매번 오는데 디저트는 물론 커피가 정말 맛있어요! 추천츄천 ,"일시적인 오류가 발생했습니다
화장실이 깨끗해요",2023년 8월 12일 토요일,4번째 방문,영수증
블루마일스커피로스터즈,카페,,,,ㅇㅈㅇ35,https://m.place.naver.com/my/5eff549a80dd0fa8cd65bd6a/review?v=2,7,,,디카페인 커피도 직접 로스팅한 원두라서 맛있어요 👍,"일시적인 오류가 발생했습니다
커피가 맛있어요",2023년 7월 10일 월요일,1번째 방문,영수증
블루마일스커피로스터즈,카페,,,,자바향기7,https://m.place.naver.com/my/5ef141b78f87a842bc97bce5/review?v=2,47,1.0,,"병원 갈때마다 들리는 곳인데, 커피땜에 첨에 들렸다가 디저트 땜에 더 찾게 된 집입니다 😋 쿠키 맛집이에요 🫶","일시적인 오류가 발생했습니다
친절해요",2023년 6월 23일 금요일,1번째 방문,영수증
블루마일스커피로스터즈,카페,,,,xosjsjkd111,https://m.place.naver.com/my/5bdc32ce600ad321fc3f6c00/review?v=2,538,,,맛있어요!!#,"일시적인 오류가 발생했습니다
커피가 맛있어요",2023년 11월 1일 수요일,1번째 방문,결제내역
블루마일스커피로스터즈,카페,,,,aa3984,https://m.place.naver.com/my/5d78f0578f87a842bc3b83c5/review?v=2,13,,,"커피 디저트 짱맛인데

집중도 잘 되고 좋아요","일시적인 오류가 발생했습니다
커피가 맛있어요",2023년 6월 24일 토요일,1번째 방문,영수증
블루마일스커피로스터즈,카페,,,,포를롱,https://m.place.naver.com/my/5d92c5ea8f87a842bcfaaa96/review?v=2,25,,,자주 와요 뷰도 좋고 커피도 좋습니다,"일시적인 오류가 발생했습니다
친절해요",2023년 8월 8일 화요일,3번째 방문,영수증
블루마일스커피로스터즈,카페,,,,워니54,https://m.place.naver.com/my/5eff2563ff821a0cd6713f04/review?v=2,10,,,커피맛있어용! 산미 좋아하면 쳇베이커 드세용!,"일시적인 오류가 발생했습니다
커피가 맛있어요",2023년 7월 6일 목요일,1번째 방문,영수증
블루마일스커피로스터즈,카페,,,,pencil134,https://m.place.naver.com/my/5c19f9ce67a3287bd0ae11b5/review?v=2,6,,,커피가 맛나서 자주 옵니당🐥,,2023년 7월 6일 목요일,1번째 방문,영수증
블루마일스커피로스터즈,카페,,,,uni****,https://m.place.naver.com/my/61510f6615e21c13b7ce1990/review?v=2,9,,,"첫 방문인데 분윜도 좋고
원두도 특별하고
맛있네요~!","일시적인 오류가 발생했습니다
커피가 맛있어요",2023년 7월 5일 수요일,1번째 방문,영수증
블루마일스커피로스터즈,카페,,,,송채은40,https://m.place.naver.com/my/5e464a428f87a842bcb8adce/review?v=2,8,,,통창 뷰가 넘 좋아서 공릉동 최애 카페에요! 기분 전환도 되고 혼자 오기도 친구랑 오기도 다 너무 좋은 카페입니다! 음료 커피 디저트 하나하나 다 맛있어요!!,"일시적인 오류가 발생했습니다
뷰가 좋아요",2023년 7월 5일 수요일,1번째 방문,영수증
블루마일스커피로스터즈,카페,,,,hibabyeah,https://m.place.naver.com/my/5dbbcf548f87a842bc42fa28/review?v=2,1142,5.0,,커피랑 구움과자 전부 다 너무 마싯어요.. 커피 진짜 최고 🫶🏻,"일시적인 오류가 발생했습니다
커피가 맛있어요",2023년 7월 2일 일요일,2번째 방문,영수증
블루마일스커피로스터즈,카페,,,,프리지아43,https://m.place.naver.com/my/5f04b341f1b580d722857948/review?v=2,10,,,세번째 방문했는데 맛있어요,"일시적인 오류가 발생했습니다
커피가 맛있어요",2023년 8월 5일 토요일,1번째 방문,영수증
블루마일스커피로스터즈,카페,,,,buddahyun,https://m.place.naver.com/my/5e3af6748f87a842bc63d8d0/review?v=2,7,,,"늦은 시간이라 디카페인으로 첫방문! 첫주문!
더위가 달아나네~ 
담엔 대표 음료로 도전해봐야징~ 


",,2023년 6월 23일 금요일,1번째 방문,영수증
블루마일스커피로스터즈,카페,,,,poodorri,https://m.place.naver.com/my/5dc991f58f87a842bc58591d/review?v=2,31,,,"카라멜 맛도 나면서 부드럽고 맛있어요 ㅎㅎ
처음 왔는데 사람이 많아요^^","일시적인 오류가 발생했습니다
친절해요",2023년 6월 27일 화요일,1번째 방문,영수증
블루마일스커피로스터즈,카페,,,,봄순2,https://m.place.naver.com/my/5dd4133d8f87a842bcfc215c/review?v=2,51,6.0,,디저트 완전 맛있어요!!! 다사고싶었지만 참았어요....커피도 맛있고 매장도 감각적이에요. 재방문 의사 100%,"일시적인 오류가 발생했습니다
사진이 잘 나와요",2023년 3월 17일 금요일,1번째 방문,결제내역
블루마일스커피로스터즈,카페,,,,민서7724,https://m.place.naver.com/my/60b5a8f322bec281d877653a/review?v=2,2,,,테이블 간격 넓고 작업하기 좋아요!,"일시적인 오류가 발생했습니다
인테리어가 멋져요",2023년 8월 1일 화요일,1번째 방문,영수증
블루마일스커피로스터즈,카페,,,,롸37,https://m.place.naver.com/my/5e468a608f87a842bc5c0244/review?v=2,9,,,여기 커피 종류도 많고 맛집이에요~!!,"일시적인 오류가 발생했습니다
좌석이 편해요",2023년 8월 1일 화요일,3번째 방문,영수증
블루마일스커피로스터즈,카페,,,,eumchimi,https://m.place.naver.com/my/5c655760b32c45a8611d92ef/review?v=2,15,,,"아침 일찍 강아지 미용 맡기고 오늘은 스벅 대신 다른 좋은 카페가 없을까 하고 검색하고 왔는데 분위기도 여유롭고 커피랑 디져트도 맛있어서 충전 잘 하고 갑니다~
담에 또 들를게요",,2023년 7월 4일 화요일,1번째 방문,영수증
블루마일스커피로스터즈,카페,,,,마정현90,https://m.place.naver.com/my/5ec9c7bb8f87a842bc27cbbf/review?v=2,11,,,공릉동 아메리카노,"일시적인 오류가 발생했습니다
커피가 맛있어요",2023년 7월 29일 토요일,1번째 방문,영수증
블루마일스커피로스터즈,카페,,,,포를롱,https://m.place.naver.com/my/5d92c5ea8f87a842bcfaaa96/review?v=2,25,,,나만 알고싶은 곳 언제나 커피가 맛있음,"일시적인 오류가 발생했습니다
집중하기 좋아요",2023년 7월 31일 월요일,2번째 방문,영수증
블루마일스커피로스터즈,카페,,,,맛동산4762,https://m.place.naver.com/my/5c07d7094a9dfc5a6f69e32e/review?v=2,796,,,,"일시적인 오류가 발생했습니다
커피가 맛있어요",2023년 8월 22일 화요일,1번째 방문,영수증
블루마일스커피로스터즈,카페,,,,fin****,https://m.place.naver.com/my/5f053214eb8035e99757e922/review?v=2,29,,,직원들도 친절하시고 커피도 맛있어요~,"일시적인 오류가 발생했습니다
뷰가 좋아요",2023년 7월 30일 일요일,3번째 방문,영수증
블루마일스커피로스터즈,카페,,,,손이34,https://m.place.naver.com/my/5dcd730f8f87a842bc0eae34/review?v=2,2,,,커피 맛있어요!! 파란색이 젤 고소하고 맛있고 뷰도 좋아요,,2023년 6월 23일 금요일,1번째 방문,영수증
블루마일스커피로스터즈,카페,,,,sy9****,https://m.place.naver.com/my/5b9b6ce66114286e19ee61e2/review?v=2,37,,,"2년 조금 넘게 꾸준히 생각나서 오는 곳이에요
디저트 왕창 사서 쟁여두고
커피는 직접 내려주시는 드립도 머신도 다 좋아서 애정하는 곳 입니다❤️",,2023년 6월 30일 금요일,1번째 방문,영수증
블루마일스커피로스터즈,카페,,,,메롱9312,https://m.place.naver.com/my/5ca767230a0cee52e55e8d1c/review?v=2,10,,,"공릉에서 커피가 가장 맛있는 집이라고 추천할 수 있어요! 제 최고 단골 카페입니다🩵 커피맛, 매장 음악, 디저트, 매장 청결, 뷰까지 모든게 완벽해요!! 적게 일하고 돈 많이 버세요🫶",,2023년 6월 25일 일요일,1번째 방문,영수증
블루마일스커피로스터즈,카페,,,,BB1934,https://m.place.naver.com/my/5e4cb4d18f87a842bcde8d0e/review?v=2,123,1.0,,공릉동 최애 로스팅 카페 ! ,"일시적인 오류가 발생했습니다
음료가 맛있어요",2023년 6월 24일 토요일,1번째 방문,영수증
블루마일스커피로스터즈,카페,,,,루시퍼32,https://m.place.naver.com/my/5b632e1d7e0901abaa243b92/review?v=2,7,,,항상 최고의 커피맛을 채워줍니다,"일시적인 오류가 발생했습니다
친절해요",2023년 6월 24일 토요일,1번째 방문,영수증
블루마일스커피로스터즈,카페,,,,깅밍굴,https://m.place.naver.com/my/5cc9ae0121a09ddcb8e922bf/review?v=2,14,,,뷰가 좋고 쾌적한데 음료도 맛있어요 🍀,"일시적인 오류가 발생했습니다
음료가 맛있어요",2023년 7월 26일 수요일,1번째 방문,영수증
블루마일스커피로스터즈,카페,,,,김봉구6487,https://m.place.naver.com/my/5c93cf6504823a65189a7092/review?v=2,10,,,커피맛있내요,"일시적인 오류가 발생했습니다
인테리어가 멋져요",2023년 7월 22일 토요일,1번째 방문,영수증
블루마일스커피로스터즈,카페,,,,찐핑쿠,https://m.place.naver.com/my/5ddbcae49ec8258e4ac3bfca/review?v=2,1228,72.0,,말차 마카다미아 쿠키 촉촉하고 부드럽고 진짜 맛있어요! 복쿠키도 생각보다 부드러워서 좋았습니다:) 추운날 따뜻한 커피와 먹으니 완전 꿀조합이었어요! 내부 인테리어는 제 취향은 아니었지만 직접 로스팅도 하고 카페가 커피 맛이 제일 중요하니까;;;,,2023년 1월 22일 일요일,1번째 방문,영수증
블루마일스커피로스터즈,카페,,,,샤데이sade,https://m.place.naver.com/my/5bfc1c619c0f0c45ab6545fc/review?v=2,353,64.0,,"한국 커피로스팅 5위안에 드는 커피가 맛있는 블루마일스, 재즈와 리듬앤블루스가 엉켜있는 멋있는 곳, 시그니처 커피인 쿠키가 얹혀나오는 진저맨블렌드 깜짝 놀랄만큼 맛있어요. 진정한 커피를 경험한 것 같아 너무 좋아요. 큰창에서 들어오는 햇빛, 풍경도 멋있어요",,2023년 1월 2일 월요일,1번째 방문,영수증
블루마일스커피로스터즈,카페,,,,졸리다9750,https://m.place.naver.com/my/5f0b23aa9ec8258e4ac6cac6/review?v=2,60,1.0,,"시그니처 커피매뉴도 타 카페에선 못보던게 있고
티 매뉴도 독특해서 좋았어요!
재방문 의사있습니다. 너무 좋네요","일시적인 오류가 발생했습니다
커피가 맛있어요",2023년 3월 17일 금요일,1번째 방문,결제내역
블루마일스커피로스터즈,카페,,,,hmg,https://m.place.naver.com/my/5ba8cb3031b6f91faa7126db/review?v=2,28,,,공릉동 최애카페,"일시적인 오류가 발생했습니다
음료가 맛있어요",2023년 6월 30일 금요일,1번째 방문,영수증
블루마일스커피로스터즈,카페,,,,룹히,https://m.place.naver.com/my/5b967065624d60c956192591/review?v=2,33,,,커피가 맛있고 약과 쿠키 맛있어요!!,"일시적인 오류가 발생했습니다
사진이 잘 나와요",2023년 5월 17일 수요일,1번째 방문,결제내역
블루마일스커피로스터즈,카페,,,,bab****,https://m.place.naver.com/my/5d5667c8c568ef0874532a76/review?v=2,33,,,,"일시적인 오류가 발생했습니다
커피가 맛있어요",2023년 7월 31일 월요일,1번째 방문,영수증
블루마일스커피로스터즈,카페,,,,Mark2093,https://m.place.naver.com/my/5df0382a8f87a842bc288568/review?v=2,1,,,자주 찾는 카페 입니다. 깔끔하고 늘 보던 공릉 철길이 새롭게 보이는 뷰가 최고입니다. ,"일시적인 오류가 발생했습니다
뷰가 좋아요",2023년 7월 6일 목요일,1번째 방문,영수증
블루마일스커피로스터즈,카페,,,,순지45,https://m.place.naver.com/my/5d05f9ae525149a2a99cc080/review?v=2,23,,,공부하기 좋아요 추천드립니다앗!!!!,"일시적인 오류가 발생했습니다
인테리어가 멋져요",2023년 7월 18일 화요일,2번째 방문,영수증
블루마일스커피로스터즈,카페,,,,귀여운 투덜이,https://m.place.naver.com/my/602f346f6c50fa10a930fed5/review?v=2,225,,,공릉동 기찻길 옆에 있어서 뷰도 좋고 커피맛도 좋아요.,"일시적인 오류가 발생했습니다
커피가 맛있어요",2023년 6월 15일 목요일,1번째 방문,영수증
블루마일스커피로스터즈,카페,,,,수빈105,https://m.place.naver.com/my/5c97954f81aefc6482f4ebaf/review?v=2,26,,,커피 맛있어서 원두도구매했어요 :),"일시적인 오류가 발생했습니다
커피가 맛있어요",2023년 7월 12일 수요일,4번째 방문,영수증
블루마일스커피로스터즈,카페,,,,승현9814,https://m.place.naver.com/my/5f2e09399ec8258e4a326006/review?v=2,465,7.0,,메뉴가 다양해서 좋아요,"일시적인 오류가 발생했습니다
매장이 청결해요",2023년 6월 9일 금요일,1번째 방문,결제내역
블루마일스커피로스터즈,카페,,,,빙모67,https://m.place.naver.com/my/5e0b30be8f87a842bc2904f8/review?v=2,76,,,냠냠굿🫶🏻,"일시적인 오류가 발생했습니다
디저트가 맛있어요",2023년 8월 11일 금요일,1번째 방문,영수증
블루마일스커피로스터즈,카페,,,,queeeeen 11,https://m.place.naver.com/my/5b737bb7c9f947140fbf43ae/review?v=2,1,,,"커피 짱맛있어요.
에그타르트 스콘 짱맛있어요.
사장님 짱멋있어요.
",,2023년 7월 9일 일요일,1번째 방문,영수증
블루마일스커피로스터즈,카페,,,,fin****,https://m.place.naver.com/my/5f053214eb8035e99757e922/review?v=2,29,,,사장님도 친절하시고 나무뷰를 보면서 커피를 마실 수 있어서 좋습니다.,,2023년 7월 9일 일요일,2번째 방문,영수증
블루마일스커피로스터즈,카페,,,,포를롱,https://m.place.naver.com/my/5d92c5ea8f87a842bcfaaa96/review?v=2,25,,,찐단골입니다 디저트도 진짜 맛있고 최애 카페에요,"일시적인 오류가 발생했습니다
집중하기 좋아요",2023년 7월 10일 월요일,1번째 방문,영수증
블루마일스커피로스터즈,카페,,,,mis****,https://m.place.naver.com/my/5bb64c899a86dc6db5d29d78/review?v=2,795,14.0,,갔을 때 커피 볶고 있어서 냄새 너무 좋았어요. 다 맛있어요,"일시적인 오류가 발생했습니다
음료가 맛있어요",2023년 4월 29일 토요일,1번째 방문,영수증
블루마일스커피로스터즈,카페,,,,이수진3312,https://m.place.naver.com/my/5eec9a628f87a842bcf5e07f/review?v=2,44,,,맛있어요!,,2023년 9월 5일 화요일,4번째 방문,영수증
블루마일스커피로스터즈,카페,,,,하잇8159,https://m.place.naver.com/my/5e8ed5358f87a842bc69f933/review?v=2,11,,,,"일시적인 오류가 발생했습니다
인테리어가 멋져요",2023년 8월 31일 목요일,1번째 방문,영수증
블루마일스커피로스터즈,카페,,,,라라일상,https://m.place.naver.com/my/5b80be93e7c7c82c7953b659/review?v=2,15,,,블루마일스 커피맛도 좋고 분위기도 좋아요:) ,"일시적인 오류가 발생했습니다
친절해요",2023년 7월 3일 월요일,1번째 방문,영수증
블루마일스커피로스터즈,카페,,,,이수진3312,https://m.place.naver.com/my/5eec9a628f87a842bcf5e07f/review?v=2,44,,,,,2023년 7월 17일 월요일,3번째 방문,영수증
블루마일스커피로스터즈,카페,,,,BB1934,https://m.place.naver.com/my/5e4cb4d18f87a842bcde8d0e/review?v=2,123,1.0,,자주와요,"일시적인 오류가 발생했습니다
커피가 맛있어요",2023년 6월 26일 월요일,2번째 방문,영수증
블루마일스커피로스터즈,카페,,,,1232285,https://m.place.naver.com/my/5b6434bb495a9c23e356a573/review?v=2,21,,,생각하러 갈 때 가는데 커피도 맛있고 집중하기 좋아요,"일시적인 오류가 발생했습니다
집중하기 좋아요",2023년 7월 2일 일요일,1번째 방문,영수증
블루마일스커피로스터즈,카페,,,,wjs2543,https://m.place.naver.com/my/5dd143a88f87a842bcbf93ff/review?v=2,55,,,커피랑 디저트 굿!,"일시적인 오류가 발생했습니다
커피가 맛있어요",2023년 7월 27일 목요일,3번째 방문,영수증
블루마일스커피로스터즈,카페,,,,산타mountain,https://m.place.naver.com/my/5c61fa21a943304636f00801/review?v=2,18,,,바질토마토 소다 파는 데가 많이 없는데 자주와야겠어요,"일시적인 오류가 발생했습니다
매장이 청결해요",2023년 7월 2일 일요일,1번째 방문,영수증
블루마일스커피로스터즈,카페,,,,조민주3881,https://m.place.naver.com/my/5d727ddd8f87a842bc46e498/review?v=2,9,,,커피가 맛있고 분위기가 좋아요!,"일시적인 오류가 발생했습니다
인테리어가 멋져요",2023년 6월 30일 금요일,1번째 방문,영수증
블루마일스커피로스터즈,카페,,,,용용aaaa,https://m.place.naver.com/my/5eb424b28f87a842bc4d6e0d/review?v=2,34,,,"커피 정말맛있어요~ 원두 선택가능하고
스콘이 진짜 맛있어요!!! ","일시적인 오류가 발생했습니다
커피가 맛있어요",2023년 6월 27일 화요일,1번째 방문,영수증
블루마일스커피로스터즈,카페,,,,no****,https://m.place.naver.com/my/5c78df908fca91dd47982ed9/review?v=2,7,,,커피 짱맛!!!맛있어요!!,"일시적인 오류가 발생했습니다
커피가 맛있어요",2023년 6월 25일 일요일,1번째 방문,영수증
블루마일스커피로스터즈,카페,,,,ㅋㅋㅋ5,https://m.place.naver.com/my/5e367c1c8f87a842bc8e19e1/review?v=2,14,,,,"일시적인 오류가 발생했습니다
커피가 맛있어요",2023년 8월 14일 월요일,2번째 방문,영수증
블루마일스커피로스터즈,카페,,,,ice****,https://m.place.naver.com/my/5c1a5079051c5e0842f090b5/review?v=2,27,,,필터커피!! 새로운 커피맛을 느낄수있어요~        ,"일시적인 오류가 발생했습니다
커피가 맛있어요",2023년 6월 24일 토요일,1번째 방문,영수증
블루마일스커피로스터즈,카페,,,,롸37,https://m.place.naver.com/my/5e468a608f87a842bc5c0244/review?v=2,9,,,"여기 커피랑 디저트랑 다 존마탱이라멀리서도 와요.,,,,","일시적인 오류가 발생했습니다
뷰가 좋아요",2023년 6월 24일 토요일,1번째 방문,영수증
블루마일스커피로스터즈,카페,,,,KwonTF,https://m.place.naver.com/my/5eb2dea08f87a842bc0fb39e/review?v=2,106,28.0,,"같이 먹는 스콘류가 커피와 딱 어울리는것이 좋았습니다.

경춘선 숲길 바로 옆이라서 접근도 좋고 산책하며 쉬어가기에도 좋았습니다.",,2023년 3월 11일 토요일,1번째 방문,영수증
블루마일스커피로스터즈,카페,,,,네버쎄네버,https://m.place.naver.com/my/5b9a78c73cf1e7b9d35d5520/review?v=2,20,,,노트북하기 좋은 블루마일스! 애견동반 가능해서 더 좋아요 ෆ ,"일시적인 오류가 발생했습니다
커피가 맛있어요",2023년 6월 23일 금요일,1번째 방문,영수증
블루마일스커피로스터즈,카페,,,,쪼꼬미78,https://m.place.naver.com/my/5b639da96f2d55d64e873313/review?v=2,7,,,아직 여기 버터스카치 안 먹어본 사람이 있다?!,"일시적인 오류가 발생했습니다
커피가 맛있어요",2023년 6월 25일 일요일,1번째 방문,영수증
블루마일스커피로스터즈,카페,,,,SSun50,https://m.place.naver.com/my/5ed5c6a88f87a842bc59e131/review?v=2,2,,,커피블랜딩이 마음에 들어요^.^*,"일시적인 오류가 발생했습니다
친절해요",2023년 6월 23일 금요일,1번째 방문,영수증
블루마일스커피로스터즈,카페,,,,fin****,https://m.place.naver.com/my/5f053214eb8035e99757e922/review?v=2,29,,,음료도 맛있고 뷰도 좋아요~,"일시적인 오류가 발생했습니다
뷰가 좋아요",2023년 6월 23일 금요일,1번째 방문,영수증
블루마일스커피로스터즈,카페,,,,sun****,https://m.place.naver.com/my/5d3d5148f8e60c0f84730459/review?v=2,13,,,공릉철길 최애카페,"일시적인 오류가 발생했습니다
매장이 청결해요",2023년 7월 15일 토요일,2번째 방문,영수증
블루마일스커피로스터즈,카페,,,,미미3436,https://m.place.naver.com/my/5d457cd0525cfca1987d3f00/review?v=2,782,,,여기 원두가 진짜진짜 맛있어요!!! 사장님 짱이에요🙋🏻‍♀️💓💓,"일시적인 오류가 발생했습니다
커피가 맛있어요",2023년 4월 11일 화요일,1번째 방문,영수증
블루마일스커피로스터즈,카페,,,,MMHM,https://m.place.naver.com/my/5e006cd18f87a842bc664dbf/review?v=2,215,20.0,,"바질토마토에이드(?)
많이 달지 않고 상큼해서 맛있당","일시적인 오류가 발생했습니다
매장이 청결해요",2023년 3월 7일 화요일,1번째 방문,영수증
블루마일스커피로스터즈,카페,,,,꼬미는못말려,https://m.place.naver.com/my/5d7e46258f87a842bc9dfe84/review?v=2,488,23.0,,"친한 동생이 알려준 뒤로 완벽하게 ’블며‘ 들었지만 후회는 없습니다 (내 지갑 눈 감아...^^)
사실 가격은 저렴하진 않은데 매장에 오셔서 드시면 값어치 충분히 한다고 생각하실 거에요!",,2023년 3월 21일 화요일,1번째 방문,영수증
블루마일스커피로스터즈,카페,,,,길냥이46,https://m.place.naver.com/my/5dc63e6b8f87a842bc700adc/review?v=2,58,,,이 동네 보물같은 카페에요,"일시적인 오류가 발생했습니다
좌석이 편해요",2023년 6월 11일 일요일,1번째 방문,결제내역
블루마일스커피로스터즈,카페,,,,룰루랄라551,https://m.place.naver.com/my/5c0cb1ef33f50e4b217c66bd/review?v=2,1766,84.0,,음료가 특색있어요 굿~,,2023년 4월 29일 토요일,2번째 방문,영수증
블루마일스커피로스터즈,카페,,,,제철토끼,https://m.place.naver.com/my/5de3bcf29ec8258e4a570725/review?v=2,17,,,피스타치오 어쩌구 라떼 묵직하고 맛있어요 👍,"일시적인 오류가 발생했습니다
매장이 청결해요",2023년 4월 8일 토요일,1번째 방문,결제내역
블루마일스커피로스터즈,카페,,,,롸37,https://m.place.naver.com/my/5e468a608f87a842bc5c0244/review?v=2,9,,,커피 진짜 맛있어요!!!,"일시적인 오류가 발생했습니다
디저트가 맛있어요",2023년 7월 4일 화요일,2번째 방문,영수증
블루마일스커피로스터즈,카페,,,,핑구네이글루,https://m.place.naver.com/my/5efe7fc6670bd5c7e120e48f/review?v=2,248,7.0,,우연히 발견한 내 최애 카페..♥️ 커피도 쿠키도 뭐하나 부족한 게 없음ㅠㅠㅠ원두 구매해서 집에서도 내려마시는 중..나만알고싶은 카페!,"일시적인 오류가 발생했습니다
음료가 맛있어요",2022년 12월 18일 일요일,1번째 방문,결제내역
블루마일스커피로스터즈,카페,,,,sun****,https://m.place.naver.com/my/5d3d5148f8e60c0f84730459/review?v=2,13,,,커피 디저트가 맛있어요,"일시적인 오류가 발생했습니다
디저트가 맛있어요",2023년 6월 30일 금요일,1번째 방문,영수증
블루마일스커피로스터즈,카페,,,,얼그레이1682,https://m.place.naver.com/my/5fcc23fba5f6806b5a89a3c8/review?v=2,351,,,산미없다고 추천받은것치고는 산미가 느껴지나 고급스러움. 디카페인이 이정도 맛있기 힘든데 득템한 기분.,"일시적인 오류가 발생했습니다
커피가 맛있어요",2023년 3월 6일 월요일,1번째 방문,영수증
블루마일스커피로스터즈,카페,,,,Ctr,https://m.place.naver.com/my/5ed27c638f87a842bc1fab83/review?v=2,17,,,👍 커피 마시써요,"일시적인 오류가 발생했습니다
화장실이 깨끗해요",2023년 6월 29일 목요일,1번째 방문,영수증
블루마일스커피로스터즈,카페,,,,jodychudy,https://m.place.naver.com/my/5f070808a36dc5e3fa5fc7c5/review?v=2,9,,,공트럴 최애 카페💟,"일시적인 오류가 발생했습니다
인테리어가 멋져요",2023년 6월 23일 금요일,1번째 방문,영수증
블루마일스커피로스터즈,카페,,,,연485899,https://m.place.naver.com/my/5b9a758276a11e3468c8668f/review?v=2,59,,,필터커피로 마셔 봤는데 괜찮았어요. 근데 근처에 다른 카페들도 커피 맛은 괜찮아서..ㅎㅎ 주말에는 2~3시간 이용가능합니다.,"일시적인 오류가 발생했습니다
매장이 청결해요",2023년 3월 4일 토요일,1번째 방문,결제내역
블루마일스커피로스터즈,카페,,,,jbe****,https://m.place.naver.com/my/5d1b0bd81ba24c22874c2e38/review?v=2,5,,,,"일시적인 오류가 발생했습니다
디저트가 맛있어요",2023년 7월 14일 금요일,1번째 방문,영수증
블루마일스커피로스터즈,카페,,,,Josie20,https://m.place.naver.com/my/5eff912480dd0fa8cd6664de/review?v=2,55,,,원두 종류가 다양해서 좋네요 테이크아웃하면 할인해줘서 그것도 꿀입니다ㅎㅎ,"일시적인 오류가 발생했습니다
커피가 맛있어요",2023년 5월 1일 월요일,1번째 방문,결제내역
블루마일스커피로스터즈,카페,,,,polo68,https://m.place.naver.com/my/5e0f20b08f87a842bc0b701d/review?v=2,178,,,창가쪽에 앉으면 뷰가 정말 좋아서 기분이 너무 좋더라구요ㅎㅎ 날씨 좋은날 한번 더 갈께요:),"일시적인 오류가 발생했습니다
디저트가 맛있어요",2023년 4월 28일 금요일,1번째 방문,영수증
블루마일스커피로스터즈,카페,,,,또로롱방구,https://m.place.naver.com/my/5eee544a8f87a842bcf73acc/review?v=2,3,,,,"일시적인 오류가 발생했습니다
커피가 맛있어요",2023년 7월 7일 금요일,1번째 방문,영수증
블루마일스커피로스터즈,카페,,,,kar****,https://m.place.naver.com/my/5eb6040d8f87a842bc764fb9/review?v=2,589,,,맛있어요,,2023년 7월 29일 토요일,2번째 방문,영수증
블루마일스커피로스터즈,카페,,,,윤앤부,https://m.place.naver.com/my/5b9b2d8452f2c63dfc127e69/review?v=2,1533,64.0,,"사람이 많은데 소음이 안정적이라고 해야하나, 거슬리지 않아서 오히려 집중하기 좋은 분위기 ","일시적인 오류가 발생했습니다
대화하기 좋아요",2023년 2월 12일 일요일,1번째 방문,영수증
블루마일스커피로스터즈,카페,,,,vinine00127,https://m.place.naver.com/my/5ecf932d8f87a842bc73eeee/review?v=2,167,,,"커피 맛이 정말 좋아요~ 커피와 디저트, 두 가지가 함께 맛있기 어려운데 여긴 정말 커피도 디저트도 정말 맛있어요","일시적인 오류가 발생했습니다
매장이 청결해요",2022년 12월 21일 수요일,1번째 방문,영수증
블루마일스커피로스터즈,카페,,,,JSilverL,https://m.place.naver.com/my/5d9821878f87a842bcb712b1/review?v=2,317,,,,"일시적인 오류가 발생했습니다
음료가 맛있어요",2023년 4월 30일 일요일,1번째 방문,영수증
블루마일스커피로스터즈,카페,,,,hm****,https://m.place.naver.com/my/6049ee741cf9f20cd3472a4d/review?v=2,73,,,,"일시적인 오류가 발생했습니다
커피가 맛있어요",2023년 6월 24일 토요일,1번째 방문,영수증
블루마일스커피로스터즈,카페,,,,콩짱2112,https://m.place.naver.com/my/5fba088fb7781f2350c005d1/review?v=2,1098,,,깨끗하고 맛있어요,"일시적인 오류가 발생했습니다
커피가 맛있어요",2023년 7월 15일 토요일,1번째 방문,영수증
블루마일스커피로스터즈,카페,,,,초딩입맛 달달구리환장 고기러버 맵찔이,https://m.place.naver.com/my/5c0296495d310df4d772ed91/review?v=2,110,16.0,,"왜 사진을 안찍었을까요...아메리카노랑 스카치버터?그거 시켰는데 스카치버터는 딱 버터맛 사탕(그 금색, 초록색 포장지 사탕)녹인 달달한 맛이얐어요!!
아메리카노는 원두 선택 가능했구요!!
매장은 갬성✨️있었고 혼공하기도 좋았어요!!",,2023년 1월 13일 금요일,1번째 방문,영수증
블루마일스커피로스터즈,카페,,,,Laura9,https://m.place.naver.com/my/5d7dd2d28f87a842bc82f3ec/review?v=2,9,,,,"일시적인 오류가 발생했습니다
인테리어가 멋져요",2023년 6월 11일 일요일,1번째 방문,영수증
블루마일스커피로스터즈,카페,,,,에코백투어,https://m.place.naver.com/my/5efe7c6a35e32560edaaf255/review?v=2,54,,,바로 앞에 벚꽃나무 있어요 커피가 정말 맛있어요,"일시적인 오류가 발생했습니다
뷰가 좋아요",2023년 4월 13일 목요일,1번째 방문,결제내역
블루마일스커피로스터즈,카페,,,,Meloooody,https://m.place.naver.com/my/5bc021f38060253d56333eda/review?v=2,363,84.0,,"커피가 참 맛있었음~ 원두 고르는데 설명도 친절히 해주시고 테이크아웃 해온 푸딩중에 바나나 푸딩이 괜찮았음! 커피가 맛있어서 그런지 사람들 많음
카공하러 오는 사람들도 많고 늘 자리가 없었음ㅠ
화장실 넘나 깨끗하고 커피 맛있어서 자주 가고 싶은곳",,2022년 11월 14일 월요일,1번째 방문,영수증
블루마일스커피로스터즈,카페,,,,vinine00127,https://m.place.naver.com/my/5ecf932d8f87a842bc73eeee/review?v=2,167,,,2차 방문~ 날이 추워 라떼를 주문했는데 요건 좀 아쉬워요~~ 시나몬 가루가 좀 많아서 진저형이 사라졌네요,"일시적인 오류가 발생했습니다
대화하기 좋아요",2023년 1월 1일 일요일,2번째 방문,영수증
블루마일스커피로스터즈,카페,,,,papaizzz,https://m.place.naver.com/my/5b665db95d3c65e8ee759561/review?v=2,816,54.0,,"되게 특별한 곳이예요
크림맛집이구
푸딩존맛 ㅡㅡ","일시적인 오류가 발생했습니다
대화하기 좋아요",2022년 12월 3일 토요일,1번째 방문,영수증
블루마일스커피로스터즈,카페,,,,먹뚜웅이,https://m.place.naver.com/my/5bac460a1b56ad05a1a0d72a/review?v=2,66,11.0,,"오늘 하루 기분이 안좋았는데 예쁜 아트를 보니 기분이 절로 좋아졌어요 ㅎㅎ 맛도 좋았습니다
또 오고 싶어요!","일시적인 오류가 발생했습니다
화장실이 깨끗해요",2022년 11월 22일 화요일,1번째 방문,영수증
블루마일스커피로스터즈,카페,,,,햇빛향기69,https://m.place.naver.com/my/5d1c01cae02b18130837df92/review?v=2,40,,,디카페인도 있어서 커피 부담스러울 때도 편히 마실 수 있어 좋아요.,"일시적인 오류가 발생했습니다
커피가 맛있어요",2023년 1월 16일 월요일,1번째 방문,결제내역
블루마일스커피로스터즈,카페,,,,감쟈칩,https://m.place.naver.com/my/5e2944318f87a842bc01d2ec/review?v=2,845,,,라떼맛이 특이하면서 고소해요! 여기만의 특별한 향이 있는 것 같아요~ 전 맛있었어요!! 창가에서 일하거나 책읽기 참 좋아요. 그런데 주말엔 사람도 많고 층고가 낮아서 조금 답답한 느낌이 들긴 합니다ㅠㅠ,,2022년 12월 8일 목요일,1번째 방문,영수증
블루마일스커피로스터즈,카페,,,,로빈안,https://m.place.naver.com/my/5efeb46f8f87a842bc90443a/review?v=2,1147,17.0,,작업하기 좋아요,"일시적인 오류가 발생했습니다
디저트가 맛있어요",2023년 3월 16일 목요일,2번째 방문,결제내역
블루마일스커피로스터즈,카페,,,,fly****,https://m.place.naver.com/my/5e006f018f87a842bc77d457/review?v=2,698,,,노원구 디저트 최고맛집,"일시적인 오류가 발생했습니다
커피가 맛있어요",2023년 3월 14일 화요일,2번째 방문,영수증
블루마일스커피로스터즈,카페,,,,핑구네이글루,https://m.place.naver.com/my/5efe7fc6670bd5c7e120e48f/review?v=2,248,7.0,,"집에서 가까웠음 더 자주가는 건데 그러지 못해 안타깝다,,블세권 부럽다!!!","일시적인 오류가 발생했습니다
친절해요",2022년 12월 31일 토요일,2번째 방문,결제내역
블루마일스커피로스터즈,카페,,,,민초몬,https://m.place.naver.com/my/5d90729b8f87a842bc15d9ca/review?v=2,459,24.0,,,"일시적인 오류가 발생했습니다
매장이 청결해요",2023년 3월 24일 금요일,2번째 방문,영수증
블루마일스커피로스터즈,카페,,,,모래꽃게,https://m.place.naver.com/my/5f0556952f90b7de35373b22/review?v=2,268,,,커피랑 음료 다 맛있어요 얘기하기좋아요,"일시적인 오류가 발생했습니다
커피가 맛있어요",2023년 2월 16일 목요일,1번째 방문,영수증
블루마일스커피로스터즈,카페,,,,응헤야,https://m.place.naver.com/my/5db9c52a8f87a842bc3c49a4/review?v=2,175,10.0,,블루마일스가면 맨날 디저트 다시키고 싶어서 자제력을 잃어요...,"일시적인 오류가 발생했습니다
대화하기 좋아요",2023년 1월 6일 금요일,2번째 방문,영수증
블루마일스커피로스터즈,카페,,,,Bibibick,https://m.place.naver.com/my/5dd4fd488f87a842bc855a61/review?v=2,45,,,무화과 스콘 맛있더라구요! 호지차슈페너도 정말 맛있었어요 추천합니다 :) 카페 분위기가 카공하기도 좋고 수다 떨기도 좋아서 다음에도 재방문할 것 같아요✨👍🏻,,2022년 11월 18일 금요일,1번째 방문,영수증
블루마일스커피로스터즈,카페,,,,나는자몽,https://m.place.naver.com/my/5cb6f5193f017e4f4935acd3/review?v=2,613,43.0,,스콘이랑 쿠키 넘 맛있고 커피랑 말차도 짱짱 맛이에요 💚 매장 꽤 넓고 늦게까지 운영해서 좋아요 !!,"일시적인 오류가 발생했습니다
음료가 맛있어요",2022년 12월 2일 금요일,1번째 방문,영수증
블루마일스커피로스터즈,카페,,,,ceo1124,https://m.place.naver.com/my/63b41bfa7d23e1e7b9faf98d/review?v=2,727,,,굿,,2023년 5월 20일 토요일,1번째 방문,영수증
블루마일스커피로스터즈,카페,,,,에이미율,https://m.place.naver.com/my/5c2008a92cd2f61bf82df846/review?v=2,100,,,"커피 맛있고 약간 힙한 느낌적인 느낌. 
다만 손님들이 많아서 대화에 집중하거나 공부하긴 조금 어려울거 같지만, 시간대를 달리 해서 오거나 하면 괜찮을듯. ",,2022년 9월 30일 금요일,1번째 방문,영수증
블루마일스커피로스터즈,카페,,,,진짜리이뷰,https://m.place.naver.com/my/5eb13f798f87a842bc2eb137/review?v=2,432,,,여기서쿠키를 안먹으면 후회해요…!!,"일시적인 오류가 발생했습니다
음료가 맛있어요",2023년 1월 20일 금요일,2번째 방문,영수증
블루마일스커피로스터즈,카페,,,,aysha,https://m.place.naver.com/my/6004212c238dd5259fe9ab39/review?v=2,167,,,카공족들이많네여,"일시적인 오류가 발생했습니다
좌석이 편해요",2023년 3월 6일 월요일,1번째 방문,영수증
블루마일스커피로스터즈,카페,,,,alwaysloveyou,https://m.place.naver.com/my/5dd69abb9ec8258e4abdff6c/review?v=2,460,,,젛아요 근데 사진 안나오는 조명ㅜㅜ,,2023년 1월 8일 일요일,1번째 방문,결제내역
블루마일스커피로스터즈,카페,,,,이미스,https://m.place.naver.com/my/5c2b3d3a0c63a39ba287eef2/review?v=2,749,,,맛있어요,,2023년 5월 4일 목요일,1번째 방문,영수증
블루마일스커피로스터즈,카페,,,,의정부호카,https://m.place.naver.com/my/5d7b66a58f87a842bcf9624f/review?v=2,557,6.0,,굿,"일시적인 오류가 발생했습니다
대화하기 좋아요",2023년 5월 1일 월요일,1번째 방문,영수증
블루마일스커피로스터즈,카페,,,,유개념솔직리뷰왕,https://m.place.naver.com/my/5dc3ee098f87a842bc269c1b/review?v=2,유개념솔직왕,48.0,,"커피맛있고, 카페 예쁩니당","일시적인 오류가 발생했습니다
매장이 청결해요",2022년 12월 29일 목요일,1번째 방문,영수증
블루마일스커피로스터즈,카페,,,,토끼쌤42,https://m.place.naver.com/my/5ea170048f87a842bc0b2f98/review?v=2,1116,,,스콘 너무 부드럽고 맛있어요 이틀연속 사먹으러 갔어요,"일시적인 오류가 발생했습니다
디저트가 맛있어요",2023년 1월 24일 화요일,1번째 방문,영수증
블루마일스커피로스터즈,카페,,,,별별리뷰대마왕,https://m.place.naver.com/my/5c0a8e127adfe3ac025b5237/review?v=2,별별대마왕,7.0,,맛있어요 바나나푸딩도 추천합니다,"일시적인 오류가 발생했습니다
친절해요",2022년 11월 8일 화요일,2번째 방문,영수증
블루마일스커피로스터즈,카페,,,,산이야69,https://m.place.naver.com/my/5d2a6a46308721ed1101b40a/review?v=2,1037,,,굿,,2023년 4월 15일 토요일,1번째 방문,영수증
블루마일스커피로스터즈,카페,,,,끌로스트73,https://m.place.naver.com/my/5e15664c8f87a842bce71c67/review?v=2,152,,,인테리어가 트렌디하고 무엇보다 커피가 너무 맛있어요!,"일시적인 오류가 발생했습니다
매장이 청결해요",2022년 11월 12일 토요일,1번째 방문,영수증
블루마일스커피로스터즈,카페,,,,기하학,https://m.place.naver.com/my/5efe7fc9670bd5c7e120e495/review?v=2,17,,,,,2023년 2월 19일 일요일,1번째 방문,결제내역
블루마일스커피로스터즈,카페,,,,yaaaahoooo,https://m.place.naver.com/my/5d898e928f87a842bc4d7450/review?v=2,122,,,커피 넘 맛있어요,"일시적인 오류가 발생했습니다
친절해요",2023년 1월 9일 월요일,1번째 방문,결제내역
블루마일스커피로스터즈,카페,,,,Apricot92,https://m.place.naver.com/my/5c2387f826832f22285a2052/review?v=2,1052,,,좋아요,"일시적인 오류가 발생했습니다
음료가 맛있어요",2023년 3월 5일 일요일,1번째 방문,영수증
블루마일스커피로스터즈,카페,,,,별별리뷰대마왕,https://m.place.naver.com/my/5c0a8e127adfe3ac025b5237/review?v=2,별별대마왕,7.0,,자리 없어서 늘 그냥 갔는데 오늘 먹어보니 커피가 일품...... ,"일시적인 오류가 발생했습니다
친절해요",2022년 11월 5일 토요일,1번째 방문,영수증
블루마일스커피로스터즈,카페,,,,로빈안,https://m.place.naver.com/my/5efeb46f8f87a842bc90443a/review?v=2,1147,17.0,,가격이 좀 비싸지만 맛은 좋아요,"일시적인 오류가 발생했습니다
인테리어가 멋져요",2022년 12월 7일 수요일,1번째 방문,결제내역
블루마일스커피로스터즈,카페,,,,까칠한입말로만다이어트,https://m.place.naver.com/my/5be45c5026aa72e88b7fd386/review?v=2,2028,93.0,,"
☕️
사실은
인별 라떼아트 보고 방문한건데
현실은
두번 모두 ㅠㅠ
.
.
.
2층 창밖 보며
카공하기 좋음",,2022년 9월 2일 금요일,2번째 방문,영수증
블루마일스커피로스터즈,카페,,,,까칠한입말로만다이어트,https://m.place.naver.com/my/5be45c5026aa72e88b7fd386/review?v=2,2028,93.0,,"예쁘다🧡💙

Chet Baker Bland☕️
자두 사탕같은 쥬시함이
상쾌하면서 달콤🍑

내일 또 올게요💚
",,2022년 9월 1일 목요일,1번째 방문,영수증
블루마일스커피로스터즈,카페,,,,Hindi,https://m.place.naver.com/my/5b73cfd88a7cf372d941e61e/review?v=2,529,,,굿,"일시적인 오류가 발생했습니다
대화하기 좋아요",2023년 2월 24일 금요일,1번째 방문,결제내역
블루마일스커피로스터즈,카페,,,,파도의 모래,https://m.place.naver.com/my/5f05a623699d39675d9dfc8d/review?v=2,36,,,바질토마토소다 맛나요 ~~~ 찐당케 쿠키도 맛나요 ~~~ 바스크치즈케이크는 첫 입이 너무 안 달아서 당황했는데 뒷 맛은 달아요 중독성 생각보다 넓고 좋아요,"일시적인 오류가 발생했습니다
디저트가 맛있어요",2022년 9월 16일 금요일,1번째 방문,영수증
블루마일스커피로스터즈,카페,,,,eunbda83,https://m.place.naver.com/my/5f38e35ba602e98f56fbce63/review?v=2,327,1.0,,👍,"일시적인 오류가 발생했습니다
친절해요",2023년 2월 10일 금요일,1번째 방문,영수증
블루마일스커피로스터즈,카페,,,,올리브 77,https://m.place.naver.com/my/5c5b12c066e658c96b733a70/review?v=2,1558,,,굿,"일시적인 오류가 발생했습니다
매장이 청결해요",2023년 5월 4일 목요일,1번째 방문,결제내역
블루마일스커피로스터즈,카페,,,,cuf****,https://m.place.naver.com/my/5b63a843202e275c7b292023/review?v=2,881,,,맛나요,,2023년 4월 9일 일요일,1번째 방문,영수증
블루마일스커피로스터즈,카페,,,,카일러의 리뷰,https://m.place.naver.com/my/5ddb59b59ec8258e4a74bba1/review?v=2,카일러의,40.0,,ㅎㅎㅎㅎ,"일시적인 오류가 발생했습니다
매장이 청결해요",2023년 1월 14일 토요일,1번째 방문,영수증
블루마일스커피로스터즈,카페,,,,이재유닝,https://m.place.naver.com/my/5e26f36f8f87a842bcdab4bc/review?v=2,132,,,진짜 맛있어요,"일시적인 오류가 발생했습니다
집중하기 좋아요",2023년 1월 6일 금요일,1번째 방문,영수증
블루마일스커피로스터즈,카페,,,,kar****,https://m.place.naver.com/my/5eb6040d8f87a842bc764fb9/review?v=2,589,,,차가 맛있어요,,2023년 1월 7일 토요일,1번째 방문,영수증
블루마일스커피로스터즈,카페,,,,서울산책자,https://m.place.naver.com/my/5c1a4c399c8e8020a93392b7/review?v=2,2021,47.0,,커피 맛있고 분위기 좋아요,"일시적인 오류가 발생했습니다
인테리어가 멋져요",2022년 9월 26일 월요일,2번째 방문,영수증
블루마일스커피로스터즈,카페,,,,이수진3312,https://m.place.naver.com/my/5eec9a628f87a842bcf5e07f/review?v=2,44,,,리뷰 이벤트 넘 좋아요 자꾸 찾게 되어요!,"일시적인 오류가 발생했습니다
친절해요",2022년 10월 2일 일요일,1번째 방문,영수증
블루마일스커피로스터즈,카페,,,,민초몬,https://m.place.naver.com/my/5d90729b8f87a842bc15d9ca/review?v=2,459,24.0,,"원래 롱블랙 안좋아하는데 여기서 커피 마시고  충격먹었어요 롱블랙이 무슨맛인지
제대로 알게 되었어요 추천","일시적인 오류가 발생했습니다
친절해요",2022년 10월 25일 화요일,1번째 방문,영수증
블루마일스커피로스터즈,카페,,,,예유갓댓예미예미,https://m.place.naver.com/my/5db555e48f87a842bc37bfcc/review?v=2,689,122.0,,사람들이 너무 많긴한데 그래도 집중하기 좋고 휘낭시에 괜찮았어요!!,"일시적인 오류가 발생했습니다
커피가 맛있어요",2022년 8월 19일 금요일,1번째 방문,영수증
블루마일스커피로스터즈,카페,,,,어몽어미,https://m.place.naver.com/my/5c0be9a4c10cb6f19ebe9556/review?v=2,171,,,쿠키맛집❤ 맛있어요^^,"일시적인 오류가 발생했습니다
디저트가 맛있어요",2022년 10월 22일 토요일,1번째 방문,영수증
블루마일스커피로스터즈,카페,,,,웨하스84,https://m.place.naver.com/my/5b9b5f7976a5ccb725cd9004/review?v=2,677,,,굿굿,,2023년 2월 5일 일요일,1번째 방문,영수증
블루마일스커피로스터즈,카페,,,,서울산책자,https://m.place.naver.com/my/5c1a4c399c8e8020a93392b7/review?v=2,2021,47.0,,감각 있는 디자인이 보기 좋아요,"일시적인 오류가 발생했습니다
매장이 청결해요",2022년 10월 17일 월요일,3번째 방문,영수증
블루마일스커피로스터즈,카페,,,,secret0408,https://m.place.naver.com/my/5d48b242757c8f64d2c9212b/review?v=2,54,,,"시그니처메뉴 너티~~맛나요 
디카페인으로 해주셔서 잘먹었어요","일시적인 오류가 발생했습니다
특별한 메뉴가 있어요",2022년 11월 22일 화요일,1번째 방문,영수증
블루마일스커피로스터즈,카페,,,,제로갓74,https://m.place.naver.com/my/5efe47aa670bd5c7e120975a/review?v=2,297,,,커피 진짜 맛있어요!!! 원두설명이 진짜 센스있어요ㅎㅎ 근데 쿠키는 넘 맛없어요ㅠㅠ,,2022년 11월 8일 화요일,1번째 방문,영수증
블루마일스커피로스터즈,카페,,,,레먼까까,https://m.place.naver.com/my/5e3160168f87a842bc286df5/review?v=2,167,,,커피가정말 맛있네요 ,"일시적인 오류가 발생했습니다
좌석이 편해요",2022년 11월 2일 수요일,1번째 방문,영수증
블루마일스커피로스터즈,카페,,,,snberry,https://m.place.naver.com/my/5c1e58e30f4287959e5bbff1/review?v=2,699,1.0,,커피도 맛있고 노트북하기도 좋아요! 로스팅한 원두도 팔아서 원두살때도 여기서 자주 사요ㅎㅎ 쿠키도 맛있어요!!,"일시적인 오류가 발생했습니다
커피가 맛있어요",2022년 8월 7일 일요일,1번째 방문,영수증
블루마일스커피로스터즈,카페,,,,꾸우1025,https://m.place.naver.com/my/5e0c41098f87a842bcb6b52b/review?v=2,931,49.0,,맛있고 매장 자리도 많고 좋아요 커피원두 안내 티켓도 맘에 드네요🤓,"일시적인 오류가 발생했습니다
커피가 맛있어요",2022년 7월 7일 목요일,1번째 방문,영수증
블루마일스커피로스터즈,카페,,,,킹지니,https://m.place.naver.com/my/5cf234e31650322b8558d352/review?v=2,30,,,친절한 직원분들😘 그리고 뷰도 좋고 노트북하기 좋습니다,"일시적인 오류가 발생했습니다
커피가 맛있어요",2022년 10월 19일 수요일,1번째 방문,영수증
블루마일스커피로스터즈,카페,,,,훈s84,https://m.place.naver.com/my/5e652b518f87a842bca6737e/review?v=2,35,,,블마 쿠키 말해모해,"일시적인 오류가 발생했습니다
사진이 잘 나와요",2022년 11월 9일 수요일,1번째 방문,영수증
블루마일스커피로스터즈,카페,,,,아보카도부침개,https://m.place.naver.com/my/5b9ae2c598a056b94711d555/review?v=2,861,,,커피가 맛있어서 자주 와요,,2022년 9월 20일 화요일,1번째 방문,영수증
블루마일스커피로스터즈,카페,,,,아보카도부침개,https://m.place.naver.com/my/5b9ae2c598a056b94711d555/review?v=2,861,,,좋아요~,"일시적인 오류가 발생했습니다
디저트가 맛있어요",2023년 1월 11일 수요일,8번째 방문,결제내역
블루마일스커피로스터즈,카페,,,,밍쉐린,https://m.place.naver.com/my/5df44fc68f87a842bc73f0dc/review?v=2,338,27.0,,사람 너무 많아서 정신 없었지만 커피 맛있었어요.,"일시적인 오류가 발생했습니다
인테리어가 멋져요",2022년 8월 3일 수요일,1번째 방문,영수증
블루마일스커피로스터즈,카페,,,,SerellaJ,https://m.place.naver.com/my/5d79acbb8f87a842bc40f693/review?v=2,989,,,커피도 스콘도 맛있네요!,"일시적인 오류가 발생했습니다
커피가 맛있어요",2022년 9월 2일 금요일,1번째 방문,영수증
블루마일스커피로스터즈,카페,,,,먹는게제일저아,https://m.place.naver.com/my/5cc0574d37ba76406bf0e294/review?v=2,700,42.0,,바치케 진짜 맛있어요! 창밖으로 뷰 보는 것도 좋아요~~,"일시적인 오류가 발생했습니다
커피가 맛있어요",2022년 6월 18일 토요일,1번째 방문,영수증
블루마일스커피로스터즈,카페,,,,옌지63,https://m.place.naver.com/my/5d479b088b9535ee885f2ccc/review?v=2,638,,,사람은 많지만 나쁘지 않아요,,2022년 10월 1일 토요일,1번째 방문,영수증
블루마일스커피로스터즈,카페,,,,아보카도부침개,https://m.place.naver.com/my/5b9ae2c598a056b94711d555/review?v=2,861,,,커피 맛있어요~,,2022년 12월 14일 수요일,7번째 방문,결제내역
블루마일스커피로스터즈,카페,,,,평범한소금,https://m.place.naver.com/my/5c5f11cf7b4a6c8385a28c10/review?v=2,12,,,"날씨 좋은 날 창이 열려있으면 참 좋아요
좌석의 구조가 조금 불편해요","일시적인 오류가 발생했습니다
친절해요",2022년 9월 26일 월요일,1번째 방문,영수증
블루마일스커피로스터즈,카페,,,,sosso25,https://m.place.naver.com/my/5f3778be9ec8258e4abf7582/review?v=2,1158,,,커피와 간식이  이쁘고 맛나네요,"일시적인 오류가 발생했습니다
디저트가 맛있어요",2022년 11월 23일 수요일,1번째 방문,영수증
블루마일스커피로스터즈,카페,,,,츄러스9137,https://m.place.naver.com/my/5da97d828f87a842bca3e2cf/review?v=2,766,27.0,,조아용ㅎㅎ,"일시적인 오류가 발생했습니다
음료가 맛있어요",2022년 11월 8일 화요일,1번째 방문,영수증
블루마일스커피로스터즈,카페,,,,des****,https://m.place.naver.com/my/5cf21aeb6f89a4ae78e2097b/review?v=2,125,,,♡,"일시적인 오류가 발생했습니다
음료가 맛있어요",2022년 11월 20일 일요일,1번째 방문,영수증
블루마일스커피로스터즈,카페,,,,바닐라 라떼4,https://m.place.naver.com/my/5d2ef08d62718241bd05b04c/review?v=2,124,2.0,,"사장님 친절하시고 메뉴 설명 잘해주십니다.
커피 쿠키 맛집이에요","일시적인 오류가 발생했습니다
커피가 맛있어요",2022년 7월 4일 월요일,1번째 방문,영수증
블루마일스커피로스터즈,카페,,,,권탱43,https://m.place.naver.com/my/5e1036048f87a842bce9e6f8/review?v=2,262,16.0,,디카페인카페인데도 묵직하니 맛있게 잘 먹었습니다^^ 스모어쿠키도 너무 맛있네요,"일시적인 오류가 발생했습니다
커피가 맛있어요",2022년 4월 30일 토요일,1번째 방문,영수증
블루마일스커피로스터즈,카페,,,,후후맘6,https://m.place.naver.com/my/5bd7fbc53a2760cc7e43e018/review?v=2,270,,,"커피맛있고 디저트도 맛있네요,,👍🏻","일시적인 오류가 발생했습니다
커피가 맛있어요",2022년 6월 26일 일요일,1번째 방문,영수증
블루마일스커피로스터즈,카페,,,,guni,https://m.place.naver.com/my/5bffd9b6f3539159bbd39e22/review?v=2,2481,81.0,,,"일시적인 오류가 발생했습니다
매장이 청결해요",2022년 9월 22일 목요일,1번째 방문,영수증
블루마일스커피로스터즈,카페,,,,김유진7939,https://m.place.naver.com/my/5cc14a16122cf9351ca6166e/review?v=2,210,,,,"일시적인 오류가 발생했습니다
커피가 맛있어요",2022년 9월 20일 화요일,1번째 방문,영수증
블루마일스커피로스터즈,카페,,,,Happy eunji,https://m.place.naver.com/my/5d0a73bb8d5af5b0d1be524b/review?v=2,371,1.0,,굿,,2022년 11월 5일 토요일,1번째 방문,영수증
블루마일스커피로스터즈,카페,,,,아보카도부침개,https://m.place.naver.com/my/5b9ae2c598a056b94711d555/review?v=2,861,,,에이드 커피 모두 맛있어요,,2022년 10월 11일 화요일,3번째 방문,영수증
블루마일스커피로스터즈,카페,,,,RielKim,https://m.place.naver.com/my/5f6843716c3d7f7334a3bc4c/review?v=2,113,,,진짜 내가 좋아하는 감성 ㅠㅠ,"일시적인 오류가 발생했습니다
디저트가 맛있어요",2022년 9월 10일 토요일,1번째 방문,영수증
블루마일스커피로스터즈,카페,,,,푸플,https://m.place.naver.com/my/5e955b828f87a842bc2acdf6/review?v=2,165,,,카공하기 좋고 쿠키가 맛있고 사장님이 친절해요,,2022년 9월 30일 금요일,1번째 방문,영수증
블루마일스커피로스터즈,카페,,,,자몽먹자,https://m.place.naver.com/my/5bb0d23ad70bf65c84194c88/review?v=2,2859,,,굿,,2022년 10월 1일 토요일,1번째 방문,영수증
블루마일스커피로스터즈,카페,,,,wls****,https://m.place.naver.com/my/5e758cda8f87a842bc212121/review?v=2,934,,,굿,,2022년 10월 30일 일요일,1번째 방문,영수증
블루마일스커피로스터즈,카페,,,,루핑스,https://m.place.naver.com/my/5e6773a18f87a842bcf0e446/review?v=2,1404,91.0,,조용하고 깔끔한 카페! 라떼 맛있어요 :),"일시적인 오류가 발생했습니다
커피가 맛있어요",2022년 8월 20일 토요일,1번째 방문,영수증
블루마일스커피로스터즈,카페,,,,치퐁모래밭,https://m.place.naver.com/my/5efe8d7c68401871104ecaa7/review?v=2,626,,,친절하고  커피 맛있는곳 집중하기 좋아요,"일시적인 오류가 발생했습니다
커피가 맛있어요",2022년 5월 28일 토요일,1번째 방문,영수증
블루마일스커피로스터즈,카페,,,,에베베201,https://m.place.naver.com/my/5da2e2be8f87a842bc17aa3e/review?v=2,350,,,좋아요 ,"일시적인 오류가 발생했습니다
커피가 맛있어요",2022년 9월 21일 수요일,1번째 방문,영수증
블루마일스커피로스터즈,카페,,,,아보카도부침개,https://m.place.naver.com/my/5b9ae2c598a056b94711d555/review?v=2,861,,,커피정말 맛있어요,,2022년 10월 19일 수요일,6번째 방문,영수증
블루마일스커피로스터즈,카페,,,,아보카도부침개,https://m.place.naver.com/my/5b9ae2c598a056b94711d555/review?v=2,861,,,일하기 좋아여,"일시적인 오류가 발생했습니다
뷰가 좋아요",2022년 10월 13일 목요일,4번째 방문,영수증
블루마일스커피로스터즈,카페,,,,sa998,https://m.place.naver.com/my/5c61d421409b07465ec35ec2/review?v=2,687,13.0,,쿠키 맛있어요,"일시적인 오류가 발생했습니다
디저트가 맛있어요",2022년 6월 19일 일요일,1번째 방문,영수증
블루마일스커피로스터즈,카페,,,,fly****,https://m.place.naver.com/my/5e006f018f87a842bc77d457/review?v=2,698,,,쿠키찐맛집 제 최애쿠키집입니다,"일시적인 오류가 발생했습니다
디저트가 맛있어요",2022년 5월 15일 일요일,1번째 방문,영수증
블루마일스커피로스터즈,카페,,,,아보카도부침개,https://m.place.naver.com/my/5b9ae2c598a056b94711d555/review?v=2,861,,,자주 가용 좋아요~,"일시적인 오류가 발생했습니다
친절해요",2022년 10월 6일 목요일,2번째 방문,영수증
블루마일스커피로스터즈,카페,,,,pin insight 영감핀,https://m.place.naver.com/my/5fe16cac4d83939d76f38e5b/review?v=2,556,33.0,,"멋지고 맛있고 다 한 카페📌

쿠키하고 휘낭시에는 겉바속촉!
커피는 상큼하고 향 좋아요 👍🏻",,2022년 2월 26일 토요일,1번째 방문,영수증
블루마일스커피로스터즈,카페,,,,Boursain,https://m.place.naver.com/my/60dd31c2d15f7ccdaaf7be64/review?v=2,515,,,👍🏻,"일시적인 오류가 발생했습니다
대화하기 좋아요",2022년 7월 16일 토요일,1번째 방문,영수증
블루마일스커피로스터즈,카페,,,,mani907,https://m.place.naver.com/my/5db3f6278f87a842bcf0a513/review?v=2,531,8.0,,공릉철길카페 중 커피 젤 맛있어서 여기만가요 쿠키도 묵직하니 맛있어요👍,"일시적인 오류가 발생했습니다
대화하기 좋아요",2022년 4월 17일 일요일,1번째 방문,영수증
블루마일스커피로스터즈,카페,,,,두두두치,https://m.place.naver.com/my/5e1ab3d08f87a842bc80244d/review?v=2,2344,39.0,,굿굿,,2022년 8월 26일 금요일,1번째 방문,영수증
블루마일스커피로스터즈,카페,,,,preamtree,https://m.place.naver.com/my/5b9b2dbce8512a02b096ce6b/review?v=2,450,8.0,,"디카페인 있음
커피 꽤 맛있음
콘센트 좌석 많음
4/5
",,2022년 5월 1일 일요일,1번째 방문,영수증
블루마일스커피로스터즈,카페,,,,그저기,https://m.place.naver.com/my/627e2a4655b571863e77b2cd/review?v=2,1456,16.0,,매장이 너무 더워서 덥다해도 에어컨 틀은거라고 하고 문을 닫거나 하는 등의 그런건 없으시고 한여름엔 못 가겟어요ㅠ,,2022년 5월 24일 화요일,1번째 방문,영수증
블루마일스커피로스터즈,카페,,,,크림5065,https://m.place.naver.com/my/5c2433ecf3e491fe98be2ebe/review?v=2,13,,,"- 혼자 공부나 일할 때는 배경음악이나 공간 컨디션 때문에 스벅을 가장 선호하는데 그에 준하는 카페를 찾았다 !
- 음악이 너무 튀지 않음. 너무 시끄러운 노래 계속 틀거나 음량을 너무 크게 틀어놓는 카페들이 있는데 안그래서 좋음
- 대부분 혼자 조용히 작업하는 분위기고 대화하는 사람들도 있는데 공간 자체가 별로 시끄럽게 느껴지지 않음
- 2층이고, 한쪽 벽 전체가 폴딩 도어 창문이라서 공트럴파크가 보이고 환기가 잘됨. 창가 자리는 바 좌석이라서 혼자 앉아서 작업하기 딱 좋다.
- 자리는 딱딱한 편이긴 한데 안그럼 진짜 하루종일도 앉아있을 수 있을 것 같아서...ㅎㅎ;
- 나만 알고싶은 곳이지만 좋은 공간이 오래 유지되었으면 하는 마음에 리뷰를 씁니당🥰",,2022년 4월 20일 수요일,1번째 방문,영수증
블루마일스커피로스터즈,카페,,,,대런,https://m.place.naver.com/my/5b63aa7069094ce40bc02c6d/review?v=2,227,,,넓고 좋아요,,2022년 7월 18일 월요일,1번째 방문,영수증
블루마일스커피로스터즈,카페,,,,이구역먹짱이,https://m.place.naver.com/my/5e9ade2b8f87a842bc43f472/review?v=2,135,1.0,,혼공하기 좋아요. 조용조용하고 괜찮습니다!,"일시적인 오류가 발생했습니다
커피가 맛있어요",2022년 3월 31일 목요일,1번째 방문,영수증
블루마일스커피로스터즈,카페,,,,하갱하갱,https://m.place.naver.com/my/5b7f68aaa25c9d2c5b350f4e/review?v=2,514,69.0,,카페 예쁘고 작업도 잘됩니다,"일시적인 오류가 발생했습니다
커피가 맛있어요",2022년 3월 31일 목요일,1번째 방문,영수증
블루마일스커피로스터즈,카페,,,,아보카도부침개,https://m.place.naver.com/my/5b9ae2c598a056b94711d555/review?v=2,861,,,좋아요~,,2022년 10월 18일 화요일,5번째 방문,영수증
블루마일스커피로스터즈,카페,,,,지연되다,https://m.place.naver.com/my/5b6d049a73cdcc081a3fcddd/review?v=2,23,,,"르뱅쿠키가 종류 별로 많은 카페고, 아직 다 먹어보진 못했지만 
초코스모어, 녹차크림치즈, 오리지날쿠키 정도 먹어봤는데 다 맛있더라고요! 

근데... 맛있다는 것 무엇이다...? 살찐다..! 하지만 자주 사먹게 될 것 같습니다. 직원 분도 친절하시고.. 나중엔 커피랑 함께 여유롭게 먹고 싶어요! 많이 파세요~",,2022년 1월 15일 토요일,1번째 방문,영수증
블루마일스커피로스터즈,카페,,,,윤진1064,https://m.place.naver.com/my/5eb00cef8f87a842bc691dfe/review?v=2,578,,,바나나푸딩 안느끼하고 너무 맛있어요👍👍,,2022년 4월 28일 목요일,1번째 방문,영수증
블루마일스커피로스터즈,카페,,,,모 리,https://m.place.naver.com/my/5e071e628f87a842bc3a8db2/review?v=2,379,,,쿠키 맛있어요,,2022년 5월 14일 토요일,3번째 방문,영수증
블루마일스커피로스터즈,카페,,,,khm1911,https://m.place.naver.com/my/5e229b698f87a842bcc2d286/review?v=2,1601,,,"정리가 안되는 느낌과 환기도 안시킴..
두번정도 방문했는데 이번엔 좀 별로 다음엔 안갈듯해여","일시적인 오류가 발생했습니다
커피가 맛있어요",2022년 4월 14일 목요일,1번째 방문,영수증
블루마일스커피로스터즈,카페,,,,000****,https://m.place.naver.com/my/5cacc550552ceefdaaf5162b/review?v=2,1586,,,긋,,2022년 6월 19일 일요일,1번째 방문,영수증
블루마일스커피로스터즈,카페,,,,Ihateonion,https://m.place.naver.com/my/5be9020b1c90aaa774d2240b/review?v=2,1480,,,커피랑 디저트 다 맛있고 깨끗해요!,,2022년 4월 8일 금요일,1번째 방문,영수증
블루마일스커피로스터즈,카페,,,,치즈케이크가제일냠,https://m.place.naver.com/my/5eff8c8780dd0fa8cd66540f/review?v=2,430,,,좋아요,,2022년 8월 3일 수요일,1번째 방문,영수증
블루마일스커피로스터즈,카페,,,,내일34,https://m.place.naver.com/my/5bae152c5cfe0fe754ea83fe/review?v=2,851,,,뷰가 너무 좋고 분위기도 좋고 굿,,2022년 5월 9일 월요일,1번째 방문,영수증
블루마일스커피로스터즈,카페,,,,aa4970,https://m.place.naver.com/my/5f0732e28f87a842bcc2d2e6/review?v=2,125,,,버터스카치라떼 맛있어요 구웃,"일시적인 오류가 발생했습니다
집중하기 좋아요",2022년 3월 1일 화요일,1번째 방문,영수증
블루마일스커피로스터즈,카페,,,,wjs2543,https://m.place.naver.com/my/5dd143a88f87a842bcbf93ff/review?v=2,55,,,,"일시적인 오류가 발생했습니다
커피가 맛있어요",2022년 6월 18일 토요일,1번째 방문,영수증
블루마일스커피로스터즈,카페,,,,밍융,https://m.place.naver.com/my/5d5a0f3ee17e3ea08afa72c8/review?v=2,233,6.0,,굿!,"일시적인 오류가 발생했습니다
음료가 맛있어요",2022년 5월 21일 토요일,1번째 방문,영수증
블루마일스커피로스터즈,카페,,,,ell****,https://m.place.naver.com/my/5b9b2d66e949610cde0c3bca/review?v=2,631,16.0,,뷰 너무 좋고 소금초코.디카페인 커피도 맛있어요!,"일시적인 오류가 발생했습니다
커피가 맛있어요",2022년 5월 1일 일요일,1번째 방문,영수증
블루마일스커피로스터즈,카페,,,,은채8617,https://m.place.naver.com/my/5e118a078f87a842bc40fe55/review?v=2,458,,,바나나푸딩 맛있네요 ㅎㅎ,,2022년 3월 2일 수요일,1번째 방문,영수증
블루마일스커피로스터즈,카페,,,,rina10047,https://m.place.naver.com/my/5bfcc69938e3c96aae89ad8a/review?v=2,488,41.0,,"분위기 심플하고,커피도맛있었어요.","일시적인 오류가 발생했습니다
친절해요",2021년 12월 1일 수요일,2번째 방문,영수증
블루마일스커피로스터즈,카페,,,,샘물508,https://m.place.naver.com/my/5e5b29c18f87a842bc8b8754/review?v=2,949,27.0,,항상 그렇듯 커피 맛으로 승부하는 좋은 카페인 것 같아요~,"일시적인 오류가 발생했습니다
매장이 청결해요",2022년 3월 26일 토요일,1번째 방문,영수증
블루마일스커피로스터즈,카페,,,,응헤야,https://m.place.naver.com/my/5db9c52a8f87a842bc3c49a4/review?v=2,175,10.0,,맛있어요 공릉갈 때마다 가요,"일시적인 오류가 발생했습니다
사진이 잘 나와요",2022년 1월 15일 토요일,1번째 방문,영수증
블루마일스커피로스터즈,카페,,,,pass21,https://m.place.naver.com/my/5decf1448f87a842bca2b735/review?v=2,229,,,굿,,2022년 9월 2일 금요일,1번째 방문,영수증
블루마일스커피로스터즈,카페,,,,또니5129,https://m.place.naver.com/my/5e2efd9c8f87a842bc3296ef/review?v=2,738,66.0,,"너티블루라떼 달달하고 맛있어요 💕
노트북 하기 좋게 콘센트가 많고 좌석도 편해요.","일시적인 오류가 발생했습니다
집중하기 좋아요",2021년 11월 8일 월요일,1번째 방문,영수증
블루마일스커피로스터즈,카페,,,,ym****,https://m.place.naver.com/my/5c4bb3bc1d746973ed5efe4e/review?v=2,1015,,,커피 맛있어요,,2022년 4월 10일 일요일,1번째 방문,영수증
블루마일스커피로스터즈,카페,,,,꾸미5874,https://m.place.naver.com/my/5d2be366c9dfc48bb89657fa/review?v=2,355,17.0,,맛있어요 (초코스모어),"일시적인 오류가 발생했습니다
음료가 맛있어요",2022년 1월 30일 일요일,1번째 방문,영수증
블루마일스커피로스터즈,카페,,,,잠이잠을잠,https://m.place.naver.com/my/5d32e2392bf4231bb1a99359/review?v=2,730,49.0,,"호지차슈페너 특색있는 맛이에요!
호지차는 처음 맛봤는데 평소에 말차나 밀크티를 
좋아해서인지 입에 잘 맞았어요.
주변 카페에 이런 메뉴는 잘 없어서 종종 갈 거 같아요.🙂",,2021년 11월 23일 화요일,1번째 방문,영수증
블루마일스커피로스터즈,카페,,,,꽃님8977,https://m.place.naver.com/my/5dd56ad98f87a842bc577041/review?v=2,428,,,국,,2022년 5월 2일 월요일,1번째 방문,영수증
블루마일스커피로스터즈,카페,,,,키올93,https://m.place.naver.com/my/5e0093638f87a842bcd83285/review?v=2,179,1.0,,커피 맛있는데 양이 너무 적어서 아쉬워요.. 공부하기엔 좋아요,"일시적인 오류가 발생했습니다
집중하기 좋아요",2022년 4월 9일 토요일,1번째 방문,영수증
블루마일스커피로스터즈,카페,,,,nicejungwon,https://m.place.naver.com/my/5b9b636f2031152968125e50/review?v=2,1206,,,.,,2022년 4월 20일 수요일,1번째 방문,영수증
블루마일스커피로스터즈,카페,,,,사용자01,https://m.place.naver.com/my/5b9f228a3b25af29361f7640/review?v=2,1927,148.0,,사람이 진짜 너~무 많아요. 사진의 강아지는 없더라구요.,"일시적인 오류가 발생했습니다
인테리어가 멋져요",2021년 12월 12일 일요일,1번째 방문,영수증
블루마일스커피로스터즈,카페,,,,밍짱6736,https://m.place.naver.com/my/5db43ea08f87a842bc34125f/review?v=2,186,,,"반려견동반카페라고 해서 총 세번 방문했고 첫방문때 전화로 대형견도 가능하냐 문의했더니 컨트롤 가능하면 된다고 하셔서 갔어요. 맛있고 분위기도 좋고 무엇보다 우리 뚜니랑 같이 갈 수 있어서 맘에 들었어요. 그래서 블로그 후기까지 쓰고 두번 더 방문한거고 두번째 방문까지는 입마개니 뭐니 아무 말씀 없으셨습니다.
근데 오늘 세번째 방문했는데 남자사장님께서 혹시 입마개있냐고 하셔서 왜그러냐하니 어떤 손님이 나가면서 큰개를 입마개도 안하고 왜 델꼬왔냐고 했다고 하더라고요.
전 사전에 대형견 동반 가능하고 입마개 얘기 일절 없었으니 온건데 딴손님한테 컴플 들어왔다고 갑자기 이러시니 기분이 많이 상했습니다.
컴플 건 손님께 여긴 반려견동반카페고 얌전하고 컨트롤 되면 견종 상관없이 된다라고 설명 해주시지 그러셨어요.",,2021년 7월 23일 금요일,2번째 방문,영수증
블루마일스커피로스터즈,카페,,,,Eat View Mood,https://m.place.naver.com/my/5b6315aaae9e003d35089b5e/review?v=2,810,6.0,,"지인과 같이 방문해서 디저트도 두개 구입~

그래서 치즈에빠진딸기(4,000원), 화이트마카다미아(3,800원), 말차라떼(6,000원), 마일스커피(6,000원)를 주문했어요.

화이트마카다미아는 먹어봤던터라 맛있다는 걸 알아서 치즈에빠진딸기가 궁금했는데 제 입맛에는 별로였어요ㅠ... 

공부(?)하시는 분들이 꽤 있어서 분위기가 좀 조용한 편이다보니 편하게 대화하기 불편했어요..^^;",,2021년 10월 22일 금요일,4번째 방문,영수증
블루마일스커피로스터즈,카페,,,,니니6370,https://m.place.naver.com/my/5b9c6e0180c03107ddd9dc7a/review?v=2,433,41.0,,창가 자리에 콘센트가 많아서 그런지 생각보다 카공분들이 많이 오시는 분위기인듯하고 커피 맛있어요!,,2021년 11월 16일 화요일,1번째 방문,영수증
블루마일스커피로스터즈,카페,,,,율삐삐,https://m.place.naver.com/my/5ba2695fe8a7eec520a6aecc/review?v=2,200,33.0,,커피 맛있어요! 쿠키가 좀 달긴 한데 그 맛으로 먹었습니다,"일시적인 오류가 발생했습니다
매장이 청결해요",2021년 10월 23일 토요일,1번째 방문,영수증
블루마일스커피로스터즈,카페,,,,10206991,https://m.place.naver.com/my/5ba9c133d325cf86210903bd/review?v=2,62,,,원두 선택 가능해서 좋아요,,2022년 1월 24일 월요일,2번째 방문,영수증
블루마일스커피로스터즈,카페,,,,Eat View Mood,https://m.place.naver.com/my/5b6315aaae9e003d35089b5e/review?v=2,810,6.0,,"회사에서 우연히 쿠키를 맛봤는데 너무 맛있어서 쿠키에 붙여진 스티커 보고 검색해서 방문했어요.
음료맛은 평범했지만, 쿠키는 맛있었습니다.
개인적으로 '화이트 마카다미아'가 제일 맛있는거 같아요!",,2021년 9월 11일 토요일,1번째 방문,영수증
블루마일스커피로스터즈,카페,,,,에이미8626,https://m.place.naver.com/my/5d6289488f87a842bcb53a84/review?v=2,421,,,디져트 맛집,"일시적인 오류가 발생했습니다
커피가 맛있어요",2022년 3월 19일 토요일,1번째 방문,영수증
블루마일스커피로스터즈,카페,,,,Eat View Mood,https://m.place.naver.com/my/5b6315aaae9e003d35089b5e/review?v=2,810,6.0,,"우연히 여기 쿠키를 먹어봤는데 정말 맛있었어서 이거 어디서 사왔냐고 물어봤던 기억이 나네요.
쿠키가 정말 맛있어서 쿠키 먹고 싶은때 가는 곳입니다! 쿠키맛집이다보니 음료 맛은... ^^; 음료까지 맛있으면 정말 최고일거 같아요!",,2021년 10월 15일 금요일,3번째 방문,영수증
블루마일스커피로스터즈,카페,,,,이프로49,https://m.place.naver.com/my/5bd0c43b649d35cca6a62be4/review?v=2,202,,,,"일시적인 오류가 발생했습니다
커피가 맛있어요",2022년 1월 25일 화요일,1번째 방문,영수증
블루마일스커피로스터즈,카페,,,,qpwo90,https://m.place.naver.com/my/5eaf64d68f87a842bc76c647/review?v=2,275,,,굿,,2022년 4월 3일 일요일,1번째 방문,영수증
블루마일스커피로스터즈,카페,,,,당근새싹,https://m.place.naver.com/my/5d056834e28be356a62ae1c8/review?v=2,808,1.0,,굿,,2022년 4월 3일 일요일,1번째 방문,영수증
블루마일스커피로스터즈,카페,,,,세중5,https://m.place.naver.com/my/5e5649328f87a842bcebaa5c/review?v=2,821,,,굿,,2022년 4월 3일 일요일,1번째 방문,영수증
블루마일스커피로스터즈,카페,,,,유내은,https://m.place.naver.com/my/5ddb4ac39ec8258e4a2eae3b/review?v=2,396,,,커피랑 쿠키맛있어요 친절하시구요!,"일시적인 오류가 발생했습니다
가성비가 좋아요",2021년 12월 3일 금요일,1번째 방문,영수증
블루마일스커피로스터즈,카페,,,,자그으만,https://m.place.naver.com/my/5c6f827142373b7ecc71aef7/review?v=2,111,5.0,,버터스카치 처음 먹어봤는데 너무 맛있고 커피도 원두가 다양해서 골라먹기 좋을 것 같아요! 특히 쿠키 종류가 많고 맛있어서 좋았어요! 카페 분위기도 좋아요!,"일시적인 오류가 발생했습니다
대화하기 좋아요",2021년 9월 24일 금요일,1번째 방문,영수증
블루마일스커피로스터즈,카페,,,,밤하늘32,https://m.place.naver.com/my/5c51bb0f2d7f2531d97eb074/review?v=2,700,,,음료가 아주 맛이ㅆ어요,"일시적인 오류가 발생했습니다
가성비가 좋아요",2022년 5월 7일 토요일,1번째 방문,영수증
블루마일스커피로스터즈,카페,,,,jju****,https://m.place.naver.com/my/5f7489486c3d7f7334dc9492/review?v=2,406,,,좋아요,,2022년 8월 3일 수요일,1번째 방문,영수증
블루마일스커피로스터즈,카페,,,,dmd****,https://m.place.naver.com/my/5e2ed3c28f87a842bc32ce8b/review?v=2,114,,,,,2022년 1월 23일 일요일,1번째 방문,영수증
블루마일스커피로스터즈,카페,,,,10206991,https://m.place.naver.com/my/5ba9c133d325cf86210903bd/review?v=2,62,,,커피 맛있어요,,2022년 1월 24일 월요일,1번째 방문,영수증
블루마일스커피로스터즈,카페,,,,qwertr,https://m.place.naver.com/my/5e2c12a38f87a842bc7a9608/review?v=2,200,,,맛있어요,,2022년 3월 19일 토요일,1번째 방문,영수증
블루마일스커피로스터즈,카페,,,,수이즈,https://m.place.naver.com/my/5bc9b570b254d4931f61bb10/review?v=2,342,,,산미있는 커피 조아해요^^,,2021년 12월 18일 토요일,1번째 방문,영수증
블루마일스커피로스터즈,카페,,,,팅클49,https://m.place.naver.com/my/5efe2fc767c6d4320f57493e/review?v=2,1139,1.0,,쿠키가 너무너무 맛있어요. 특히 말차쿠키!,,2021년 11월 19일 금요일,1번째 방문,영수증
블루마일스커피로스터즈,카페,,,,내돈내산후후,https://m.place.naver.com/my/5fc3b2be1a23b4ac19b44a06/review?v=2,699,,,굿,,2022년 7월 4일 월요일,4번째 방문,영수증
블루마일스커피로스터즈,카페,,,,또사더사,https://m.place.naver.com/my/5bae03b78404c3cb20af7d14/review?v=2,140,9.0,,커피도 너무 맛있고 쿠키도 비싼데 그만큼 맛있어요 ㅠㅠ,"일시적인 오류가 발생했습니다
커피가 맛있어요",2021년 10월 16일 토요일,1번째 방문,영수증
블루마일스커피로스터즈,카페,,,,먹주주,https://m.place.naver.com/my/606801bf5a42641b45cbabc6/review?v=2,633,37.0,,좋아용,,2022년 2월 6일 일요일,1번째 방문,영수증
블루마일스커피로스터즈,카페,,,,비레뜨,https://m.place.naver.com/my/5e2701d98f87a842bc371deb/review?v=2,1473,88.0,,브금이 좋아요 쿠키 먹고 싶어서 왔어요,"일시적인 오류가 발생했습니다
매장이 청결해요",2021년 9월 17일 금요일,4번째 방문,영수증
블루마일스커피로스터즈,카페,,,,CHANCHAN45,https://m.place.naver.com/my/5ea9a6c68f87a842bcb8ffde/review?v=2,223,25.0,,"일단 쿠키가 너무 맛있었다. 사실 바나나 푸딩을 먹고 싶었는데, 너무 배부른 나머지 딸기오레오 쿠키를 시켰다. 개인적으로 미국 스타일인 좀 두툼하고 안에는 촉촉한 쿠키를 좋아하는데 딱 그런스타일이여서 다른 쿠키도 맛보고 싶었다. 인스타 갬성의 카페여서 기대는 많이 안했었는데, 학생으로써 공부하기 좋은 카페인것 같다. 콘센트도 많았고 카페에서 말씀 나누시는 분들 보다는 공부하는 학생들이 더 많았던 오늘이였다. 커피는 너무 배불러서 못 마시고 나온게 한이지만 내가 시킨 산미있는 커피는 개성이 좀 강한 커피같다. 산미있는걸 좋아하는데도 많이 시다는 느낌을 받아서 다음번엔 다른 원두를 먹어보려고 한다. 옆에서 계속 커피를 볶고 계신듯 했다! 그만큼 커피에 자신이 있으신 곳 같았다.",,2021년 5월 24일 월요일,1번째 방문,영수증
블루마일스커피로스터즈,카페,,,,맛멋사냥꾼,https://m.place.naver.com/my/5cecc45516c6b606f42a18fc/review?v=2,355,46.0,,따뜻해요,"일시적인 오류가 발생했습니다
매장이 청결해요",2021년 12월 19일 일요일,1번째 방문,영수증
블루마일스커피로스터즈,카페,,,,Eat View Mood,https://m.place.naver.com/my/5b6315aaae9e003d35089b5e/review?v=2,810,6.0,,"진짜 여기는 쿠키 만집인거 같아요!! 
지금 가격에서 조금만 더 저렴해진다면 방문 빈도도 높아지지 않을까 싶습니다..!","일시적인 오류가 발생했습니다
디저트가 맛있어요",2021년 10월 7일 목요일,2번째 방문,영수증
블루마일스커피로스터즈,카페,,,,꾸꾸뿌뿌빵빵,https://m.place.naver.com/my/5cdca008fbee7e820748005f/review?v=2,20,,,"공간은 괜찮고 직원분들도 친절하신데
진짜 디카페인 커피가 너무 맛이 없어요..
뜨아 아아 둘다 맛이 너무 없어서 거의 다 남겼어요ㅠㅠ 디카페인이 1000원이나 더 비싼데…ㅠㅠ",,2021년 10월 28일 목요일,1번째 방문,영수증
블루마일스커피로스터즈,카페,,,,프롬민52,https://m.place.naver.com/my/5e58e1248f87a842bc5d0cf1/review?v=2,376,,,커피 괜찮아요,"일시적인 오류가 발생했습니다
좌석이 편해요",2021년 10월 13일 수요일,1번째 방문,영수증
블루마일스커피로스터즈,카페,,,,you****,https://m.place.naver.com/my/5e0f369a8f87a842bcc0566d/review?v=2,1106,,,굿,"일시적인 오류가 발생했습니다
친절해요",2022년 1월 2일 일요일,1번째 방문,영수증
블루마일스커피로스터즈,카페,,,,hallo50,https://m.place.naver.com/my/5ed725148f87a842bce9c269/review?v=2,144,,,노트북하면서 커피마시기 너무 좋아요,,2021년 10월 6일 수요일,2번째 방문,영수증
블루마일스커피로스터즈,카페,,,,먹ㅎ,https://m.place.naver.com/my/5de1fd5f9ec8258e4a365659/review?v=2,642,16.0,,분위기도 좋고 맛도 괜찮은데 가격이 안괜찮음,,2021년 9월 16일 목요일,1번째 방문,영수증
블루마일스커피로스터즈,카페,,,,모 리,https://m.place.naver.com/my/5e071e628f87a842bc3a8db2/review?v=2,379,,,"공간이 트여있는 느낌이라 너무 좋았어요!! 
시그니처 메뉴도 있고 적당히 조용한 분위기라 자주 올 거 같아요😌","일시적인 오류가 발생했습니다
집중하기 좋아요",2021년 8월 6일 금요일,1번째 방문,영수증
블루마일스커피로스터즈,카페,,,,밍짱6736,https://m.place.naver.com/my/5db43ea08f87a842bc34125f/review?v=2,186,,,"반려견 동반 가능하다고 해놓으셨으면 명확한 기준을 제시해주세요.
안고 있을 수 있는 소형견만 가능한지,대형견은 입마개 한 경우만 가능한지 말입니다.
대형견과 함께 갈 수 있는 곳이 많지않은 현실에서 사장님들의 입장도 충분히 이해는 합니다. (크니까 무서워하는 사람도 있고 여러가지 이유가 있으니까요)
다만 사장님의 컴플 대처에 기분이 좋지 않았고 마음도 상했네요.
앞으로 재방문은 못할뿐더러 안하겠습니다.",,2021년 7월 2일 금요일,1번째 방문,영수증
블루마일스커피로스터즈,카페,,,,또로롱얏호,https://m.place.naver.com/my/5f0510cb95fe4a9e8ba9d9e8/review?v=2,367,,,굿,,2022년 1월 2일 일요일,1번째 방문,영수증
블루마일스커피로스터즈,카페,,,,구리구리동동,https://m.place.naver.com/my/5d9b117f8f87a842bcaa37cc/review?v=2,879,,,굿굿,"일시적인 오류가 발생했습니다
친절해요",2022년 4월 2일 토요일,2번째 방문,영수증
블루마일스커피로스터즈,카페,,,,3LSY3,https://m.place.naver.com/my/5e8a23fe8f87a842bcd73127/review?v=2,7,,,"카페 인테리어도 너무 좋고, 나오는 노래도 너무 제스타일이라 좋았어요. 음료 너무 맛있고 쿠키는 더 맛있었어요!! 사장님도 친절하셔서 넘 좋았습니다😊 자주 방문할게용",,2021년 7월 29일 목요일,1번째 방문,영수증
블루마일스커피로스터즈,카페,,,,솔직한리뷰어지요,https://m.place.naver.com/my/5dbd50e18f87a842bc6778ff/review?v=2,솔직한어지요,16.0,,커피 맛있어요,"일시적인 오류가 발생했습니다
커피가 맛있어요",2021년 10월 1일 금요일,1번째 방문,영수증
블루마일스커피로스터즈,카페,,,,andiaa,https://m.place.naver.com/my/5ecbfb8b8f87a842bcd3b487/review?v=2,47,,,"커피&쿠키 맛집
하지만 내 최애는 바질토마토소다","일시적인 오류가 발생했습니다
특별한 메뉴가 있어요",2021년 10월 1일 금요일,1번째 방문,영수증
블루마일스커피로스터즈,카페,,,,먹복이,https://m.place.naver.com/my/5c15feb3eff85c8da56b76d4/review?v=2,1340,32.0,,"원두 2종류 중 선택가능.
뭘 선택하든 산미 있어요.","일시적인 오류가 발생했습니다
인테리어가 멋져요",2021년 8월 28일 토요일,1번째 방문,영수증
블루마일스커피로스터즈,카페,,,,핑구1259,https://m.place.naver.com/my/5e6c76708f87a842bcf88ed9/review?v=2,211,10.0,,이쁜 카페에요,"일시적인 오류가 발생했습니다
인테리어가 멋져요",2021년 9월 22일 수요일,1번째 방문,영수증
블루마일스커피로스터즈,카페,,,,정블리2727,https://m.place.naver.com/my/5c7a47475caa15882e107f87/review?v=2,1736,29.0,,좋어여,,2021년 11월 13일 토요일,1번째 방문,영수증
블루마일스커피로스터즈,카페,,,,비레뜨,https://m.place.naver.com/my/5e2701d98f87a842bc371deb/review?v=2,1473,88.0,,쿠키 맛있어용,"일시적인 오류가 발생했습니다
친절해요",2021년 9월 18일 토요일,5번째 방문,영수증
블루마일스커피로스터즈,카페,,,,구리구리동동,https://m.place.naver.com/my/5d9b117f8f87a842bcaa37cc/review?v=2,879,,,커피 굿굿!!,,2022년 2월 28일 월요일,1번째 방문,영수증
블루마일스커피로스터즈,카페,,,,치즈8765,https://m.place.naver.com/my/5b63e0ab6327763cd57b9d14/review?v=2,681,13.0,,좋아요,,2021년 11월 16일 화요일,1번째 방문,영수증
블루마일스커피로스터즈,카페,,,,susudul22,https://m.place.naver.com/my/5efe0c87508969f832308927/review?v=2,25,,,"블루마일스 좋아요!
오틀리로 변경되서 비건도 라떼 먹을 수 있고
텀블러 500원 할인도 좋고 커피도 맛나여💜
비건쿠키도 있으면 좋겠다🤨🧡",,2021년 4월 9일 금요일,1번째 방문,영수증
블루마일스커피로스터즈,카페,,,,오로로26,https://m.place.naver.com/my/5c64e0d45b9bc209cb4bcf1e/review?v=2,575,14.0,,커피 좋아요,"일시적인 오류가 발생했습니다
음료가 맛있어요",2022년 1월 2일 일요일,1번째 방문,영수증
블루마일스커피로스터즈,카페,,,,oli****,https://m.place.naver.com/my/5c247332d57faae04c05508e/review?v=2,391,3.0,,찰떡 누룽지 휘낭시에 진짜 맛있어요 ❤️,,2021년 5월 22일 토요일,1번째 방문,영수증
블루마일스커피로스터즈,카페,,,,sus719,https://m.place.naver.com/my/5eb528778f87a842bc72fb48/review?v=2,1071,48.0,,좋아용,"일시적인 오류가 발생했습니다
커피가 맛있어요",2021년 11월 20일 토요일,1번째 방문,영수증
블루마일스커피로스터즈,카페,,,,dangdangeu,https://m.place.naver.com/my/5da05d868f87a842bcd1a2de/review?v=2,2343,33.0,,좋아요,,2021년 10월 22일 금요일,1번째 방문,영수증
블루마일스커피로스터즈,카페,,,,다다다듀듀듀,https://m.place.naver.com/my/5e81e5278f87a842bc3319ec/review?v=2,1969,58.0,,커피 개맛있음 무조건 재방문예정,,2021년 5월 1일 토요일,1번째 방문,영수증
블루마일스커피로스터즈,카페,,,,비레뜨,https://m.place.naver.com/my/5e2701d98f87a842bc371deb/review?v=2,1473,88.0,,맛있어요 : ),"일시적인 오류가 발생했습니다
매장이 청결해요",2021년 9월 6일 월요일,3번째 방문,영수증
블루마일스커피로스터즈,카페,,,,bnpou,https://m.place.naver.com/my/5b9b42522d0f9fb7a71a0787/review?v=2,693,6.0,,단골인데 이번에 영수증리뷰 첨 참여하네요 공릉에서 찐 라떼 맛집이에요👍👍👍,,2021년 4월 18일 일요일,1번째 방문,영수증
블루마일스커피로스터즈,카페,,,,na881022,https://m.place.naver.com/my/5b9af57c67cb4340926abaed/review?v=2,440,1.0,,쿠키 짱맛!💜 요새 달달한게 땡겼는데 너무 맛있어요 ㅎㅎ,,2021년 6월 8일 화요일,1번째 방문,영수증
블루마일스커피로스터즈,카페,,,,이준호414,https://m.place.naver.com/my/60c70e978ea84def4d2a908a/review?v=2,55,,,분위기도 좋고 원두도 종류가 두가지라 좋은거같아요 공부하기에도 잘 되어있는데 사람 많은 시간대에는 자리가 없을 수 있으니 주의하세요~,,2021년 7월 5일 월요일,1번째 방문,영수증
블루마일스커피로스터즈,카페,,,,July_june,https://m.place.naver.com/my/5bfa8d864b850bb81cd2cd4e/review?v=2,5,,,넓은 좌석덕분에 공부하기 좋고 커피도 원두 고를수 있어서 좋아요. 무엇보다 음료 베이커리 다 맛있습니다.,,2021년 4월 18일 일요일,1번째 방문,영수증
블루마일스커피로스터즈,카페,,,,도짭짭,https://m.place.naver.com/my/5e86e73e8f87a842bc0ce426/review?v=2,1146,44.0,,바스크 치즈케이크 있음 2종류,,2021년 7월 11일 일요일,2번째 방문,영수증
블루마일스커피로스터즈,카페,,,,원앤온링,https://m.place.naver.com/my/5eba68af8f87a842bca4ebd8/review?v=2,509,,,"인생 휘낭시에 
디저트 라인업 많이 만들어주세요",,2021년 5월 18일 화요일,4번째 방문,영수증
블루마일스커피로스터즈,카페,,,,히호하호,https://m.place.naver.com/my/5bb5d8bcf7d484a799884753/review?v=2,16,,,"좋아하는 곳이에요💙
여름에 특히 창문 열려있어서 좋아요!",,2021년 4월 20일 화요일,1번째 방문,영수증
블루마일스커피로스터즈,카페,,,,룰루랄라551,https://m.place.naver.com/my/5c0cb1ef33f50e4b217c66bd/review?v=2,1766,84.0,,쏘쏘하네욤 매장이 살짝 더웠고 파리들 날벌레들이 많았어요,,2021년 6월 14일 월요일,1번째 방문,영수증
블루마일스커피로스터즈,카페,,,,bnpou,https://m.place.naver.com/my/5b9b42522d0f9fb7a71a0787/review?v=2,693,6.0,,최애 카페입니당,,2021년 7월 25일 일요일,2번째 방문,영수증
블루마일스커피로스터즈,카페,,,,Benton,https://m.place.naver.com/my/5ddd01fc9ec8258e4adb5e0b/review?v=2,557,,,분위기 쌉굿,,2021년 9월 16일 목요일,1번째 방문,영수증
블루마일스커피로스터즈,카페,,,,hallo50,https://m.place.naver.com/my/5ed725148f87a842bce9c269/review?v=2,144,,,두유나 오틀리로 바꿔서 커피 주문할 수있어서 좋아요! 쿠키 맛있는걸로 유명해서 시켜먹어봤는데 맛있어요,,2021년 4월 30일 금요일,1번째 방문,영수증
블루마일스커피로스터즈,카페,,,,rwg****,https://m.place.naver.com/my/5d62b0958f87a842bc178c91/review?v=2,20,,,분위기 조아용 바스크치즈케이크 맛집~!,,2021년 5월 18일 화요일,1번째 방문,영수증
블루마일스커피로스터즈,카페,,,,느낌적인 맛,https://m.place.naver.com/my/5c67ad1b1917982900283adf/review?v=2,1665,110.0,,원두가 깔끔해요!,,2021년 5월 4일 화요일,1번째 방문,영수증
블루마일스커피로스터즈,카페,,,,지워니즘,https://m.place.naver.com/my/5b9b3df6b171ce029235ce75/review?v=2,465,16.0,,분위기 좋아요,"일시적인 오류가 발생했습니다
디저트가 맛있어요",2021년 7월 10일 토요일,1번째 방문,영수증
블루마일스커피로스터즈,카페,,,,원앤온링,https://m.place.naver.com/my/5eba68af8f87a842bca4ebd8/review?v=2,509,,,"인생 휘낭시에 존맛탱
분위기도 좋고 시원시원함",,2021년 4월 23일 금요일,3번째 방문,영수증
블루마일스커피로스터즈,카페,,,,비레뜨,https://m.place.naver.com/my/5e2701d98f87a842bc371deb/review?v=2,1473,88.0,,쿠키 케이크 커피 & jazzy한 분위기 지림,,2021년 4월 29일 목요일,1번째 방문,영수증
블루마일스커피로스터즈,카페,,,,규요미,https://m.place.naver.com/my/5dae636b8f87a842bc43d7c4/review?v=2,46,,,마일스커피 진짜 너무짱짱최고..,,2021년 6월 12일 토요일,2번째 방문,영수증
블루마일스커피로스터즈,카페,,,,lar****,https://m.place.naver.com/my/5e26b90d8f87a842bced023b/review?v=2,7,,,자주 방문하는 곳이에요 ㅎㅎ 커피도 맛있고 디저트도  맛있어요😍,,2021년 4월 13일 화요일,1번째 방문,영수증
블루마일스커피로스터즈,카페,,,,잉터볼,https://m.place.naver.com/my/5dba71e28f87a842bc714106/review?v=2,1310,24.0,,너무 맛있어요🤤🤤,,2021년 5월 18일 화요일,2번째 방문,영수증
블루마일스커피로스터즈,카페,,,,행복9972,https://m.place.naver.com/my/5ce900134ea1954942937fba/review?v=2,50,1.0,,커피맛은 보통이고 카페가 넓직하고 공부하시러오는 분들이 많아 분위기가 좋았습니다,,2021년 3월 9일 화요일,1번째 방문,영수증
블루마일스커피로스터즈,카페,,,,지싱싱,https://m.place.naver.com/my/5be6be35b21fc68feb874f97/review?v=2,264,34.0,,산미 풍부한 커피 좋아하는 분 추천. 버터스카치 추천. 쿠키류도 직접 구우시는데 좀 달아요.,,2021년 4월 12일 월요일,1번째 방문,영수증
블루마일스커피로스터즈,카페,,,,말랭이55,https://m.place.naver.com/my/5f044df60b8c7a1cdb6f4d9f/review?v=2,219,,,좋아용 휘낭시에 먹고싶어용,,2021년 4월 26일 월요일,1번째 방문,영수증
블루마일스커피로스터즈,카페,,,,sj****,https://m.place.naver.com/my/5c57e5a51f22e7c0f0b528ed/review?v=2,455,7.0,,버터스카치 맛있어요! 공부하는 사람 많네요 ㅎㅎ,,2021년 6월 23일 수요일,1번째 방문,영수증
블루마일스커피로스터즈,카페,,,,sungm68,https://m.place.naver.com/my/60aa448b75a90e81e6d8f0a5/review?v=2,347,,,짱맛~~~,"일시적인 오류가 발생했습니다
음료가 맛있어요",2021년 9월 14일 화요일,1번째 방문,영수증
블루마일스커피로스터즈,카페,,,,이윤둥,https://m.place.naver.com/my/5b62e76315df90d7708cf049/review?v=2,3568,96.0,,,"일시적인 오류가 발생했습니다
커피가 맛있어요",2021년 7월 12일 월요일,1번째 방문,영수증
블루마일스커피로스터즈,카페,,,,Dusim,https://m.place.naver.com/my/5d999a9b8f87a842bc0d68da/review?v=2,135,,,넓고 쾌적해요~ 푹신푹신한 쿠키 좋아요 :),,2021년 6월 12일 토요일,1번째 방문,영수증
블루마일스커피로스터즈,카페,,,,Bokk,https://m.place.naver.com/my/6055cd07f793307eae60c97f/review?v=2,710,1.0,,좋아요,"일시적인 오류가 발생했습니다
매장이 청결해요",2021년 8월 12일 목요일,1번째 방문,영수증
블루마일스커피로스터즈,카페,,,,kko****,https://m.place.naver.com/my/5effebde9e49b68aa6bd7a8c/review?v=2,16,,,분위기도 좋고 버터스카치 짱맛있어요,,2021년 4월 29일 목요일,1번째 방문,영수증
블루마일스커피로스터즈,카페,,,,헤이소야,https://m.place.naver.com/my/5ebb817b8f87a842bcd399e0/review?v=2,47,5.0,,"매장 깔끔하고 시그니처 메뉴 둘 다 맛있어요!!
다음에는 디저트 먹어보기로",,2021년 2월 8일 월요일,1번째 방문,영수증
블루마일스커피로스터즈,카페,,,,뻥튀기골쿠키,https://m.place.naver.com/my/5efee423ff821a0cd670b5f1/review?v=2,1531,58.0,,메뉴 다 맛있어요 분위기도 좋아요!,,2021년 2월 11일 목요일,1번째 방문,영수증
블루마일스커피로스터즈,카페,,,,비니6164,https://m.place.naver.com/my/5f9162c0ff94adc58627d3ee/review?v=2,58,,,분위기도 좋고 커피도 맛있어요👍,,2021년 3월 29일 월요일,1번째 방문,영수증
블루마일스커피로스터즈,카페,,,,nana974,https://m.place.naver.com/my/5dbfe86f8f87a842bc0a4f91/review?v=2,18,,,뷰 너무 좋고 카페도 편안해요🧡 음료도 쿠키도 맛있어용,,2021년 4월 10일 토요일,1번째 방문,영수증
블루마일스커피로스터즈,카페,,,,S고먐미2,https://m.place.naver.com/my/5dc5852d8f87a842bc81b1d2/review?v=2,8,,,"마싯어욤 
소음 많을까봐 걱정했는데 공부하시는 분들도 많고 너무 조용하지도 않아서 만족입니다.",,2021년 4월 3일 토요일,2번째 방문,영수증
블루마일스커피로스터즈,카페,,,,허쉬민트,https://m.place.naver.com/my/5cea46bb2ef1d2ce4ebb27dd/review?v=2,72,,,커피 맛있고 분위기 좋아요! :),,2021년 4월 12일 월요일,1번째 방문,영수증
블루마일스커피로스터즈,카페,,,,Ivy loves Simon,https://m.place.naver.com/my/5e3e996f8f87a842bcca02b9/review?v=2,5,,,공릉 철길 카페 중 매장도 가장 넓고 분위기도 편안해요. 커피맛도 고소한 원두랑 산미 있는 원두 중에서 선택 가능해서 좋아요! 시그니처도 완전 추천해요!! 버터스카치 짱!!! 쿠키도 완전 꾸덕촉촉해서 종류별로 다 먹어보고 싶음 ㅠ,,2021년 3월 19일 금요일,1번째 방문,영수증
블루마일스커피로스터즈,카페,,,,도짭짭,https://m.place.naver.com/my/5e86e73e8f87a842bc0ce426/review?v=2,1146,44.0,,커피 쿠키 굿,,2021년 7월 11일 일요일,1번째 방문,영수증
블루마일스커피로스터즈,카페,,,,원앤온링,https://m.place.naver.com/my/5eba68af8f87a842bca4ebd8/review?v=2,509,,,"휘낭시에 꼭드세요 전문점 그냥 발라요
감동적인 맛",,2021년 4월 18일 일요일,2번째 방문,영수증
블루마일스커피로스터즈,카페,,,,luv0ya,https://m.place.naver.com/my/5f46324ea602e98f56ed3a28/review?v=2,373,,,자리 이동 안 되는 건 너무 불편한데 예쁘고 커피도 좋습니다 양은 적은 것 같아요,,2021년 5월 12일 수요일,1번째 방문,영수증
블루마일스커피로스터즈,카페,,,,yummm4,https://m.place.naver.com/my/5d5ca0d68f87a842bc575441/review?v=2,23,,,너무 맛있어용,,2021년 5월 7일 금요일,1번째 방문,영수증
블루마일스커피로스터즈,카페,,,,ALICE46,https://m.place.naver.com/my/5de7bb3d9ec8258e4abcf1b5/review?v=2,731,,,커피가 진짜 맛있어요,,2021년 4월 6일 화요일,1번째 방문,영수증
블루마일스커피로스터즈,카페,,,,뭉뭉이2342,https://m.place.naver.com/my/5df35e6a8f87a842bcafb5a5/review?v=2,8,,,분위기도 좋고 음료도 맛있습니다 자주 오는 곳이에요,,2021년 4월 7일 수요일,1번째 방문,영수증
블루마일스커피로스터즈,카페,,,,원앤온링,https://m.place.naver.com/my/5eba68af8f87a842bca4ebd8/review?v=2,509,,,커피 존맛 채광 굿,,2021년 4월 4일 일요일,1번째 방문,영수증
블루마일스커피로스터즈,카페,,,,Gy77,https://m.place.naver.com/my/5e8766ec8f87a842bc8ab0fd/review?v=2,16,,,커피도 맛있고 분위기도 너무 좋아요~~~~~~~~~~~~ 굿 굿 굿 굿,,2021년 4월 3일 토요일,1번째 방문,영수증
블루마일스커피로스터즈,카페,,,,만적,https://m.place.naver.com/my/5e37c8428f87a842bc6843d6/review?v=2,10,,,커피두 맛있고요 공부도 잘되규요~~,,2021년 3월 28일 일요일,1번째 방문,영수증
블루마일스커피로스터즈,카페,,,,eun****,https://m.place.naver.com/my/5be23b39685e09e966a2a6b5/review?v=2,2,,,커피랑 쿠키 너무 맛있어요!,,2021년 3월 28일 일요일,1번째 방문,영수증
블루마일스커피로스터즈,카페,,,,쭝수니,https://m.place.naver.com/my/5ea9993d8f87a842bc3d95c6/review?v=2,367,,,맛있고 분위기 창밖바라보능게 너무 좋아요~,,2021년 2월 9일 화요일,1번째 방문,영수증
블루마일스커피로스터즈,카페,,,,비레뜨,https://m.place.naver.com/my/5e2701d98f87a842bc371deb/review?v=2,1473,88.0,,좋아요!,,2021년 6월 3일 목요일,2번째 방문,영수증
블루마일스커피로스터즈,카페,,,,민쑤20,https://m.place.naver.com/my/5cedd394d3f501baf6ef692b/review?v=2,19,1.0,,2층에 있어 뷰 맛집.. 노래들도 흔하지 않고 넘 좋음.. 무엇보다 음료랑 수제 쿠키 존맛...넘 쫀득하고 맛있당 ㅎㅎㅎ,,2021년 3월 22일 월요일,1번째 방문,영수증
블루마일스커피로스터즈,카페,,,,갬이김,https://m.place.naver.com/my/5b9a79baf3087141461ec370/review?v=2,351,1.0,,오트밀 변경 가능 (+500),"일시적인 오류가 발생했습니다
음료가 맛있어요",2021년 8월 3일 화요일,1번째 방문,영수증
블루마일스커피로스터즈,카페,,,,잉터볼,https://m.place.naver.com/my/5dba71e28f87a842bc714106/review?v=2,1310,24.0,,완벽 그자체,,2021년 5월 3일 월요일,1번째 방문,영수증
블루마일스커피로스터즈,카페,,,,Azzz,https://m.place.naver.com/my/5cd2e0807b364b902b0b06ef/review?v=2,30,,,커피 맛잇어요.,,2021년 4월 25일 일요일,1번째 방문,영수증
블루마일스커피로스터즈,카페,,,,Supreme105,https://m.place.naver.com/my/5b9a8a2fb37861dadf9f4e04/review?v=2,240,,,블루라떼랑 버터스카치 시켰는데 시그니처 메뉴인 이유가 있는듯... 원래 라떼만 마셔봤는데 라떼도 맛있었는데 이것도 맛있어요!!!!!,,2021년 4월 29일 목요일,1번째 방문,영수증
블루마일스커피로스터즈,카페,,,,영아592,https://m.place.naver.com/my/5bee2d112734b9bd2a400348/review?v=2,232,1.0,,바나나푸딩존맛입니다!!! 양도 완전많아요~,,2021년 3월 19일 금요일,1번째 방문,영수증
블루마일스커피로스터즈,카페,,,,빵띠쉐미,https://m.place.naver.com/my/5e55bfc78f87a842bc75ce79/review?v=2,862,,,굿굿,,2021년 4월 6일 화요일,1번째 방문,영수증
블루마일스커피로스터즈,카페,,,,TYCHE YOONIE,https://m.place.naver.com/my/5c0853d80d18174977b34219/review?v=2,267,12.0,,커피 맛이 괜찮습니다. 공릉철길 카페들중엔 넓은 좌석규모의 카페에요. (영수증 날짜인식 오류: 2020-09-26 방문임),,2020년 12월 5일 토요일,1번째 방문,영수증
블루마일스커피로스터즈,카페,,,,nhy****,https://m.place.naver.com/my/607e29899e3dc9572923ee13/review?v=2,36,,,너무 조용한 분위기보다 이런 편하게 이야기하는 공부할수있는곳 다니구 있는대 이런곳을 왜지금에야 알았는ㅠㅠ 치즈케익 맛있네용ㅎㅎ,,2021년 4월 20일 화요일,1번째 방문,영수증
블루마일스커피로스터즈,카페,,,,gie****,https://m.place.naver.com/my/5f38eb61a602e98f565b1b7c/review?v=2,1037,,,,,2021년 4월 4일 일요일,1번째 방문,영수증
블루마일스커피로스터즈,카페,,,,jmj****,https://m.place.naver.com/my/5fcb5b36ca467751373cb124/review?v=2,61,,,디자인이 독특하고 조용해요 커피도 맛있아요,,2021년 2월 13일 토요일,1번째 방문,영수증
블루마일스커피로스터즈,카페,,,,pt_****,https://m.place.naver.com/my/607e28f062a1cf25454a5b35/review?v=2,38,,,혼자 편안하게 잘쉬다왔어요 이런곳 찾고있었는대 커피맛도 너무좋고 스카치가 별미네요,,2021년 4월 20일 화요일,1번째 방문,영수증
블루마일스커피로스터즈,카페,,,,꾸꾸까까9199,https://m.place.naver.com/my/5eccba6f8f87a842bce76cf3/review?v=2,563,,,라떼도 너무너무 제취향이고!!! 사장님도 너무친절하셔서!! 더좋았어요 내일도 또!! 방문해서 먹을꺼에요!!!!!,,2021년 4월 20일 화요일,1번째 방문,영수증
블루마일스커피로스터즈,카페,,,,objsan,https://m.place.naver.com/my/5b6566ab0e5424442c451d43/review?v=2,172,,,너무 좋아요!!!,,2021년 4월 3일 토요일,2번째 방문,영수증
블루마일스커피로스터즈,카페,,,,pmy53,https://m.place.naver.com/my/5ca32b58b62f01e2b4e93bcd/review?v=2,1486,,,일회용품 쓰기 전에는 물어봐주세요,,2021년 1월 24일 일요일,4번째 방문,영수증
블루마일스커피로스터즈,카페,,,,사랑이8959,https://m.place.naver.com/my/5efdd4c2ac15fe84de7ed22e/review?v=2,19,,,맛있어요!,,2021년 4월 22일 목요일,1번째 방문,영수증
블루마일스커피로스터즈,카페,,,,hye****,https://m.place.naver.com/my/5e808e318f87a842bcf64267/review?v=2,4,,,맛있어요!,,2021년 4월 2일 금요일,1번째 방문,영수증
블루마일스커피로스터즈,카페,,,,wu****,https://m.place.naver.com/my/5f90f3f7f725675511eb5300/review?v=2,2271,,,조아요,,2021년 4월 10일 토요일,1번째 방문,영수증
블루마일스커피로스터즈,카페,,,,윤세희52,https://m.place.naver.com/my/5fbbc5f25ab9986ea4dae49b/review?v=2,230,,,쿠키 마싯아요 커피두 ㅎㅎ,,2021년 2월 13일 토요일,1번째 방문,영수증
블루마일스커피로스터즈,카페,,,,끼룩끼룩갈매기떼,https://m.place.naver.com/my/5bae516e5160a64197893fe7/review?v=2,331,,,맛있어요,,2021년 3월 6일 토요일,1번째 방문,영수증
블루마일스커피로스터즈,카페,,,,rnj****,https://m.place.naver.com/my/60220a1796ba9465f8a79ac3/review?v=2,39,,,종류가 좀많아서 뭐먹을지 고민했는대 사장님 께서 친절히 상세하게 하나하나 잘설명해쥬셔서 제입맛에 딱맞게 잘먹었어요ㅎㅎ 자주올게요!!,,2021년 4월 20일 화요일,1번째 방문,영수증
블루마일스커피로스터즈,카페,,,,lej****,https://m.place.naver.com/my/5ecbc5428f87a842bcbcc0cc/review?v=2,28,,,쿠키 너무 맛있어요,,2021년 2월 9일 화요일,1번째 방문,영수증
블루마일스커피로스터즈,카페,,,,sup****,https://m.place.naver.com/my/5ee73b048f87a842bcd56d22/review?v=2,43,,,공부하러갔는데 집중도잘되고 나중에 여친이랑 꼭오려구용 좋아요 분위기 ㅎㅎ,,2021년 4월 20일 화요일,1번째 방문,영수증
블루마일스커피로스터즈,카페,,,,누누나나46,https://m.place.naver.com/my/6053fa824af7ef57ec77e2f0/review?v=2,38,,,치즈케익 너무너무 맛있어요!! 다음에는 남자친구랑가서 다시 또 먹어보려구요!!! 감사하게잘먹엇습니다!!!,,2021년 4월 20일 화요일,1번째 방문,영수증
블루마일스커피로스터즈,카페,,,,wld****,https://m.place.naver.com/my/5fc8aadbc4e37b02d0e74b64/review?v=2,43,,,헤이즐넛!!♡너무너무 맛있아요 사장님 오래오래 가게해주세요!!! 자주 방문하도록할께요!!!!,,2021년 4월 20일 화요일,1번째 방문,영수증
블루마일스커피로스터즈,카페,,,,히어로72,https://m.place.naver.com/my/5f0400a2732e59579a09797b/review?v=2,30,,,블루마일스 너무 좋아요~ 텀블러 500할인있는거 처음알아서 나중에는 챙겨가야겠어요~~,,2021년 4월 20일 화요일,1번째 방문,영수증
블루마일스커피로스터즈,카페,,,,현지7746,https://m.place.naver.com/my/607e2b4b6421b8c3f088e7d8/review?v=2,33,,,"데이트코스중에도 꼭가봐여할곳중 한곳! 
너무맛있구 사장님도 친절해용~",,2021년 4월 20일 화요일,1번째 방문,영수증
블루마일스커피로스터즈,카페,,,,5Joo,https://m.place.naver.com/my/5c2fe9016034105ad4719c09/review?v=2,790,7.0,,커피랑 쿠키 다 맛있어요!,,2020년 11월 15일 일요일,2번째 방문,영수증
블루마일스커피로스터즈,카페,,,,다인이씨,https://m.place.naver.com/my/5f1651019ec8258e4a1d2a56/review?v=2,180,1.0,,공릉 최고 카페... 커피 너무 맛있고 쿠키들도 맛나용..버터스카피 커피랑 흑임자 쿠키는 제 최애입니다..,,2020년 10월 26일 월요일,1번째 방문,영수증
블루마일스커피로스터즈,카페,,,,tnr****,https://m.place.naver.com/my/5c3ab81dbb8b442db09f39b1/review?v=2,405,20.0,,노트북하기 좋은 곳. 조금 덜 시끄러우면 좋겠지만 분위기랑 맛도 좋아요,,2020년 10월 6일 화요일,1번째 방문,영수증
블루마일스커피로스터즈,카페,,,,할미새사촌,https://m.place.naver.com/my/5dd157c28f87a842bc117199/review?v=2,914,12.0,,카공 추천,,2021년 2월 13일 토요일,1번째 방문,영수증
블루마일스커피로스터즈,카페,,,,뫄27,https://m.place.naver.com/my/5b9d197b3322b16de7fa87ac/review?v=2,300,,,쿠키 맛있어요,,2021년 1월 1일 금요일,1번째 방문,영수증
블루마일스커피로스터즈,카페,,,,sa****,https://m.place.naver.com/my/5be8aae886df65268333df8f/review?v=2,51,,,커피 쿠키 맛있음,,2020년 11월 5일 목요일,1번째 방문,영수증
블루마일스커피로스터즈,카페,,,,여우별0,https://m.place.naver.com/my/5b77688170b906546c82112e/review?v=2,405,,,향이 좋은 커피,,2020년 11월 7일 토요일,1번째 방문,영수증
블루마일스커피로스터즈,카페,,,,산소녀41,https://m.place.naver.com/my/5d9f25018f87a842bcbf1427/review?v=2,2414,23.0,,,,2021년 1월 1일 금요일,1번째 방문,영수증
블루마일스커피로스터즈,카페,,,,swe****,https://m.place.naver.com/my/5b9c6ec75d21787ca4a5cc20/review?v=2,409,,,정말 맛있어요,,2021년 2월 13일 토요일,1번째 방문,영수증
블루마일스커피로스터즈,카페,,,,소정7650,https://m.place.naver.com/my/5e3182488f87a842bc1efe74/review?v=2,77,,,호지차슈페너 맛있고 공부하기 좋아요,,2020년 6월 25일 목요일,1번째 방문,영수증
블루마일스커피로스터즈,카페,,,,chu****,https://m.place.naver.com/my/5dd0d4768f87a842bc27226f/review?v=2,149,26.0,,"코로나가 심하기 전
여기에는 항상 공부하는 학생들이 가득했다
지금은 어떨까?",,2020년 6월 5일 금요일,1번째 방문,영수증
블루마일스커피로스터즈,카페,,,,sgb****,https://m.place.naver.com/my/5da608888f87a842bc3c21ae/review?v=2,192,,,커피가 진짜 맛있어요 쿠키도!!🤭,,2020년 6월 17일 수요일,1번째 방문,영수증
블루마일스커피로스터즈,카페,,,,뽀송보송뽀송,https://m.place.naver.com/my/5d7f63ea8f87a842bce5c064/review?v=2,1481,59.0,,"깔끔한 디자인 최고 ! 
 
디자인으로 겉멋부린 공간이 아니라 이곳은 정말 ..커피 맛이 훌륭했습니다. 산미있는거 싫어하는데 여기커피는̆̈ 그것을 무시할 정도로 맛납니다ㅠㅠ

주차문제로 살짝 불편할 수 도 있었지만 사장님이 바로 응대해주셔서 쉽게 해결할 수 있어서 감사했습니다

화장실도 깨끗해서 관리가 정말 잘된다고 생각했어요

☆彡개인적인 바램은 티라미슈도 있으면 좋을 것 같아요!!! 
커피가 티라미슈랑 진짜 잘어울릴 것 같았습니다.

사장님 정말 친절하십니다 ~! !!! 재방문 의사 1000000%
",,2020년 2월 18일 화요일,1번째 방문,영수증
블루마일스커피로스터즈,카페,,,,forest5756,https://m.place.naver.com/my/5dc437458f87a842bc56d3a4/review?v=2,84,,,인테리어가 살짝 아쉬운 느낌 블루마일스 느낌 더 살렸으면 좋을것 같아요. ,,2020년 5월 24일 일요일,1번째 방문,영수증
블루마일스커피로스터즈,카페,,,,seo****,https://m.place.naver.com/my/5e8db91c8f87a842bcc6dca9/review?v=2,12,,,베트남의 milo 맛이 나는 초콜렛밀크티,,2020년 6월 13일 토요일,2번째 방문,영수증
블루마일스커피로스터즈,카페,,,,lsy7321,https://m.place.naver.com/my/5ebc0f528f87a842bc0daabc/review?v=2,9,,,라떼 깔끔하고 맛있네요,,2020년 7월 8일 수요일,1번째 방문,영수증
블루마일스커피로스터즈,카페,,,,9시49분,https://m.place.naver.com/my/5e4690f88f87a842bc989d6b/review?v=2,38,,,쿠키랑케잌이 맛있어요~,,2020년 7월 6일 월요일,1번째 방문,영수증
블루마일스커피로스터즈,카페,,,,썬뮤즈,https://m.place.naver.com/my/5bcb72033772dc9ba3c78561/review?v=2,2186,57.0,,"동네
이렇게 괜찮은 카페가 있는지는 몰랐어요 ㅎ
자주 와야지",,2020년 3월 29일 일요일,1번째 방문,영수증
블루마일스커피로스터즈,카페,,,,나8109,https://m.place.naver.com/my/5d8a0dea8f87a842bc27a5b8/review?v=2,1159,,,"맛있어요 
굿",,2020년 7월 6일 월요일,1번째 방문,영수증
블루마일스커피로스터즈,카페,,,,포포300,https://m.place.naver.com/my/5e0ac4838f87a842bc244b83/review?v=2,2398,,,분위기가 너무 좋아요! 허니자몽 추천합니다,,2020년 4월 4일 토요일,2번째 방문,영수증
블루마일스커피로스터즈,카페,,,,도리토스65,https://m.place.naver.com/my/5b7d000d0f53b62ff6206ee4/review?v=2,55,,,좋습니다,,2020년 5월 22일 금요일,1번째 방문,영수증
블루마일스커피로스터즈,카페,,,,s__****,https://m.place.naver.com/my/5ed2236a8f87a842bcac18dd/review?v=2,316,,,맛있어요 !!!!!!!!!!!!!!!!!!!!!,,2020년 6월 17일 수요일,1번째 방문,영수증
블루마일스커피로스터즈,카페,,,,최쭈97,https://m.place.naver.com/my/5e9e91f38f87a842bc329cec/review?v=2,310,1.0,,굿,,2020년 7월 1일 수요일,1번째 방문,영수증
블루마일스커피로스터즈,카페,,,,뿌이이이이이,https://m.place.naver.com/my/5cd00674971b360ed9000119/review?v=2,24,,,향도 좋고 맛도 좋았어요ㅎㅎ,,2020년 6월 5일 금요일,1번째 방문,영수증
블루마일스커피로스터즈,카페,,,,보돌,https://m.place.naver.com/my/5c2d7ac576a8f9196e7256ec/review?v=2,485,,,1인 1음료,,2020년 6월 11일 목요일,2번째 방문,영수증
블루마일스커피로스터즈,카페,,,,코코코7621,https://m.place.naver.com/my/5ce2f560e8a1404c72bf2a33/review?v=2,436,,,.,,2020년 6월 5일 금요일,1번째 방문,영수증
블루마일스커피로스터즈,카페,,,,P2mz,https://m.place.naver.com/my/5c9db3d0662a9ea9e7e46c53/review?v=2,569,,,,,2020년 5월 27일 수요일,1번째 방문,영수증
블루마일스커피로스터즈,카페,,,,lkh****,https://m.place.naver.com/my/5e00d6d28f87a842bcf1e928/review?v=2,653,9.0,,젊은사람들 취향,,2020년 7월 26일 일요일,1번째 방문,영수증
블루마일스커피로스터즈,카페,,,,블랙래빗19,https://m.place.naver.com/my/5d4e776f8f87a842bced5bc6/review?v=2,1004,27.0,,좋아여,,2020년 5월 14일 목요일,1번째 방문,영수증
블루마일스커피로스터즈,카페,,,,히뮤,https://m.place.naver.com/my/5da051c28f87a842bc9e0a61/review?v=2,323,6.0,,늦은시간에 도착해서 쇼케이스에 디저트가 한개도 없어서 너무 아쉬웠어요.. 가격은 여느 카페랑 비슷한데 양이 좀 적어요! 😂,,2020년 11월 23일 월요일,1번째 방문,영수증
블루마일스커피로스터즈,카페,,,,seo****,https://m.place.naver.com/my/5e8db91c8f87a842bcc6dca9/review?v=2,12,,,ㅈㅁㅌ,,2020년 6월 7일 일요일,1번째 방문,영수증
블루마일스커피로스터즈,카페,,,,장미3027,https://m.place.naver.com/my/5e2e518c8f87a842bc3362bc/review?v=2,1778,,,맛있어요,,2021년 1월 4일 월요일,2번째 방문,영수증
블루마일스커피로스터즈,카페,,,,lkh****,https://m.place.naver.com/my/5e00d6d28f87a842bcf1e928/review?v=2,653,9.0,,젊은사람들 취향,,2020년 7월 26일 일요일,1번째 방문,영수증
블루마일스커피로스터즈,카페,,,,블랙래빗19,https://m.place.naver.com/my/5d4e776f8f87a842bced5bc6/review?v=2,1004,27.0,,좋아여,,2020년 5월 14일 목요일,1번째 방문,영수증
블루마일스커피로스터즈,카페,,,,히뮤,https://m.place.naver.com/my/5da051c28f87a842bc9e0a61/review?v=2,323,6.0,,늦은시간에 도착해서 쇼케이스에 디저트가 한개도 없어서 너무 아쉬웠어요.. 가격은 여느 카페랑 비슷한데 양이 좀 적어요! 😂,,2020년 11월 23일 월요일,1번째 방문,영수증
블루마일스커피로스터즈,카페,,,,seo****,https://m.place.naver.com/my/5e8db91c8f87a842bcc6dca9/review?v=2,12,,,ㅈㅁㅌ,,2020년 6월 7일 일요일,1번째 방문,영수증
블루마일스커피로스터즈,카페,,,,장미3027,https://m.place.naver.com/my/5e2e518c8f87a842bc3362bc/review?v=2,1778,,,맛있어요,,2021년 1월 4일 월요일,2번째 방문,영수증
블루마일스커피로스터즈,카페,,,,장미3027,https://m.place.naver.com/my/5e2e518c8f87a842bc3362bc/review?v=2,1778,,,맛있어요,,2021년 1월 1일 금요일,1번째 방문,영수증
블루마일스커피로스터즈,카페,,,,indol,https://m.place.naver.com/my/5b9a96c14f6baa0d4c84dcee/review?v=2,96,,,인테리어가 깔끔해요,,2020년 4월 15일 수요일,1번째 방문,영수증
블루마일스커피로스터즈,카페,,,,봉이22,https://m.place.naver.com/my/5b9f55c697d19c3dde3de2ff/review?v=2,101,,,"분위기좋고 커피를 직접로스팅하네요
플랫화이트 맛 좋았어요",,2020년 2월 12일 수요일,1번째 방문,영수증
블루마일스커피로스터즈,카페,,,,리뷰살인마누가썼냐,https://m.place.naver.com/my/5e51bef08f87a842bca3972a/review?v=2,살인마누가썼냐,,,대존맛,,2020년 3월 16일 월요일,1번째 방문,영수증
블루마일스커피로스터즈,카페,,,,계프,https://m.place.naver.com/my/5b9b6df3a75da73a8d3a23b7/review?v=2,4822,78.0,,쑥 파운드 꼭 드셔보세요. ,,2019년 12월 30일 월요일,2번째 방문,영수증
