가게이름,카테고리,전체평점,방문자리뷰,블로그리뷰,리뷰작성자,리뷰작성자링크,리뷰작성수,팔로워,첨부이미지,리뷰내용,이런_점이_좋아요,방문시간,방분횟수,방문인증
송사부수제쌀고로케 이마트 월계점,베이커리,4.29,,,Hahahahahaha,https://m.place.naver.com/my/5ba892bdcf4a1631700ff536/review?v=2,70,6,,카스테라 꽈배기를 너무 좋아하는데ㅠㅠ 송사부에서도 제가 가본 곳은 여기만 팔아서 가끔 사러와요 ㅎ,"일시적인 오류가 발생했습니다
빵이 맛있어요",2024년 7월 7일 일요일,1번째 방문,결제내역
송사부수제쌀고로케 이마트 월계점,베이커리,4.29,,,roundfrog71,https://m.place.naver.com/my/5c07daae2edc14e967da9818/review?v=2,516,,,참새방앗간처럼 꼭 이마트 장본후에 사가는 도넛이에요.맛있고 저렴해요.,"일시적인 오류가 발생했습니다
빵이 맛있어요",2024년 6월 28일 금요일,11번째 방문,영수증
송사부수제쌀고로케 이마트 월계점,베이커리,4.29,,,마을의 천연비타민,https://m.place.naver.com/my/61b073304f4bb2ae0b85b50a/review?v=2,1129,12,,"이마트안에 있는 고로케집
이름도 잼나다 계란이 한개 통으로 들어간 감동란 고로케 점심한끼 해결각입니다 그리고 인기가요고로케도 감자맛이 좋구요 부추고로케도 강추",,2024년 5월 5일 일요일,1번째 방문,영수증
송사부수제쌀고로케 이마트 월계점,베이커리,4.29,,,roundfrog71,https://m.place.naver.com/my/5c07daae2edc14e967da9818/review?v=2,516,,,"저렴하고 맛있어서, 장본후에 꼭 찹쌀도넛 사갑니다.","일시적인 오류가 발생했습니다
빵이 맛있어요",2024년 6월 1일 토요일,9번째 방문,영수증
송사부수제쌀고로케 이마트 월계점,베이커리,4.29,,,roundfrog71,https://m.place.naver.com/my/5c07daae2edc14e967da9818/review?v=2,516,,,"7시 되기전 마감세일을 많이 하더라고요. 찹쌀도넛은 인기가 많은지 없더라고요. 팥도넛 팥소가 꽉 차있어 맛있고, 값도 저렴해요.","일시적인 오류가 발생했습니다
빵이 맛있어요",2024년 4월 23일 화요일,7번째 방문,영수증
송사부수제쌀고로케 이마트 월계점,베이커리,4.29,,,roundfrog71,https://m.place.naver.com/my/5c07daae2edc14e967da9818/review?v=2,516,,,"맛도 좋고, 가격도 좋아요.","일시적인 오류가 발생했습니다
빵이 맛있어요",2024년 6월 8일 토요일,10번째 방문,영수증
송사부수제쌀고로케 이마트 월계점,베이커리,4.29,,,KiryuKazuma,https://m.place.naver.com/my/5efef5941c9b02e1ea3c1bdd/review?v=2,241,1,,이마트 갔다가 배고파지면 사먹는 송사부👍🏻,"일시적인 오류가 발생했습니다
빵이 맛있어요",2024년 6월 5일 수요일,2번째 방문,결제내역
송사부수제쌀고로케 이마트 월계점,베이커리,4.29,,,쩨잉이,https://m.place.naver.com/my/5d0dcfac3079da4c292fc738/review?v=2,27,,,"오늘 어린이날이라 사람이 많더라구요ㅎ 꽈베기도 2종류라 둘다 맛있고 생도넛, 단팥도넛 앙금이 부드럽고 맛있어요ㅎㅎ  다 오븐에 데워서 너무 맛있게 먹었어요ㅎ",,2024년 5월 5일 일요일,1번째 방문,결제내역
송사부수제쌀고로케 이마트 월계점,베이커리,4.29,,,sha****,https://m.place.naver.com/my/5ba01cd9d60b3428fa685710/review?v=2,214,2,,마트갈때마다 종종가는데 아주 맛나게 잘먹었어용,,2024년 6월 13일 목요일,1번째 방문,결제내역
송사부수제쌀고로케 이마트 월계점,베이커리,4.29,,,roundfrog71,https://m.place.naver.com/my/5c07daae2edc14e967da9818/review?v=2,516,,,"가격, 맛, 장소 모두 좋아요.","일시적인 오류가 발생했습니다
빵이 맛있어요",2024년 5월 16일 목요일,8번째 방문,영수증
송사부수제쌀고로케 이마트 월계점,베이커리,4.29,,,ya****,https://m.place.naver.com/my/60cd48fdc68d753f1eba6f7c/review?v=2,943,,,좋아요,"일시적인 오류가 발생했습니다
빵이 맛있어요",2024년 7월 22일 월요일,2번째 방문,영수증
송사부수제쌀고로케 이마트 월계점,베이커리,4.29,,,roundfrog71,https://m.place.naver.com/my/5c07daae2edc14e967da9818/review?v=2,516,,,찹쌀도넛 말해뭐해요. 일단 한번 먹어보시라니깐요. 장본후 꼭 들러 사가는 도넛이에요. 맛있고 저렴짱!,"일시적인 오류가 발생했습니다
빵이 맛있어요",2024년 4월 3일 수요일,4번째 방문,영수증
송사부수제쌀고로케 이마트 월계점,베이커리,4.29,,,싱글벙글마냥신난 박강냥,https://m.place.naver.com/my/63a2daee1438fc3a9c609f90/review?v=2,373,54,,"냉모밀 먹고 뭔가 부족해서 고로케 하나 먹었
어요! 고로케가 달콤하고 소시지 들어 있어 맛있어요 👍🏻","일시적인 오류가 발생했습니다
빵이 맛있어요",2024년 4월 18일 목요일,1번째 방문,결제내역
송사부수제쌀고로케 이마트 월계점,베이커리,4.29,,,rosalsh,https://m.place.naver.com/my/5efe8979493ad9a9a0ebdc39/review?v=2,440,6,, 맛있어요^^ 생도넛이 정말 맛있어요..,"일시적인 오류가 발생했습니다
빵이 맛있어요",2024년 5월 3일 금요일,4번째 방문,영수증
송사부수제쌀고로케 이마트 월계점,베이커리,4.29,,,roundfrog71,https://m.place.naver.com/my/5c07daae2edc14e967da9818/review?v=2,516,,,"가격도, 맛도 좋아요.","일시적인 오류가 발생했습니다
빵이 맛있어요",2024년 4월 15일 월요일,6번째 방문,영수증
송사부수제쌀고로케 이마트 월계점,베이커리,4.29,,,몽글몽그르,https://m.place.naver.com/my/5c14ffc36c089dfc0492d0ec/review?v=2,1960,12,,ㆍㅅ,,2024년 7월 6일 토요일,1번째 방문,영수증
송사부수제쌀고로케 이마트 월계점,베이커리,4.29,,,roundfrog71,https://m.place.naver.com/my/5c07daae2edc14e967da9818/review?v=2,516,,,"가성비도 좋고, 맛도 좋고~~","일시적인 오류가 발생했습니다
빵이 맛있어요",2024년 4월 5일 금요일,5번째 방문,영수증
송사부수제쌀고로케 이마트 월계점,베이커리,4.29,,,제로쑤,https://m.place.naver.com/my/5dababaf8f87a842bcb5e8c2/review?v=2,925,,,,,2024년 6월 13일 목요일,1번째 방문,영수증
송사부수제쌀고로케 이마트 월계점,베이커리,4.29,,,roundfrog71,https://m.place.naver.com/my/5c07daae2edc14e967da9818/review?v=2,516,,,"가격은 가성비짱이지만, 맛은 얼마나 맛있게요.","일시적인 오류가 발생했습니다
빵이 맛있어요",2024년 3월 16일 토요일,3번째 방문,영수증
송사부수제쌀고로케 이마트 월계점,베이커리,4.29,,,강쥐가좋아,https://m.place.naver.com/my/5c5973164bb726a708e0d6cb/review?v=2,1893,,,샐러드빵 맛있어요.,,2024년 7월 24일 수요일,9번째 방문,영수증
송사부수제쌀고로케 이마트 월계점,베이커리,4.29,,,어퍼펙트데이,https://m.place.naver.com/my/5c856b90b06e69aae1ca2fe2/review?v=2,2471,,,굿,,2024년 7월 15일 월요일,1번째 방문,영수증
송사부수제쌀고로케 이마트 월계점,베이커리,4.29,,,rjs****,https://m.place.naver.com/my/609e5963df383f9ee14caf15/review?v=2,730,,,쫀득하니 맛있음,"일시적인 오류가 발생했습니다
빵이 맛있어요",2024년 7월 13일 토요일,1번째 방문,영수증
송사부수제쌀고로케 이마트 월계점,베이커리,4.29,,,앙뢰,https://m.place.naver.com/my/5b9b0b2096087d0d5663890e/review?v=2,203,,,맛있습니다 요기하기좋아요,"일시적인 오류가 발생했습니다
빵이 맛있어요",2024년 4월 20일 토요일,1번째 방문,결제내역
송사부수제쌀고로케 이마트 월계점,베이커리,4.29,,,gusury,https://m.place.naver.com/my/5efddbf297c2663e93475589/review?v=2,320,,,고로케 맛있어요~^^,"일시적인 오류가 발생했습니다
음식이 맛있어요",2024년 5월 15일 수요일,1번째 방문,영수증
송사부수제쌀고로케 이마트 월계점,베이커리,4.29,,,neoatom,https://m.place.naver.com/my/61593fbe04927f1f3d09f610/review?v=2,1015,,,이마트  갔다가   간만에  샀음.  메뉴가  많아요,"일시적인 오류가 발생했습니다
빵이 맛있어요",2024년 4월 26일 금요일,9번째 방문,영수증
송사부수제쌀고로케 이마트 월계점,베이커리,4.29,,,봉봉쓰28,https://m.place.naver.com/my/5e6c73f88f87a842bce05cad/review?v=2,2809,,,굿,,2024년 6월 11일 화요일,7번째 방문,결제내역
송사부수제쌀고로케 이마트 월계점,베이커리,4.29,,,ya****,https://m.place.naver.com/my/60cd48fdc68d753f1eba6f7c/review?v=2,943,,,좋아요 맛있어요 ,"일시적인 오류가 발생했습니다
빵이 맛있어요",2024년 4월 9일 화요일,1번째 방문,영수증
송사부수제쌀고로케 이마트 월계점,베이커리,4.29,,,human90,https://m.place.naver.com/my/5c56473a40f734b326f18621/review?v=2,1530,47,,음,,2024년 4월 27일 토요일,2번째 방문,영수증
송사부수제쌀고로케 이마트 월계점,베이커리,4.29,,,kyo****,https://m.place.naver.com/my/5bf611d8d7429d345906c663/review?v=2,98,,,야채고로케 기름이 너무많고 야채고로케속이  짜요,,2024년 5월 1일 수요일,1번째 방문,영수증
송사부수제쌀고로케 이마트 월계점,베이커리,4.29,,,꿈9146,https://m.place.naver.com/my/5e0db23f8f87a842bcec47ab/review?v=2,541,,,굳,,2024년 6월 18일 화요일,1번째 방문,영수증
송사부수제쌀고로케 이마트 월계점,베이커리,4.29,,,애나시스터,https://m.place.naver.com/my/5c0f749ad6955e9bd4f29ca2/review?v=2,950,,,"고로케 너무 맛있어요
꽈베기도 맛있고 대체적으로 다 맛있게 먹었어요","일시적인 오류가 발생했습니다
친절해요",2024년 3월 23일 토요일,1번째 방문,결제내역
송사부수제쌀고로케 이마트 월계점,베이커리,4.29,,,레일라41,https://m.place.naver.com/my/5bbf1fe88956fd6ddd68e46a/review?v=2,409,,,"마감세일이라 맛볼겸 꽈배기와 고로케 구매했는데, 고로케가 더맛나요. ","일시적인 오류가 발생했습니다
가성비가 좋아요",2024년 1월 20일 토요일,1번째 방문,영수증
송사부수제쌀고로케 이마트 월계점,베이커리,4.29,,,나비의별 커피,https://m.place.naver.com/my/6142e8665ebd1203af6bd9e5/review?v=2,1026,,,좋아요 ,,2024년 5월 22일 수요일,4번째 방문,영수증
송사부수제쌀고로케 이마트 월계점,베이커리,4.29,,,이쁜이29,https://m.place.naver.com/my/6142e8744d8298520646f16b/review?v=2,1070,,,굿,,2024년 5월 22일 수요일,4번째 방문,영수증
송사부수제쌀고로케 이마트 월계점,베이커리,4.29,,,강쥐가좋아,https://m.place.naver.com/my/5c5973164bb726a708e0d6cb/review?v=2,1893,,,도넛 맛있어요. 굳굳,,2024년 6월 6일 목요일,8번째 방문,영수증
송사부수제쌀고로케 이마트 월계점,베이커리,4.29,,,gooopgg76,https://m.place.naver.com/my/5efde31515c4bcd4305863eb/review?v=2,1099,10,,맛잇게 잘 먹엇어오,,2024년 3월 3일 일요일,1번째 방문,영수증
송사부수제쌀고로케 이마트 월계점,베이커리,4.29,,,디농57,https://m.place.naver.com/my/5c0223de48c3f5438f65e960/review?v=2,2542,,,좋아요,,2024년 6월 16일 일요일,3번째 방문,영수증
송사부수제쌀고로케 이마트 월계점,베이커리,4.29,,,yks****,https://m.place.naver.com/my/5b9b19aee6b548119157b01d/review?v=2,22,,,맛있게 잘먹었습니다 ,"일시적인 오류가 발생했습니다
빵이 맛있어요",2024년 5월 2일 목요일,1번째 방문,결제내역
송사부수제쌀고로케 이마트 월계점,베이커리,4.29,,,호랑이만세,https://m.place.naver.com/my/5f0fd0319ec8258e4a9f289a/review?v=2,1163,,,친절에는 돈이 안 듭니다,,2024년 4월 24일 수요일,1번째 방문,영수증
송사부수제쌀고로케 이마트 월계점,베이커리,4.29,,,가비영,https://m.place.naver.com/my/5e5c26ae8f87a842bc51d372/review?v=2,1979,,,좋아요 ,,2024년 5월 3일 금요일,4번째 방문,영수증
송사부수제쌀고로케 이마트 월계점,베이커리,4.29,,,ske****,https://m.place.naver.com/my/5b9fa69df249ee6e559971b5/review?v=2,2456,,,저녁엔 세일해서 먹고 좋아요,,2024년 6월 27일 목요일,1번째 방문,결제내역
송사부수제쌀고로케 이마트 월계점,베이커리,4.29,,,여니47,https://m.place.naver.com/my/5ca88435f2900d8110d8607b/review?v=2,318,,,아이가 꽈배기를 좋아해요,,2024년 1월 17일 수요일,1번째 방문,영수증
송사부수제쌀고로케 이마트 월계점,베이커리,4.29,,,가비영,https://m.place.naver.com/my/5e5c26ae8f87a842bc51d372/review?v=2,1979,,,좋아요 ,"일시적인 오류가 발생했습니다
빵이 맛있어요",2024년 4월 23일 화요일,3번째 방문,영수증
송사부수제쌀고로케 이마트 월계점,베이커리,4.29,,,허걱천사,https://m.place.naver.com/my/5c6dfe36e88026081bce0a68/review?v=2,512,,,저렴하고 종류다양하고 맛도 괜찮아요 굿,,2024년 2월 9일 금요일,1번째 방문,결제내역
송사부수제쌀고로케 이마트 월계점,베이커리,4.29,,,KiryuKazuma,https://m.place.naver.com/my/5efef5941c9b02e1ea3c1bdd/review?v=2,241,1,,굿👍🏻,"일시적인 오류가 발생했습니다
빵이 맛있어요",2024년 4월 23일 화요일,1번째 방문,결제내역
송사부수제쌀고로케 이마트 월계점,베이커리,4.29,,,CoffeeBoy,https://m.place.naver.com/my/5ccceebf7eaaddea1430d06e/review?v=2,1570,18,,맛있어요~^^,,2024년 4월 15일 월요일,2번째 방문,영수증
송사부수제쌀고로케 이마트 월계점,베이커리,4.29,,,긍정적인 생각의 힘,https://m.place.naver.com/my/5f3f52e8a602e98f564d243d/review?v=2,147,,,굿,"일시적인 오류가 발생했습니다
대화하기 좋아요",2024년 5월 24일 금요일,1번째 방문,영수증
송사부수제쌀고로케 이마트 월계점,베이커리,4.29,,,꿀돼에지,https://m.place.naver.com/my/5f6d53b6da759039175aba01/review?v=2,163,,,"가끔 사먹어요!
맛있어요 :)","일시적인 오류가 발생했습니다
빵이 맛있어요",2023년 12월 18일 월요일,1번째 방문,결제내역
송사부수제쌀고로케 이마트 월계점,베이커리,4.29,,,원ol,https://m.place.naver.com/my/5dd7a6c29ec8258e4a04a7d6/review?v=2,1280,29,,마트가는날 꽈배기 먹는 날 >.<,,2024년 1월 21일 일요일,1번째 방문,영수증
송사부수제쌀고로케 이마트 월계점,베이커리,4.29,,,choss3869,https://m.place.naver.com/my/5fa3ed15b79fa8a558a04cab/review?v=2,1366,,,ᆢ,,2024년 3월 18일 월요일,2번째 방문,영수증
송사부수제쌀고로케 이마트 월계점,베이커리,4.29,,,유개죽,https://m.place.naver.com/my/5c094e9709ae42f1edccfb85/review?v=2,1400,5,,찹쌀도넛 👍🏻,,2024년 2월 10일 토요일,1번째 방문,영수증
송사부수제쌀고로케 이마트 월계점,베이커리,4.29,,,쥬리봉,https://m.place.naver.com/my/5e8070578f87a842bc16f376/review?v=2,128,,,"애슐리갔다가 지나는길에보여서겟겟
생도넛맛있어요
꽈베기는잘못고른건지🥲",,2024년 1월 4일 목요일,1번째 방문,결제내역
송사부수제쌀고로케 이마트 월계점,베이커리,4.29,,,이쁘니맘 71,https://m.place.naver.com/my/5e0f16278f87a842bca86eef/review?v=2,672,,,고로케 맛있어요~~,"일시적인 오류가 발생했습니다
빵이 맛있어요",2024년 2월 9일 금요일,1번째 방문,영수증
송사부수제쌀고로케 이마트 월계점,베이커리,4.29,,,can****,https://m.place.naver.com/my/5e1ba57e8f87a842bcd4daed/review?v=2,1530,,,굿,,2024년 4월 13일 토요일,7번째 방문,영수증
송사부수제쌀고로케 이마트 월계점,베이커리,4.29,,,슬6183,https://m.place.naver.com/my/5d5390b549a49b3f97c89c1e/review?v=2,322,21,,가격은 조금 있었지만 너무 맛있었어요 ❤️ ,,2024년 1월 7일 일요일,1번째 방문,결제내역
송사부수제쌀고로케 이마트 월계점,베이커리,4.29,,,꾸리꾸이꾸디,https://m.place.naver.com/my/5dc4802d8f87a842bcbc28e1/review?v=2,127,,,굿,,2024년 5월 2일 목요일,1번째 방문,영수증
송사부수제쌀고로케 이마트 월계점,베이커리,4.29,,,푸르름1,https://m.place.naver.com/my/5f0598da0e1ac3aceef979a9/review?v=2,372,1,,가격이 저렴하고 맛도 있어요,,2024년 2월 8일 목요일,1번째 방문,영수증
송사부수제쌀고로케 이마트 월계점,베이커리,4.29,,,핑크윤미,https://m.place.naver.com/my/5d2f71a37e8b908fce253397/review?v=2,529,2,,도넛쫄깃한게 맞있네요 ,,2024년 1월 29일 월요일,1번째 방문,영수증
송사부수제쌀고로케 이마트 월계점,베이커리,4.29,,,케루,https://m.place.naver.com/my/5c20abc2b2d7c842dc103c66/review?v=2,592,19,,잘다녀왔어요,,2024년 1월 26일 금요일,2번째 방문,영수증
송사부수제쌀고로케 이마트 월계점,베이커리,4.29,,,brighter,https://m.place.naver.com/my/5c2c97f5abd81ab59d86271b/review?v=2,1981,,,"간만에 야채샐러드사서 먹었는데 역시 맛있더군요
근데 찹쌀 팥 도너스는 기름이 덜빠져 뜯는데 기름기가 너무 많아 손에 너무 많이 묻고 느끼했어요
찹쌀꽈배기는 쫀득한 식감이 아니여서 실망이었어요
기름 좀 쫙 빼주세요~~~~",,2024년 1월 25일 목요일,5번째 방문,영수증
송사부수제쌀고로케 이마트 월계점,베이커리,4.29,,,쿠키5068,https://m.place.naver.com/my/5edec6b18f87a842bc9d8200/review?v=2,211,,,먹을만한 맛 이예요,,2024년 7월 3일 수요일,1번째 방문,영수증
송사부수제쌀고로케 이마트 월계점,베이커리,4.29,,,roundfrog71,https://m.place.naver.com/my/5c07daae2edc14e967da9818/review?v=2,516,,,"찹쌀도넛 쫄깃하고, 저렴하면서도 맛있어서 이마트 장본후에 꼭 사가지고 가요.","일시적인 오류가 발생했습니다
빵이 맛있어요",2023년 12월 7일 목요일,2번째 방문,영수증
송사부수제쌀고로케 이마트 월계점,베이커리,4.29,,,kwo****,https://m.place.naver.com/my/62fc560ef4b51d03e06e61c7/review?v=2,800,,,짝궁이 좋아하는 찹쌀팥앙금경단과 둘째를 위한 바삭꽈배기를 구입하여 맛있게 먹었습니다.,"일시적인 오류가 발생했습니다
빵이 맛있어요",2024년 1월 5일 금요일,2번째 방문,결제내역
송사부수제쌀고로케 이마트 월계점,베이커리,4.29,,,매운 먼지볶음,https://m.place.naver.com/my/5bcc1301fef758cd960cfb29/review?v=2,119,,,늦은 기간에 가면 떨이도 해서 쇼핑하기 전후로 자꾸 힐끔거리게되는 무서운곳이에요,,2024년 1월 12일 금요일,1번째 방문,영수증
송사부수제쌀고로케 이마트 월계점,베이커리,4.29,,,ful****,https://m.place.naver.com/my/5e96c6678f87a842bcbfc42b/review?v=2,1299,,,좋아요,"일시적인 오류가 발생했습니다
빵이 맛있어요",2024년 4월 7일 일요일,2번째 방문,영수증
송사부수제쌀고로케 이마트 월계점,베이커리,4.29,,,강쥐가좋아,https://m.place.naver.com/my/5c5973164bb726a708e0d6cb/review?v=2,1893,,,샐러드빵 좋아요,,2024년 3월 16일 토요일,7번째 방문,영수증
송사부수제쌀고로케 이마트 월계점,베이커리,4.29,,,lujina99,https://m.place.naver.com/my/5c2addf19b9e8733ff60078b/review?v=2,1253,,,"좀 느끼함
이제 가격이 착하지않네요ㅠ",,2023년 12월 9일 토요일,3번째 방문,영수증
송사부수제쌀고로케 이마트 월계점,베이커리,4.29,,,나는 행복하고 평안한 사람입니다,https://m.place.naver.com/my/6038a3007edade75609c0678/review?v=2,840,20,,빵들이 맛있어요,"일시적인 오류가 발생했습니다
특별한 메뉴가 있어요",2024년 2월 9일 금요일,2번째 방문,영수증
송사부수제쌀고로케 이마트 월계점,베이커리,4.29,,,mzifjsk,https://m.place.naver.com/my/5efe14e2854ca92931131cea/review?v=2,1067,,,긋,,2024년 2월 8일 목요일,13번째 방문,영수증
송사부수제쌀고로케 이마트 월계점,베이커리,4.29,,,엔시젤르,https://m.place.naver.com/my/5e3e63728f87a842bc786ca6/review?v=2,1006,1,,굿,,2024년 2월 18일 일요일,4번째 방문,영수증
송사부수제쌀고로케 이마트 월계점,베이커리,4.29,,,can****,https://m.place.naver.com/my/5e1ba57e8f87a842bcd4daed/review?v=2,1530,,,굿,,2024년 3월 16일 토요일,6번째 방문,영수증
송사부수제쌀고로케 이마트 월계점,베이커리,4.29,,,id****,https://m.place.naver.com/my/6104451c6bef7d084eaebff9/review?v=2,619,,,좋아요,,2024년 4월 6일 토요일,1번째 방문,영수증
송사부수제쌀고로케 이마트 월계점,베이커리,4.29,,,엔시젤르,https://m.place.naver.com/my/5e3e63728f87a842bc786ca6/review?v=2,1006,1,,도넛이 맛나네요,,2024년 1월 6일 토요일,1번째 방문,영수증
송사부수제쌀고로케 이마트 월계점,베이커리,4.29,,,rin****,https://m.place.naver.com/my/5f47992ca602e98f56a6ed6b/review?v=2,1777,,,^^,,2024년 2월 10일 토요일,1번째 방문,영수증
송사부수제쌀고로케 이마트 월계점,베이커리,4.29,,,네모8985,https://m.place.naver.com/my/600b1e71ae3da9c80d02d85a/review?v=2,439,,,굿굿,,2024년 4월 2일 화요일,1번째 방문,영수증
송사부수제쌀고로케 이마트 월계점,베이커리,4.29,,,부자되세요4333,https://m.place.naver.com/my/5e1839a68f87a842bc416ccf/review?v=2,861,,,굿,"일시적인 오류가 발생했습니다
빵이 맛있어요",2024년 4월 1일 월요일,1번째 방문,영수증
송사부수제쌀고로케 이마트 월계점,베이커리,4.29,,,가비영,https://m.place.naver.com/my/5e5c26ae8f87a842bc51d372/review?v=2,1979,,,좋아요 ,"일시적인 오류가 발생했습니다
빵이 맛있어요",2024년 2월 21일 수요일,2번째 방문,영수증
송사부수제쌀고로케 이마트 월계점,베이커리,4.29,,,sun****,https://m.place.naver.com/my/6093d0695cb7939fa5fbe7b0/review?v=2,1496,,,좋아요 ,,2024년 3월 29일 금요일,1번째 방문,영수증
송사부수제쌀고로케 이마트 월계점,베이커리,4.29,,,sun****,https://m.place.naver.com/my/60659e68961651617a337d85/review?v=2,416,17,,종류도 많고 고로케 너무 맛있어요👍👍,"일시적인 오류가 발생했습니다
가성비가 좋아요",2023년 10월 27일 금요일,1번째 방문,영수증
송사부수제쌀고로케 이마트 월계점,베이커리,4.29,,,너무마니,https://m.place.naver.com/my/6028c689151ad05fc1cfe017/review?v=2,1372,,,좋아요,,2024년 3월 23일 토요일,2번째 방문,영수증
송사부수제쌀고로케 이마트 월계점,베이커리,4.29,,,먹수니냠냠,https://m.place.naver.com/my/5d98aeee8f87a842bc80b7fe/review?v=2,1458,65,,"고로케 종류 많아서 선택장애옴
이마트 쇼핑하면서 간단히 요깃거리로 좋음!","일시적인 오류가 발생했습니다
빵이 맛있어요",2023년 11월 11일 토요일,2번째 방문,결제내역
송사부수제쌀고로케 이마트 월계점,베이커리,4.29,,,inj****,https://m.place.naver.com/my/61dbe1b88e9235089bf941a1/review?v=2,1066,,,굿,"일시적인 오류가 발생했습니다
빵이 맛있어요",2024년 6월 2일 일요일,4번째 방문,영수증
송사부수제쌀고로케 이마트 월계점,베이커리,4.29,,,am0405,https://m.place.naver.com/my/5f02ccaf250d3f5b8c5da801/review?v=2,236,,,잊구쪽이라 바로 먹으면 차가워서 집에 와 오븐에 데워먹어요,,2023년 12월 21일 목요일,2번째 방문,영수증
송사부수제쌀고로케 이마트 월계점,베이커리,4.29,,,neoatom,https://m.place.naver.com/my/61593fbe04927f1f3d09f610/review?v=2,1015,,,송사부고로케   좋아요.  맛나고~,"일시적인 오류가 발생했습니다
친절해요",2023년 12월 4일 월요일,8번째 방문,영수증
송사부수제쌀고로케 이마트 월계점,베이커리,4.29,,,qa****,https://m.place.naver.com/my/5c04cc2c95be5b52bebade47/review?v=2,506,11,,빵은 맛있었는데 바쁘신건 알지만 너무 불친절했어요,,2023년 11월 19일 일요일,1번째 방문,영수증
송사부수제쌀고로케 이마트 월계점,베이커리,4.29,,,누르는순간수전증,https://m.place.naver.com/my/5cf7179c5a938498ee12f120/review?v=2,965,31,,빵이 맛있어요 좋아요 ,"일시적인 오류가 발생했습니다
빵이 맛있어요",2023년 12월 17일 일요일,1번째 방문,영수증
송사부수제쌀고로케 이마트 월계점,베이커리,4.29,,,해진혜빈맘52,https://m.place.naver.com/my/6040829d7aa0c9be15717b20/review?v=2,879,,,굿,,2024년 2월 5일 월요일,1번째 방문,영수증
송사부수제쌀고로케 이마트 월계점,베이커리,4.29,,,동동이맘17,https://m.place.naver.com/my/5f267b429ec8258e4a60798a/review?v=2,1538,35,,셀러드빵 맛있어요,"일시적인 오류가 발생했습니다
빵이 맛있어요",2024년 2월 9일 금요일,1번째 방문,영수증
송사부수제쌀고로케 이마트 월계점,베이커리,4.29,,,koko30,https://m.place.naver.com/my/608dc4b163769b49ed59965c/review?v=2,1374,,,굿,,2024년 2월 3일 토요일,1번째 방문,영수증
송사부수제쌀고로케 이마트 월계점,베이커리,4.29,,,WD18,https://m.place.naver.com/my/5dd8d83b9ec8258e4a9385f5/review?v=2,165,,,고로케 좋아하는 남편이 이마트 쇼핑후 자주 들르는곳입니다.,,2023년 12월 16일 토요일,1번째 방문,영수증
송사부수제쌀고로케 이마트 월계점,베이커리,4.29,,,초무7,https://m.place.naver.com/my/5c8a51aa77bd4a59bf7547c3/review?v=2,182,,,^^,,2024년 2월 10일 토요일,1번째 방문,영수증
송사부수제쌀고로케 이마트 월계점,베이커리,4.29,,,roundfrog71,https://m.place.naver.com/my/5c07daae2edc14e967da9818/review?v=2,516,,,이마트 갈때마다 사먹어요. 저렴하고 맛있어요.,"일시적인 오류가 발생했습니다
빵이 맛있어요",2023년 10월 7일 토요일,1번째 방문,영수증
송사부수제쌀고로케 이마트 월계점,베이커리,4.29,,,이쁜이29,https://m.place.naver.com/my/6142e8744d8298520646f16b/review?v=2,1070,,,야채 고로케 정말 맛있어요 ,,2023년 9월 25일 월요일,3번째 방문,영수증
송사부수제쌀고로케 이마트 월계점,베이커리,4.29,,,핏숏,https://m.place.naver.com/my/5c288f823873d9c9fd3fbb0c/review?v=2,1491,25,,쏘쏘 : ),"일시적인 오류가 발생했습니다
가성비가 좋아요",2024년 2월 3일 토요일,2번째 방문,영수증
송사부수제쌀고로케 이마트 월계점,베이커리,4.29,,,잘록돼지,https://m.place.naver.com/my/5efe5eabbf28894a928869cd/review?v=2,126,,,"이마트 갈때마다 들러서 사먹고 있어요 ~
조금 늦게 갔더니, 세일도 하네요!","일시적인 오류가 발생했습니다
특별한 메뉴가 있어요",2023년 10월 12일 목요일,1번째 방문,영수증
송사부수제쌀고로케 이마트 월계점,베이커리,4.29,,,dahyk,https://m.place.naver.com/my/61988535e771331b06c5cbae/review?v=2,727,,,굿,,2024년 5월 19일 일요일,1번째 방문,영수증
송사부수제쌀고로케 이마트 월계점,베이커리,4.29,,,엔시젤르,https://m.place.naver.com/my/5e3e63728f87a842bc786ca6/review?v=2,1006,1,,좋아요,"일시적인 오류가 발생했습니다
빵이 맛있어요",2024년 1월 21일 일요일,3번째 방문,영수증
송사부수제쌀고로케 이마트 월계점,베이커리,4.29,,,dltpwls21791,https://m.place.naver.com/my/5cd2b1f29df1ff72cee72745/review?v=2,743,,,굿,,2024년 2월 16일 금요일,1번째 방문,영수증
송사부수제쌀고로케 이마트 월계점,베이커리,4.29,,,엔시젤르,https://m.place.naver.com/my/5e3e63728f87a842bc786ca6/review?v=2,1006,1,,좋아용,,2024년 1월 15일 월요일,2번째 방문,영수증
송사부수제쌀고로케 이마트 월계점,베이커리,4.29,,,joo****,https://m.place.naver.com/my/6142f1792ace790006109fbf/review?v=2,474,,,오후 늦게 갔더니 빵이 많이 빠졌네요,"일시적인 오류가 발생했습니다
빵이 맛있어요",2023년 9월 25일 월요일,4번째 방문,영수증
송사부수제쌀고로케 이마트 월계점,베이커리,4.29,,,libertyas,https://m.place.naver.com/my/5d6a81738f87a842bc196d13/review?v=2,1404,4,,좋아요.,"일시적인 오류가 발생했습니다
빵이 맛있어요",2024년 2월 14일 수요일,2번째 방문,영수증
송사부수제쌀고로케 이마트 월계점,베이커리,4.29,,,봉그르,https://m.place.naver.com/my/5f91570a6165d6b6ffc9f66e/review?v=2,1080,,,왠만한거는 다 맛나요,"일시적인 오류가 발생했습니다
빵이 맛있어요",2023년 11월 13일 월요일,2번째 방문,영수증
송사부수제쌀고로케 이마트 월계점,베이커리,4.29,,,에이미다람,https://m.place.naver.com/my/5c1df7f23c851b68898a7a41/review?v=2,763,27,,바로 튀긴 도넛 맛있어요,,2023년 11월 16일 목요일,1번째 방문,영수증
송사부수제쌀고로케 이마트 월계점,베이커리,4.29,,,inj****,https://m.place.naver.com/my/61dbe1b88e9235089bf941a1/review?v=2,1066,,,굿,"일시적인 오류가 발생했습니다
빵이 맛있어요",2024년 4월 26일 금요일,3번째 방문,영수증
송사부수제쌀고로케 이마트 월계점,베이커리,4.29,,,사악천사77,https://m.place.naver.com/my/5d438cc3c7d88e77faeebb40/review?v=2,684,14,,아이와 함께 간만에 먹어 봄!,,2023년 9월 9일 토요일,2번째 방문,영수증
송사부수제쌀고로케 이마트 월계점,베이커리,4.29,,,가비영,https://m.place.naver.com/my/5e5c26ae8f87a842bc51d372/review?v=2,1979,,,맛있어요 ,,2024년 1월 4일 목요일,1번째 방문,영수증
송사부수제쌀고로케 이마트 월계점,베이커리,4.29,,,Sun2543,https://m.place.naver.com/my/5e8d22158f87a842bc1d08b5/review?v=2,956,,,"이마트가면 꼭 먹는데,쫀득볼처음먹었는데,맛있어요~^^","일시적인 오류가 발생했습니다
빵이 맛있어요",2024년 2월 14일 수요일,1번째 방문,영수증
송사부수제쌀고로케 이마트 월계점,베이커리,4.29,,,oyt****,https://m.place.naver.com/my/5e86925e8f87a842bcefeada/review?v=2,1077,,,좋아요,,2024년 2월 4일 일요일,1번째 방문,영수증
송사부수제쌀고로케 이마트 월계점,베이커리,4.29,,,나비의별 커피,https://m.place.naver.com/my/6142e8665ebd1203af6bd9e5/review?v=2,1026,,,이마트 송사부고로케 맛있어요 ,,2023년 9월 5일 화요일,2번째 방문,영수증
송사부수제쌀고로케 이마트 월계점,베이커리,4.29,,,너무마니,https://m.place.naver.com/my/6028c689151ad05fc1cfe017/review?v=2,1372,,,좋아요,"일시적인 오류가 발생했습니다
빵이 맛있어요",2024년 2월 3일 토요일,1번째 방문,영수증
송사부수제쌀고로케 이마트 월계점,베이커리,4.29,,,나비의별 커피,https://m.place.naver.com/my/6142e8665ebd1203af6bd9e5/review?v=2,1026,,,맛있는 고로케 좋아요 ,,2023년 9월 25일 월요일,3번째 방문,영수증
송사부수제쌀고로케 이마트 월계점,베이커리,4.29,,,까칠한겸둥이,https://m.place.naver.com/my/5b6328a1d96cabf985621d17/review?v=2,2170,144,,"흐
ㄴ적
또는
기록남ㄱㅕ놔ㅇㅑ 되니ㄲㅏ?

귀찮ㅇㅏ도
포장으로 
구입한_[부분]

ㅂㅏ로안먹고
몇시간 지나고 맛있게 먹은순우ㅣ

감자쫀득볼&카스테라 꽈배기는 존맛👍 이였고

중화 어쩌고 저쩌고 고로케는 나쁘지않았고

흑미고구마찹쌀은
 그닥이였고 𐌅 ヲ (맛이없었단건 아닌부.분)",,2023년 10월 7일 토요일,1번째 방문,영수증
송사부수제쌀고로케 이마트 월계점,베이커리,4.29,,,구공27,https://m.place.naver.com/my/5c0bc5028c2a7b9b99211d96/review?v=2,558,,,굿,"일시적인 오류가 발생했습니다
빵이 맛있어요",2024년 1월 29일 월요일,1번째 방문,영수증
송사부수제쌀고로케 이마트 월계점,베이커리,4.29,,,ja5****,https://m.place.naver.com/my/606851bd88c986a86b78fc35/review?v=2,1042,,,굿,"일시적인 오류가 발생했습니다
빵이 맛있어요",2024년 4월 21일 일요일,1번째 방문,영수증
송사부수제쌀고로케 이마트 월계점,베이커리,4.29,,,작은나무 혁,https://m.place.naver.com/my/5e4aa0588f87a842bc84ac3c/review?v=2,685,14,,가격도 착하고 종류도 많고 맛있어요,"일시적인 오류가 발생했습니다
매장이 청결해요",2023년 8월 30일 수요일,1번째 방문,영수증
송사부수제쌀고로케 이마트 월계점,베이커리,4.29,,,큰북 작은북,https://m.place.naver.com/my/5f0400d234554cd50d1854b4/review?v=2,86,,,이마트 월계점 방문하면 늘 들러서 포장해옵니다! 메뉴가 다양하고 맛있어요^^ 가격도 저렴~,"일시적인 오류가 발생했습니다
빵이 맛있어요",2023년 10월 3일 화요일,1번째 방문,결제내역
송사부수제쌀고로케 이마트 월계점,베이커리,4.29,,,강쥐가좋아,https://m.place.naver.com/my/5c5973164bb726a708e0d6cb/review?v=2,1893,,,샐러드빵 맛있어요.굳,,2023년 12월 23일 토요일,5번째 방문,영수증
송사부수제쌀고로케 이마트 월계점,베이커리,4.29,,,ast****,https://m.place.naver.com/my/5c10ed8846fb06d242d17fc9/review?v=2,1026,,,좋아요.........,,2024년 1월 12일 금요일,1번째 방문,영수증
송사부수제쌀고로케 이마트 월계점,베이커리,4.29,,,hos****,https://m.place.naver.com/my/6142faf6c45690000692f1e9/review?v=2,363,,,빵이 맛나요,"일시적인 오류가 발생했습니다
빵이 맛있어요",2023년 12월 8일 금요일,1번째 방문,영수증
송사부수제쌀고로케 이마트 월계점,베이커리,4.29,,,soo****,https://m.place.naver.com/my/61a8443bedc82600063f6ff9/review?v=2,281,,,빵이 맛나요,"일시적인 오류가 발생했습니다
빵이 맛있어요",2023년 12월 8일 금요일,1번째 방문,영수증
송사부수제쌀고로케 이마트 월계점,베이커리,4.29,,,h03****,https://m.place.naver.com/my/5e6793d38f87a842bcd13297/review?v=2,660,,,종류가 다양해요,,2024년 2월 6일 화요일,1번째 방문,영수증
송사부수제쌀고로케 이마트 월계점,베이커리,4.29,,,mzifjsk,https://m.place.naver.com/my/5efe14e2854ca92931131cea/review?v=2,1067,,,긋,,2023년 11월 13일 월요일,12번째 방문,영수증
송사부수제쌀고로케 이마트 월계점,베이커리,4.29,,,향기로운 채움,https://m.place.naver.com/my/605d8e91b17852528f300769/review?v=2,2282,1,,죻아요,,2024년 2월 1일 목요일,2번째 방문,영수증
송사부수제쌀고로케 이마트 월계점,베이커리,4.29,,,WhatThe,https://m.place.naver.com/my/5d1856a5a217ea6296b555b9/review?v=2,721,15,,친절해요,,2023년 11월 25일 토요일,2번째 방문,영수증
송사부수제쌀고로케 이마트 월계점,베이커리,4.29,,,코양,https://m.place.naver.com/my/5cc466053743f3d80d9d40d7/review?v=2,618,7,,빵 맛있어요~~~,,2023년 11월 25일 토요일,2번째 방문,영수증
송사부수제쌀고로케 이마트 월계점,베이커리,4.29,,,나는 행복하고 평안한 사람입니다,https://m.place.naver.com/my/6038a3007edade75609c0678/review?v=2,840,20,,맛있어요 ,"일시적인 오류가 발생했습니다
특별한 메뉴가 있어요",2024년 1월 1일 월요일,1번째 방문,영수증
송사부수제쌀고로케 이마트 월계점,베이커리,4.29,,,피카츄2867,https://m.place.naver.com/my/5cab508d995ca349a55060b5/review?v=2,1954,,,^^,,2023년 12월 4일 월요일,2번째 방문,영수증
송사부수제쌀고로케 이마트 월계점,베이커리,4.29,,,지옥의단두대,https://m.place.naver.com/my/5ef2ffe58f87a842bc6aa7d7/review?v=2,376,3,,맛있어요,,2023년 11월 24일 금요일,1번째 방문,영수증
송사부수제쌀고로케 이마트 월계점,베이커리,4.29,,,soo****,https://m.place.naver.com/my/606316b0210ba769242439a7/review?v=2,808,,,"간식으로 아들이 좋아해요.
송사부 고로케.
조금 기름진 것이 단점
항상 먹는것은 마니니까...
good!
",,2023년 9월 25일 월요일,1번째 방문,영수증
송사부수제쌀고로케 이마트 월계점,베이커리,4.29,,,tedybearr,https://m.place.naver.com/my/5eaf0d078f87a842bcf4ca1a/review?v=2,742,,,"송사부 도너츠도 맛있고 맛살샐러드빵은
더 맛있어요~","일시적인 오류가 발생했습니다
빵이 맛있어요",2023년 6월 20일 화요일,1번째 방문,영수증
송사부수제쌀고로케 이마트 월계점,베이커리,4.29,,,나비의별 커피,https://m.place.naver.com/my/6142e8665ebd1203af6bd9e5/review?v=2,1026,,,좋아하는 고로케 잘 먹었어요 ,,2023년 8월 28일 월요일,1번째 방문,영수증
송사부수제쌀고로케 이마트 월계점,베이커리,4.29,,,bee****,https://m.place.naver.com/my/5fd79de5b212cd5d78c7eb06/review?v=2,448,,,좋아요,"일시적인 오류가 발생했습니다
빵이 맛있어요",2024년 3월 15일 금요일,1번째 방문,영수증
송사부수제쌀고로케 이마트 월계점,베이커리,4.29,,,Ham53,https://m.place.naver.com/my/5f04289f07df30f9d675f328/review?v=2,742,53,,남자친구가 암창 맛있게먹았어요,,2023년 8월 26일 토요일,1번째 방문,영수증
송사부수제쌀고로케 이마트 월계점,베이커리,4.29,,,jksoon,https://m.place.naver.com/my/5eb977528f87a842bc0ce67d/review?v=2,1406,13,,조아요,,2023년 9월 27일 수요일,9번째 방문,결제내역
송사부수제쌀고로케 이마트 월계점,베이커리,4.29,,,yun****,https://m.place.naver.com/my/5f05d666514f72d06ac962a8/review?v=2,338,,,맛있다,"일시적인 오류가 발생했습니다
빵이 맛있어요",2023년 12월 15일 금요일,1번째 방문,영수증
송사부수제쌀고로케 이마트 월계점,베이커리,4.29,,,kjt415,https://m.place.naver.com/my/6083b2f0365f30d445738725/review?v=2,532,,,좋아요 ,,2023년 12월 14일 목요일,1번째 방문,영수증
송사부수제쌀고로케 이마트 월계점,베이커리,4.29,,,야앙61,https://m.place.naver.com/my/5f00815c8f87a842bc10d26e/review?v=2,658,,,굿,,2023년 12월 12일 화요일,1번째 방문,영수증
송사부수제쌀고로케 이마트 월계점,베이커리,4.29,,,jsso23,https://m.place.naver.com/my/5dfccb108f87a842bc941c0f/review?v=2,383,,,굳,,2023년 12월 12일 화요일,1번째 방문,결제내역
송사부수제쌀고로케 이마트 월계점,베이커리,4.29,,,mooonriver,https://m.place.naver.com/my/5e04b4188f87a842bc561e0d/review?v=2,1145,,,굿,,2024년 2월 22일 목요일,3번째 방문,결제내역
송사부수제쌀고로케 이마트 월계점,베이커리,4.29,,,도시인1060,https://m.place.naver.com/my/5eed440a8f87a842bcb1b9db/review?v=2,1032,,,좋아요 ,,2023년 12월 2일 토요일,2번째 방문,결제내역
송사부수제쌀고로케 이마트 월계점,베이커리,4.29,,,hjlim2514,https://m.place.naver.com/my/5ef7e3ec8f87a842bc431177/review?v=2,1392,,,맛이 별로예요,,2023년 9월 3일 일요일,1번째 방문,영수증
송사부수제쌀고로케 이마트 월계점,베이커리,4.29,,,봉그르,https://m.place.naver.com/my/5f91570a6165d6b6ffc9f66e/review?v=2,1080,,,고로께 굿,,2023년 11월 3일 금요일,1번째 방문,영수증
송사부수제쌀고로케 이마트 월계점,베이커리,4.29,,,pjw4051,https://m.place.naver.com/my/5d417b688a9fdc34f966f14f/review?v=2,1432,,,좋아요 ,,2024년 4월 10일 수요일,1번째 방문,영수증
송사부수제쌀고로케 이마트 월계점,베이커리,4.29,,,케루,https://m.place.naver.com/my/5c20abc2b2d7c842dc103c66/review?v=2,592,19,,괜찮네용,,2023년 11월 4일 토요일,1번째 방문,영수증
송사부수제쌀고로케 이마트 월계점,베이커리,4.29,,,am0405,https://m.place.naver.com/my/5f02ccaf250d3f5b8c5da801/review?v=2,236,,,굿,,2023년 12월 1일 금요일,1번째 방문,영수증
송사부수제쌀고로케 이마트 월계점,베이커리,4.29,,,이쁜이29,https://m.place.naver.com/my/6142e8744d8298520646f16b/review?v=2,1070,,,코로케 짱 맛있어요 ,,2023년 8월 28일 월요일,1번째 방문,영수증
송사부수제쌀고로케 이마트 월계점,베이커리,4.29,,,02100210,https://m.place.naver.com/my/5b9d15a91c7e67b318b2957a/review?v=2,193,,,찹쌀도너스 맛있어요,,2023년 9월 28일 목요일,1번째 방문,결제내역
송사부수제쌀고로케 이마트 월계점,베이커리,4.29,,,로또2024,https://m.place.naver.com/my/5de3c4ed9ec8258e4a7bd76e/review?v=2,1956,,,즉석에서 만드니깐 맛이 있어요,,2023년 8월 19일 토요일,3번째 방문,영수증
송사부수제쌀고로케 이마트 월계점,베이커리,4.29,,,mzifjsk,https://m.place.naver.com/my/5efe14e2854ca92931131cea/review?v=2,1067,,,긋,,2023년 9월 13일 수요일,11번째 방문,영수증
송사부수제쌀고로케 이마트 월계점,베이커리,4.29,,,rosalsh,https://m.place.naver.com/my/5efe8979493ad9a9a0ebdc39/review?v=2,440,6,, 생도넛 장인의 맛..한결같아요,"일시적인 오류가 발생했습니다
빵이 맛있어요",2023년 7월 29일 토요일,3번째 방문,영수증
송사부수제쌀고로케 이마트 월계점,베이커리,4.29,,,눙눙쀼,https://m.place.naver.com/my/5e3d32718f87a842bca9b261/review?v=2,961,5,,꽈배기 맛있더라구요,,2023년 8월 19일 토요일,1번째 방문,영수증
송사부수제쌀고로케 이마트 월계점,베이커리,4.29,,,mil****,https://m.place.naver.com/my/5be9948fa0bc3b6c4081dd4a/review?v=2,933,,,소스가 더 듬뿍 들어가면 좋겠어요,,2023년 6월 24일 토요일,1번째 방문,영수증
송사부수제쌀고로케 이마트 월계점,베이커리,4.29,,,papico77,https://m.place.naver.com/my/5b62ea2a8ee7c957f8f38398/review?v=2,1099,,,.,,2023년 10월 15일 일요일,1번째 방문,영수증
송사부수제쌀고로케 이마트 월계점,베이커리,4.29,,,sun****,https://m.place.naver.com/my/5df9aa7d8f87a842bc99e671/review?v=2,1374,4,,흠,,2023년 9월 30일 토요일,1번째 방문,영수증
송사부수제쌀고로케 이마트 월계점,베이커리,4.29,,,반짝반짝 작은 별38,https://m.place.naver.com/my/5f2442179ec8258e4afa025f/review?v=2,540,,,꽈배기.맛있어요,"일시적인 오류가 발생했습니다
빵이 맛있어요",2023년 8월 12일 토요일,1번째 방문,영수증
송사부수제쌀고로케 이마트 월계점,베이커리,4.29,,,범블대디,https://m.place.naver.com/my/5f6061626c3d7f7334a3db8d/review?v=2,1576,19,,좋아요^^,,2023년 10월 3일 화요일,1번째 방문,영수증
송사부수제쌀고로케 이마트 월계점,베이커리,4.29,,,lll****,https://m.place.naver.com/my/5e48cfc68f87a842bc8de95c/review?v=2,287,3,,좋아요,,2023년 10월 21일 토요일,1번째 방문,영수증
송사부수제쌀고로케 이마트 월계점,베이커리,4.29,,,리비유모온스터무난구기,https://m.place.naver.com/my/5c06924bbb256c4c5f8b2cb1/review?v=2,2302,101,,간식거리 맛있어요.,,2023년 8월 3일 목요일,1번째 방문,영수증
송사부수제쌀고로케 이마트 월계점,베이커리,4.29,,,CoffeeBoy,https://m.place.naver.com/my/5ccceebf7eaaddea1430d06e/review?v=2,1570,18,,좋아요,,2023년 9월 26일 화요일,1번째 방문,영수증
송사부수제쌀고로케 이마트 월계점,베이커리,4.29,,,cash on,https://m.place.naver.com/my/5e6f1d678f87a842bc18da6c/review?v=2,1678,,,샐러드빵맛있어요,,2023년 8월 1일 화요일,2번째 방문,영수증
송사부수제쌀고로케 이마트 월계점,베이커리,4.29,,,78m****,https://m.place.naver.com/my/5f04032c34554cd50d18732d/review?v=2,702,,,야채샐러드 고로케 맛있어요,"일시적인 오류가 발생했습니다
빵이 맛있어요",2023년 5월 25일 목요일,2번째 방문,영수증
송사부수제쌀고로케 이마트 월계점,베이커리,4.29,,,코양,https://m.place.naver.com/my/5cc466053743f3d80d9d40d7/review?v=2,618,7,,기름이 깨끗해서인지 맛있어요,"일시적인 오류가 발생했습니다
특별한 메뉴가 있어요",2023년 5월 29일 월요일,1번째 방문,영수증
송사부수제쌀고로케 이마트 월계점,베이커리,4.29,,,추달이,https://m.place.naver.com/my/5b9c9c2b38f61a3b0f5093ab/review?v=2,709,29,,여기 참 괜찮다 ㅋ,"일시적인 오류가 발생했습니다
빵이 맛있어요",2023년 5월 27일 토요일,1번째 방문,영수증
송사부수제쌀고로케 이마트 월계점,베이커리,4.29,,,승수맘39,https://m.place.naver.com/my/5ca3f540a53f1f54519f1384/review?v=2,902,,,맛있어요 ,,2024년 2월 18일 일요일,2번째 방문,영수증
송사부수제쌀고로케 이마트 월계점,베이커리,4.29,,,임인숙1793,https://m.place.naver.com/my/5e7f664e8f87a842bca1d348/review?v=2,425,,,친절해요,,2024년 1월 30일 화요일,5번째 방문,영수증
송사부수제쌀고로케 이마트 월계점,베이커리,4.29,,,저스티스70,https://m.place.naver.com/my/62e225b6d7bba69b24b91aeb/review?v=2,1790,,,좋아요,"일시적인 오류가 발생했습니다
빵이 맛있어요",2023년 9월 12일 화요일,1번째 방문,영수증
송사부수제쌀고로케 이마트 월계점,베이커리,4.29,,,이쁜이29,https://m.place.naver.com/my/6142e8744d8298520646f16b/review?v=2,1070,,,굿,,2023년 9월 5일 화요일,2번째 방문,영수증
송사부수제쌀고로케 이마트 월계점,베이커리,4.29,,,모찌러버,https://m.place.naver.com/my/611335cc581dd635e511e1a6/review?v=2,148,,,친절해요,,2024년 1월 5일 금요일,1번째 방문,영수증
송사부수제쌀고로케 이마트 월계점,베이커리,4.29,,,Mr Jin,https://m.place.naver.com/my/5c232ed035f937cc73618aef/review?v=2,1013,,,친절해요 ,"일시적인 오류가 발생했습니다
빵이 맛있어요",2023년 9월 9일 토요일,1번째 방문,영수증
송사부수제쌀고로케 이마트 월계점,베이커리,4.29,,,Bee5161,https://m.place.naver.com/my/5eeef7128f87a842bc17b826/review?v=2,1176,,,좋아요 ,,2023년 9월 5일 화요일,1번째 방문,영수증
송사부수제쌀고로케 이마트 월계점,베이커리,4.29,,,알 타 리,https://m.place.naver.com/my/5d8e1c5a8f87a842bc81c3ac/review?v=2,49,,,이마트 갔다가 꽈배기  생도너츠 사왔는데 맛있어요~,,2023년 6월 17일 토요일,1번째 방문,결제내역
송사부수제쌀고로케 이마트 월계점,베이커리,4.29,,,왕언니1028,https://m.place.naver.com/my/5f06298dc39701d27e161f46/review?v=2,699,,,좋아요 ,,2023년 10월 2일 월요일,1번째 방문,결제내역
송사부수제쌀고로케 이마트 월계점,베이커리,4.29,,,ya9090,https://m.place.naver.com/my/5c2cf0706aa4fab66fac2a66/review?v=2,1101,,,굿,,2024년 1월 29일 월요일,2번째 방문,영수증
송사부수제쌀고로케 이마트 월계점,베이커리,4.29,,,joo****,https://m.place.naver.com/my/6142f1792ace790006109fbf/review?v=2,474,,,킹콘소고 샌러드빵이 제일 맛있는거 같아요,,2023년 4월 26일 수요일,3번째 방문,영수증
송사부수제쌀고로케 이마트 월계점,베이커리,4.29,,,향기로운 채움,https://m.place.naver.com/my/605d8e91b17852528f300769/review?v=2,2282,1,,좋아요,,2023년 11월 19일 일요일,1번째 방문,영수증
송사부수제쌀고로케 이마트 월계점,베이커리,4.29,,,rosalsh,https://m.place.naver.com/my/5efe8979493ad9a9a0ebdc39/review?v=2,440,6,, 생도넛 최고예요,"일시적인 오류가 발생했습니다
빵이 맛있어요",2023년 6월 28일 수요일,2번째 방문,영수증
송사부수제쌀고로케 이마트 월계점,베이커리,4.29,,,윤혜경50,https://m.place.naver.com/my/619f6f145fc80500a49b2d11/review?v=2,276,,,빵이 맛있고 친절하세요,,2023년 8월 4일 금요일,1번째 방문,영수증
송사부수제쌀고로케 이마트 월계점,베이커리,4.29,,,뾰로롱새댁,https://m.place.naver.com/my/5c2eeb14a2625125e908f7ff/review?v=2,132,,,"흑미고구마찹쌀,꿀호떡 고로케 맛있어요",,2023년 5월 6일 토요일,1번째 방문,영수증
송사부수제쌀고로케 이마트 월계점,베이커리,4.29,,,eehh0626,https://m.place.naver.com/my/5d88474a8f87a842bc3f0da3/review?v=2,949,7,,굿,,2023년 9월 3일 일요일,2번째 방문,영수증
송사부수제쌀고로케 이마트 월계점,베이커리,4.29,,,Molly47,https://m.place.naver.com/my/5dbd076e8f87a842bc0e36fa/review?v=2,418,,,굿,"일시적인 오류가 발생했습니다
빵이 맛있어요",2023년 11월 30일 목요일,3번째 방문,영수증
송사부수제쌀고로케 이마트 월계점,베이커리,4.29,,,kd_****,https://m.place.naver.com/my/5ff2b909665b23f1d213cdd5/review?v=2,352,,,ㅡ,,2023년 8월 28일 월요일,1번째 방문,영수증
송사부수제쌀고로케 이마트 월계점,베이커리,4.29,,,수민지민엄마,https://m.place.naver.com/my/5ca83c003839dfdd8a5bbf04/review?v=2,256,,,엄청 맛있지는않아요,,2023년 10월 15일 일요일,2번째 방문,영수증
송사부수제쌀고로케 이마트 월계점,베이커리,4.29,,,epg****,https://m.place.naver.com/my/5d11cf585868d438fb1f4365/review?v=2,1765,,,맛나요,,2024년 2월 17일 토요일,5번째 방문,영수증
송사부수제쌀고로케 이마트 월계점,베이커리,4.29,,,루케테 Lucete,https://m.place.naver.com/my/5d987a648f87a842bcf4aba2/review?v=2,1517,1,,고로케 넘 오랜만인데- 다양한 맛에 바삭쫀득 좋아요!!,"일시적인 오류가 발생했습니다
특별한 메뉴가 있어요",2023년 5월 20일 토요일,1번째 방문,영수증
송사부수제쌀고로케 이마트 월계점,베이커리,4.29,,,희카츄,https://m.place.naver.com/my/5ebff41d8f87a842bc0e1fcf/review?v=2,754,,,용기내 챌린지를 할 수 있어요,"일시적인 오류가 발생했습니다
빵이 맛있어요",2023년 6월 22일 목요일,1번째 방문,영수증
송사부수제쌀고로케 이마트 월계점,베이커리,4.29,,,너만바라볼까,https://m.place.naver.com/my/5dc4dcff8f87a842bce0af03/review?v=2,248,,,고로케 맛집,"일시적인 오류가 발생했습니다
빵이 맛있어요",2023년 8월 21일 월요일,1번째 방문,결제내역
송사부수제쌀고로케 이마트 월계점,베이커리,4.29,,,7579hs,https://m.place.naver.com/my/5e62091b8f87a842bc740fb6/review?v=2,888,,,송사부는 옳다,"일시적인 오류가 발생했습니다
빵이 맛있어요",2023년 7월 15일 토요일,2번째 방문,영수증
송사부수제쌀고로케 이마트 월계점,베이커리,4.29,,,와우2985,https://m.place.naver.com/my/5e4f172c8f87a842bcbde4d9/review?v=2,1859,,,맛있어요,,2023년 10월 30일 월요일,1번째 방문,영수증
송사부수제쌀고로케 이마트 월계점,베이커리,4.29,,,버들배들뽀들뿌들,https://m.place.naver.com/my/5eff9d8ad012f64a7231af05/review?v=2,508,8,,찹쌀도넛 사러갔다가 ㅋㅋㄴㅋ왕창산 곳 ㅋㅋㅋ,"일시적인 오류가 발생했습니다
빵이 맛있어요",2023년 4월 15일 토요일,1번째 방문,영수증
송사부수제쌀고로케 이마트 월계점,베이커리,4.29,,,천생연분53,https://m.place.naver.com/my/5db02d3f8f87a842bc257486/review?v=2,54,,,맛나게 잘먹음요,"일시적인 오류가 발생했습니다
가성비가 좋아요",2023년 7월 13일 목요일,1번째 방문,결제내역
송사부수제쌀고로케 이마트 월계점,베이커리,4.29,,,청학뺀돌,https://m.place.naver.com/my/5f5b80826c3d7f7334b262e6/review?v=2,1194,,,ㅇ,,2023년 7월 13일 목요일,1번째 방문,영수증
송사부수제쌀고로케 이마트 월계점,베이커리,4.29,,,hee****,https://m.place.naver.com/my/5ddcd9489ec8258e4ae60bd9/review?v=2,1456,,,ㄱㄷ,,2023년 7월 13일 목요일,1번째 방문,영수증
송사부수제쌀고로케 이마트 월계점,베이커리,4.29,,,이든할미,https://m.place.naver.com/my/6437ed304b06a9f0b53d1943/review?v=2,189,,,빵은 맛있는데 위생상 만드실때에 장갑을 끼시고 만드심 좋겠어요~^^,"일시적인 오류가 발생했습니다
매장이 청결해요",2023년 6월 13일 화요일,1번째 방문,영수증
송사부수제쌀고로케 이마트 월계점,베이커리,4.29,,,younmi1102,https://m.place.naver.com/my/5f1275639ec8258e4aece457/review?v=2,755,,,친절해요 ,,2023년 11월 4일 토요일,5번째 방문,영수증
송사부수제쌀고로케 이마트 월계점,베이커리,4.29,,,강쥐가좋아,https://m.place.naver.com/my/5c5973164bb726a708e0d6cb/review?v=2,1893,,,좋아요,,2023년 10월 7일 토요일,4번째 방문,영수증
송사부수제쌀고로케 이마트 월계점,베이커리,4.29,,,하코냥,https://m.place.naver.com/my/5bf10f27786ec9589bb38db3/review?v=2,521,5,,"꽈배기가 겹겹의 식감 좋고 바삭해요~~ 고로케와 치즈, 감자볼 모두 맛있네요~~","일시적인 오류가 발생했습니다
주차하기 편해요",2023년 2월 18일 토요일,1번째 방문,영수증
송사부수제쌀고로케 이마트 월계점,베이커리,4.29,,,cse****,https://m.place.naver.com/my/5cea9885aaa79677bd253241/review?v=2,1060,8,,감동란은그냥그럼,,2023년 5월 27일 토요일,2번째 방문,영수증
송사부수제쌀고로케 이마트 월계점,베이커리,4.29,,,윈드러니공주,https://m.place.naver.com/my/5ef3f6b38f87a842bc17c3df/review?v=2,1160,,,빵,,2024년 1월 23일 화요일,3번째 방문,영수증
송사부수제쌀고로케 이마트 월계점,베이커리,4.29,,,Dragonteacher,https://m.place.naver.com/my/5f062acba33384f6f57eb39a/review?v=2,437,,,"이마트 장보고 고로케 포장해와서 먹었어요
식어서 그런지 맛이 별로였어요
계산대 직원분 퉁명스럽네요",,2023년 4월 22일 토요일,1번째 방문,영수증
송사부수제쌀고로케 이마트 월계점,베이커리,4.29,,,노마드Ri,https://m.place.naver.com/my/5bdfe371878acf24b84bb2b6/review?v=2,1367,19,,🍮 ,,2023년 9월 28일 목요일,1번째 방문,영수증
송사부수제쌀고로케 이마트 월계점,베이커리,4.29,,,구름애플,https://m.place.naver.com/my/5da523be8f87a842bcb46d0f/review?v=2,231,8,,직원이 서울페이 안된다고 했는데 확인해보니 가맹점 맞던데 응대가 아쉽네요,,2023년 3월 30일 목요일,1번째 방문,영수증
송사부수제쌀고로케 이마트 월계점,베이커리,4.29,,,우아한향기,https://m.place.naver.com/my/632af33348aa593004e4edd6/review?v=2,403,,,"찹쌀이 쫀득 쫀득, 달콤한 도넛이 정말 맛있네요~","일시적인 오류가 발생했습니다
빵이 맛있어요",2023년 4월 29일 토요일,1번째 방문,영수증
송사부수제쌀고로케 이마트 월계점,베이커리,4.29,,,bra****,https://m.place.naver.com/my/5d0d80d50f25d523b93959f6/review?v=2,1562,,,꽈배기만없어요,,2023년 5월 20일 토요일,1번째 방문,영수증
송사부수제쌀고로케 이마트 월계점,베이커리,4.29,,,neoatom,https://m.place.naver.com/my/61593fbe04927f1f3d09f610/review?v=2,1015,,,이마트 갈때마다  자주 먹어요,"일시적인 오류가 발생했습니다
메뉴 구성이 알차요",2023년 6월 1일 목요일,7번째 방문,영수증
송사부수제쌀고로케 이마트 월계점,베이커리,4.29,,,울산명태,https://m.place.naver.com/my/5d8c9aea8f87a842bca55e14/review?v=2,95,,,"배가고파서 먹을수밖에 없음
고맙습니다","일시적인 오류가 발생했습니다
친절해요",2023년 3월 25일 토요일,1번째 방문,영수증
송사부수제쌀고로케 이마트 월계점,베이커리,4.29,,,운동하자구요,https://m.place.naver.com/my/5e6c2f348f87a842bc4bc55d/review?v=2,225,,,코로케. 도넛등 다양해요,,2023년 6월 21일 수요일,1번째 방문,영수증
송사부수제쌀고로케 이마트 월계점,베이커리,4.29,,,jksoon,https://m.place.naver.com/my/5eb977528f87a842bc0ce67d/review?v=2,1406,13,,조아요,,2023년 5월 31일 수요일,8번째 방문,결제내역
송사부수제쌀고로케 이마트 월계점,베이커리,4.29,,,lihuizhi,https://m.place.naver.com/my/5f042eb107df30f9d6760ff4/review?v=2,123,,,"빵순이라 빵을 그냥 지나칠 수가 없네요 ㅎㅎㅎ
감동란 고로케 먹고 싶었는데 품절이래요 ㅠㅠㅠ
다음엔 일찍가서 꼭 먹어야겠어요 ㅎ ",,2023년 3월 2일 목요일,1번째 방문,결제내역
송사부수제쌀고로케 이마트 월계점,베이커리,4.29,,,CS 암행어사,https://m.place.naver.com/my/5e84e6ea8f87a842bce236a3/review?v=2,889,8,,좋아요,,2023년 7월 15일 토요일,1번째 방문,영수증
송사부수제쌀고로케 이마트 월계점,베이커리,4.29,,,mid****,https://m.place.naver.com/my/5efe936435e32560edab10ad/review?v=2,562,,,치즈쫀뜩 졸맛,,2023년 5월 19일 금요일,4번째 방문,영수증
송사부수제쌀고로케 이마트 월계점,베이커리,4.29,,,울산명태,https://m.place.naver.com/my/5d8c9aea8f87a842bca55e14/review?v=2,95,,,고로케를 파는 곳이다,,2023년 5월 13일 토요일,2번째 방문,영수증
송사부수제쌀고로케 이마트 월계점,베이커리,4.29,,,mid****,https://m.place.naver.com/my/5efe936435e32560edab10ad/review?v=2,562,,,맛있어요,"일시적인 오류가 발생했습니다
빵이 맛있어요",2023년 7월 13일 목요일,6번째 방문,영수증
송사부수제쌀고로케 이마트 월계점,베이커리,4.29,,,헬레나2351,https://m.place.naver.com/my/5bb07d8e5ee62e89ee7e2f04/review?v=2,555,,,종류도 다양하고 맛있어요,,2023년 6월 10일 토요일,1번째 방문,영수증
송사부수제쌀고로케 이마트 월계점,베이커리,4.29,,,오드리토트,https://m.place.naver.com/my/5c6e6ac64bb61f68d9a4c989/review?v=2,69,,,가격이 점점 올라서 아쉬워요,,2023년 5월 20일 토요일,1번째 방문,결제내역
송사부수제쌀고로케 이마트 월계점,베이커리,4.29,,,ado****,https://m.place.naver.com/my/5f1fe9af9ec8258e4a7dad7b/review?v=2,1886,4,,맛있어요,"일시적인 오류가 발생했습니다
주차하기 편해요",2023년 5월 19일 금요일,5번째 방문,영수증
송사부수제쌀고로케 이마트 월계점,베이커리,4.29,,,NDDU,https://m.place.naver.com/my/5f05a5270e1ac3aceef9a721/review?v=2,268,,,"역시 불친절함
사달라고해서 사주는곳",,2023년 5월 20일 토요일,1번째 방문,결제내역
송사부수제쌀고로케 이마트 월계점,베이커리,4.29,,,해리306,https://m.place.naver.com/my/6082a3a9101840653d9e06c7/review?v=2,42,4,,샐러드빵 좋아하는데 너무 기름지지않고 담백한 맛이 최고입니더,"일시적인 오류가 발생했습니다
주차하기 편해요",2023년 5월 7일 일요일,1번째 방문,결제내역
송사부수제쌀고로케 이마트 월계점,베이커리,4.29,,,강쥐가좋아,https://m.place.naver.com/my/5c5973164bb726a708e0d6cb/review?v=2,1893,,,굿굿굿,,2023년 9월 16일 토요일,3번째 방문,영수증
송사부수제쌀고로케 이마트 월계점,베이커리,4.29,,,오잉555,https://m.place.naver.com/my/5f06f07d200ffc9fb66743c4/review?v=2,906,,,저한텐 별로..,,2023년 7월 16일 일요일,1번째 방문,영수증
송사부수제쌀고로케 이마트 월계점,베이커리,4.29,,,shi****,https://m.place.naver.com/my/5e0223628f87a842bc4867e6/review?v=2,1585,,,ㆍ,,2023년 7월 15일 토요일,1번째 방문,영수증
송사부수제쌀고로케 이마트 월계점,베이커리,4.29,,,후리지아361,https://m.place.naver.com/my/5bf40228378d29d8044ea4f8/review?v=2,979,,,좋아요,"일시적인 오류가 발생했습니다
빵이 맛있어요",2023년 7월 1일 토요일,4번째 방문,영수증
송사부수제쌀고로케 이마트 월계점,베이커리,4.29,,,Impeccable10,https://m.place.naver.com/my/5efe0ef0854ca92931131458/review?v=2,643,,,"도넛 맛집에요.
맛있어요.",,2023년 5월 10일 수요일,1번째 방문,영수증
송사부수제쌀고로케 이마트 월계점,베이커리,4.29,,,쭈니도늬말랑이촉촉이,https://m.place.naver.com/my/5e1af5ce8f87a842bc3f30ed/review?v=2,1233,,,굿,,2023년 8월 1일 화요일,1번째 방문,영수증
송사부수제쌀고로케 이마트 월계점,베이커리,4.29,,,asz****,https://m.place.naver.com/my/5fb7a169ccf2417c37cab5ea/review?v=2,2478,,,친절해요 ,,2023년 10월 1일 일요일,11번째 방문,영수증
송사부수제쌀고로케 이마트 월계점,베이커리,4.29,,,yeo****,https://m.place.naver.com/my/5e69d5f98f87a842bc6a9074/review?v=2,1259,3,,고로케 고소하고 약간 매콤함이 들어있어 느끼함을 잡아주어 맛있어요,"일시적인 오류가 발생했습니다
특별한 메뉴가 있어요",2023년 9월 27일 수요일,1번째 방문,영수증
송사부수제쌀고로케 이마트 월계점,베이커리,4.29,,,잉잉맘,https://m.place.naver.com/my/5c7190c06282f1441fec7353/review?v=2,360,,,마트 장보고 집에 가는 길에 한번씩 구매합니다,"일시적인 오류가 발생했습니다
주차하기 편해요",2023년 4월 4일 화요일,1번째 방문,결제내역
송사부수제쌀고로케 이마트 월계점,베이커리,4.29,,,new****,https://m.place.naver.com/my/608a1e9c0fafb559e92bdb8c/review?v=2,682,4,,맛있쥬,,2023년 8월 19일 토요일,1번째 방문,영수증
송사부수제쌀고로케 이마트 월계점,베이커리,4.29,,,맛있게 먹는 종이컵,https://m.place.naver.com/my/5f0691633b535016872dedad/review?v=2,566,23,,맛있어요! 간식으로 먹기 최고에요~~,"일시적인 오류가 발생했습니다
빵이 맛있어요",2023년 2월 19일 일요일,1번째 방문,영수증
송사부수제쌀고로케 이마트 월계점,베이커리,4.29,,,EJS123,https://m.place.naver.com/my/60c1d4eda7425db8db06f858/review?v=2,808,,,좋아요,"일시적인 오류가 발생했습니다
빵이 맛있어요",2023년 7월 21일 금요일,1번째 방문,영수증
송사부수제쌀고로케 이마트 월계점,베이커리,4.29,,,리아츄3,https://m.place.naver.com/my/5f05894cb2804547b1885236/review?v=2,262,,,"맛난 빵집 와이리 많노..
빵 어케끊지.. 🫠","일시적인 오류가 발생했습니다
주차하기 편해요",2023년 3월 28일 화요일,2번째 방문,영수증
송사부수제쌀고로케 이마트 월계점,베이커리,4.29,,,sum****,https://m.place.naver.com/my/5f0428dc07df30f9d675f40e/review?v=2,39,,,고로께와 핫도그샌드위치가 맛있어요,"일시적인 오류가 발생했습니다
가성비가 좋아요",2023년 4월 27일 목요일,1번째 방문,결제내역
송사부수제쌀고로케 이마트 월계점,베이커리,4.29,,,sjin2,https://m.place.naver.com/my/5cd6e3a5a272021920bb65b8/review?v=2,162,8,,"찹쌀도넛 너무 맛있어요. 5개 사왔는데 3개 순삭하고 살찔까봐 멈췄네요 ㅋ
","일시적인 오류가 발생했습니다
주차하기 편해요",2023년 2월 7일 화요일,4번째 방문,영수증
송사부수제쌀고로케 이마트 월계점,베이커리,4.29,,,ttt,https://m.place.naver.com/my/5baf4d7035461f40c907b63a/review?v=2,631,6,,쏘쏘,,2023년 5월 6일 토요일,1번째 방문,영수증
송사부수제쌀고로케 이마트 월계점,베이커리,4.29,,,Choilouis,https://m.place.naver.com/my/5ba1df468fb201c56601e9f4/review?v=2,3264,,,맛있어요,,2023년 10월 10일 화요일,1번째 방문,영수증
송사부수제쌀고로케 이마트 월계점,베이커리,4.29,,,libertyas,https://m.place.naver.com/my/5d6a81738f87a842bc196d13/review?v=2,1404,4,,좋아요.,,2023년 7월 18일 화요일,1번째 방문,영수증
송사부수제쌀고로케 이마트 월계점,베이커리,4.29,,,mid****,https://m.place.naver.com/my/5efe936435e32560edab10ad/review?v=2,562,,,굿,,2023년 6월 14일 수요일,5번째 방문,영수증
송사부수제쌀고로케 이마트 월계점,베이커리,4.29,,,ins****,https://m.place.naver.com/my/638636f71438fc3a9c6df891/review?v=2,72,1,,"이마트가면 간단하게 군것질할때 가요ㅎㅎㅎ
가성비도 좋고 맛도 좋아요 직원분들도 친절하세요ㅎㅎㅎ","일시적인 오류가 발생했습니다
혼밥하기 좋아요",2023년 3월 5일 일요일,1번째 방문,영수증
송사부수제쌀고로케 이마트 월계점,베이커리,4.29,,,NDDU,https://m.place.naver.com/my/5f05a5270e1ac3aceef9a721/review?v=2,268,,,좀 불친절햠,,2023년 6월 25일 일요일,3번째 방문,영수증
송사부수제쌀고로케 이마트 월계점,베이커리,4.29,,,NDDU,https://m.place.naver.com/my/5f05a5270e1ac3aceef9a721/review?v=2,268,,,좀 불친절,,2023년 6월 24일 토요일,2번째 방문,결제내역
송사부수제쌀고로케 이마트 월계점,베이커리,4.29,,,아임도치파파,https://m.place.naver.com/my/5bf5cb106f96cac426613b32/review?v=2,2622,,,굿,,2023년 6월 10일 토요일,1번째 방문,영수증
송사부수제쌀고로케 이마트 월계점,베이커리,4.29,,,shi****,https://m.place.naver.com/my/5f4da5416c3d7f733444b60f/review?v=2,323,,,좋아하는 빵 단팥소보로가 이젠 안만든다네요 아쉬워요 그래도 가성비 좋고 맛있어서 이마트 올때마다 사서 냉동실에 쟁여놓고 먹곤 했는데~~ 계피맛 꽈배기도 진즉에 안만들고 또 뭐가 없어지려나,,2023년 3월 9일 목요일,3번째 방문,영수증
송사부수제쌀고로케 이마트 월계점,베이커리,4.29,,,neoatom,https://m.place.naver.com/my/61593fbe04927f1f3d09f610/review?v=2,1015,,,이마트  갈때마다  송사부  들러요.  맛나고  친절하세요,"일시적인 오류가 발생했습니다
가성비가 좋아요",2023년 4월 14일 금요일,6번째 방문,영수증
송사부수제쌀고로케 이마트 월계점,베이커리,4.29,,,나대로1,https://m.place.naver.com/my/5b6626b4413ade0edfd52f29/review?v=2,2742,231,,야채고로케 2개 구입했어요,"일시적인 오류가 발생했습니다
화장실이 깨끗해요",2023년 2월 6일 월요일,1번째 방문,결제내역
송사부수제쌀고로케 이마트 월계점,베이커리,4.29,,,WhatThe,https://m.place.naver.com/my/5d1856a5a217ea6296b555b9/review?v=2,721,15,,맛있어요,,2023년 5월 29일 월요일,1번째 방문,영수증
송사부수제쌀고로케 이마트 월계점,베이커리,4.29,,,솔직하게쓴다 난,https://m.place.naver.com/my/5e910e6c8f87a842bc97a855/review?v=2,1200,36,,맛있네여,"일시적인 오류가 발생했습니다
빵이 맛있어요",2023년 5월 27일 토요일,1번째 방문,영수증
송사부수제쌀고로케 이마트 월계점,베이커리,4.29,,,chl****,https://m.place.naver.com/my/5ebfb41b8f87a842bc305af2/review?v=2,331,3,,사오자마자 후딱 다먹었네요. 맛있어요,,2023년 3월 3일 금요일,1번째 방문,영수증
송사부수제쌀고로케 이마트 월계점,베이커리,4.29,,,큐트케리,https://m.place.naver.com/my/5e67b3f18f87a842bc81c43c/review?v=2,114,,,도넛사러 가요,,2023년 4월 27일 목요일,1번째 방문,영수증
송사부수제쌀고로케 이마트 월계점,베이커리,4.29,,,개마마,https://m.place.naver.com/my/5c76806d54b95907d79de84a/review?v=2,397,8,,브랜드믿고 맛있어서 매번구매하네요,"일시적인 오류가 발생했습니다
빵이 맛있어요",2023년 2월 28일 화요일,1번째 방문,영수증
송사부수제쌀고로케 이마트 월계점,베이커리,4.29,,,zlffj,https://m.place.naver.com/my/5c4825f9204868dcb5e1f13f/review?v=2,622,5,,ㅡㅡ,,2023년 8월 28일 월요일,1번째 방문,영수증
송사부수제쌀고로케 이마트 월계점,베이커리,4.29,,,행복지기지기,https://m.place.naver.com/my/5b9bb33ed6f8667c7cf52658/review?v=2,879,,,"맛있어서 먹다보니 두개밖에 안남았네요~
간식으로 좋아요","일시적인 오류가 발생했습니다
빵이 맛있어요",2023년 1월 24일 화요일,1번째 방문,영수증
송사부수제쌀고로케 이마트 월계점,베이커리,4.29,,,mk3****,https://m.place.naver.com/my/5cce22f85b86ead86c51661c/review?v=2,377,3,,감사합니다감사합니다 ,,2023년 5월 1일 월요일,1번째 방문,영수증
송사부수제쌀고로케 이마트 월계점,베이커리,4.29,,,dbsl562,https://m.place.naver.com/my/5e68cce88f87a842bc6c7729/review?v=2,652,,,.,,2023년 8월 25일 금요일,2번째 방문,영수증
송사부수제쌀고로케 이마트 월계점,베이커리,4.29,,,후리지아361,https://m.place.naver.com/my/5bf40228378d29d8044ea4f8/review?v=2,979,,,좋아요,"일시적인 오류가 발생했습니다
주차하기 편해요",2023년 4월 14일 금요일,3번째 방문,영수증
송사부수제쌀고로케 이마트 월계점,베이커리,4.29,,,개날희43,https://m.place.naver.com/my/5b84a1a42123f361269a0100/review?v=2,796,,,"너무맛있어요
많이사올껄아쉬워요ㅎ","일시적인 오류가 발생했습니다
빵이 맛있어요",2023년 3월 1일 수요일,1번째 방문,결제내역
송사부수제쌀고로케 이마트 월계점,베이커리,4.29,,,라떼 양,https://m.place.naver.com/my/5e03a53a8f87a842bc575da7/review?v=2,3795,,,굿,,2023년 5월 13일 토요일,1번째 방문,영수증
송사부수제쌀고로케 이마트 월계점,베이커리,4.29,,,조셀린무어,https://m.place.naver.com/my/5c48663c008ce385d7e05622/review?v=2,2608,,,다양한 고로케가 있어요.,,2023년 3월 11일 토요일,4번째 방문,영수증
송사부수제쌀고로케 이마트 월계점,베이커리,4.29,,,세라려왕,https://m.place.naver.com/my/5b62e920e162bc5762b8f994/review?v=2,1580,,,굿,,2023년 5월 10일 수요일,1번째 방문,영수증
송사부수제쌀고로케 이마트 월계점,베이커리,4.29,,,dbsl562,https://m.place.naver.com/my/5e68cce88f87a842bc6c7729/review?v=2,652,,,.,,2023년 8월 14일 월요일,1번째 방문,영수증
송사부수제쌀고로케 이마트 월계점,베이커리,4.29,,,겜방버가,https://m.place.naver.com/my/641484d91438fc3a9c6ed837/review?v=2,448,,,굿,,2023년 6월 10일 토요일,1번째 방문,영수증
송사부수제쌀고로케 이마트 월계점,베이커리,4.29,,,도은소윤맘97,https://m.place.naver.com/my/5c98dbf1daac874bc912b416/review?v=2,518,,,굿,,2023년 6월 10일 토요일,1번째 방문,영수증
송사부수제쌀고로케 이마트 월계점,베이커리,4.29,,,ekg****,https://m.place.naver.com/my/5cb8b75664068c8486990b47/review?v=2,30,,,너무 맛잇게 먹엇어요~~,,2023년 4월 12일 수요일,1번째 방문,영수증
송사부수제쌀고로케 이마트 월계점,베이커리,4.29,,,마이플레이스으,https://m.place.naver.com/my/5c7a13b0c42e20a31679f1d3/review?v=2,1603,10,,굳,,2023년 6월 4일 일요일,1번째 방문,결제내역
송사부수제쌀고로케 이마트 월계점,베이커리,4.29,,,jws****,https://m.place.naver.com/my/5eeaf0bd8f87a842bcabea2c/review?v=2,1537,7,,굿,"일시적인 오류가 발생했습니다
특별한 메뉴가 있어요",2023년 5월 2일 화요일,1번째 방문,영수증
송사부수제쌀고로케 이마트 월계점,베이커리,4.29,,,강쥐가좋아,https://m.place.naver.com/my/5c5973164bb726a708e0d6cb/review?v=2,1893,,,좋아요,"일시적인 오류가 발생했습니다
빵이 맛있어요",2023년 7월 28일 금요일,2번째 방문,영수증
송사부수제쌀고로케 이마트 월계점,베이커리,4.29,,,aym****,https://m.place.naver.com/my/5b9fa4c82b486f4dbe2f51d3/review?v=2,523,,,달달함,"일시적인 오류가 발생했습니다
주차하기 편해요",2023년 5월 15일 월요일,1번째 방문,영수증
송사부수제쌀고로케 이마트 월계점,베이커리,4.29,,,단호박탐방러,https://m.place.naver.com/my/5e9bcabd8f87a842bcb67ce8/review?v=2,314,,,굿,,2023년 4월 28일 금요일,1번째 방문,영수증
송사부수제쌀고로케 이마트 월계점,베이커리,4.29,,,neoatom,https://m.place.naver.com/my/61593fbe04927f1f3d09f610/review?v=2,1015,,,오랜만에  송사부  도넛을 샀어요,"일시적인 오류가 발생했습니다
친절해요",2023년 3월 10일 금요일,5번째 방문,영수증
송사부수제쌀고로케 이마트 월계점,베이커리,4.29,,,임뭉,https://m.place.naver.com/my/5dac19028f87a842bc5b7b91/review?v=2,817,21,,감동란 고오케 먹고싶었는데 맛이좋아용,,2023년 3월 26일 일요일,1번째 방문,영수증
송사부수제쌀고로케 이마트 월계점,베이커리,4.29,,,피카츄2867,https://m.place.naver.com/my/5cab508d995ca349a55060b5/review?v=2,1954,,,^^,,2023년 5월 10일 수요일,1번째 방문,영수증
송사부수제쌀고로케 이마트 월계점,베이커리,4.29,,,sjin2,https://m.place.naver.com/my/5cd6e3a5a272021920bb65b8/review?v=2,162,8,,찹쌀도넛이 너무 맛있음!,"일시적인 오류가 발생했습니다
주차하기 편해요",2023년 3월 1일 수요일,5번째 방문,영수증
송사부수제쌀고로케 이마트 월계점,베이커리,4.29,,,챔챔43,https://m.place.naver.com/my/5c20f35262a2c33bf503f550/review?v=2,859,24,,옥수수치즈볼 안에 치즈와 옥수수가 거의 없네요,,2022년 11월 26일 토요일,1번째 방문,영수증
송사부수제쌀고로케 이마트 월계점,베이커리,4.29,,,차칸캔디,https://m.place.naver.com/my/5f98f0059bf34004667eea0c/review?v=2,1386,,,종류도 많고 즉석에서 만드는 가성비 있는 도넛입니당,"일시적인 오류가 발생했습니다
주차하기 편해요",2022년 12월 10일 토요일,31번째 방문,영수증
송사부수제쌀고로케 이마트 월계점,베이커리,4.29,,,무상무념16,https://m.place.naver.com/my/5dd8c8e59ec8258e4a3f3a83/review?v=2,1037,15,,좋아요 ,"일시적인 오류가 발생했습니다
친절해요",2023년 4월 22일 토요일,1번째 방문,영수증
송사부수제쌀고로케 이마트 월계점,베이커리,4.29,,,상콤냥잇,https://m.place.naver.com/my/5c938463176d17ee6240ee13/review?v=2,950,,,굿,"일시적인 오류가 발생했습니다
특별한 메뉴가 있어요",2023년 4월 22일 토요일,1번째 방문,영수증
송사부수제쌀고로케 이마트 월계점,베이커리,4.29,,,dpel2319,https://m.place.naver.com/my/5b78f8f8baa373df32948db2/review?v=2,165,1,,빵 종류도 많고 맛있어요! 가격대도 부담안되요,"일시적인 오류가 발생했습니다
가성비가 좋아요",2023년 3월 2일 목요일,1번째 방문,영수증
송사부수제쌀고로케 이마트 월계점,베이커리,4.29,,,grey29,https://m.place.naver.com/my/617678c627c861170ce2363e/review?v=2,609,10,,맛있어요,,2023년 4월 17일 월요일,1번째 방문,영수증
송사부수제쌀고로케 이마트 월계점,베이커리,4.29,,,luvliyong,https://m.place.naver.com/my/5c6fc8139b90dc048b43be17/review?v=2,2163,,,이마트 안에 있는데 서울페이 사용가능해요 가성비 좋고 먹고 속도 괜찮아요,"일시적인 오류가 발생했습니다
매장이 청결해요",2023년 1월 7일 토요일,3번째 방문,영수증
송사부수제쌀고로케 이마트 월계점,베이커리,4.29,,,조셀린무어,https://m.place.naver.com/my/5c48663c008ce385d7e05622/review?v=2,2608,,,송시부야채 고로케 맛있어요..,,2022년 12월 4일 일요일,3번째 방문,영수증
송사부수제쌀고로케 이마트 월계점,베이커리,4.29,,,Dontcry,https://m.place.naver.com/my/5cae6bae64da92d46b4fe213/review?v=2,1226,19,,"맛잇는데 빠리 바게트보다 쌈 ㅇㅇ 
튀김 먹고 싶은날 삼 
파봐 빵 두어개만 골라도 이만원인데 
10개삿는데 13000!!",,2023년 1월 9일 월요일,1번째 방문,영수증
송사부수제쌀고로케 이마트 월계점,베이커리,4.29,,,Kyuuli,https://m.place.naver.com/my/5d063d9ac81b6104f634b9bc/review?v=2,943,35,,다양한 송사부만의 빵들이 있고 가격도 무난해요.,,2023년 1월 15일 일요일,1번째 방문,결제내역
송사부수제쌀고로케 이마트 월계점,베이커리,4.29,,,따수운설탕,https://m.place.naver.com/my/5ec26fda8f87a842bcf8a5a2/review?v=2,451,5,,잡채고로케랑 야채샐러드 샌드위치 먹었는디 맛있어요. 잡채는 매콤한게 너무 맛있어요. ,"일시적인 오류가 발생했습니다
주차하기 편해요",2022년 12월 29일 목요일,1번째 방문,영수증
송사부수제쌀고로케 이마트 월계점,베이커리,4.29,,,suntingkr,https://m.place.naver.com/my/5dcb80f18f87a842bcc84bb0/review?v=2,907,,,좋아요,,2023년 8월 3일 목요일,1번째 방문,영수증
송사부수제쌀고로케 이마트 월계점,베이커리,4.29,,,Molly47,https://m.place.naver.com/my/5dbd076e8f87a842bc0e36fa/review?v=2,418,,,굿,,2023년 7월 31일 월요일,2번째 방문,영수증
송사부수제쌀고로케 이마트 월계점,베이커리,4.29,,,sjin2,https://m.place.naver.com/my/5cd6e3a5a272021920bb65b8/review?v=2,162,8,,맛있음,,2023년 4월 3일 월요일,6번째 방문,영수증
송사부수제쌀고로케 이마트 월계점,베이커리,4.29,,,폭행몬스터의 불주먹,https://m.place.naver.com/my/5b9b26ecbd344b80e05452f1/review?v=2,215,,,취향저격…맛있어요..,,2023년 2월 4일 토요일,1번째 방문,영수증
송사부수제쌀고로케 이마트 월계점,베이커리,4.29,,,엘리사벳89,https://m.place.naver.com/my/5ca5f266c1bef7113c222f10/review?v=2,61,,,미니도넛 맛있어요. 24겹꽈배기는 생각보단 별로예요. 치즈볼?은 맛있어서 다 먹었네요.,,2022년 11월 26일 토요일,1번째 방문,영수증
송사부수제쌀고로케 이마트 월계점,베이커리,4.29,,,mid****,https://m.place.naver.com/my/5efe936435e32560edab10ad/review?v=2,562,,,좋아요,,2023년 3월 31일 금요일,3번째 방문,영수증
송사부수제쌀고로케 이마트 월계점,베이커리,4.29,,,프엘,https://m.place.naver.com/my/5e3530a38f87a842bcc121b1/review?v=2,1773,24,,흑미고구마찹쌀 맛있어요,"일시적인 오류가 발생했습니다
친절해요",2023년 1월 5일 목요일,1번째 방문,영수증
송사부수제쌀고로케 이마트 월계점,베이커리,4.29,,,bej****,https://m.place.naver.com/my/5efde3990765f4dd1babe6a2/review?v=2,464,,,굿,,2023년 5월 1일 월요일,3번째 방문,영수증
송사부수제쌀고로케 이마트 월계점,베이커리,4.29,,,sjin2,https://m.place.naver.com/my/5cd6e3a5a272021920bb65b8/review?v=2,162,8,,"찹쌀도넛, 너무 맛있음",,2023년 1월 30일 월요일,3번째 방문,영수증
송사부수제쌀고로케 이마트 월계점,베이커리,4.29,,,yopp57,https://m.place.naver.com/my/5efec117493ad9a9a0ec2983/review?v=2,607,,,"아직 맛은 못봤지맞 맛있길 바랍니다 
친절합니당",,2022년 11월 30일 수요일,1번째 방문,영수증
송사부수제쌀고로케 이마트 월계점,베이커리,4.29,,,사악천사77,https://m.place.naver.com/my/5d438cc3c7d88e77faeebb40/review?v=2,684,14,,생도넛 맛있어요~,,2023년 1월 1일 일요일,1번째 방문,영수증
송사부수제쌀고로케 이마트 월계점,베이커리,4.29,,,mzifjsk,https://m.place.naver.com/my/5efe14e2854ca92931131cea/review?v=2,1067,,,굿,,2023년 4월 28일 금요일,9번째 방문,영수증
송사부수제쌀고로케 이마트 월계점,베이커리,4.29,,,쏘very굿,https://m.place.naver.com/my/5b9b3bb04e30c26e735ea7e3/review?v=2,196,,,아이가 여기 꽈배기를 참 좋아합니다,"일시적인 오류가 발생했습니다
빵이 맛있어요",2022년 12월 30일 금요일,3번째 방문,결제내역
송사부수제쌀고로케 이마트 월계점,베이커리,4.29,,,봉봉쓰28,https://m.place.naver.com/my/5e6c73f88f87a842bce05cad/review?v=2,2809,,,홀수로 떨어지는 빵을 샀는데 앞에서 싸우는 둥이들 보시곤 짝수로 맞춰주셨음 ㅎㅎ 넘 감사해요,,2022년 12월 15일 목요일,5번째 방문,결제내역
송사부수제쌀고로케 이마트 월계점,베이커리,4.29,,,pil****,https://m.place.naver.com/my/5e0d36f38f87a842bcbe3c8c/review?v=2,504,,,굿,,2023년 10월 18일 수요일,1번째 방문,영수증
송사부수제쌀고로케 이마트 월계점,베이커리,4.29,,,봉봉쓰28,https://m.place.naver.com/my/5e6c73f88f87a842bce05cad/review?v=2,2809,,,맛있어요,,2023년 3월 20일 월요일,6번째 방문,영수증
송사부수제쌀고로케 이마트 월계점,베이커리,4.29,,,joo****,https://m.place.naver.com/my/6142f1792ace790006109fbf/review?v=2,474,,,킹콘소고 너무 맛있어요,"일시적인 오류가 발생했습니다
주차하기 편해요",2022년 12월 20일 화요일,2번째 방문,영수증
송사부수제쌀고로케 이마트 월계점,베이커리,4.29,,,mzifjsk,https://m.place.naver.com/my/5efe14e2854ca92931131cea/review?v=2,1067,,,굿,,2023년 4월 20일 목요일,8번째 방문,영수증
송사부수제쌀고로케 이마트 월계점,베이커리,4.29,,,쏘very굿,https://m.place.naver.com/my/5b9b3bb04e30c26e735ea7e3/review?v=2,196,,,이마트 갈 때마다 들립니다,"일시적인 오류가 발생했습니다
빵이 맛있어요",2022년 12월 24일 토요일,2번째 방문,결제내역
송사부수제쌀고로케 이마트 월계점,베이커리,4.29,,,omggg,https://m.place.naver.com/my/5cf15112bfb5535858cdaf52/review?v=2,589,,,"포장하러 갓는데 알바생? 사장님 따님분인가
엎드려있고 좀 그랬어요",,2023년 1월 26일 목요일,2번째 방문,영수증
송사부수제쌀고로케 이마트 월계점,베이커리,4.29,,,0000002492,https://m.place.naver.com/my/5ef6800a8f87a842bcacb2b1/review?v=2,181,,,좋아요,,2023년 4월 18일 화요일,3번째 방문,영수증
송사부수제쌀고로케 이마트 월계점,베이커리,4.29,,,ㅇㅎ드,https://m.place.naver.com/my/5c833d15c2326e8acfd22bdb/review?v=2,420,2,,좋아요,,2023년 4월 18일 화요일,2번째 방문,영수증
송사부수제쌀고로케 이마트 월계점,베이커리,4.29,,,kyr0831,https://m.place.naver.com/my/5be3f422c53e22e827913ae3/review?v=2,875,,,,"일시적인 오류가 발생했습니다
친절해요",2023년 2월 15일 수요일,1번째 방문,영수증
송사부수제쌀고로케 이마트 월계점,베이커리,4.29,,,두리수리집사,https://m.place.naver.com/my/5bacb95c15ff31735dbba49e/review?v=2,112,,,빵 종류가 많고 좋아요~,"일시적인 오류가 발생했습니다
빵이 맛있어요",2022년 12월 17일 토요일,1번째 방문,영수증
송사부수제쌀고로케 이마트 월계점,베이커리,4.29,,,mzifjsk,https://m.place.naver.com/my/5efe14e2854ca92931131cea/review?v=2,1067,,,굿,,2023년 4월 14일 금요일,7번째 방문,영수증
송사부수제쌀고로케 이마트 월계점,베이커리,4.29,,,Monica53,https://m.place.naver.com/my/6003007290de8922e0bdaed7/review?v=2,601,1,,고로케 맛있어요,"일시적인 오류가 발생했습니다
주차하기 편해요",2023년 1월 14일 토요일,2번째 방문,영수증
송사부수제쌀고로케 이마트 월계점,베이커리,4.29,,,mid****,https://m.place.naver.com/my/5efe936435e32560edab10ad/review?v=2,562,,,맛있어요!,"일시적인 오류가 발생했습니다
가성비가 좋아요",2023년 3월 10일 금요일,2번째 방문,영수증
송사부수제쌀고로케 이마트 월계점,베이커리,4.29,,,붕어1023,https://m.place.naver.com/my/5c96c5fa619e2770bc53193d/review?v=2,900,,,굿,,2023년 4월 10일 월요일,1번째 방문,영수증
송사부수제쌀고로케 이마트 월계점,베이커리,4.29,,,뾰뾰님,https://m.place.naver.com/my/5bfb9d2106d61a1ce6e510fb/review?v=2,515,16,,꽈배기 맛있어용,,2023년 1월 11일 수요일,1번째 방문,영수증
송사부수제쌀고로케 이마트 월계점,베이커리,4.29,,,꼬부기남편,https://m.place.naver.com/my/5da870b38f87a842bc4284d4/review?v=2,1327,,,맛있어요,"일시적인 오류가 발생했습니다
빵이 맛있어요",2023년 7월 10일 월요일,3번째 방문,영수증
송사부수제쌀고로케 이마트 월계점,베이커리,4.29,,,미식가콩순,https://m.place.naver.com/my/5f063804ace692ef62419005/review?v=2,2247,50,,고로케 맛있어요,,2023년 1월 3일 화요일,1번째 방문,영수증
송사부수제쌀고로케 이마트 월계점,베이커리,4.29,,,mzifjsk,https://m.place.naver.com/my/5efe14e2854ca92931131cea/review?v=2,1067,,,굿,,2023년 4월 2일 일요일,6번째 방문,영수증
송사부수제쌀고로케 이마트 월계점,베이커리,4.29,,,bej****,https://m.place.naver.com/my/5efde3990765f4dd1babe6a2/review?v=2,464,,,맛있어요,,2023년 4월 2일 일요일,2번째 방문,영수증
송사부수제쌀고로케 이마트 월계점,베이커리,4.29,,,나12720,https://m.place.naver.com/my/5c472db9f336d47f8d7fc58d/review?v=2,1137,1,,맛있어요,,2023년 3월 1일 수요일,3번째 방문,결제내역
송사부수제쌀고로케 이마트 월계점,베이커리,4.29,,,fromlake,https://m.place.naver.com/my/5b6c4e98981d3f355ad2a705/review?v=2,44,,,"이마트 갈때마다 나는 고소한 냄새. 쌀로 만들어 바삭해요.
기름이 많은 것도 있어서 잘 골라 구입해야할 듯해요",,2022년 12월 29일 목요일,1번째 방문,결제내역
송사부수제쌀고로케 이마트 월계점,베이커리,4.29,,,맥기9,https://m.place.naver.com/my/5d4f81fd301bf3017ddf7097/review?v=2,503,,,굿,,2023년 4월 1일 토요일,1번째 방문,영수증
송사부수제쌀고로케 이마트 월계점,베이커리,4.29,,,mzifjsk,https://m.place.naver.com/my/5efe14e2854ca92931131cea/review?v=2,1067,,,굿,,2023년 4월 1일 토요일,5번째 방문,영수증
송사부수제쌀고로케 이마트 월계점,베이커리,4.29,,,콩0710,https://m.place.naver.com/my/5e1d3ba68f87a842bc138f93/review?v=2,287,12,,감동란튀김먹어보고싶어요,,2022년 12월 4일 일요일,1번째 방문,영수증
송사부수제쌀고로케 이마트 월계점,베이커리,4.29,,,mzifjsk,https://m.place.naver.com/my/5efe14e2854ca92931131cea/review?v=2,1067,,,굿,,2023년 3월 31일 금요일,4번째 방문,영수증
송사부수제쌀고로케 이마트 월계점,베이커리,4.29,,,해피해피8645,https://m.place.naver.com/my/5d39cedc73f68493ceeea7c3/review?v=2,1406,,,^^,,2023년 2월 4일 토요일,1번째 방문,영수증
송사부수제쌀고로케 이마트 월계점,베이커리,4.29,,,수지Q37,https://m.place.naver.com/my/5dcecbea8f87a842bcc704fc/review?v=2,1133,,,꽈베기가 바삭해서 맛있어요,,2022년 12월 31일 토요일,1번째 방문,영수증
송사부수제쌀고로케 이마트 월계점,베이커리,4.29,,,miz****,https://m.place.naver.com/my/6196503927c8612699e35b1f/review?v=2,1400,,,좋아요,,2023년 5월 17일 수요일,1번째 방문,영수증
송사부수제쌀고로케 이마트 월계점,베이커리,4.29,,,ee****,https://m.place.naver.com/my/5cc5b980cfc967d2a5600716/review?v=2,253,,,맛있어요,,2023년 3월 27일 월요일,1번째 방문,영수증
송사부수제쌀고로케 이마트 월계점,베이커리,4.29,,,백438,https://m.place.naver.com/my/5e97e41b8f87a842bc17c32e/review?v=2,372,,,감동란고로케 맛있어요,"일시적인 오류가 발생했습니다
빵이 맛있어요",2023년 1월 30일 월요일,1번째 방문,영수증
송사부수제쌀고로케 이마트 월계점,베이커리,4.29,,,쌍떡맘,https://m.place.naver.com/my/5cf3013165e223eba8335a0f/review?v=2,720,1,,굿,"일시적인 오류가 발생했습니다
특별한 메뉴가 있어요",2023년 3월 4일 토요일,1번째 방문,영수증
송사부수제쌀고로케 이마트 월계점,베이커리,4.29,,,eri****,https://m.place.naver.com/my/5f48f4b0a602e98f568b15a8/review?v=2,232,,,좋아요 ,,2023년 6월 18일 일요일,5번째 방문,영수증
송사부수제쌀고로케 이마트 월계점,베이커리,4.29,,,Mr JaGalChi,https://m.place.naver.com/my/5dd94fda9ec8258e4a3b68e4/review?v=2,275,,,좋아요 ,,2023년 6월 18일 일요일,5번째 방문,영수증
송사부수제쌀고로케 이마트 월계점,베이커리,4.29,,,평범속비범,https://m.place.naver.com/my/5c85f69273c51b4f6623bc2c/review?v=2,2311,,,맛있고 좋아요,"일시적인 오류가 발생했습니다
빵이 맛있어요",2022년 12월 26일 월요일,5번째 방문,영수증
송사부수제쌀고로케 이마트 월계점,베이커리,4.29,,,푸훗35,https://m.place.naver.com/my/5e245ec98f87a842bc56faac/review?v=2,685,,,맛있어요.,,2023년 7월 29일 토요일,1번째 방문,영수증
송사부수제쌀고로케 이마트 월계점,베이커리,4.29,,,진짜오한나,https://m.place.naver.com/my/5e2fda498f87a842bc843833/review?v=2,661,,,맛있는고로케,"일시적인 오류가 발생했습니다
빵이 맛있어요",2023년 6월 2일 금요일,1번째 방문,영수증
송사부수제쌀고로케 이마트 월계점,베이커리,4.29,,,슈리쥬쥬,https://m.place.naver.com/my/5c6e6ac54bb61f68d9a4c883/review?v=2,1709,,,맛있어요 ,"일시적인 오류가 발생했습니다
빵이 맛있어요",2023년 2월 16일 목요일,2번째 방문,영수증
송사부수제쌀고로케 이마트 월계점,베이커리,4.29,,,mzifjsk,https://m.place.naver.com/my/5efe14e2854ca92931131cea/review?v=2,1067,,,굿,,2023년 3월 20일 월요일,3번째 방문,영수증
송사부수제쌀고로케 이마트 월계점,베이커리,4.29,,,kwo****,https://m.place.naver.com/my/62fc560ef4b51d03e06e61c7/review?v=2,800,,,"팥이 들어간 제품은 친정어머님께서 좋아하셔서 들리면 자연스레 손이 갑니다  
","일시적인 오류가 발생했습니다
특별한 메뉴가 있어요",2022년 12월 12일 월요일,1번째 방문,영수증
송사부수제쌀고로케 이마트 월계점,베이커리,4.29,,,강쥐가좋아,https://m.place.naver.com/my/5c5973164bb726a708e0d6cb/review?v=2,1893,,,"계산줄 길고. 살짝 판매원들 까칠?
",,2023년 2월 18일 토요일,1번째 방문,영수증
송사부수제쌀고로케 이마트 월계점,베이커리,4.29,,,bej****,https://m.place.naver.com/my/5efde3990765f4dd1babe6a2/review?v=2,464,,,좋아요 ,,2023년 3월 19일 일요일,1번째 방문,영수증
송사부수제쌀고로케 이마트 월계점,베이커리,4.29,,,한명기,https://m.place.naver.com/my/5efeea87ee06165e651d2139/review?v=2,945,,,3,,2023년 2월 3일 금요일,1번째 방문,영수증
송사부수제쌀고로케 이마트 월계점,베이커리,4.29,,,kjbkys,https://m.place.naver.com/my/62bc32f49dcfa9f935bc4246/review?v=2,606,,,맛별로,,2023년 2월 25일 토요일,1번째 방문,영수증
송사부수제쌀고로케 이마트 월계점,베이커리,4.29,,,에일린9783,https://m.place.naver.com/my/5c7e26758c74cf91fc24b948/review?v=2,1454,7,,빵이 맛있어요,,2022년 12월 14일 수요일,4번째 방문,영수증
송사부수제쌀고로케 이마트 월계점,베이커리,4.29,,,s02****,https://m.place.naver.com/my/5efe38255acdc8fe85d90456/review?v=2,76,,,마트간김에..,"일시적인 오류가 발생했습니다
매장이 청결해요",2023년 2월 21일 화요일,1번째 방문,영수증
송사부수제쌀고로케 이마트 월계점,베이커리,4.29,,,삼공주83,https://m.place.naver.com/my/5b6e4b679b4998a8399eaec1/review?v=2,934,,,굿,,2023년 5월 1일 월요일,1번째 방문,영수증
송사부수제쌀고로케 이마트 월계점,베이커리,4.29,,,abeobeobeo,https://m.place.naver.com/my/5bca7056c8cd4369841dde27/review?v=2,610,1,,굿,,2023년 6월 3일 토요일,1번째 방문,영수증
송사부수제쌀고로케 이마트 월계점,베이커리,4.29,,,별명없음868,https://m.place.naver.com/my/5c5873bf6fa6e6c08c407bcb/review?v=2,382,,,굿,,2023년 3월 10일 금요일,2번째 방문,영수증
송사부수제쌀고로케 이마트 월계점,베이커리,4.29,,,쏘very굿,https://m.place.naver.com/my/5b9b3bb04e30c26e735ea7e3/review?v=2,196,,,개취로 카스테라 꽈배기 넘 맛있어요~~~,"일시적인 오류가 발생했습니다
특별한 메뉴가 있어요",2022년 11월 12일 토요일,1번째 방문,영수증
송사부수제쌀고로케 이마트 월계점,베이커리,4.29,,,ly1602,https://m.place.naver.com/my/5e47f4878f87a842bc57a294/review?v=2,656,,,다양하고 맛있는 도너츠가 가득합니다,"일시적인 오류가 발생했습니다
화장실이 깨끗해요",2023년 1월 1일 일요일,1번째 방문,영수증
송사부수제쌀고로케 이마트 월계점,베이커리,4.29,,,꼬부기남편,https://m.place.naver.com/my/5da870b38f87a842bc4284d4/review?v=2,1327,,,맛있어요,"일시적인 오류가 발생했습니다
빵이 맛있어요",2023년 6월 8일 목요일,2번째 방문,영수증
송사부수제쌀고로케 이마트 월계점,베이커리,4.29,,,힐스만두번째,https://m.place.naver.com/my/5b9256f44bc9da8c4a708d2e/review?v=2,338,7,,맛있는 고로케가 다양합니다 ,"일시적인 오류가 발생했습니다
매장이 청결해요",2022년 11월 11일 금요일,1번째 방문,영수증
송사부수제쌀고로케 이마트 월계점,베이커리,4.29,,,로또2024,https://m.place.naver.com/my/5de3c4ed9ec8258e4a7bd76e/review?v=2,1956,,,네 조아여,,2023년 3월 6일 월요일,2번째 방문,영수증
송사부수제쌀고로케 이마트 월계점,베이커리,4.29,,,서울무사시,https://m.place.naver.com/my/5fe31d7c6d27445de5a05708/review?v=2,1543,,,감동적인 맛은 아닙니다.  차가와서 전자랜지에 데워먹으면 좀더 낫습니다.,,2022년 12월 13일 화요일,1번째 방문,영수증
송사부수제쌀고로케 이마트 월계점,베이커리,4.29,,,나영17,https://m.place.naver.com/my/5b9a75e4ddbe043c66cd8e9b/review?v=2,16,,,고로케가 맛있구우 고소하구우 짭짤하구~ 송사부 고로케 넘 맛있어요…팥들어간 찹쌀도너츠가 저의 최애입니다…♡,"일시적인 오류가 발생했습니다
친절해요",2022년 11월 26일 토요일,1번째 방문,결제내역
송사부수제쌀고로케 이마트 월계점,베이커리,4.29,,,hollimi,https://m.place.naver.com/my/5ec2178c8f87a842bc461fd3/review?v=2,185,3,,간식으로 자주 사먹어요~,"일시적인 오류가 발생했습니다
가성비가 좋아요",2022년 12월 31일 토요일,1번째 방문,영수증
송사부수제쌀고로케 이마트 월계점,베이커리,4.29,,,jer****,https://m.place.naver.com/my/5cb731a1333dee428b04f7ed/review?v=2,318,1,,샐러드빵 맛있어요 ,,2022년 12월 29일 목요일,1번째 방문,영수증
송사부수제쌀고로케 이마트 월계점,베이커리,4.29,,,hjp****,https://m.place.naver.com/my/5d2c2a2cd0766cd5ad1f5590/review?v=2,1446,,,굿,,2023년 9월 28일 목요일,1번째 방문,결제내역
송사부수제쌀고로케 이마트 월계점,베이커리,4.29,,,rosalsh,https://m.place.naver.com/my/5efe8979493ad9a9a0ebdc39/review?v=2,440,6,, 생도넛 예술이예요,"일시적인 오류가 발생했습니다
빵이 맛있어요",2022년 12월 10일 토요일,1번째 방문,영수증
송사부수제쌀고로케 이마트 월계점,베이커리,4.29,,,SO849,https://m.place.naver.com/my/5e1ed9c38f87a842bc2de4f6/review?v=2,1238,,,,,2023년 2월 22일 수요일,8번째 방문,영수증
송사부수제쌀고로케 이마트 월계점,베이커리,4.29,,,마이플007,https://m.place.naver.com/my/5e1bfb4e8f87a842bcac2f10/review?v=2,1592,,,조아요 ,,2023년 2월 5일 일요일,1번째 방문,영수증
송사부수제쌀고로케 이마트 월계점,베이커리,4.29,,,mooonriver,https://m.place.naver.com/my/5e04b4188f87a842bc561e0d/review?v=2,1145,,,굿,,2023년 5월 21일 일요일,2번째 방문,결제내역
송사부수제쌀고로케 이마트 월계점,베이커리,4.29,,,카라멜초코크런치,https://m.place.naver.com/my/5eb37f5e8f87a842bcdb9b37/review?v=2,825,16,,매콤청양볼카츠 오픈할때 사먹으니까 너무맛있네용 JMT,"일시적인 오류가 발생했습니다
주차하기 편해요",2023년 3월 4일 토요일,1번째 방문,결제내역
송사부수제쌀고로케 이마트 월계점,베이커리,4.29,,,ted****,https://m.place.naver.com/my/6039e183b3397763a2d34f94/review?v=2,2786,,,굿,,2023년 2월 23일 목요일,2번째 방문,영수증
송사부수제쌀고로케 이마트 월계점,베이커리,4.29,,,불량주부재재맘,https://m.place.naver.com/my/5c2608d3c05688cd37df3614/review?v=2,154,,,맛있고 저렴하고 좋아요,"일시적인 오류가 발생했습니다
주차하기 편해요",2022년 11월 25일 금요일,1번째 방문,영수증
송사부수제쌀고로케 이마트 월계점,베이커리,4.29,,,굿걸1234,https://m.place.naver.com/my/5c091bcb5f65834851a6d8ff/review?v=2,182,,,고로케 구,,2023년 1월 7일 토요일,1번째 방문,영수증
송사부수제쌀고로케 이마트 월계점,베이커리,4.29,,,j1****,https://m.place.naver.com/my/5db1d1178f87a842bc5e6c78/review?v=2,137,,,가격대비 보통이예요,,2022년 11월 18일 금요일,1번째 방문,영수증
송사부수제쌀고로케 이마트 월계점,베이커리,4.29,,,Rooda,https://m.place.naver.com/my/5f166dc79ec8258e4aa1266b/review?v=2,663,,,맛나요,,2022년 12월 15일 목요일,1번째 방문,영수증
송사부수제쌀고로케 이마트 월계점,베이커리,4.29,,,gus****,https://m.place.naver.com/my/5ea8d9e98f87a842bca51c25/review?v=2,50,,,다른곳에 잘 없는 생도너츠 있어 넘 반가웠어요 ~~ 다른 빵도 다 맛있어요,"일시적인 오류가 발생했습니다
특별한 메뉴가 있어요",2022년 11월 20일 일요일,1번째 방문,영수증
송사부수제쌀고로케 이마트 월계점,베이커리,4.29,,,열혈영자,https://m.place.naver.com/my/5f0ffba69ec8258e4a1a7470/review?v=2,946,,,고로께 굿,,2023년 2월 11일 토요일,1번째 방문,영수증
송사부수제쌀고로케 이마트 월계점,베이커리,4.29,,,꼬부기아내,https://m.place.naver.com/my/5be9842452f77d66eef0121c/review?v=2,672,,,맛있어요 ,"일시적인 오류가 발생했습니다
빵이 맛있어요",2023년 7월 20일 목요일,4번째 방문,영수증
송사부수제쌀고로케 이마트 월계점,베이커리,4.29,,,ABOUT17,https://m.place.naver.com/my/5efe5008bf28894a92885519/review?v=2,1647,,,맛있어요,,2023년 2월 10일 금요일,7번째 방문,영수증
송사부수제쌀고로케 이마트 월계점,베이커리,4.29,,,살아가는 이유,https://m.place.naver.com/my/5d59097dfc01d83b822c23d9/review?v=2,162,,,신제품 맛있어요,"일시적인 오류가 발생했습니다
빵이 맛있어요",2022년 9월 9일 금요일,1번째 방문,영수증
송사부수제쌀고로케 이마트 월계점,베이커리,4.29,,,omggg,https://m.place.naver.com/my/5cf15112bfb5535858cdaf52/review?v=2,589,,,.,,2023년 1월 21일 토요일,1번째 방문,영수증
송사부수제쌀고로케 이마트 월계점,베이커리,4.29,,,주인공8,https://m.place.naver.com/my/5b69a71da54af619e6e66d0a/review?v=2,840,,,빵이 맛나요,"일시적인 오류가 발생했습니다
친절해요",2022년 12월 10일 토요일,1번째 방문,영수증
송사부수제쌀고로케 이마트 월계점,베이커리,4.29,,,hee****,https://m.place.naver.com/my/5be91cd54751c28cc37d0433/review?v=2,52,,,맛잏어요,,2023년 1월 20일 금요일,1번째 방문,영수증
송사부수제쌀고로케 이마트 월계점,베이커리,4.29,,,nam8370,https://m.place.naver.com/my/6083a60fbe8652ea7e807151/review?v=2,2632,,,굿,,2023년 1월 21일 토요일,4번째 방문,영수증
송사부수제쌀고로케 이마트 월계점,베이커리,4.29,,,미소천사349,https://m.place.naver.com/my/6141eb44964b5a772282fdbe/review?v=2,588,,,맛있어요,,2023년 1월 4일 수요일,1번째 방문,영수증
송사부수제쌀고로케 이마트 월계점,베이커리,4.29,,,뽀록낭자,https://m.place.naver.com/my/5bf04e1f1dbcbf0cbf07779c/review?v=2,1034,,,굿,"일시적인 오류가 발생했습니다
가성비가 좋아요",2023년 5월 1일 월요일,3번째 방문,영수증
송사부수제쌀고로케 이마트 월계점,베이커리,4.29,,,neoatom,https://m.place.naver.com/my/61593fbe04927f1f3d09f610/review?v=2,1015,,,이마트 올때마다 들려요 맛나요,"일시적인 오류가 발생했습니다
친절해요",2022년 11월 14일 월요일,4번째 방문,영수증
송사부수제쌀고로케 이마트 월계점,베이커리,4.29,,,pentastorm,https://m.place.naver.com/my/5bfe2b0d3af5fc0c88309143/review?v=2,3499,25,,무난해요~,,2023년 5월 7일 일요일,4번째 방문,영수증
송사부수제쌀고로케 이마트 월계점,베이커리,4.29,,,호빵냥이,https://m.place.naver.com/my/5c73bdb3178fd2532c2533d2/review?v=2,3058,,,맛잇어요^^,,2023년 1월 1일 일요일,4번째 방문,영수증
송사부수제쌀고로케 이마트 월계점,베이커리,4.29,,,bav****,https://m.place.naver.com/my/5c26edf6b087cfcce704992d/review?v=2,2546,,,좋아요,,2023년 1월 21일 토요일,3번째 방문,영수증
송사부수제쌀고로케 이마트 월계점,베이커리,4.29,,,안군세상,https://m.place.naver.com/my/5b9a1dd14605e93725b89ca9/review?v=2,719,16,,저렴하고 맛있어요,"일시적인 오류가 발생했습니다
커피가 맛있어요",2022년 11월 14일 월요일,1번째 방문,영수증
송사부수제쌀고로케 이마트 월계점,베이커리,4.29,,,민따로,https://m.place.naver.com/my/5e68ef568f87a842bc5dde80/review?v=2,2289,1,,맛있어요.,"일시적인 오류가 발생했습니다
매장이 청결해요",2023년 1월 5일 목요일,1번째 방문,영수증
송사부수제쌀고로케 이마트 월계점,베이커리,4.29,,,eeedk005,https://m.place.naver.com/my/5d74423f8f87a842bca446a7/review?v=2,647,,,굳,,2023년 1월 29일 일요일,1번째 방문,영수증
송사부수제쌀고로케 이마트 월계점,베이커리,4.29,,,mzifjsk,https://m.place.naver.com/my/5efe14e2854ca92931131cea/review?v=2,1067,,,굿,,2023년 1월 28일 토요일,2번째 방문,영수증
송사부수제쌀고로케 이마트 월계점,베이커리,4.29,,,flog082,https://m.place.naver.com/my/5c8dec164a0737a0007d280b/review?v=2,48,,,아이가 생도넛 좋아해서 자주 구매합니다. ,"일시적인 오류가 발생했습니다
매장이 청결해요",2022년 11월 4일 금요일,1번째 방문,영수증
송사부수제쌀고로케 이마트 월계점,베이커리,4.29,,,gou079,https://m.place.naver.com/my/5c7d287df83271de92b70bea/review?v=2,296,,,딱딱해요,,2023년 1월 7일 토요일,1번째 방문,영수증
송사부수제쌀고로케 이마트 월계점,베이커리,4.29,,,밥죠6,https://m.place.naver.com/my/5cdec424b627945cd774e57d/review?v=2,995,2,,굿굿,,2022년 12월 23일 금요일,1번째 방문,영수증
송사부수제쌀고로케 이마트 월계점,베이커리,4.29,,,shi****,https://m.place.naver.com/my/5f4da5416c3d7f733444b60f/review?v=2,323,,,마트 올때 가끔 들러서 빵사요 가성비 좋고 맛있어요 ,"일시적인 오류가 발생했습니다
매장이 청결해요",2022년 10월 11일 화요일,2번째 방문,영수증
송사부수제쌀고로케 이마트 월계점,베이커리,4.29,,,choss3869,https://m.place.naver.com/my/5fa3ed15b79fa8a558a04cab/review?v=2,1366,,,ᆢ,,2022년 12월 2일 금요일,1번째 방문,영수증
송사부수제쌀고로케 이마트 월계점,베이커리,4.29,,,slo****,https://m.place.naver.com/my/5c7865743154f51c40e0b6c3/review?v=2,1177,,,좋아요,,2023년 1월 23일 월요일,1번째 방문,영수증
송사부수제쌀고로케 이마트 월계점,베이커리,4.29,,,구구명화,https://m.place.naver.com/my/5c105569a0bf58c872737df1/review?v=2,1680,,,굿,,2022년 12월 20일 화요일,2번째 방문,영수증
송사부수제쌀고로케 이마트 월계점,베이커리,4.29,,,nsr****,https://m.place.naver.com/my/628cbfa44f4bb2fd7f8a60d4/review?v=2,668,,,빵이 맛있고 가성비가 좋아요.,"일시적인 오류가 발생했습니다
음료가 맛있어요",2022년 11월 20일 일요일,2번째 방문,영수증
송사부수제쌀고로케 이마트 월계점,베이커리,4.29,,,아따맘마21,https://m.place.naver.com/my/5d2959163605c731adc38286/review?v=2,1937,,,,,2023년 2월 13일 월요일,1번째 방문,영수증
송사부수제쌀고로케 이마트 월계점,베이커리,4.29,,,지금이순간186,https://m.place.naver.com/my/5da167518f87a842bc7bac70/review?v=2,667,,,굿,,2022년 12월 19일 월요일,1번째 방문,영수증
송사부수제쌀고로케 이마트 월계점,베이커리,4.29,,,SSPAPA,https://m.place.naver.com/my/5c83ff4811e4dd52e2932056/review?v=2,210,,,역시 가성비하면 송사부,,2022년 10월 31일 월요일,1번째 방문,영수증
송사부수제쌀고로케 이마트 월계점,베이커리,4.29,,,햇님달님님,https://m.place.naver.com/my/5bb74eb06bc4c334256afeba/review?v=2,511,11,,맛있어요,,2023년 1월 20일 금요일,1번째 방문,영수증
송사부수제쌀고로케 이마트 월계점,베이커리,4.29,,,리아츄3,https://m.place.naver.com/my/5f05894cb2804547b1885236/review?v=2,262,,,"애들이 지나갈때마다 항상 사달라고 해요! 
맛있고좋아요^^ ","일시적인 오류가 발생했습니다
빵이 맛있어요",2022년 9월 27일 화요일,1번째 방문,영수증
송사부수제쌀고로케 이마트 월계점,베이커리,4.29,,,asz****,https://m.place.naver.com/my/5fb7a169ccf2417c37cab5ea/review?v=2,2478,,,친절해요 ,,2023년 4월 13일 목요일,10번째 방문,영수증
송사부수제쌀고로케 이마트 월계점,베이커리,4.29,,,78m****,https://m.place.naver.com/my/5f04032c34554cd50d18732d/review?v=2,702,,,야채샐러드 고로케 너무 맛있어요!,"일시적인 오류가 발생했습니다
주차하기 편해요",2022년 8월 26일 금요일,1번째 방문,영수증
송사부수제쌀고로케 이마트 월계점,베이커리,4.29,,,쏘쏘1,https://m.place.naver.com/my/5efe029d508969f832307bc0/review?v=2,222,,,저렴하고 고로케 맛이 좋았어요,"일시적인 오류가 발생했습니다
빵이 맛있어요",2022년 10월 2일 일요일,1번째 방문,영수증
송사부수제쌀고로케 이마트 월계점,베이커리,4.29,,,vwo****,https://m.place.naver.com/my/5da3f0d78f87a842bcc648f0/review?v=2,65,,,맛있어요.,"일시적인 오류가 발생했습니다
가성비가 좋아요",2023년 1월 16일 월요일,1번째 방문,영수증
송사부수제쌀고로케 이마트 월계점,베이커리,4.29,,,꼬부기아내,https://m.place.naver.com/my/5be9842452f77d66eef0121c/review?v=2,672,,,맛있어요 ,"일시적인 오류가 발생했습니다
빵이 맛있어요",2023년 7월 10일 월요일,3번째 방문,영수증
송사부수제쌀고로케 이마트 월계점,베이커리,4.29,,,alscjfprince,https://m.place.naver.com/my/5de6175c9ec8258e4a1480ad/review?v=2,348,,,맛있는 종류가 많아요,"일시적인 오류가 발생했습니다
빵이 맛있어요",2022년 11월 19일 토요일,1번째 방문,영수증
송사부수제쌀고로케 이마트 월계점,베이커리,4.29,,,luvliyong,https://m.place.naver.com/my/5c6fc8139b90dc048b43be17/review?v=2,2163,,,요즘 물가 너무 비싼데 가성비 좋아요,,2022년 9월 18일 일요일,2번째 방문,영수증
송사부수제쌀고로케 이마트 월계점,베이커리,4.29,,,별명없음868,https://m.place.naver.com/my/5c5873bf6fa6e6c08c407bcb/review?v=2,382,,,굿,,2023년 1월 11일 수요일,1번째 방문,영수증
송사부수제쌀고로케 이마트 월계점,베이커리,4.29,,,7579hs,https://m.place.naver.com/my/5e62091b8f87a842bc740fb6/review?v=2,888,,,언제나 맛있다.깨끗하고,"일시적인 오류가 발생했습니다
빵이 맛있어요",2022년 11월 19일 토요일,1번째 방문,영수증
송사부수제쌀고로케 이마트 월계점,베이커리,4.29,,,joo****,https://m.place.naver.com/my/6142f1792ace790006109fbf/review?v=2,474,,,굿,,2022년 12월 7일 수요일,1번째 방문,영수증
송사부수제쌀고로케 이마트 월계점,베이커리,4.29,,,동라에몽,https://m.place.naver.com/my/5eac228b8f87a842bca02297/review?v=2,34,,,맛있어요,,2022년 12월 5일 월요일,1번째 방문,영수증
송사부수제쌀고로케 이마트 월계점,베이커리,4.29,,,ado****,https://m.place.naver.com/my/5f1fe9af9ec8258e4a7dad7b/review?v=2,1886,4,,맛있어요,"일시적인 오류가 발생했습니다
주차하기 편해요",2022년 12월 3일 토요일,3번째 방문,영수증
송사부수제쌀고로케 이마트 월계점,베이커리,4.29,,,웃음마녀77,https://m.place.naver.com/my/5c41b562b3d121b72d54a539/review?v=2,1675,22,,맛있어요,,2022년 12월 2일 금요일,3번째 방문,영수증
송사부수제쌀고로케 이마트 월계점,베이커리,4.29,,,양뚜42,https://m.place.naver.com/my/5d0d9003e33140e3c28838a3/review?v=2,1071,45,,송사부고로케 카스테라꽈배기 맛나요,,2022년 9월 9일 금요일,1번째 방문,영수증
송사부수제쌀고로케 이마트 월계점,베이커리,4.29,,,은영양,https://m.place.naver.com/my/5b692dff93d45cdd4d973447/review?v=2,1068,18,,맛있는데 담다보면 가격이 허걱 합니다.ㅋㅋ,,2022년 9월 10일 토요일,1번째 방문,영수증
송사부수제쌀고로케 이마트 월계점,베이커리,4.29,,,Yebbnna,https://m.place.naver.com/my/5d60a5548f87a842bce7ec46/review?v=2,213,,,오며가며 잘보이는곳에 있어서 한번 먹어봤어요 추억을 끌어올만한맛은 아니네요 속이꽉찼다는 느낌이 없어요 아쉽ㆍ...,,2022년 8월 29일 월요일,1번째 방문,영수증
송사부수제쌀고로케 이마트 월계점,베이커리,4.29,,,jksoon,https://m.place.naver.com/my/5eb977528f87a842bc0ce67d/review?v=2,1406,13,,조아요,,2022년 11월 30일 수요일,7번째 방문,결제내역
송사부수제쌀고로케 이마트 월계점,베이커리,4.29,,,ado****,https://m.place.naver.com/my/5f1fe9af9ec8258e4a7dad7b/review?v=2,1886,4,,굳,"일시적인 오류가 발생했습니다
친절해요",2022년 11월 30일 수요일,2번째 방문,영수증
송사부수제쌀고로케 이마트 월계점,베이커리,4.29,,,코로나시러,https://m.place.naver.com/my/5b8d72075976d89033a6ff97/review?v=2,1957,,,한번 먹어본걸로 만족해요,,2022년 9월 5일 월요일,1번째 방문,영수증
송사부수제쌀고로케 이마트 월계점,베이커리,4.29,,,서리1970,https://m.place.naver.com/my/5eedb29b8f87a842bc8354f5/review?v=2,988,15,,가성비 좋아요,,2022년 10월 29일 토요일,2번째 방문,영수증
송사부수제쌀고로케 이마트 월계점,베이커리,4.29,,,sychang0204,https://m.place.naver.com/my/5c0937c4c6dda0f836947aad/review?v=2,1283,1,,바삭바삭 맛있어요,,2023년 4월 1일 토요일,1번째 방문,결제내역
송사부수제쌀고로케 이마트 월계점,베이커리,4.29,,,jksoon,https://m.place.naver.com/my/5eb977528f87a842bc0ce67d/review?v=2,1406,13,,조아요,,2022년 11월 25일 금요일,6번째 방문,영수증
송사부수제쌀고로케 이마트 월계점,베이커리,4.29,,,로긴23,https://m.place.naver.com/my/60890a1ac7708fdb18d004c5/review?v=2,704,,,파리***보다 맛있네요,"일시적인 오류가 발생했습니다
매장이 청결해요",2022년 11월 2일 수요일,2번째 방문,영수증
송사부수제쌀고로케 이마트 월계점,베이커리,4.29,,,lej****,https://m.place.naver.com/my/5efec337a7f1cdd89feefcb0/review?v=2,1235,,,도너츠가 저렴하진 않지만 종류가 다양해요,,2022년 10월 2일 일요일,1번째 방문,영수증
송사부수제쌀고로케 이마트 월계점,베이커리,4.29,,,멍뭉미0428,https://m.place.naver.com/my/6145e9ed7e285f531bfacd9a/review?v=2,850,2,,굿,,2023년 2월 16일 목요일,4번째 방문,영수증
송사부수제쌀고로케 이마트 월계점,베이커리,4.29,,,이영28,https://m.place.naver.com/my/5d710bef8f87a842bc651686/review?v=2,399,,,맛있어요,,2023년 3월 20일 월요일,1번째 방문,영수증
송사부수제쌀고로케 이마트 월계점,베이커리,4.29,,,평범속비범,https://m.place.naver.com/my/5c85f69273c51b4f6623bc2c/review?v=2,2311,,,맛있어요 이마트가면 꼭 들리는 곳 입니다,"일시적인 오류가 발생했습니다
빵이 맛있어요",2022년 8월 29일 월요일,4번째 방문,영수증
송사부수제쌀고로케 이마트 월계점,베이커리,4.29,,,쑤7331,https://m.place.naver.com/my/5f26263c9ec8258e4a5bdfa1/review?v=2,1669,,,굿,"일시적인 오류가 발생했습니다
특별한 메뉴가 있어요",2022년 12월 24일 토요일,1번째 방문,영수증
송사부수제쌀고로케 이마트 월계점,베이커리,4.29,,,jmj****,https://m.place.naver.com/my/5bfd24b218ae205dfc34548b/review?v=2,1344,,,맛있어요,"일시적인 오류가 발생했습니다
매장이 청결해요",2022년 12월 22일 목요일,2번째 방문,영수증
송사부수제쌀고로케 이마트 월계점,베이커리,4.29,,,구구명화,https://m.place.naver.com/my/5c105569a0bf58c872737df1/review?v=2,1680,,,굿,,2022년 11월 15일 화요일,1번째 방문,영수증
송사부수제쌀고로케 이마트 월계점,베이커리,4.29,,,꼬부기아내,https://m.place.naver.com/my/5be9842452f77d66eef0121c/review?v=2,672,,,맛있어요 ,"일시적인 오류가 발생했습니다
빵이 맛있어요",2023년 6월 8일 목요일,2번째 방문,영수증
송사부수제쌀고로케 이마트 월계점,베이커리,4.29,,,neoatom,https://m.place.naver.com/my/61593fbe04927f1f3d09f610/review?v=2,1015,,,이마트  가면  꼭 들러  도넛츠 사요. 친절해요,"일시적인 오류가 발생했습니다
가성비가 좋아요",2022년 9월 9일 금요일,3번째 방문,영수증
송사부수제쌀고로케 이마트 월계점,베이커리,4.29,,,여우공주81,https://m.place.naver.com/my/5c5ecfd8a90df28411b2e603/review?v=2,247,,,너무너무 맛나여,,2022년 9월 12일 월요일,1번째 방문,영수증
송사부수제쌀고로케 이마트 월계점,베이커리,4.29,,,200****,https://m.place.naver.com/my/5f86df46d3aa01898b982f18/review?v=2,171,,,ㅍ,,2022년 11월 20일 일요일,2번째 방문,결제내역
송사부수제쌀고로케 이마트 월계점,베이커리,4.29,,,악즉참17,https://m.place.naver.com/my/5c2d0b978f36a99b5c97444b/review?v=2,530,,,^^,,2022년 11월 20일 일요일,1번째 방문,영수증
송사부수제쌀고로케 이마트 월계점,베이커리,4.29,,,호정이는 맛집을 찢어,https://m.place.naver.com/my/5bfb61863f53b2a4090c0913/review?v=2,175,,,맛나용,"일시적인 오류가 발생했습니다
특별한 메뉴가 있어요",2022년 11월 6일 일요일,1번째 방문,결제내역
송사부수제쌀고로케 이마트 월계점,베이커리,4.29,,,잇팅썬,https://m.place.naver.com/my/62b090b52a4c5b080897b12d/review?v=2,150,2,,게살고로케 맛있어욤❤️,"일시적인 오류가 발생했습니다
빵이 맛있어요",2022년 8월 12일 금요일,1번째 방문,영수증
송사부수제쌀고로케 이마트 월계점,베이커리,4.29,,,fnvl414,https://m.place.naver.com/my/5f058bb02f90b7de3537f342/review?v=2,1075,12,,송사부고로케를 먹었답니다,"일시적인 오류가 발생했습니다
화장실이 깨끗해요",2022년 8월 13일 토요일,1번째 방문,영수증
송사부수제쌀고로케 이마트 월계점,베이커리,4.29,,,shi****,https://m.place.naver.com/my/5f4da5416c3d7f733444b60f/review?v=2,323,,,가성비 좋은 빵집,"일시적인 오류가 발생했습니다
빵이 맛있어요",2022년 9월 14일 수요일,1번째 방문,영수증
송사부수제쌀고로케 이마트 월계점,베이커리,4.29,,,acacia78,https://m.place.naver.com/my/5bfbd1603ccf0c0b7342c218/review?v=2,658,10,,맛있어요,,2022년 12월 1일 목요일,1번째 방문,결제내역
송사부수제쌀고로케 이마트 월계점,베이커리,4.29,,,연시라마미,https://m.place.naver.com/my/60716a3307656786fe771909/review?v=2,167,,,좋아요 ,,2022년 12월 1일 목요일,1번째 방문,영수증
송사부수제쌀고로케 이마트 월계점,베이커리,4.29,,,song322400,https://m.place.naver.com/my/5d9f7e948f87a842bc8679dc/review?v=2,251,,,ㅇ,,2022년 10월 8일 토요일,1번째 방문,영수증
송사부수제쌀고로케 이마트 월계점,베이커리,4.29,,,찐찐찐찐찐2야,https://m.place.naver.com/my/5f06127005022b66f961b2ef/review?v=2,1111,1,,마감 세일 굿,,2022년 10월 26일 수요일,1번째 방문,영수증
송사부수제쌀고로케 이마트 월계점,베이커리,4.29,,,후니처,https://m.place.naver.com/my/5dce6e888f87a842bcf959fa/review?v=2,1130,,,다양해요,,2022년 10월 25일 화요일,1번째 방문,영수증
송사부수제쌀고로케 이마트 월계점,베이커리,4.29,,,asz****,https://m.place.naver.com/my/5fb7a169ccf2417c37cab5ea/review?v=2,2478,,,친절해요 ,,2023년 2월 19일 일요일,9번째 방문,영수증
송사부수제쌀고로케 이마트 월계점,베이커리,4.29,,,뚜경쓰,https://m.place.naver.com/my/5d4aa8f50b96e7d4aea522fe/review?v=2,598,2,,맛있어요,,2023년 4월 1일 토요일,4번째 방문,영수증
송사부수제쌀고로케 이마트 월계점,베이커리,4.29,,,정훈11,https://m.place.naver.com/my/6140f841b07e2540924f4cf5/review?v=2,50,,,송사부 야채샐러드빵이 맛있어요,,2022년 8월 30일 화요일,1번째 방문,영수증
송사부수제쌀고로케 이마트 월계점,베이커리,4.29,,,진희8816,https://m.place.naver.com/my/5c86630ba1c9416cbdbb7a4c/review?v=2,507,,,야채사라다 맛나요,"일시적인 오류가 발생했습니다
매장이 청결해요",2022년 11월 16일 수요일,1번째 방문,영수증
송사부수제쌀고로케 이마트 월계점,베이커리,4.29,,,yam****,https://m.place.naver.com/my/5bd481e04d2617038723217a/review?v=2,949,,,맛있아요,"일시적인 오류가 발생했습니다
특별한 메뉴가 있어요",2022년 10월 18일 화요일,1번째 방문,영수증
송사부수제쌀고로케 이마트 월계점,베이커리,4.29,,,chl****,https://m.place.naver.com/my/5dff873e8f87a842bc83752c/review?v=2,196,1,,굿,,2022년 11월 20일 일요일,1번째 방문,영수증
송사부수제쌀고로케 이마트 월계점,베이커리,4.29,,,km****,https://m.place.naver.com/my/5ead2e818f87a842bce7177f/review?v=2,1022,,,좋아요 ,,2023년 2월 11일 토요일,1번째 방문,영수증
송사부수제쌀고로케 이마트 월계점,베이커리,4.29,,,cj****,https://m.place.naver.com/my/5fed5209033dc4f1a2e66695/review?v=2,64,,,,"일시적인 오류가 발생했습니다
주차하기 편해요",2022년 9월 12일 월요일,1번째 방문,영수증
송사부수제쌀고로케 이마트 월계점,베이커리,4.29,,,현장사람75,https://m.place.naver.com/my/5c4dc448a496f9600f3dc02c/review?v=2,197,,,맛있어요.,,2022년 11월 17일 목요일,1번째 방문,영수증
송사부수제쌀고로케 이마트 월계점,베이커리,4.29,,,jmpuppy,https://m.place.naver.com/my/5d071cdb1d0191fd81b4ff93/review?v=2,2768,,,좋아요,,2022년 11월 17일 목요일,2번째 방문,영수증
송사부수제쌀고로케 이마트 월계점,베이커리,4.29,,,isu****,https://m.place.naver.com/my/5beac9a259987204c3208fa4/review?v=2,1128,,,좋아요,"일시적인 오류가 발생했습니다
주차하기 편해요",2023년 2월 8일 수요일,1번째 방문,영수증
송사부수제쌀고로케 이마트 월계점,베이커리,4.29,,,jksoon,https://m.place.naver.com/my/5eb977528f87a842bc0ce67d/review?v=2,1406,13,,조아요,,2022년 10월 13일 목요일,5번째 방문,영수증
송사부수제쌀고로케 이마트 월계점,베이커리,4.29,,,bij****,https://m.place.naver.com/my/601a7d8d7b558d58e3dd969d/review?v=2,1186,52,,"야채 샐러드빵 맛있어요~~
치즈 쫀득볼은 제입맛엔 너무 달아요","일시적인 오류가 발생했습니다
빵이 맛있어요",2022년 7월 21일 목요일,2번째 방문,영수증
송사부수제쌀고로케 이마트 월계점,베이커리,4.29,,,국내산숙성돼지,https://m.place.naver.com/my/5c25efe3d10a2cb607ec6fc3/review?v=2,703,,,좋아요,,2022년 10월 13일 목요일,1번째 방문,영수증
송사부수제쌀고로케 이마트 월계점,베이커리,4.29,,,031****,https://m.place.naver.com/my/5be908eae8c4c78c59252313/review?v=2,61,,,맛난데 기름져요,,2022년 9월 12일 월요일,1번째 방문,영수증
송사부수제쌀고로케 이마트 월계점,베이커리,4.29,,,asz****,https://m.place.naver.com/my/5fb7a169ccf2417c37cab5ea/review?v=2,2478,,,친절해요 ,,2023년 2월 4일 토요일,8번째 방문,영수증
송사부수제쌀고로케 이마트 월계점,베이커리,4.29,,,호빵냥이,https://m.place.naver.com/my/5c73bdb3178fd2532c2533d2/review?v=2,3058,,,맛있어요^^,,2022년 10월 7일 금요일,3번째 방문,영수증
송사부수제쌀고로케 이마트 월계점,베이커리,4.29,,,서리1970,https://m.place.naver.com/my/5eedb29b8f87a842bc8354f5/review?v=2,988,15,,.,,2022년 10월 11일 화요일,1번째 방문,영수증
송사부수제쌀고로케 이마트 월계점,베이커리,4.29,,,위드유 with You,https://m.place.naver.com/my/5bb7535c850de991c0e516b8/review?v=2,88,,,맛있어요,,2022년 11월 5일 토요일,1번째 방문,영수증
송사부수제쌀고로케 이마트 월계점,베이커리,4.29,,,스키아나3,https://m.place.naver.com/my/5f055c264d1cf87540aa9599/review?v=2,23,,,맛나요,,2022년 11월 4일 금요일,2번째 방문,영수증
송사부수제쌀고로케 이마트 월계점,베이커리,4.29,,,dig****,https://m.place.naver.com/my/5f198d129ec8258e4a1e0078/review?v=2,48,,,,"일시적인 오류가 발생했습니다
가성비가 좋아요",2022년 11월 15일 화요일,3번째 방문,영수증
송사부수제쌀고로케 이마트 월계점,베이커리,4.29,,,새미천재,https://m.place.naver.com/my/5f2bdc609ec8258e4a266b86/review?v=2,1737,,,"제 입맛에는 쏘쏘.
고로케가 너무 차갑고",,2022년 10월 13일 목요일,1번째 방문,영수증
송사부수제쌀고로케 이마트 월계점,베이커리,4.29,,,스키아나3,https://m.place.naver.com/my/5f055c264d1cf87540aa9599/review?v=2,23,,,맛이 굿,,2022년 11월 1일 화요일,1번째 방문,영수증
송사부수제쌀고로케 이마트 월계점,베이커리,4.29,,,heeni,https://m.place.naver.com/my/5b9b29757fcf760cca3a6d74/review?v=2,532,,,굿,,2022년 9월 27일 화요일,1번째 방문,영수증
송사부수제쌀고로케 이마트 월계점,베이커리,4.29,,,mid****,https://m.place.naver.com/my/5efe936435e32560edab10ad/review?v=2,562,,,야채고로케 맛있어요,,2022년 7월 31일 일요일,1번째 방문,영수증
송사부수제쌀고로케 이마트 월계점,베이커리,4.29,,,저도요,https://m.place.naver.com/my/5f8afc521bde7d4df06bc690/review?v=2,1179,,,쏘쏘,,2022년 9월 5일 월요일,1번째 방문,영수증
송사부수제쌀고로케 이마트 월계점,베이커리,4.29,,,푸른하늘3713,https://m.place.naver.com/my/5e337ff68f87a842bc4cf767/review?v=2,2217,,,오래간만에 먹었어요~ 맛있어요,,2022년 7월 1일 금요일,7번째 방문,영수증
송사부수제쌀고로케 이마트 월계점,베이커리,4.29,,,핑크64,https://m.place.naver.com/my/5efe7e9468401871104eb6ac/review?v=2,197,,,굿,,2022년 10월 25일 화요일,1번째 방문,영수증
송사부수제쌀고로케 이마트 월계점,베이커리,4.29,,,kjs****,https://m.place.naver.com/my/5f0530858f87a842bc525aff/review?v=2,71,,,맛있어요,,2022년 10월 25일 화요일,1번째 방문,영수증
송사부수제쌀고로케 이마트 월계점,베이커리,4.29,,,남산골선27,https://m.place.naver.com/my/5f0699d93b535016872e6613/review?v=2,178,,,빵 맛이 좋아요,,2022년 7월 20일 수요일,2번째 방문,영수증
송사부수제쌀고로케 이마트 월계점,베이커리,4.29,,,오뚜기영쑥62,https://m.place.naver.com/my/5fa64b87fcc2ab21bca56eda/review?v=2,186,,,굿,,2022년 10월 22일 토요일,1번째 방문,영수증
송사부수제쌀고로케 이마트 월계점,베이커리,4.29,,,Zoe1223,https://m.place.naver.com/my/5be626ac15361e2614dd8cd7/review?v=2,448,,,이름표가 빵과 매치되게 두셨음 좋겠네요 이름표와 다른 맛이어서 좀 그랬지만...빵 맛은 좋네요,,2022년 9월 8일 목요일,1번째 방문,영수증
송사부수제쌀고로케 이마트 월계점,베이커리,4.29,,,공릉동언제나초심,https://m.place.naver.com/my/603b3653fdf462dda4c7a472/review?v=2,1582,,,굿,,2023년 2월 23일 목요일,2번째 방문,영수증
송사부수제쌀고로케 이마트 월계점,베이커리,4.29,,,pjj****,https://m.place.naver.com/my/624245c30d1aeae6a2bc5037/review?v=2,974,,,ㆍ,"일시적인 오류가 발생했습니다
친절해요",2022년 9월 30일 금요일,1번째 방문,영수증
송사부수제쌀고로케 이마트 월계점,베이커리,4.29,,,초록이슬29,https://m.place.naver.com/my/5f05da83a2a8ca9c23369e84/review?v=2,402,,,굿 ,,2022년 9월 16일 금요일,1번째 방문,영수증
송사부수제쌀고로케 이마트 월계점,베이커리,4.29,,,해바라기2950,https://m.place.naver.com/my/5f043220012fad32006cf92c/review?v=2,296,,,심심풀이 간식 굿,"일시적인 오류가 발생했습니다
빵이 맛있어요",2022년 8월 23일 화요일,1번째 방문,영수증
송사부수제쌀고로케 이마트 월계점,베이커리,4.29,,,윤교이,https://m.place.naver.com/my/5efe2e790765f4dd1bac5d1f/review?v=2,426,,,맛나용,"일시적인 오류가 발생했습니다
가성비가 좋아요",2022년 10월 16일 일요일,1번째 방문,영수증
송사부수제쌀고로케 이마트 월계점,베이커리,4.29,,,mzifjsk,https://m.place.naver.com/my/5efe14e2854ca92931131cea/review?v=2,1067,,,굿,,2022년 10월 16일 일요일,1번째 방문,영수증
송사부수제쌀고로케 이마트 월계점,베이커리,4.29,,,hjhjinjun,https://m.place.naver.com/my/5ddb15289ec8258e4a62ab49/review?v=2,761,5,,감동란고로케 먹었어요. 맛있어요. 일찍 안가면 다떨어져서 먹기 힘들어요^^,"일시적인 오류가 발생했습니다
빵이 맛있어요",2022년 7월 23일 토요일,1번째 방문,영수증
송사부수제쌀고로케 이마트 월계점,베이커리,4.29,,,o아보카도o,https://m.place.naver.com/my/5b9b70cbc6edd3e33bc3cf38/review?v=2,355,,,좋아요,,2022년 10월 13일 목요일,1번째 방문,영수증
송사부수제쌀고로케 이마트 월계점,베이커리,4.29,,,포포맘18,https://m.place.naver.com/my/61407fec7b16ed5618af3204/review?v=2,581,,,"좋아요.
맛나요.
예전보다 크림이  좀  적은  듯",,2022년 6월 16일 목요일,1번째 방문,영수증
송사부수제쌀고로케 이마트 월계점,베이커리,4.29,,,소소한일상행복만땅,https://m.place.naver.com/my/5f06198ec6c911a490bd29bd/review?v=2,124,,,,"일시적인 오류가 발생했습니다
빵이 맛있어요",2023년 1월 30일 월요일,3번째 방문,영수증
송사부수제쌀고로케 이마트 월계점,베이커리,4.29,,,야무진토끼16,https://m.place.naver.com/my/5c15219ac57c28b7990e1df0/review?v=2,186,,,맛있어요,,2022년 10월 10일 월요일,1번째 방문,영수증
송사부수제쌀고로케 이마트 월계점,베이커리,4.29,,,뮤진뮤진,https://m.place.naver.com/my/5e58fb7c8f87a842bc35c7fc/review?v=2,478,4,,가성비 좋고 맛도 좋아요,"일시적인 오류가 발생했습니다
가성비가 좋아요",2022년 11월 19일 토요일,2번째 방문,영수증
송사부수제쌀고로케 이마트 월계점,베이커리,4.29,,,빵빵사냥꾼,https://m.place.naver.com/my/5c44123a677c595809271f3a/review?v=2,113,,,굿굿,"일시적인 오류가 발생했습니다
특별한 메뉴가 있어요",2022년 10월 8일 토요일,1번째 방문,영수증
송사부수제쌀고로케 이마트 월계점,베이커리,4.29,,,kos11,https://m.place.naver.com/my/5c2f3601ef74eeac089c74f7/review?v=2,382,,,"천원어 가격은 아닌듯
노덤것이 더 맛남",,2022년 7월 17일 일요일,2번째 방문,영수증
송사부수제쌀고로케 이마트 월계점,베이커리,4.29,,,삶속의힐링,https://m.place.naver.com/my/5eabddcb8f87a842bc6715d7/review?v=2,2109,9,,좋앙‥ㅡ,,2022년 9월 3일 토요일,1번째 방문,영수증
송사부수제쌀고로케 이마트 월계점,베이커리,4.29,,,가락지69,https://m.place.naver.com/my/5c21c04dc6bbff3038029f71/review?v=2,634,,,좋아요 ,,2022년 10월 5일 수요일,1번째 방문,영수증
송사부수제쌀고로케 이마트 월계점,베이커리,4.29,,,Enjoy the present,https://m.place.naver.com/my/5d93fccb8f87a842bc93e72d/review?v=2,1987,,,맛있어요 ,,2022년 9월 2일 금요일,1번째 방문,영수증
송사부수제쌀고로케 이마트 월계점,베이커리,4.29,,,glk****,https://m.place.naver.com/my/5c9f2e72fd1f96fef214ba6a/review?v=2,726,,,굿,,2022년 8월 31일 수요일,1번째 방문,영수증
송사부수제쌀고로케 이마트 월계점,베이커리,4.29,,,뽀록낭자,https://m.place.naver.com/my/5bf04e1f1dbcbf0cbf07779c/review?v=2,1034,,,굿,,2022년 12월 26일 월요일,2번째 방문,영수증
송사부수제쌀고로케 이마트 월계점,베이커리,4.29,,,eks****,https://m.place.naver.com/my/5fcb219ff73a6b0a50e788ef/review?v=2,156,,,굿,"일시적인 오류가 발생했습니다
빵이 맛있어요",2022년 10월 3일 월요일,1번째 방문,영수증
송사부수제쌀고로케 이마트 월계점,베이커리,4.29,,,꿈의대화57,https://m.place.naver.com/my/5ee847768f87a842bce15e5d/review?v=2,391,,,굿,"일시적인 오류가 발생했습니다
매장이 청결해요",2022년 10월 2일 일요일,1번째 방문,영수증
송사부수제쌀고로케 이마트 월계점,베이커리,4.29,,,lyj****,https://m.place.naver.com/my/5b7a7b059edd365bbf3406d7/review?v=2,1083,,,넘달아요,,2022년 9월 12일 월요일,1번째 방문,영수증
송사부수제쌀고로케 이마트 월계점,베이커리,4.29,,,쭈뽕67,https://m.place.naver.com/my/5d2149719a7f73182cf790e9/review?v=2,288,,,굿,,2022년 10월 1일 토요일,1번째 방문,영수증
송사부수제쌀고로케 이마트 월계점,베이커리,4.29,,,다닝95,https://m.place.naver.com/my/5e7fc4b28f87a842bc63151f/review?v=2,358,1,,꽈배기 맛있고 사장님도 친절하세요:),,2022년 6월 4일 토요일,1번째 방문,영수증
송사부수제쌀고로케 이마트 월계점,베이커리,4.29,,,깔루아밀크11,https://m.place.naver.com/my/5c0b2f29fc38b6ac2aafa149/review?v=2,426,,,굿,,2022년 8월 24일 수요일,2번째 방문,영수증
송사부수제쌀고로케 이마트 월계점,베이커리,4.29,,,elfshoo8788,https://m.place.naver.com/my/5d809a5c8f87a842bcd7a0c6/review?v=2,230,,,굿,,2022년 9월 23일 금요일,1번째 방문,영수증
송사부수제쌀고로케 이마트 월계점,베이커리,4.29,,,미나미와새코미,https://m.place.naver.com/my/5e4cf5a98f87a842bcc1ec0d/review?v=2,755,30,,맛있고좋아요,"일시적인 오류가 발생했습니다
빵이 맛있어요",2022년 6월 25일 토요일,1번째 방문,영수증
송사부수제쌀고로케 이마트 월계점,베이커리,4.29,,,leeroseteen,https://m.place.naver.com/my/61ae966505ff4d7466295a49/review?v=2,1239,,,맛있어요 ,,2022년 12월 15일 목요일,1번째 방문,영수증
송사부수제쌀고로케 이마트 월계점,베이커리,4.29,,,aig****,https://m.place.naver.com/my/5f04c84d92c132301ca07306/review?v=2,258,,,좋아요,,2022년 9월 21일 수요일,1번째 방문,영수증
송사부수제쌀고로케 이마트 월계점,베이커리,4.29,,,ENE14,https://m.place.naver.com/my/5d100b9cd06039f5ef9683df/review?v=2,83,,,"꽈배기, 고로케 너무 맛있어요ㅎㅎ",,2022년 6월 3일 금요일,2번째 방문,영수증
송사부수제쌀고로케 이마트 월계점,베이커리,4.29,,,재야네,https://m.place.naver.com/my/5e22c9fa8f87a842bcb28334/review?v=2,551,,,중화 잡채고로께 완전 맛있어요~~,,2022년 6월 28일 화요일,1번째 방문,영수증
송사부수제쌀고로케 이마트 월계점,베이커리,4.29,,,ght****,https://m.place.naver.com/my/5f1e68009ec8258e4a8ba97e/review?v=2,2277,,,굿,,2022년 9월 6일 화요일,1번째 방문,영수증
송사부수제쌀고로케 이마트 월계점,베이커리,4.29,,,그레4697,https://m.place.naver.com/my/5d71d6768f87a842bca429d5/review?v=2,1028,20,,굿,,2022년 8월 15일 월요일,1번째 방문,영수증
송사부수제쌀고로케 이마트 월계점,베이커리,4.29,,,jej****,https://m.place.naver.com/my/5de996489ec8258e4af188bd/review?v=2,968,1,,,"일시적인 오류가 발생했습니다
주차하기 편해요",2022년 7월 17일 일요일,1번째 방문,영수증
송사부수제쌀고로케 이마트 월계점,베이커리,4.29,,,꼬기오들,https://m.place.naver.com/my/5c138e5e8872275c071b5473/review?v=2,459,20,,맛있어요,,2022년 8월 13일 토요일,1번째 방문,영수증
송사부수제쌀고로케 이마트 월계점,베이커리,4.29,,,아리09,https://m.place.naver.com/my/5e6ddc648f87a842bc34c4d9/review?v=2,3593,5,,,"일시적인 오류가 발생했습니다
가성비가 좋아요",2023년 2월 2일 목요일,2번째 방문,영수증
송사부수제쌀고로케 이마트 월계점,베이커리,4.29,,,wlstkfkd00,https://m.place.naver.com/my/5dc62e5f8f87a842bc05fec4/review?v=2,502,,,옥수수가 사라져서 아쉬워요ㅠㅠ 그래도 맛나요,,2022년 6월 20일 월요일,1번째 방문,영수증
송사부수제쌀고로케 이마트 월계점,베이커리,4.29,,,마미2741,https://m.place.naver.com/my/5c226870b5e3796411b1e8ed/review?v=2,1308,,,굿,"일시적인 오류가 발생했습니다
빵이 맛있어요",2022년 8월 15일 월요일,1번째 방문,영수증
송사부수제쌀고로케 이마트 월계점,베이커리,4.29,,,어흥4739,https://m.place.naver.com/my/5ee458948f87a842bc69bbaf/review?v=2,134,,,"아기가 꽈배기를 야무지게 잘먹네요.ㅎㅎ
저도 찹쌀도넛에 반했습니다.ㅎ
맛있어요. 마트갈때마다 간식으로 굿굿이네유~ㅋ",,2022년 5월 28일 토요일,1번째 방문,영수증
송사부수제쌀고로케 이마트 월계점,베이커리,4.29,,,you****,https://m.place.naver.com/my/5b9dce36f30b99b366cd2c9a/review?v=2,1822,,,굿,,2022년 8월 13일 토요일,1번째 방문,영수증
송사부수제쌀고로케 이마트 월계점,베이커리,4.29,,,유리3223,https://m.place.naver.com/my/5e512c628f87a842bc11ccc4/review?v=2,583,1,,굿,,2022년 8월 16일 화요일,3번째 방문,영수증
송사부수제쌀고로케 이마트 월계점,베이커리,4.29,,,arominail,https://m.place.naver.com/my/5c43189d49d789511a90305d/review?v=2,151,5,,맛있어용,,2022년 11월 14일 월요일,1번째 방문,결제내역
송사부수제쌀고로케 이마트 월계점,베이커리,4.29,,,평범속비범,https://m.place.naver.com/my/5c85f69273c51b4f6623bc2c/review?v=2,2311,,,친절하고 좋아요,"일시적인 오류가 발생했습니다
빵이 맛있어요",2022년 6월 6일 월요일,3번째 방문,영수증
송사부수제쌀고로케 이마트 월계점,베이커리,4.29,,,Lovely526,https://m.place.naver.com/my/60dac915469259516902e124/review?v=2,1551,,,좋아요,,2022년 9월 1일 목요일,1번째 방문,영수증
송사부수제쌀고로케 이마트 월계점,베이커리,4.29,,,dangdangeu,https://m.place.naver.com/my/5da05d868f87a842bcd1a2de/review?v=2,2339,33,,좋아요,,2022년 7월 26일 화요일,4번째 방문,영수증
송사부수제쌀고로케 이마트 월계점,베이커리,4.29,,,mih****,https://m.place.naver.com/my/5bf169e83eae135186bd00ae/review?v=2,295,,,굳굳 ,"일시적인 오류가 발생했습니다
빵이 맛있어요",2022년 8월 26일 금요일,1번째 방문,영수증
송사부수제쌀고로케 이마트 월계점,베이커리,4.29,,,jhj****,https://m.place.naver.com/my/5ebe0cc28f87a842bc11a07a/review?v=2,617,,,굿,"일시적인 오류가 발생했습니다
빵이 맛있어요",2022년 7월 23일 토요일,1번째 방문,영수증
송사부수제쌀고로케 이마트 월계점,베이커리,4.29,,,유리3223,https://m.place.naver.com/my/5e512c628f87a842bc11ccc4/review?v=2,583,1,,굿,,2022년 8월 11일 목요일,2번째 방문,영수증
송사부수제쌀고로케 이마트 월계점,베이커리,4.29,,,팥찌맘,https://m.place.naver.com/my/5fec24e2ec58adf1d98d70ee/review?v=2,465,,,좋아요,,2022년 10월 11일 화요일,1번째 방문,영수증
송사부수제쌀고로케 이마트 월계점,베이커리,4.29,,,핏숏,https://m.place.naver.com/my/5c288f823873d9c9fd3fbb0c/review?v=2,1491,25,,좋아요 : ),"일시적인 오류가 발생했습니다
특별한 메뉴가 있어요",2022년 8월 21일 일요일,1번째 방문,영수증
송사부수제쌀고로케 이마트 월계점,베이커리,4.29,,,bobo3419,https://m.place.naver.com/my/5ec4f7538f87a842bc58e368/review?v=2,204,1,,좋아요,"일시적인 오류가 발생했습니다
빵이 맛있어요",2022년 7월 25일 월요일,1번째 방문,영수증
송사부수제쌀고로케 이마트 월계점,베이커리,4.29,,,lee****,https://m.place.naver.com/my/5ec8c4a58f87a842bcd4fdca/review?v=2,497,,,굿,"일시적인 오류가 발생했습니다
빵이 맛있어요",2022년 8월 18일 목요일,1번째 방문,영수증
송사부수제쌀고로케 이마트 월계점,베이커리,4.29,,,dos****,https://m.place.naver.com/my/5be946409263270b99656598/review?v=2,1695,,,굿,,2022년 8월 17일 수요일,1번째 방문,영수증
송사부수제쌀고로케 이마트 월계점,베이커리,4.29,,,rnl****,https://m.place.naver.com/my/62e25c2e80c3cb6fad8faa56/review?v=2,181,,,👍,,2022년 11월 6일 일요일,1번째 방문,영수증
송사부수제쌀고로케 이마트 월계점,베이커리,4.29,,,asz****,https://m.place.naver.com/my/5fb7a169ccf2417c37cab5ea/review?v=2,2478,,,친절해요 ,,2022년 11월 5일 토요일,7번째 방문,영수증
송사부수제쌀고로케 이마트 월계점,베이커리,4.29,,,가우디6877,https://m.place.naver.com/my/5c5be85a0656dbaf2c27e0aa/review?v=2,2190,,,굿,,2022년 8월 13일 토요일,1번째 방문,영수증
송사부수제쌀고로케 이마트 월계점,베이커리,4.29,,,ted****,https://m.place.naver.com/my/6039e183b3397763a2d34f94/review?v=2,2786,,,ㅇ,,2022년 7월 23일 토요일,1번째 방문,영수증
송사부수제쌀고로케 이마트 월계점,베이커리,4.29,,,ang****,https://m.place.naver.com/my/5e772aec8f87a842bc140ac6/review?v=2,339,1,,좋아요,"일시적인 오류가 발생했습니다
빵이 맛있어요",2022년 8월 11일 목요일,1번째 방문,영수증
송사부수제쌀고로케 이마트 월계점,베이커리,4.29,,,ekg****,https://m.place.naver.com/my/5efde96515c4bcd430587219/review?v=2,295,,,빵맛잇어여~^^,,2022년 8월 10일 수요일,1번째 방문,영수증
송사부수제쌀고로케 이마트 월계점,베이커리,4.29,,,엘레43,https://m.place.naver.com/my/5c00abee027eeb7d11ba5beb/review?v=2,997,13,,좋어요,"일시적인 오류가 발생했습니다
빵이 맛있어요",2022년 8월 6일 토요일,1번째 방문,영수증
송사부수제쌀고로케 이마트 월계점,베이커리,4.29,,,Renerato,https://m.place.naver.com/my/5c188721cc18bf912d74d577/review?v=2,30,,,굿굿,,2022년 10월 31일 월요일,3번째 방문,영수증
송사부수제쌀고로케 이마트 월계점,베이커리,4.29,,,여름1104,https://m.place.naver.com/my/5f23d1829ec8258e4aa0a978/review?v=2,231,,,고로케도 맛나고 가격도 저렴해요,"일시적인 오류가 발생했습니다
주차하기 편해요",2022년 3월 10일 목요일,1번째 방문,영수증
송사부수제쌀고로케 이마트 월계점,베이커리,4.29,,,lkt****,https://m.place.naver.com/my/6146ca3882ac4f5141e8c410/review?v=2,674,,,청결해요,"일시적인 오류가 발생했습니다
빵이 맛있어요",2022년 7월 31일 일요일,1번째 방문,영수증
송사부수제쌀고로케 이마트 월계점,베이커리,4.29,,,닥스훈트,https://m.place.naver.com/my/5b9b873a19c72ce313b0e526/review?v=2,939,15,,굿,,2022년 6월 27일 월요일,1번째 방문,영수증
송사부수제쌀고로케 이마트 월계점,베이커리,4.29,,,썸데일리,https://m.place.naver.com/my/5f102f913ba33c846a98c805/review?v=2,1955,22,,Good,,2022년 10월 22일 토요일,1번째 방문,영수증
송사부수제쌀고로케 이마트 월계점,베이커리,4.29,,,김경순6836,https://m.place.naver.com/my/60559791562d79dd0a012a78/review?v=2,2493,,,좋아요,"일시적인 오류가 발생했습니다
빵이 맛있어요",2022년 7월 30일 토요일,1번째 방문,영수증
송사부수제쌀고로케 이마트 월계점,베이커리,4.29,,,붕어빵8053,https://m.place.naver.com/my/5d63d8d18f87a842bc2a275b/review?v=2,89,,,구우웃,,2022년 7월 9일 토요일,1번째 방문,영수증
송사부수제쌀고로케 이마트 월계점,베이커리,4.29,,,jksoon,https://m.place.naver.com/my/5eb977528f87a842bc0ce67d/review?v=2,1406,13,,조아요,,2022년 6월 25일 토요일,4번째 방문,영수증
송사부수제쌀고로케 이마트 월계점,베이커리,4.29,,,깔루아밀크11,https://m.place.naver.com/my/5c0b2f29fc38b6ac2aafa149/review?v=2,426,,,굿,,2022년 6월 25일 토요일,1번째 방문,영수증
송사부수제쌀고로케 이마트 월계점,베이커리,4.29,,,게르시아_,https://m.place.naver.com/my/5e2bcbe48f87a842bc2e8003/review?v=2,134,,,굿,,2022년 7월 28일 목요일,1번째 방문,영수증
송사부수제쌀고로케 이마트 월계점,베이커리,4.29,,,neoatom,https://m.place.naver.com/my/61593fbe04927f1f3d09f610/review?v=2,1015,,,송사부고로케  맛있어요,,2022년 5월 26일 목요일,2번째 방문,영수증
송사부수제쌀고로케 이마트 월계점,베이커리,4.29,,,ksj****,https://m.place.naver.com/my/5b664df633b66e6278fd3a1a/review?v=2,58,,,송사부 고로케는 늘~~맛있어요.,"일시적인 오류가 발생했습니다
가성비가 좋아요",2022년 4월 16일 토요일,1번째 방문,영수증
송사부수제쌀고로케 이마트 월계점,베이커리,4.29,,,JoonKi Jang,https://m.place.naver.com/my/5cab3720c6895ea6e4b2fb66/review?v=2,1255,,,맛있어요,"일시적인 오류가 발생했습니다
빵이 맛있어요",2022년 7월 23일 토요일,1번째 방문,영수증
송사부수제쌀고로케 이마트 월계점,베이커리,4.29,,,호빵냥이,https://m.place.naver.com/my/5c73bdb3178fd2532c2533d2/review?v=2,3058,,,맛있어요,,2022년 6월 18일 토요일,2번째 방문,영수증
송사부수제쌀고로케 이마트 월계점,베이커리,4.29,,,콩나물6689,https://m.place.naver.com/my/5c6b854da6fd6a0948a91e1f/review?v=2,1102,,,맛있어요,,2022년 10월 10일 월요일,1번째 방문,영수증
송사부수제쌀고로케 이마트 월계점,베이커리,4.29,,,힘내자19,https://m.place.naver.com/my/5ffc26c4bd0a7d563708335f/review?v=2,330,,,굿,"일시적인 오류가 발생했습니다
매장이 청결해요",2022년 10월 10일 월요일,1번째 방문,영수증
송사부수제쌀고로케 이마트 월계점,베이커리,4.29,,,남산골선27,https://m.place.naver.com/my/5f0699d93b535016872e6613/review?v=2,178,,,맛있네요,,2022년 6월 13일 월요일,1번째 방문,영수증
송사부수제쌀고로케 이마트 월계점,베이커리,4.29,,,mar****,https://m.place.naver.com/my/61dfcd7199f7aead85b25721/review?v=2,936,,,굿,,2022년 7월 16일 토요일,1번째 방문,영수증
송사부수제쌀고로케 이마트 월계점,베이커리,4.29,,,비타민C25,https://m.place.naver.com/my/621856e8d001e8410dbef67e/review?v=2,125,,,좋아요,,2022년 7월 16일 토요일,1번째 방문,영수증
송사부수제쌀고로케 이마트 월계점,베이커리,4.29,,,하호야호,https://m.place.naver.com/my/5d244bd4526b968afce9a090/review?v=2,442,,,굳,"일시적인 오류가 발생했습니다
빵이 맛있어요",2022년 7월 16일 토요일,1번째 방문,영수증
송사부수제쌀고로케 이마트 월계점,베이커리,4.29,,,우하하하98,https://m.place.naver.com/my/5c499d5825028cca787cd1cb/review?v=2,22,,,"만드는것도 바로 볼 수 있고
맛있어요ㆍ","일시적인 오류가 발생했습니다
빵이 맛있어요",2022년 4월 22일 금요일,1번째 방문,영수증
송사부수제쌀고로케 이마트 월계점,베이커리,4.29,,,글로리데이6,https://m.place.naver.com/my/5f112d379ec8258e4a659ef9/review?v=2,351,,,굿,,2022년 7월 2일 토요일,1번째 방문,영수증
송사부수제쌀고로케 이마트 월계점,베이커리,4.29,,,kimslgi0,https://m.place.naver.com/my/5e5de7258f87a842bc19f0ca/review?v=2,175,,,좋아요^^,,2022년 9월 30일 금요일,2번째 방문,영수증
송사부수제쌀고로케 이마트 월계점,베이커리,4.29,,,kmk****,https://m.place.naver.com/my/5ed56ff28f87a842bcc7cd67/review?v=2,428,,,맛잇어요 ,,2022년 7월 4일 월요일,2번째 방문,영수증
송사부수제쌀고로케 이마트 월계점,베이커리,4.29,,,luv0ya,https://m.place.naver.com/my/5f46324ea602e98f56ed3a28/review?v=2,372,,,쫀득쫀득한 옥수수 치즈볼... 참 잘 튀기셔요..,"일시적인 오류가 발생했습니다
가성비가 좋아요",2022년 4월 14일 목요일,4번째 방문,영수증
송사부수제쌀고로케 이마트 월계점,베이커리,4.29,,,neoatom,https://m.place.naver.com/my/61593fbe04927f1f3d09f610/review?v=2,1015,,,근처에  유일한  송사부고로케 가게.. 가성비 좋고  맛도  좋아요  도너츠 먹고싶을때  일부러 가요,"일시적인 오류가 발생했습니다
가성비가 좋아요",2022년 3월 31일 목요일,1번째 방문,영수증
송사부수제쌀고로케 이마트 월계점,베이커리,4.29,,,tlf****,https://m.place.naver.com/my/5f9901da8dcfd12a33c08f88/review?v=2,1083,,,송사부 고로께 맛있어요~,"일시적인 오류가 발생했습니다
빵이 맛있어요",2022년 11월 6일 일요일,1번째 방문,영수증
송사부수제쌀고로케 이마트 월계점,베이커리,4.29,,,은환2,https://m.place.naver.com/my/5faa215cb460c0680aae9d57/review?v=2,1120,36,,친절해요,,2022년 6월 2일 목요일,1번째 방문,영수증
송사부수제쌀고로케 이마트 월계점,베이커리,4.29,,,조셀린무어,https://m.place.naver.com/my/5c48663c008ce385d7e05622/review?v=2,2608,,,굿,,2022년 6월 1일 수요일,2번째 방문,영수증
송사부수제쌀고로케 이마트 월계점,베이커리,4.29,,,행복하자675,https://m.place.naver.com/my/5be93d24f96031ba3529be7d/review?v=2,482,,,좋아요 ,,2022년 7월 2일 토요일,1번째 방문,영수증
송사부수제쌀고로케 이마트 월계점,베이커리,4.29,,,HARONG,https://m.place.naver.com/my/5c36dca8e3703110bec88e4a/review?v=2,638,,,좋아요.,,2022년 5월 28일 토요일,1번째 방문,영수증
송사부수제쌀고로케 이마트 월계점,베이커리,4.29,,,Jejzxc,https://m.place.naver.com/my/5c2a3807d3d42519dc3ad8db/review?v=2,1186,28,,조아여~~,,2022년 5월 28일 토요일,1번째 방문,영수증
송사부수제쌀고로케 이마트 월계점,베이커리,4.29,,,끄이,https://m.place.naver.com/my/5b9bc283f28595e6b580977f/review?v=2,314,,,굿,,2022년 6월 27일 월요일,1번째 방문,영수증
송사부수제쌀고로케 이마트 월계점,베이커리,4.29,,,어셀더마,https://m.place.naver.com/my/5d8598f58f87a842bccac588/review?v=2,1147,,,굳,,2022년 9월 18일 일요일,1번째 방문,영수증
송사부수제쌀고로케 이마트 월계점,베이커리,4.29,,,han****,https://m.place.naver.com/my/5c9469ebae07a1eec630748d/review?v=2,560,,,좋아요,,2022년 6월 19일 일요일,2번째 방문,영수증
송사부수제쌀고로케 이마트 월계점,베이커리,4.29,,,여자9236,https://m.place.naver.com/my/5eec691f8f87a842bca9eb4a/review?v=2,156,,,좋아요,,2022년 6월 19일 일요일,2번째 방문,영수증
송사부수제쌀고로케 이마트 월계점,베이커리,4.29,,,mint8126,https://m.place.naver.com/my/5ebe021c8f87a842bc861102/review?v=2,2366,28,,찹쌀꽈배기 맛있어요~^^,"일시적인 오류가 발생했습니다
빵이 맛있어요",2022년 6월 19일 일요일,1번째 방문,영수증
송사부수제쌀고로케 이마트 월계점,베이커리,4.29,,,조셀린무어,https://m.place.naver.com/my/5c48663c008ce385d7e05622/review?v=2,2608,,,굿,,2022년 5월 21일 토요일,1번째 방문,영수증
송사부수제쌀고로케 이마트 월계점,베이커리,4.29,,,kmk****,https://m.place.naver.com/my/5ed56ff28f87a842bcc7cd67/review?v=2,428,,,맛잇어요 ,,2022년 6월 23일 목요일,1번째 방문,영수증
송사부수제쌀고로케 이마트 월계점,베이커리,4.29,,,하하하핫37,https://m.place.naver.com/my/606d443fd84e4f4376a65c1b/review?v=2,157,,,좋아요,,2022년 6월 16일 목요일,2번째 방문,영수증
송사부수제쌀고로케 이마트 월계점,베이커리,4.29,,,뽀록낭자,https://m.place.naver.com/my/5bf04e1f1dbcbf0cbf07779c/review?v=2,1034,,,굿,,2022년 9월 12일 월요일,1번째 방문,영수증
송사부수제쌀고로케 이마트 월계점,베이커리,4.29,,,scp****,https://m.place.naver.com/my/5c29894d9352cdd38b58261e/review?v=2,298,,,굿,,2022년 6월 20일 월요일,1번째 방문,영수증
송사부수제쌀고로케 이마트 월계점,베이커리,4.29,,,딸기공주3444,https://m.place.naver.com/my/5ebfcc2e8f87a842bccc27f9/review?v=2,1942,,,굿,,2022년 6월 12일 일요일,1번째 방문,영수증
송사부수제쌀고로케 이마트 월계점,베이커리,4.29,,,허쉬9023,https://m.place.naver.com/my/5e660b1a8f87a842bc92c758/review?v=2,1087,12,,소시지빵 맛있어요ㅎㅎ,,2022년 2월 16일 수요일,1번째 방문,영수증
송사부수제쌀고로케 이마트 월계점,베이커리,4.29,,,201****,https://m.place.naver.com/my/5d8b81108f87a842bc6dc97b/review?v=2,1151,,,굿,,2022년 6월 11일 토요일,1번째 방문,영수증
송사부수제쌀고로케 이마트 월계점,베이커리,4.29,,,kid****,https://m.place.naver.com/my/5eff157f7a3924f9464c456b/review?v=2,291,,,굿,,2022년 6월 10일 금요일,1번째 방문,영수증
송사부수제쌀고로케 이마트 월계점,베이커리,4.29,,,na1****,https://m.place.naver.com/my/5c331dbcf60a413e52f5658c/review?v=2,430,,,.,,2022년 9월 24일 토요일,1번째 방문,영수증
송사부수제쌀고로케 이마트 월계점,베이커리,4.29,,,sar****,https://m.place.naver.com/my/5cdd7c8b05c85f067a40bca0/review?v=2,1057,,,굿,,2022년 6월 4일 토요일,2번째 방문,영수증
송사부수제쌀고로케 이마트 월계점,베이커리,4.29,,,조아요봇,https://m.place.naver.com/my/5f28ce5c9ec8258e4a861283/review?v=2,1271,,,조 아 요 조 아 요,,2022년 4월 7일 목요일,1번째 방문,영수증
송사부수제쌀고로케 이마트 월계점,베이커리,4.29,,,뽀용잉,https://m.place.naver.com/my/5c0735961f9cb653c8145ebd/review?v=2,386,,,굿~~,,2022년 6월 4일 토요일,1번째 방문,영수증
송사부수제쌀고로케 이마트 월계점,베이커리,4.29,,,모든배우자,https://m.place.naver.com/my/5db0381b8f87a842bc4af752/review?v=2,912,,,그냥 맛이 그래요,,2022년 4월 2일 토요일,1번째 방문,영수증
송사부수제쌀고로케 이마트 월계점,베이커리,4.29,,,하트숑숑70,https://m.place.naver.com/my/5c2c9b6abd20c3bebfb445dd/review?v=2,144,8,,굿,,2022년 6월 2일 목요일,1번째 방문,영수증
송사부수제쌀고로케 이마트 월계점,베이커리,4.29,,,소소소11,https://m.place.naver.com/my/5c3b05ef8e6560a49d90e4c4/review?v=2,193,,,맛있어요~,,2022년 6월 1일 수요일,1번째 방문,영수증
송사부수제쌀고로케 이마트 월계점,베이커리,4.29,,,프리스탈3,https://m.place.naver.com/my/5cc9001d5243e61f0a128134/review?v=2,816,,,굿,,2022년 5월 31일 화요일,1번째 방문,영수증
송사부수제쌀고로케 이마트 월계점,베이커리,4.29,,,재즈5,https://m.place.naver.com/my/61e0e00f81846cae0aae7046/review?v=2,289,,,맛있어요 ,,2022년 9월 19일 월요일,1번째 방문,영수증
송사부수제쌀고로케 이마트 월계점,베이커리,4.29,,,상원해법,https://m.place.naver.com/my/5f6610526c3d7f73344793a0/review?v=2,291,4,,굿,,2022년 8월 20일 토요일,1번째 방문,영수증
송사부수제쌀고로케 이마트 월계점,베이커리,4.29,,,션미,https://m.place.naver.com/my/5df98b368f87a842bcdeb4e7/review?v=2,622,11,,인플레이션을 느낄 수 없는 착한 가격!,"일시적인 오류가 발생했습니다
빵이 맛있어요",2022년 1월 29일 토요일,1번째 방문,영수증
송사부수제쌀고로케 이마트 월계점,베이커리,4.29,,,오리궁뎅이2,https://m.place.naver.com/my/5bf6a894f02e5568912ba38b/review?v=2,1109,20,,좋아요,,2022년 4월 22일 금요일,3번째 방문,영수증
송사부수제쌀고로케 이마트 월계점,베이커리,4.29,,,꺄악5710,https://m.place.naver.com/my/5bec0b46bb08f09d8b2051d5/review?v=2,528,2,,쫀득볼이맛잇고 데니쉬꽈배기는 딱딱했어요,,2022년 1월 29일 토요일,1번째 방문,영수증
송사부수제쌀고로케 이마트 월계점,베이커리,4.29,,,ky****,https://m.place.naver.com/my/5f1cf48c9ec8258e4a8b5a9d/review?v=2,1008,,,좋아요 ,,2022년 5월 25일 수요일,1번째 방문,영수증
송사부수제쌀고로케 이마트 월계점,베이커리,4.29,,,dydqhdtjs,https://m.place.naver.com/my/5bff73e7ea5c061939b218c9/review?v=2,119,,,싸고맛있어요이마트오면꼭사가요,,2022년 3월 2일 수요일,1번째 방문,영수증
송사부수제쌀고로케 이마트 월계점,베이커리,4.29,,,꾸우4331,https://m.place.naver.com/my/5ccd177c6084c35e51df3ec1/review?v=2,834,16,,"맛은 ,,, 그냥 그래요",,2022년 3월 19일 토요일,2번째 방문,영수증
송사부수제쌀고로케 이마트 월계점,베이커리,4.29,,,aof****,https://m.place.naver.com/my/5d98764b8f87a842bce6f8ef/review?v=2,195,,,좋아요!!,"일시적인 오류가 발생했습니다
빵이 맛있어요",2022년 5월 23일 월요일,1번째 방문,영수증
송사부수제쌀고로케 이마트 월계점,베이커리,4.29,,,안돌핀짱,https://m.place.naver.com/my/5dca0a2d8f87a842bcf31b20/review?v=2,108,5,,맛있습니다 ^^,"일시적인 오류가 발생했습니다
빵이 맛있어요",2022년 4월 18일 월요일,1번째 방문,영수증
송사부수제쌀고로케 이마트 월계점,베이커리,4.29,,,빈사랑75,https://m.place.naver.com/my/5dea56149ec8258e4a717af9/review?v=2,794,,,굿,,2022년 5월 20일 금요일,1번째 방문,영수증
송사부수제쌀고로케 이마트 월계점,베이커리,4.29,,,hib910165,https://m.place.naver.com/my/5facabead22fd958f1ee4d6e/review?v=2,664,,,좋아요,,2022년 8월 10일 수요일,1번째 방문,영수증
송사부수제쌀고로케 이마트 월계점,베이커리,4.29,,,hsy****,https://m.place.naver.com/my/5ea960da8f87a842bc72b635/review?v=2,1869,,,좋아요,,2022년 11월 10일 목요일,2번째 방문,영수증
송사부수제쌀고로케 이마트 월계점,베이커리,4.29,,,케이43,https://m.place.naver.com/my/5efe996435e32560edab1892/review?v=2,363,,,좋아요,,2022년 8월 9일 화요일,1번째 방문,영수증
송사부수제쌀고로케 이마트 월계점,베이커리,4.29,,,달링앤유,https://m.place.naver.com/my/5c6f804652c7f17e4e83c108/review?v=2,1549,,,맛있어요,,2022년 5월 16일 월요일,1번째 방문,영수증
송사부수제쌀고로케 이마트 월계점,베이커리,4.29,,,78s****,https://m.place.naver.com/my/5ba46b76d5a4d791a39521f8/review?v=2,334,,,좋아요,,2022년 5월 15일 일요일,1번째 방문,영수증
송사부수제쌀고로케 이마트 월계점,베이커리,4.29,,,jrk****,https://m.place.naver.com/my/5f057ebf425190b39b960c66/review?v=2,2190,,,굿,,2022년 7월 31일 일요일,1번째 방문,영수증
송사부수제쌀고로케 이마트 월계점,베이커리,4.29,,,김민영652,https://m.place.naver.com/my/5c351cca595de4dd31ef5c11/review?v=2,479,,,맛있어요,,2022년 4월 6일 수요일,1번째 방문,영수증
송사부수제쌀고로케 이마트 월계점,베이커리,4.29,,,영비요님 전화진,https://m.place.naver.com/my/60fc9df5ab7e0449674b8a1a/review?v=2,1004,23,,배고파서 간식 가격이 저렴해 좋음,"일시적인 오류가 발생했습니다
빵이 맛있어요",2022년 1월 8일 토요일,2번째 방문,영수증
송사부수제쌀고로케 이마트 월계점,베이커리,4.29,,,sjsun20,https://m.place.naver.com/my/5e22b0a48f87a842bc889d69/review?v=2,292,,,굿,,2022년 7월 28일 목요일,1번째 방문,영수증
송사부수제쌀고로케 이마트 월계점,베이커리,4.29,,,Chocopie아홉,https://m.place.naver.com/my/5f9681e3260e5138347ed79a/review?v=2,1630,,,good ,,2022년 7월 31일 일요일,1번째 방문,영수증
송사부수제쌀고로케 이마트 월계점,베이커리,4.29,,,pentastorm,https://m.place.naver.com/my/5bfe2b0d3af5fc0c88309143/review?v=2,3499,25,,무난해요~,,2022년 7월 31일 일요일,3번째 방문,영수증
송사부수제쌀고로케 이마트 월계점,베이커리,4.29,,,sunnyexit30,https://m.place.naver.com/my/5eb6eae18f87a842bcfe015f/review?v=2,776,,,맛있어요,"일시적인 오류가 발생했습니다
빵이 맛있어요",2022년 4월 16일 토요일,1번째 방문,영수증
송사부수제쌀고로케 이마트 월계점,베이커리,4.29,,,sgn128,https://m.place.naver.com/my/5b7378ab2428cc71e82ea055/review?v=2,838,,,맛있어요,,2022년 4월 15일 금요일,1번째 방문,영수증
송사부수제쌀고로케 이마트 월계점,베이커리,4.29,,,alsgmlfo,https://m.place.naver.com/my/5efe7a0eafcca6e20afd6b3f/review?v=2,182,3,,굿,"일시적인 오류가 발생했습니다
빵이 맛있어요",2022년 4월 9일 토요일,2번째 방문,영수증
송사부수제쌀고로케 이마트 월계점,베이커리,4.29,,,여자9236,https://m.place.naver.com/my/5eec691f8f87a842bca9eb4a/review?v=2,156,,,좋아요,,2022년 4월 14일 목요일,1번째 방문,영수증
송사부수제쌀고로케 이마트 월계점,베이커리,4.29,,,han****,https://m.place.naver.com/my/5c9469ebae07a1eec630748d/review?v=2,560,,,좋아요,,2022년 4월 14일 목요일,1번째 방문,영수증
송사부수제쌀고로케 이마트 월계점,베이커리,4.29,,,봉봉쓰28,https://m.place.naver.com/my/5e6c73f88f87a842bce05cad/review?v=2,2809,,,맛나뇨,,2022년 3월 8일 화요일,4번째 방문,영수증
송사부수제쌀고로케 이마트 월계점,베이커리,4.29,,,오말양,https://m.place.naver.com/my/5f828b25124482946fa322b8/review?v=2,328,,,도넛 맛있어요!,,2022년 1월 11일 화요일,1번째 방문,영수증
송사부수제쌀고로케 이마트 월계점,베이커리,4.29,,,소나무2573,https://m.place.naver.com/my/5ddcbe759ec8258e4a6b2722/review?v=2,897,,,좋아요,,2022년 7월 3일 일요일,1번째 방문,영수증
송사부수제쌀고로케 이마트 월계점,베이커리,4.29,,,alsgmlfo,https://m.place.naver.com/my/5efe7a0eafcca6e20afd6b3f/review?v=2,182,3,,굿,,2022년 4월 9일 토요일,1번째 방문,영수증
송사부수제쌀고로케 이마트 월계점,베이커리,4.29,,,공릉동언제나초심,https://m.place.naver.com/my/603b3653fdf462dda4c7a472/review?v=2,1582,,,ㆍ,,2022년 7월 23일 토요일,1번째 방문,영수증
송사부수제쌀고로케 이마트 월계점,베이커리,4.29,,,큐큐3274,https://m.place.naver.com/my/5ea050608f87a842bc797589/review?v=2,244,,,ㅡ,,2022년 6월 10일 금요일,1번째 방문,영수증
송사부수제쌀고로케 이마트 월계점,베이커리,4.29,,,당돌2,https://m.place.naver.com/my/5cb85a83776b173abf633209/review?v=2,3108,73,,맛있어요,"일시적인 오류가 발생했습니다
빵이 맛있어요",2022년 3월 4일 금요일,5번째 방문,영수증
송사부수제쌀고로케 이마트 월계점,베이커리,4.29,,,윤크루즈,https://m.place.naver.com/my/5eca4ec78f87a842bc25d4d2/review?v=2,1341,14,,좋아요,,2022년 3월 3일 목요일,1번째 방문,영수증
송사부수제쌀고로케 이마트 월계점,베이커리,4.29,,,유지8261,https://m.place.naver.com/my/5f7012956c3d7f7334e97fc1/review?v=2,240,,,"다른매장도 가봤는데, 이곳도 맛있었어요! 직원분도 많아서 분업이 잘되어있더라구요","일시적인 오류가 발생했습니다
친절해요",2021년 12월 25일 토요일,1번째 방문,영수증
송사부수제쌀고로케 이마트 월계점,베이커리,4.29,,,lol****,https://m.place.naver.com/my/5c0b2ac5ab0a5bac3488e0c1/review?v=2,3108,,,굿,,2022년 3월 23일 수요일,3번째 방문,영수증
송사부수제쌀고로케 이마트 월계점,베이커리,4.29,,,초코케잌,https://m.place.naver.com/my/5c55b45be885d4133dd61248/review?v=2,311,,,굿,,2022년 4월 3일 일요일,1번째 방문,영수증
송사부수제쌀고로케 이마트 월계점,베이커리,4.29,,,포도맛양갱,https://m.place.naver.com/my/5f9967c6c06b513fbdf88f1f/review?v=2,111,,,좋아요,,2022년 4월 3일 일요일,1번째 방문,영수증
송사부수제쌀고로케 이마트 월계점,베이커리,4.29,,,방토14,https://m.place.naver.com/my/5c4b36fe3fede8860a4b9ba3/review?v=2,466,,,모든 빵이 다 맛있어요,,2022년 2월 6일 일요일,1번째 방문,영수증
송사부수제쌀고로케 이마트 월계점,베이커리,4.29,,,inae0843,https://m.place.naver.com/my/5e6ae7d28f87a842bcd150fe/review?v=2,3812,1,,좋아요,,2022년 4월 2일 토요일,1번째 방문,영수증
송사부수제쌀고로케 이마트 월계점,베이커리,4.29,,,한계령19,https://m.place.naver.com/my/5fa8cde790804367d37dd47e/review?v=2,884,,,좋아요,,2022년 4월 1일 금요일,1번째 방문,영수증
송사부수제쌀고로케 이마트 월계점,베이커리,4.29,,,쭈리맘32,https://m.place.naver.com/my/5f05bab8514f72d06ac8ceb1/review?v=2,223,,,,"일시적인 오류가 발생했습니다
빵이 맛있어요",2022년 1월 29일 토요일,1번째 방문,영수증
송사부수제쌀고로케 이마트 월계점,베이커리,4.29,,,asz****,https://m.place.naver.com/my/5fb7a169ccf2417c37cab5ea/review?v=2,2478,,,친절해요 ,,2022년 6월 1일 수요일,6번째 방문,영수증
송사부수제쌀고로케 이마트 월계점,베이커리,4.29,,,limissul,https://m.place.naver.com/my/5be38e320ede8034f40c9473/review?v=2,226,,,좋아요.,,2022년 2월 1일 화요일,1번째 방문,영수증
송사부수제쌀고로케 이마트 월계점,베이커리,4.29,,,물빛85jy,https://m.place.naver.com/my/5ca70ef5e827346d118d77b7/review?v=2,3547,,,쏘쏘,,2022년 1월 29일 토요일,1번째 방문,영수증
송사부수제쌀고로케 이마트 월계점,베이커리,4.29,,,망고6229,https://m.place.naver.com/my/5deda7ee8f87a842bc588da9/review?v=2,769,,,맛있어요,,2022년 2월 19일 토요일,1번째 방문,영수증
송사부수제쌀고로케 이마트 월계점,베이커리,4.29,,,진실된 맛평가,https://m.place.naver.com/my/5c6e6ac34bb61f68d9a4c735/review?v=2,1749,12,,너무맛있네요,,2021년 12월 19일 일요일,1번째 방문,영수증
송사부수제쌀고로케 이마트 월계점,베이커리,4.29,,,na****,https://m.place.naver.com/my/5e794c148f87a842bc9fb523/review?v=2,1452,36,,"에그마요 샐러드, 야채 샐러드, 단팥, 흑미",,2021년 10월 25일 월요일,1번째 방문,영수증
송사부수제쌀고로케 이마트 월계점,베이커리,4.29,,,asz****,https://m.place.naver.com/my/5fb7a169ccf2417c37cab5ea/review?v=2,2478,,,친절해요 ,,2022년 5월 19일 목요일,5번째 방문,영수증
송사부수제쌀고로케 이마트 월계점,베이커리,4.29,,,리치썬22,https://m.place.naver.com/my/5d7cae168f87a842bc43264e/review?v=2,541,33,,.,"일시적인 오류가 발생했습니다
음료가 맛있어요",2022년 1월 24일 월요일,1번째 방문,영수증
송사부수제쌀고로케 이마트 월계점,베이커리,4.29,,,alsdma123,https://m.place.naver.com/my/5bc2b52cffc6a1ea12b15557/review?v=2,110,1,,좋아요,"일시적인 오류가 발생했습니다
빵이 맛있어요",2022년 3월 16일 수요일,1번째 방문,영수증
송사부수제쌀고로케 이마트 월계점,베이커리,4.29,,,rai****,https://m.place.naver.com/my/61283b993fd9a99739378263/review?v=2,913,,,ㅇ,,2022년 2월 19일 토요일,1번째 방문,영수증
송사부수제쌀고로케 이마트 월계점,베이커리,4.29,,,Soulfree,https://m.place.naver.com/my/5b7e4d006962120a44a3e4f0/review?v=2,1098,21,,Good,,2022년 2월 5일 토요일,1번째 방문,영수증
송사부수제쌀고로케 이마트 월계점,베이커리,4.29,,,송영숙14,https://m.place.naver.com/my/60b3222a5795a9acedfbe147/review?v=2,154,,,맛있어요~^^,"일시적인 오류가 발생했습니다
빵이 맛있어요",2022년 6월 1일 수요일,1번째 방문,영수증
송사부수제쌀고로케 이마트 월계점,베이커리,4.29,,,43wis,https://m.place.naver.com/my/5d95804d8f87a842bc6ad980/review?v=2,390,,,맛있어요,,2022년 3월 3일 목요일,2번째 방문,영수증
송사부수제쌀고로케 이마트 월계점,베이커리,4.29,,,hjhj7373,https://m.place.naver.com/my/5f0584b80e1ac3aceef91edc/review?v=2,604,,,굳,"일시적인 오류가 발생했습니다
가성비가 좋아요",2022년 2월 3일 목요일,1번째 방문,영수증
송사부수제쌀고로케 이마트 월계점,베이커리,4.29,,,다영이21,https://m.place.naver.com/my/5f5b8ff56c3d7f7334b33d48/review?v=2,297,3,,맛있어요,,2022년 2월 3일 목요일,1번째 방문,영수증
송사부수제쌀고로케 이마트 월계점,베이커리,4.29,,,bij****,https://m.place.naver.com/my/601a7d8d7b558d58e3dd969d/review?v=2,1186,52,,"찹쌀도너스 종류인데 
종류 다양하고 식어도 정말 맛있어요~~","일시적인 오류가 발생했습니다
빵이 맛있어요",2021년 11월 10일 수요일,1번째 방문,영수증
송사부수제쌀고로케 이마트 월계점,베이커리,4.29,,,dangdangeu,https://m.place.naver.com/my/5da05d868f87a842bcd1a2de/review?v=2,2339,33,,좋아요,,2022년 1월 30일 일요일,3번째 방문,영수증
송사부수제쌀고로케 이마트 월계점,베이커리,4.29,,,아연맘52,https://m.place.naver.com/my/5e10221b8f87a842bc311adf/review?v=2,1937,,,싸고 맛 좋아요,,2021년 12월 4일 토요일,1번째 방문,영수증
송사부수제쌀고로케 이마트 월계점,베이커리,4.29,,,woo****,https://m.place.naver.com/my/5f93da76b7b68aea9d5d4749/review?v=2,550,,,맛있어요,,2022년 1월 26일 수요일,1번째 방문,영수증
송사부수제쌀고로케 이마트 월계점,베이커리,4.29,,,은누15,https://m.place.naver.com/my/5c5bb895fe2db3c889c01cfe/review?v=2,633,10,,굿,,2022년 2월 17일 목요일,1번째 방문,영수증
송사부수제쌀고로케 이마트 월계점,베이커리,4.29,,,팔색조지봉,https://m.place.naver.com/my/5f05be2d67168be022762004/review?v=2,208,,,굿,"일시적인 오류가 발생했습니다
빵이 맛있어요",2022년 5월 11일 수요일,1번째 방문,영수증
송사부수제쌀고로케 이마트 월계점,베이커리,4.29,,,aji****,https://m.place.naver.com/my/5f04d20cad3c22327acc06c9/review?v=2,1150,6,,기름져요...,,2022년 8월 6일 토요일,3번째 방문,영수증
송사부수제쌀고로케 이마트 월계점,베이커리,4.29,,,jmj****,https://m.place.naver.com/my/5bfd24b218ae205dfc34548b/review?v=2,1344,,,"야채샐러드 겁나 맛나
지금 순싹  ㅋㅋ","일시적인 오류가 발생했습니다
특별한 메뉴가 있어요",2021년 11월 29일 월요일,1번째 방문,영수증
송사부수제쌀고로케 이마트 월계점,베이커리,4.29,,,애플이22,https://m.place.naver.com/my/5faa769e5fbcef0b5567198b/review?v=2,172,,,맛있어요,,2022년 2월 17일 목요일,1번째 방문,영수증
송사부수제쌀고로케 이마트 월계점,베이커리,4.29,,,링링8119,https://m.place.naver.com/my/5b669a648411449c32559f15/review?v=2,624,,,,,2022년 3월 11일 금요일,1번째 방문,영수증
송사부수제쌀고로케 이마트 월계점,베이커리,4.29,,,Suunny,https://m.place.naver.com/my/5cdeb0039a2e9f2520966dfe/review?v=2,504,6,,ㅇㅇ,"일시적인 오류가 발생했습니다
대화하기 좋아요",2022년 1월 25일 화요일,1번째 방문,영수증
송사부수제쌀고로케 이마트 월계점,베이커리,4.29,,,하니니65,https://m.place.naver.com/my/6168f11504927f746f0ad3d5/review?v=2,155,,,좋아요,,2022년 2월 10일 목요일,1번째 방문,영수증
송사부수제쌀고로케 이마트 월계점,베이커리,4.29,,,몽글몽그,https://m.place.naver.com/my/5d142d452c87c3212c12b5fb/review?v=2,818,,,맛나요,,2022년 2월 8일 화요일,1번째 방문,영수증
송사부수제쌀고로케 이마트 월계점,베이커리,4.29,,,무한노력ing,https://m.place.naver.com/my/5ef12ce58f87a842bcdb1728/review?v=2,933,1,,굿,"일시적인 오류가 발생했습니다
주차하기 편해요",2022년 2월 8일 화요일,1번째 방문,영수증
송사부수제쌀고로케 이마트 월계점,베이커리,4.29,,,kso****,https://m.place.naver.com/my/5cd79367197b0518ee5b2f04/review?v=2,560,,,"맛있어요
가격도 저렴해요",,2021년 10월 14일 목요일,1번째 방문,영수증
송사부수제쌀고로케 이마트 월계점,베이커리,4.29,,,JE1966,https://m.place.naver.com/my/5c59b493fc682c61f1bcf347/review?v=2,817,,,친절해요,"일시적인 오류가 발생했습니다
친절해요",2022년 2월 4일 금요일,1번째 방문,영수증
송사부수제쌀고로케 이마트 월계점,베이커리,4.29,,,hte****,https://m.place.naver.com/my/60f784def75fdeab25848e70/review?v=2,892,,,친절해요,"일시적인 오류가 발생했습니다
빵이 맛있어요",2022년 2월 4일 금요일,1번째 방문,영수증
송사부수제쌀고로케 이마트 월계점,베이커리,4.29,,,영비요님 전화진,https://m.place.naver.com/my/60fc9df5ab7e0449674b8a1a/review?v=2,1004,23,,맛나는 고르케 싸게팔아서 좋은데요,"일시적인 오류가 발생했습니다
친절해요",2021년 10월 7일 목요일,1번째 방문,영수증
송사부수제쌀고로케 이마트 월계점,베이커리,4.29,,,lim****,https://m.place.naver.com/my/61cd3a2615e21cd771d37660/review?v=2,67,,,좋앙ㅛ,,2022년 2월 1일 화요일,1번째 방문,영수증
송사부수제쌀고로케 이마트 월계점,베이커리,4.29,,,ccl****,https://m.place.naver.com/my/611339d651706c4528c11912/review?v=2,865,2,,좋아요,,2021년 12월 29일 수요일,1번째 방문,영수증
송사부수제쌀고로케 이마트 월계점,베이커리,4.29,,,푸른하늘3713,https://m.place.naver.com/my/5e337ff68f87a842bc4cf767/review?v=2,2217,,,야채샐러드 너무 맛있어요,,2021년 10월 4일 월요일,4번째 방문,영수증
송사부수제쌀고로케 이마트 월계점,베이커리,4.29,,,심견65,https://m.place.naver.com/my/5f141e842d702664bd80cd84/review?v=2,213,1,,맛있고 다양한 빵을 부담없는 가격에 즐길 수 있어 좋습니다. 장보고 식후 디저트로 구입하기 좋은 메뉴들과 한끼를 간단하게 대신 할 메뉴들도 있습니다.,"일시적인 오류가 발생했습니다
가성비가 좋아요",2021년 9월 5일 일요일,2번째 방문,영수증
송사부수제쌀고로케 이마트 월계점,베이커리,4.29,,,아나라사다,https://m.place.naver.com/my/5eff3f4f80dd0fa8cd657ee9/review?v=2,304,,,굿,,2022년 1월 26일 수요일,1번째 방문,영수증
송사부수제쌀고로케 이마트 월계점,베이커리,4.29,,,K0823,https://m.place.naver.com/my/5b9b55d5709e4c6ea56ebff4/review?v=2,596,,,굿,,2022년 1월 11일 화요일,1번째 방문,영수증
송사부수제쌀고로케 이마트 월계점,베이커리,4.29,,,김상복16,https://m.place.naver.com/my/605a906c75e271e18051f05b/review?v=2,445,,,구,,2021년 11월 27일 토요일,1번째 방문,영수증
송사부수제쌀고로케 이마트 월계점,베이커리,4.29,,,8125s,https://m.place.naver.com/my/60740435cd48a062ae0a9a4e/review?v=2,538,,,그,,2021년 11월 27일 토요일,1번째 방문,영수증
송사부수제쌀고로케 이마트 월계점,베이커리,4.29,,,해야바라기,https://m.place.naver.com/my/5f0446df7681c6a89256b203/review?v=2,965,,,조아요,,2021년 12월 15일 수요일,1번째 방문,영수증
송사부수제쌀고로케 이마트 월계점,베이커리,4.29,,,Godblessyou92,https://m.place.naver.com/my/5de212239ec8258e4abb307f/review?v=2,673,,,..,"일시적인 오류가 발생했습니다
주차하기 편해요",2021년 11월 25일 목요일,1번째 방문,영수증
송사부수제쌀고로케 이마트 월계점,베이커리,4.29,,,bbh****,https://m.place.naver.com/my/6016966d33efd39d9b2ae084/review?v=2,717,,,좋아요,,2022년 4월 11일 월요일,1번째 방문,영수증
송사부수제쌀고로케 이마트 월계점,베이커리,4.29,,,오로라와유니,https://m.place.naver.com/my/5c4ff49cea77b045e4f2f134/review?v=2,747,,,굿,"일시적인 오류가 발생했습니다
빵이 맛있어요",2022년 1월 17일 월요일,1번째 방문,영수증
송사부수제쌀고로케 이마트 월계점,베이커리,4.29,,,jhe****,https://m.place.naver.com/my/5c5acd7149fda86bb4c01895/review?v=2,341,,,친절해요,"일시적인 오류가 발생했습니다
빵이 맛있어요",2022년 1월 16일 일요일,1번째 방문,영수증
송사부수제쌀고로케 이마트 월계점,베이커리,4.29,,,닉네임뭐라할까,https://m.place.naver.com/my/6034ac368444ac5251baf394/review?v=2,166,,,가격 저렴하고 맛있어요!,"일시적인 오류가 발생했습니다
가성비가 좋아요",2021년 10월 17일 일요일,1번째 방문,영수증
송사부수제쌀고로케 이마트 월계점,베이커리,4.29,,,200****,https://m.place.naver.com/my/5f86df46d3aa01898b982f18/review?v=2,171,,,굿,,2022년 1월 11일 화요일,1번째 방문,영수증
송사부수제쌀고로케 이마트 월계점,베이커리,4.29,,,루나j,https://m.place.naver.com/my/5c22b6a25ffad65428a41389/review?v=2,496,,,저렴하고 맛있어요,,2021년 10월 11일 월요일,1번째 방문,영수증
송사부수제쌀고로케 이마트 월계점,베이커리,4.29,,,푸른하늘3713,https://m.place.naver.com/my/5e337ff68f87a842bc4cf767/review?v=2,2217,,,야채샐러드좋아해요,,2021년 10월 11일 월요일,5번째 방문,영수증
송사부수제쌀고로케 이마트 월계점,베이커리,4.29,,,y41****,https://m.place.naver.com/my/5b7f6e55958399d5af70f5a3/review?v=2,708,,,맛있어요~,,2022년 1월 7일 금요일,1번째 방문,영수증
송사부수제쌀고로케 이마트 월계점,베이커리,4.29,,,라이니스,https://m.place.naver.com/my/5efe1feab4dd01caff0a0b88/review?v=2,1612,22,,맛나요 ㅎㅎ,,2022년 4월 6일 수요일,1번째 방문,영수증
송사부수제쌀고로케 이마트 월계점,베이커리,4.29,,,rsh0307,https://m.place.naver.com/my/5dab8f818f87a842bc78d6bc/review?v=2,443,3,,맛있어요. 갠적으로 옥수수치즈고로께 좋아해요,,2021년 9월 6일 월요일,1번째 방문,영수증
송사부수제쌀고로케 이마트 월계점,베이커리,4.29,,,me4****,https://m.place.naver.com/my/5f8cf3b3abe7e03e349521e8/review?v=2,391,,,굿,,2022년 3월 26일 토요일,1번째 방문,영수증
송사부수제쌀고로케 이마트 월계점,베이커리,4.29,,,호랭이2032,https://m.place.naver.com/my/5dc4bf7b8f87a842bc502060/review?v=2,1208,,,좋아요 ,,2022년 3월 26일 토요일,1번째 방문,영수증
송사부수제쌀고로케 이마트 월계점,베이커리,4.29,,,재세진찬,https://m.place.naver.com/my/5e7992758f87a842bc8f7810/review?v=2,522,,,좋아요 ,,2022년 3월 26일 토요일,1번째 방문,영수증
송사부수제쌀고로케 이마트 월계점,베이커리,4.29,,,하하하핫37,https://m.place.naver.com/my/606d443fd84e4f4376a65c1b/review?v=2,157,,,좋아요,,2022년 1월 1일 토요일,1번째 방문,영수증
송사부수제쌀고로케 이마트 월계점,베이커리,4.29,,,3333270,https://m.place.naver.com/my/5efdd00f8b790375a186afd3/review?v=2,1064,,,좋아요,,2022년 1월 1일 토요일,1번째 방문,영수증
송사부수제쌀고로케 이마트 월계점,베이커리,4.29,,,topstarsm,https://m.place.naver.com/my/5ccfa0a8f03e91f1f0c05c6c/review?v=2,176,1,,야채고로케 맛있네요,,2021년 10월 2일 토요일,1번째 방문,영수증
송사부수제쌀고로케 이마트 월계점,베이커리,4.29,,,dob****,https://m.place.naver.com/my/5ec5f96e8f87a842bc5072b7/review?v=2,1803,,,"다양한 고로케

바삭하고 맛있어요~",,2021년 9월 3일 금요일,1번째 방문,영수증
송사부수제쌀고로케 이마트 월계점,베이커리,4.29,,,kimboa09,https://m.place.naver.com/my/5b9db8aeafce490e87f55116/review?v=2,1938,21,,1회용 비닐에 담아 덜렁 주는게 좀 그렇네요 ㅠ,,2021년 11월 26일 금요일,2번째 방문,영수증
송사부수제쌀고로케 이마트 월계점,베이커리,4.29,,,구아바69,https://m.place.naver.com/my/5e3cf5d88f87a842bcbb5605/review?v=2,469,,,#꽈베기,,2021년 10월 2일 토요일,1번째 방문,영수증
송사부수제쌀고로케 이마트 월계점,베이커리,4.29,,,수빈연우맘,https://m.place.naver.com/my/5d05c9376a0cf600c991ccc4/review?v=2,2122,,,감사합니다 ,,2022년 5월 2일 월요일,1번째 방문,영수증
송사부수제쌀고로케 이마트 월계점,베이커리,4.29,,,jksoon,https://m.place.naver.com/my/5eb977528f87a842bc0ce67d/review?v=2,1406,13,,굿,,2021년 11월 23일 화요일,3번째 방문,영수증
송사부수제쌀고로케 이마트 월계점,베이커리,4.29,,,이저 런들,https://m.place.naver.com/my/5ea30eb48f87a842bcb1228e/review?v=2,1047,,,굿,,2021년 12월 4일 토요일,1번째 방문,영수증
송사부수제쌀고로케 이마트 월계점,베이커리,4.29,,,지나35,https://m.place.naver.com/my/5eff0979ee06165e651d5b4d/review?v=2,645,2,,"비싼거 같아보이는데
맛있어요.재구매각~~~~",,2021년 8월 1일 일요일,1번째 방문,영수증
송사부수제쌀고로케 이마트 월계점,베이커리,4.29,,,루나j,https://m.place.naver.com/my/5c22b6a25ffad65428a41389/review?v=2,496,,,저렴해요,,2021년 11월 20일 토요일,2번째 방문,영수증
송사부수제쌀고로케 이마트 월계점,베이커리,4.29,,,심견65,https://m.place.naver.com/my/5f141e842d702664bd80cd84/review?v=2,213,1,,8090 제과점 빵집 맛을 생각나게하는 메뉴들이 있습니다. 특히 생도넛은 시대를 돌아건 것 같이 어릴적 맛있던 그때 추억을 생각나게 하네요. 가성비 굿~ 간단한 간식생각날 때 아주 좋습니다.,,2021년 8월 5일 목요일,1번째 방문,영수증
송사부수제쌀고로케 이마트 월계점,베이커리,4.29,,,wkw****,https://m.place.naver.com/my/5e840c5b8f87a842bc44dd97/review?v=2,1931,,,좋아요,,2021년 12월 22일 수요일,1번째 방문,영수증
송사부수제쌀고로케 이마트 월계점,베이커리,4.29,,,세포풍뎅이,https://m.place.naver.com/my/5c04719b2232157c4bcc9816/review?v=2,355,,,꽈배기맛있어요ㅎ,,2021년 10월 26일 화요일,1번째 방문,영수증
송사부수제쌀고로케 이마트 월계점,베이커리,4.29,,,cwy79,https://m.place.naver.com/my/5b7c17991c422684d536df1c/review?v=2,1468,,,굿,,2021년 12월 18일 토요일,1번째 방문,영수증
송사부수제쌀고로케 이마트 월계점,베이커리,4.29,,,찬뽕,https://m.place.naver.com/my/5b9fa93b8a85ea4d826f76f5/review?v=2,1736,,,좋아요,,2021년 12월 18일 토요일,1번째 방문,영수증
송사부수제쌀고로케 이마트 월계점,베이커리,4.29,,,또 봄,https://m.place.naver.com/my/5bec2a237e328f4b11a07453/review?v=2,559,,,그로케맛나요,,2021년 9월 19일 일요일,1번째 방문,영수증
송사부수제쌀고로케 이마트 월계점,베이커리,4.29,,,as3****,https://m.place.naver.com/my/6084efdb03f5d2eba08847d0/review?v=2,347,,,구,,2021년 11월 27일 토요일,1번째 방문,영수증
송사부수제쌀고로케 이마트 월계점,베이커리,4.29,,,행운7103,https://m.place.naver.com/my/6030cd9679db1710ec43e9e6/review?v=2,992,,,굿,,2021년 11월 13일 토요일,2번째 방문,영수증
송사부수제쌀고로케 이마트 월계점,베이커리,4.29,,,nacho91,https://m.place.naver.com/my/5e04c8c98f87a842bcd8a09c/review?v=2,643,,,"저녁타임때 묶음으로 파는 걸 먹었는데
고로케 별로 안 좋아하는 저한테 감자 고로케는 담백하니 맛있었어요!!😝👌","일시적인 오류가 발생했습니다
빵이 맛있어요",2021년 8월 7일 토요일,1번째 방문,영수증
송사부수제쌀고로케 이마트 월계점,베이커리,4.29,,,jin6054,https://m.place.naver.com/my/5d05176fe1a24e9cfe59e09b/review?v=2,56,2,,저렴하고 맛있어요,"일시적인 오류가 발생했습니다
매장이 청결해요",2021년 10월 9일 토요일,1번째 방문,영수증
송사부수제쌀고로케 이마트 월계점,베이커리,4.29,,,brighter,https://m.place.naver.com/my/5c2c97f5abd81ab59d86271b/review?v=2,1981,,,굿,,2022년 1월 30일 일요일,4번째 방문,영수증
송사부수제쌀고로케 이마트 월계점,베이커리,4.29,,,뚜이8583,https://m.place.naver.com/my/5e3d16dd8f87a842bc9d84fa/review?v=2,319,,,좋아요,,2022년 4월 14일 목요일,1번째 방문,영수증
송사부수제쌀고로케 이마트 월계점,베이커리,4.29,,,효리47,https://m.place.naver.com/my/5b7799126baa182faa866f34/review?v=2,650,,,맛있어요,"일시적인 오류가 발생했습니다
친절해요",2022년 2월 4일 금요일,1번째 방문,영수증
송사부수제쌀고로케 이마트 월계점,베이커리,4.29,,,마음다스리기79,https://m.place.naver.com/my/5e7cb2428f87a842bc72751b/review?v=2,328,,,맛있어요,,2022년 3월 6일 일요일,3번째 방문,영수증
송사부수제쌀고로케 이마트 월계점,베이커리,4.29,,,아따맘맘마,https://m.place.naver.com/my/5cbf07a197c81d1bc30048d0/review?v=2,1103,25,,잘먹었습니다,,2021년 10월 5일 화요일,2번째 방문,영수증
송사부수제쌀고로케 이마트 월계점,베이커리,4.29,,,Kairos25,https://m.place.naver.com/my/5f058e9fb2804547b18873a5/review?v=2,1052,3,,굿,"일시적인 오류가 발생했습니다
빵이 맛있어요",2021년 12월 4일 토요일,1번째 방문,영수증
송사부수제쌀고로케 이마트 월계점,베이커리,4.29,,,북한산살쾡이,https://m.place.naver.com/my/5d208eada8c242394a65d17b/review?v=2,342,6,,송사부 고로케 출출할때 먹기 딱 좋아요 ㅎㅎ,"일시적인 오류가 발생했습니다
가성비가 좋아요",2021년 9월 10일 금요일,1번째 방문,영수증
송사부수제쌀고로케 이마트 월계점,베이커리,4.29,,,cyh****,https://m.place.naver.com/my/5e6732888f87a842bcf33ebe/review?v=2,1278,,,고로케 맛은 그냥 그런데 금액은 비싼편이네요,,2021년 9월 11일 토요일,1번째 방문,영수증
송사부수제쌀고로케 이마트 월계점,베이커리,4.29,,,나무812,https://m.place.naver.com/my/5f0992349ec8258e4a10efab/review?v=2,277,,,싸고 맛나여,,2021년 12월 2일 목요일,1번째 방문,영수증
송사부수제쌀고로케 이마트 월계점,베이커리,4.29,,,Introduce MaMan TOP,https://m.place.naver.com/my/5d39bacdf080044f5f88c2b3/review?v=2,108,,,맛있어요 특히 샐러드빵 맛있어요,"일시적인 오류가 발생했습니다
빵이 맛있어요",2021년 11월 19일 금요일,1번째 방문,영수증
송사부수제쌀고로케 이마트 월계점,베이커리,4.29,,,푸른하늘3713,https://m.place.naver.com/my/5e337ff68f87a842bc4cf767/review?v=2,2217,,,좋아요,,2021년 10월 23일 토요일,6번째 방문,영수증
송사부수제쌀고로케 이마트 월계점,베이커리,4.29,,,lmj****,https://m.place.naver.com/my/61528d1cbea413fa11e1ccdf/review?v=2,102,,,좋아요,,2021년 11월 22일 월요일,1번째 방문,영수증
송사부수제쌀고로케 이마트 월계점,베이커리,4.29,,,반달2141,https://m.place.naver.com/my/5b9b3558c4724c6e05c96838/review?v=2,1193,,,할머니가 정말 좋아하는 가게,,2021년 7월 28일 수요일,3번째 방문,영수증
송사부수제쌀고로케 이마트 월계점,베이커리,4.29,,,아나7788,https://m.place.naver.com/my/5f2cd1489ec8258e4a85f1ae/review?v=2,1768,,,굿,"일시적인 오류가 발생했습니다
빵이 맛있어요",2021년 11월 21일 일요일,1번째 방문,영수증
송사부수제쌀고로케 이마트 월계점,베이커리,4.29,,,하얀 딸기,https://m.place.naver.com/my/5efe6d6c35e32560edaade26/review?v=2,622,,,맛있어요^^,,2021년 11월 21일 일요일,1번째 방문,영수증
송사부수제쌀고로케 이마트 월계점,베이커리,4.29,,,여깡94,https://m.place.naver.com/my/60190d81261a3a3d1ed1271f/review?v=2,447,,,좋아요,,2021년 11월 21일 일요일,1번째 방문,영수증
송사부수제쌀고로케 이마트 월계점,베이커리,4.29,,,북한산살쾡이,https://m.place.naver.com/my/5d208eada8c242394a65d17b/review?v=2,342,6,,맛있어요옹,"일시적인 오류가 발생했습니다
주차하기 편해요",2021년 11월 21일 일요일,2번째 방문,영수증
송사부수제쌀고로케 이마트 월계점,베이커리,4.29,,,마음다스리기79,https://m.place.naver.com/my/5e7cb2428f87a842bc72751b/review?v=2,328,,,좋아요,"일시적인 오류가 발생했습니다
가성비가 좋아요",2022년 2월 19일 토요일,2번째 방문,영수증
송사부수제쌀고로케 이마트 월계점,베이커리,4.29,,,bb****,https://m.place.naver.com/my/5b73f6896e92a5800956c978/review?v=2,368,,,"고로케, 소세지 빵 등 맛있어여~
하지만!!!
미니 찹쌀 도너츠는 진짜 노노!
쫀득한 찹쌀 식감 전혀 없고 두껍고 뻣뻣한 밀가루 맛만~",,2021년 7월 26일 월요일,1번째 방문,영수증
송사부수제쌀고로케 이마트 월계점,베이커리,4.29,,,프로리뷰어99,https://m.place.naver.com/my/5b9a313b1e770b237690c293/review?v=2,프로어99,6,,맛있어요. 고로케,"일시적인 오류가 발생했습니다
빵이 맛있어요",2021년 8월 16일 월요일,1번째 방문,영수증
송사부수제쌀고로케 이마트 월계점,베이커리,4.29,,,cyh****,https://m.place.naver.com/my/5e6732888f87a842bcf33ebe/review?v=2,1278,,,특별한맛은 아니예요,,2021년 9월 13일 월요일,2번째 방문,영수증
송사부수제쌀고로케 이마트 월계점,베이커리,4.29,,,always LUCKY day,https://m.place.naver.com/my/5c330fc24ba0e25c255d3193/review?v=2,56,,,맛있어요,"일시적인 오류가 발생했습니다
가성비가 좋아요",2021년 11월 8일 월요일,1번째 방문,영수증
송사부수제쌀고로케 이마트 월계점,베이커리,4.29,,,malaefe,https://m.place.naver.com/my/5d03a173b10ed9a295937aa3/review?v=2,95,,,좋아요 좋아요 좋아요!,,2021년 9월 16일 목요일,1번째 방문,영수증
송사부수제쌀고로케 이마트 월계점,베이커리,4.29,,,랄라랄라45,https://m.place.naver.com/my/5b9a3708e7e019241c0da222/review?v=2,506,,,좋어요,,2021년 11월 7일 일요일,1번째 방문,영수증
송사부수제쌀고로케 이마트 월계점,베이커리,4.29,,,봄 하늘,https://m.place.naver.com/my/5dc6a54f8f87a842bc08a849/review?v=2,1015,,,좋아요,,2021년 10월 31일 일요일,2번째 방문,영수증
송사부수제쌀고로케 이마트 월계점,베이커리,4.29,,,조은아이92,https://m.place.naver.com/my/5dd68c889ec8258e4a88192d/review?v=2,946,63,,"여러종류 고로케 꽈배기 도넛을 맛볼수 있어요
포장해서 렌지 살짝 돌리면 👍👍👍👍",,2021년 6월 25일 금요일,1번째 방문,영수증
송사부수제쌀고로케 이마트 월계점,베이커리,4.29,,,gol****,https://m.place.naver.com/my/5cff50c20af803f81830feeb/review?v=2,1732,4,,음~,,2022년 4월 12일 화요일,1번째 방문,영수증
송사부수제쌀고로케 이마트 월계점,베이커리,4.29,,,꼬부기남편,https://m.place.naver.com/my/5da870b38f87a842bc4284d4/review?v=2,1327,,,맛있어요,,2022년 1월 31일 월요일,1번째 방문,영수증
송사부수제쌀고로케 이마트 월계점,베이커리,4.29,,,43wis,https://m.place.naver.com/my/5d95804d8f87a842bc6ad980/review?v=2,390,,,굿,,2021년 10월 30일 토요일,1번째 방문,영수증
송사부수제쌀고로케 이마트 월계점,베이커리,4.29,,,ehdal90,https://m.place.naver.com/my/5f04e18592c132301ca0851b/review?v=2,1182,,,싸고맛있어요,,2021년 7월 21일 수요일,3번째 방문,영수증
송사부수제쌀고로케 이마트 월계점,베이커리,4.29,,,mainkim,https://m.place.naver.com/my/5eff469080dd0fa8cd659333/review?v=2,950,,,고로케 맛있어요,,2021년 11월 26일 금요일,1번째 방문,영수증
송사부수제쌀고로케 이마트 월계점,베이커리,4.29,,,hyu****,https://m.place.naver.com/my/5da97f7a8f87a842bcac59bd/review?v=2,349,2,,맛있어요,,2021년 10월 26일 화요일,2번째 방문,영수증
송사부수제쌀고로케 이마트 월계점,베이커리,4.29,,,toyasim,https://m.place.naver.com/my/5e8038c98f87a842bc0b4575/review?v=2,237,4,,맛있어요,,2021년 9월 1일 수요일,1번째 방문,영수증
송사부수제쌀고로케 이마트 월계점,베이커리,4.29,,,su8480,https://m.place.naver.com/my/5c0f02d41777ee3820b3e6a5/review?v=2,3880,,,좋아요,,2021년 10월 25일 월요일,1번째 방문,영수증
송사부수제쌀고로케 이마트 월계점,베이커리,4.29,,,멍이ㅇㅅㅇ,https://m.place.naver.com/my/5ba1b74f3af656a0ce08b581/review?v=2,180,,,맛있어요,,2021년 10월 11일 월요일,1번째 방문,영수증
송사부수제쌀고로케 이마트 월계점,베이커리,4.29,,,웃음마녀77,https://m.place.naver.com/my/5c41b562b3d121b72d54a539/review?v=2,1675,22,,좋아용~~,,2021년 9월 16일 목요일,2번째 방문,영수증
송사부수제쌀고로케 이마트 월계점,베이커리,4.29,,,당돌2,https://m.place.naver.com/my/5cb85a83776b173abf633209/review?v=2,3108,73,,"이마트 올때마다 꼭 사가요
맛있어요",,2021년 6월 25일 금요일,4번째 방문,영수증
송사부수제쌀고로케 이마트 월계점,베이커리,4.29,,,dangdangeu,https://m.place.naver.com/my/5da05d868f87a842bcd1a2de/review?v=2,2339,33,,좋아요,,2021년 9월 11일 토요일,2번째 방문,영수증
송사부수제쌀고로케 이마트 월계점,베이커리,4.29,,,brighter,https://m.place.naver.com/my/5c2c97f5abd81ab59d86271b/review?v=2,1981,,,굿,,2021년 12월 4일 토요일,3번째 방문,영수증
송사부수제쌀고로케 이마트 월계점,베이커리,4.29,,,ReVieW,https://m.place.naver.com/my/5dc4b94e8f87a842bc38d471/review?v=2,4175,78,,도넛도 맛있어요 먹을만해요,,2021년 6월 18일 금요일,5번째 방문,영수증
송사부수제쌀고로케 이마트 월계점,베이커리,4.29,,,율마38,https://m.place.naver.com/my/5be7d07234223f3b93c60545/review?v=2,1432,,,맛있어요,,2021년 9월 7일 화요일,1번째 방문,영수증
송사부수제쌀고로케 이마트 월계점,베이커리,4.29,,,서울 화이트트,https://m.place.naver.com/my/5d7c6fa68f87a842bcba836e/review?v=2,1300,,,굿,,2021년 10월 6일 수요일,2번째 방문,영수증
송사부수제쌀고로케 이마트 월계점,베이커리,4.29,,,무지개별11,https://m.place.naver.com/my/5f433562a602e98f5693b126/review?v=2,1839,,,좋아요,,2021년 10월 5일 화요일,1번째 방문,영수증
송사부수제쌀고로케 이마트 월계점,베이커리,4.29,,,짝마밍,https://m.place.naver.com/my/5bf10f5558141269116ed818/review?v=2,1460,51,,저렴하고 맛나고~ 아이들이 참 좋아해요,,2021년 6월 9일 수요일,1번째 방문,영수증
송사부수제쌀고로케 이마트 월계점,베이커리,4.29,,,맑음249,https://m.place.naver.com/my/5c3c770883d801ba15dfedea/review?v=2,195,,,치즈볼 맛있게 먹었습니다,,2021년 7월 7일 수요일,1번째 방문,영수증
송사부수제쌀고로케 이마트 월계점,베이커리,4.29,,,sun****,https://m.place.naver.com/my/5f0609eea33384f6f57cc2c3/review?v=2,722,,,마감때가서 저렴하게샀어요~,,2021년 5월 24일 월요일,3번째 방문,영수증
송사부수제쌀고로케 이마트 월계점,베이커리,4.29,,,둥이네2014,https://m.place.naver.com/my/5c7feaba95e9f5e5fb9a7ed0/review?v=2,4283,42,,좋아요,,2021년 8월 26일 목요일,1번째 방문,영수증
송사부수제쌀고로케 이마트 월계점,베이커리,4.29,,,아가페78,https://m.place.naver.com/my/5bf7e0b7958a00616d47d052/review?v=2,1608,,,좋아요,,2021년 11월 15일 월요일,1번째 방문,영수증
송사부수제쌀고로케 이마트 월계점,베이커리,4.29,,,luv0ya,https://m.place.naver.com/my/5f46324ea602e98f56ed3a28/review?v=2,372,,,어니언크림치즈 고로케 젤 맛있어요ㅠ,,2021년 7월 3일 토요일,3번째 방문,영수증
송사부수제쌀고로케 이마트 월계점,베이커리,4.29,,,sun****,https://m.place.naver.com/my/5f0609eea33384f6f57cc2c3/review?v=2,722,,,맛나요,,2021년 8월 1일 일요일,5번째 방문,영수증
송사부수제쌀고로케 이마트 월계점,베이커리,4.29,,,평범속비범,https://m.place.naver.com/my/5c85f69273c51b4f6623bc2c/review?v=2,2311,,,친절하고 고로케별로 너무 맛있어요,,2021년 5월 30일 일요일,1번째 방문,영수증
송사부수제쌀고로케 이마트 월계점,베이커리,4.29,,,린이98,https://m.place.naver.com/my/6103f1576bef7d084eaea412/review?v=2,296,,,굿,,2021년 9월 24일 금요일,1번째 방문,영수증
송사부수제쌀고로케 이마트 월계점,베이커리,4.29,,,hjy****,https://m.place.naver.com/my/5cbf0b17558e2aa2225c4f82/review?v=2,870,,,맛있어요 ,,2021년 9월 23일 목요일,1번째 방문,영수증
송사부수제쌀고로케 이마트 월계점,베이커리,4.29,,,샤방샤방5483,https://m.place.naver.com/my/5beab41d19210b4abb0a639d/review?v=2,2281,,,가성비 좋은 도너츠네요,,2021년 6월 26일 토요일,1번째 방문,영수증
송사부수제쌀고로케 이마트 월계점,베이커리,4.29,,,ABOUT17,https://m.place.naver.com/my/5efe5008bf28894a92885519/review?v=2,1647,,,샐러드빵 맛있어요.,,2021년 7월 28일 수요일,6번째 방문,영수증
송사부수제쌀고로케 이마트 월계점,베이커리,4.29,,,hoy****,https://m.place.naver.com/my/5da5922d8f87a842bcfb7382/review?v=2,83,,,저녁에 할인할때 갔는데 맛있네요,,2021년 6월 29일 화요일,1번째 방문,영수증
송사부수제쌀고로케 이마트 월계점,베이커리,4.29,,,스나코83,https://m.place.naver.com/my/5d308e6c8d15d4ceb6fb9de9/review?v=2,272,8,,좋아요,,2021년 8월 18일 수요일,1번째 방문,영수증
송사부수제쌀고로케 이마트 월계점,베이커리,4.29,,,빈둥빈둥27,https://m.place.naver.com/my/5d1dca5cdf564a03e0c4f208/review?v=2,1048,14,,항상 맛있어요,,2021년 6월 20일 일요일,1번째 방문,영수증
송사부수제쌀고로케 이마트 월계점,베이커리,4.29,,,ReVieW,https://m.place.naver.com/my/5dc4b94e8f87a842bc38d471/review?v=2,4175,78,,마감 세일할때 저렴하게 샀어요,,2021년 5월 24일 월요일,3번째 방문,영수증
송사부수제쌀고로케 이마트 월계점,베이커리,4.29,,,미생59,https://m.place.naver.com/my/5f0554114d1cf87540aa788a/review?v=2,968,,,조금 비싼데 맛있어요,"일시적인 오류가 발생했습니다
주차하기 편해요",2021년 11월 26일 금요일,1번째 방문,영수증
송사부수제쌀고로케 이마트 월계점,베이커리,4.29,,,Kong2ya,https://m.place.naver.com/my/5ca81abff559608106390bab/review?v=2,819,,,ㅐ,,2021년 8월 28일 토요일,1번째 방문,영수증
송사부수제쌀고로케 이마트 월계점,베이커리,4.29,,,hid****,https://m.place.naver.com/my/5d4e6dd5519050c8241e0809/review?v=2,78,,,맛있어요!,,2021년 9월 16일 목요일,1번째 방문,영수증
송사부수제쌀고로케 이마트 월계점,베이커리,4.29,,,미미3358,https://m.place.naver.com/my/5bdd11af06e0500e87d894c0/review?v=2,1945,,,조아요,,2021년 8월 12일 목요일,2번째 방문,영수증
송사부수제쌀고로케 이마트 월계점,베이커리,4.29,,,ReVieW,https://m.place.naver.com/my/5dc4b94e8f87a842bc38d471/review?v=2,4175,78,,싸고 맛있는 고로케집,,2021년 6월 17일 목요일,4번째 방문,영수증
송사부수제쌀고로케 이마트 월계점,베이커리,4.29,,,ABOUT17,https://m.place.naver.com/my/5efe5008bf28894a92885519/review?v=2,1647,,,야채샐러드 빵 맛있어요,"일시적인 오류가 발생했습니다
가성비가 좋아요",2021년 7월 19일 월요일,5번째 방문,영수증
송사부수제쌀고로케 이마트 월계점,베이커리,4.29,,,오이지96,https://m.place.naver.com/my/5efe0da815c4bcd43058af5b/review?v=2,2208,,,자주사먹어요ㅎ,"일시적인 오류가 발생했습니다
빵이 맛있어요",2021년 7월 13일 화요일,1번째 방문,영수증
송사부수제쌀고로케 이마트 월계점,베이커리,4.29,,,사랑의힘31,https://m.place.naver.com/my/613aced87d97736916dc9f31/review?v=2,29,,,좋아요,,2021년 9월 12일 일요일,1번째 방문,영수증
송사부수제쌀고로케 이마트 월계점,베이커리,4.29,,,풋69,https://m.place.naver.com/my/5ee5af028f87a842bc5935be/review?v=2,216,,,좋아요,,2021년 9월 12일 일요일,1번째 방문,영수증
송사부수제쌀고로케 이마트 월계점,베이커리,4.29,,,평범속비범,https://m.place.naver.com/my/5c85f69273c51b4f6623bc2c/review?v=2,2311,,,맛있어요 모두 맛있어요,,2021년 6월 15일 화요일,2번째 방문,영수증
송사부수제쌀고로케 이마트 월계점,베이커리,4.29,,,www****,https://m.place.naver.com/my/5bf91e7b1501c788f96b1c3b/review?v=2,47,,,맛있어요,,2021년 9월 7일 화요일,1번째 방문,영수증
송사부수제쌀고로케 이마트 월계점,베이커리,4.29,,,김칫국먹자,https://m.place.naver.com/my/5b9ba4237986a27c72e43fdd/review?v=2,1810,,,좋아요,"일시적인 오류가 발생했습니다
가성비가 좋아요",2021년 8월 3일 화요일,2번째 방문,영수증
송사부수제쌀고로케 이마트 월계점,베이커리,4.29,,,ABOUT17,https://m.place.naver.com/my/5efe5008bf28894a92885519/review?v=2,1647,,,1500원짜리 야채 샐러드 빵이 제일 맛있어요,,2021년 6월 12일 토요일,4번째 방문,영수증
송사부수제쌀고로케 이마트 월계점,베이커리,4.29,,,은뷔뷔몬,https://m.place.naver.com/my/5c0e3245b44772f840279dc5/review?v=2,437,,,ㅣ,,2021년 8월 15일 일요일,1번째 방문,영수증
송사부수제쌀고로케 이마트 월계점,베이커리,4.29,,,hyu****,https://m.place.naver.com/my/5da97f7a8f87a842bcac59bd/review?v=2,349,2,,맛잇어요,,2021년 9월 1일 수요일,1번째 방문,영수증
송사부수제쌀고로케 이마트 월계점,베이커리,4.29,,,sun****,https://m.place.naver.com/my/5f0609eea33384f6f57cc2c3/review?v=2,722,,,굿,,2021년 7월 9일 금요일,4번째 방문,영수증
송사부수제쌀고로케 이마트 월계점,베이커리,4.29,,,아모로소 쩐신,https://m.place.naver.com/my/601d829b638cfb58cd0ff98f/review?v=2,221,4,,꽈배기 하나 먹는데 ..사장님인지?줄서있는데 혼자 세월아 네월아 계산함 ..옆에 직원은 머징??  맛도 별루..,,2021년 5월 27일 목요일,1번째 방문,영수증
송사부수제쌀고로케 이마트 월계점,베이커리,4.29,,,ABOUT17,https://m.place.naver.com/my/5efe5008bf28894a92885519/review?v=2,1647,,,야채샐러드고로케 정말 맛있어요.!! 달달한 아이스커피랑 먹으면 한끼 해결됩니다.,,2021년 5월 19일 수요일,3번째 방문,영수증
송사부수제쌀고로케 이마트 월계점,베이커리,4.29,,,푸른하늘3713,https://m.place.naver.com/my/5e337ff68f87a842bc4cf767/review?v=2,2217,,,야채고로케 맛있어요,,2021년 5월 30일 일요일,3번째 방문,영수증
송사부수제쌀고로케 이마트 월계점,베이커리,4.29,,,egs****,https://m.place.naver.com/my/5d6d074d8f87a842bc181944/review?v=2,198,,,포장을 해와서 소스가 뭉게졌지만 맛은 최고네요^^,,2021년 3월 27일 토요일,1번째 방문,영수증
송사부수제쌀고로케 이마트 월계점,베이커리,4.29,,,MLHBee,https://m.place.naver.com/my/5cc2d23dca33c39a5a1b0d36/review?v=2,926,,,고로케 맛있어요~! 😀,,2021년 5월 22일 토요일,3번째 방문,영수증
송사부수제쌀고로케 이마트 월계점,베이커리,4.29,,,ft****,https://m.place.naver.com/my/5fa7d0b4adc1f49be666e83d/review?v=2,3215,,,ㄴ,,2021년 7월 18일 일요일,4번째 방문,영수증
송사부수제쌀고로케 이마트 월계점,베이커리,4.29,,,신효철13,https://m.place.naver.com/my/6097df1532071177535f9365/review?v=2,160,,,맛있어요,,2021년 8월 19일 목요일,1번째 방문,영수증
송사부수제쌀고로케 이마트 월계점,베이커리,4.29,,,asz****,https://m.place.naver.com/my/5fb7a169ccf2417c37cab5ea/review?v=2,2478,,,맛있어요,,2021년 10월 25일 월요일,4번째 방문,영수증
송사부수제쌀고로케 이마트 월계점,베이커리,4.29,,,iamraj,https://m.place.naver.com/my/5e463c718f87a842bc4d7d4f/review?v=2,284,,,맛있어요,"일시적인 오류가 발생했습니다
빵이 맛있어요",2021년 8월 7일 토요일,1번째 방문,영수증
송사부수제쌀고로케 이마트 월계점,베이커리,4.29,,,슬선생,https://m.place.naver.com/my/5db01afe8f87a842bcdca109/review?v=2,49,,,너무 맛있어요!!!,,2021년 6월 22일 화요일,1번째 방문,영수증
송사부수제쌀고로케 이마트 월계점,베이커리,4.29,,,epg****,https://m.place.naver.com/my/5d11cf585868d438fb1f4365/review?v=2,1765,,,조아요,,2022년 2월 12일 토요일,4번째 방문,영수증
송사부수제쌀고로케 이마트 월계점,베이커리,4.29,,,0323totomom,https://m.place.naver.com/my/6030fbcfbe545bc5188cc169/review?v=2,1116,,,좋아요,"일시적인 오류가 발생했습니다
친절해요",2021년 8월 15일 일요일,1번째 방문,영수증
송사부수제쌀고로케 이마트 월계점,베이커리,4.29,,,매실이60,https://m.place.naver.com/my/5b777b0b01b9395b33351e07/review?v=2,488,,,굿~,,2021년 8월 13일 금요일,1번째 방문,영수증
송사부수제쌀고로케 이마트 월계점,베이커리,4.29,,,ELLA6513,https://m.place.naver.com/my/5eb267f48f87a842bcf0b269/review?v=2,1977,23,,ㅎㅎ,,2021년 10월 23일 토요일,3번째 방문,영수증
송사부수제쌀고로케 이마트 월계점,베이커리,4.29,,,봉봉5541,https://m.place.naver.com/my/5cc6b22a0774d574d6aab2e1/review?v=2,306,,,야채샐러드 너무 맛있어요~ 도넛은 기름이 너무많아서ㅜ,,2021년 4월 17일 토요일,1번째 방문,영수증
송사부수제쌀고로케 이마트 월계점,베이커리,4.29,,,버럭징,https://m.place.naver.com/my/5da946288f87a842bcf532b0/review?v=2,873,,,맛있어요,"일시적인 오류가 발생했습니다
빵이 맛있어요",2021년 9월 30일 목요일,1번째 방문,영수증
송사부수제쌀고로케 이마트 월계점,베이커리,4.29,,,asz****,https://m.place.naver.com/my/5fb7a169ccf2417c37cab5ea/review?v=2,2478,,,맛있어요,,2021년 10월 22일 금요일,3번째 방문,영수증
송사부수제쌀고로케 이마트 월계점,베이커리,4.29,,,ABOUT17,https://m.place.naver.com/my/5efe5008bf28894a92885519/review?v=2,1647,,,다른 것도 맛있지만 특히 야채샐러드 빵이 맛있습니다,,2021년 5월 18일 화요일,2번째 방문,영수증
송사부수제쌀고로케 이마트 월계점,베이커리,4.29,,,탁월함의 추구,https://m.place.naver.com/my/5bea2e6e0a2f5bc9af7b740e/review?v=2,660,,,굿굿,,2021년 8월 9일 월요일,1번째 방문,영수증
송사부수제쌀고로케 이마트 월계점,베이커리,4.29,,,mei****,https://m.place.naver.com/my/5e0c4a538f87a842bc1681b8/review?v=2,349,,,좋아요,,2021년 7월 6일 화요일,1번째 방문,영수증
송사부수제쌀고로케 이마트 월계점,베이커리,4.29,,,러블리은2,https://m.place.naver.com/my/5ba5f1441da12af0c022929f/review?v=2,64,9,,갈때마다 느끼는건데 친절하지 않아서 아쉬워요,,2021년 4월 14일 수요일,1번째 방문,영수증
송사부수제쌀고로케 이마트 월계점,베이커리,4.29,,,지현마마,https://m.place.naver.com/my/5dcbb51e8f87a842bca6ea79/review?v=2,309,6,,맛있어요,,2021년 7월 3일 토요일,1번째 방문,영수증
송사부수제쌀고로케 이마트 월계점,베이커리,4.29,,,포다무,https://m.place.naver.com/my/5dd90f1d9ec8258e4affda14/review?v=2,719,,,ㅠㅠ 잘못 정리되어있었나봐요....잡채고로케를 집었는데...집에오니 팥이였어요...ㅠㅠ,,2021년 4월 11일 일요일,1번째 방문,영수증
송사부수제쌀고로케 이마트 월계점,베이커리,4.29,,,오리궁뎅이2,https://m.place.naver.com/my/5bf6a894f02e5568912ba38b/review?v=2,1109,20,,맛있어요. 조금 비싸요.,,2021년 5월 1일 토요일,2번째 방문,영수증
송사부수제쌀고로케 이마트 월계점,베이커리,4.29,,,배고파9816,https://m.place.naver.com/my/5bc9da48d48f4d9b7b00868c/review?v=2,220,5,,완전 맛나요 맛집발견!,,2021년 5월 21일 금요일,1번째 방문,영수증
송사부수제쌀고로케 이마트 월계점,베이커리,4.29,,,ef1124,https://m.place.naver.com/my/5f05ef8abec4db0860adb92e/review?v=2,534,,,조아요,,2021년 7월 3일 토요일,2번째 방문,영수증
송사부수제쌀고로케 이마트 월계점,베이커리,4.29,,,ys****,https://m.place.naver.com/my/5d9207ac8f87a842bc89dfb3/review?v=2,1372,,,맛있어요,"일시적인 오류가 발생했습니다
빵이 맛있어요",2021년 8월 2일 월요일,1번째 방문,영수증
송사부수제쌀고로케 이마트 월계점,베이커리,4.29,,,Hamstekaufen,https://m.place.naver.com/my/5c7a2ce31abbabcec0f89c97/review?v=2,1139,,,도넛츠 맛있어요,"일시적인 오류가 발생했습니다
매장이 청결해요",2021년 8월 29일 일요일,1번째 방문,영수증
송사부수제쌀고로케 이마트 월계점,베이커리,4.29,,,rhc****,https://m.place.naver.com/my/5ffd9e67bd07235841121ea5/review?v=2,791,,,맛있어요,,2021년 7월 30일 금요일,1번째 방문,영수증
송사부수제쌀고로케 이마트 월계점,베이커리,4.29,,,ft****,https://m.place.naver.com/my/5fa7d0b4adc1f49be666e83d/review?v=2,3215,,,ㅇ,,2021년 7월 2일 금요일,3번째 방문,영수증
