가게이름,카테고리,전체평점,방문자리뷰,블로그리뷰,리뷰작성자,리뷰작성자링크,리뷰작성수,팔로워,첨부이미지,리뷰내용,이런_점이_좋아요,방문시간,방분횟수,방문인증
스타벅스 공릉역점,카페,4.44,,,나대로1,https://m.place.naver.com/my/5b6626b4413ade0edfd52f29/review?v=2,2756,232.0,,"지난 주 목요일부터 우양산을 보관해주신 아늑한주방 사장님내외에게 드릴 커피픽업

스벅 25주년 기념으로 7,300원으로 카라멜마키아또와 디카페인아메리카노를 겟했어요. 

선물해서 좋고
저렴(?) 해서 좋고
우산 찾아서 좋고!

모두가 좋은 비오는 목요일!!",,2024년 7월 18일 목요일,23번째 방문,영수증
스타벅스 공릉역점,카페,4.44,,,나대로1,https://m.place.naver.com/my/5b6626b4413ade0edfd52f29/review?v=2,2756,232.0,,"오늘은 디카페인1+1행사 마지막날!! 
고민하다 역시나 아메리카노 숏사이즈!! 
4300원으로 겟!! 행복하다!! 평소 오후 2시 넘어서도 디카페인도 안마시는데 오늘은 마실만한 이유가 있다.
머리가 지끈 아팠는데 편해지는 느낌 아닌 느낌!! ",,2024년 5월 8일 수요일,22번째 방문,영수증
스타벅스 공릉역점,카페,4.44,,,새달매콤 좋아좋아,https://m.place.naver.com/my/5ea231ec8f87a842bccbf751/review?v=2,397,14.0,,"자몽허니블랙티 
날씨가 더워 아이스로 마셨는데 달달했어요 ㅜㅜ

스타벅스 카드로 
1천원 결제시 별1개 적립
1만원 결제시 별2개 적립
3분 간격두고 구매시 별1개 적립
스타벅스 카드로 결제없을시 적립은 무관...",,2024년 6월 28일 금요일,1번째 방문,영수증
스타벅스 공릉역점,카페,4.44,,,에이미다람,https://m.place.naver.com/my/5c1df7f23c851b68898a7a41/review?v=2,763,27.0,,친구가 보내준 샌드위치랑 커피  맛있게 먹었어요,"일시적인 오류가 발생했습니다
커피가 맛있어요",2024년 6월 26일 수요일,11번째 방문,영수증
스타벅스 공릉역점,카페,4.44,,,CRESCENT,https://m.place.naver.com/my/616188f2004deb8c43ce6581/review?v=2,253,10.0,,바닐라크림콜드브루 당류도 낮고 맛있어요!,,2024년 7월 5일 금요일,3번째 방문,영수증
스타벅스 공릉역점,카페,4.44,,,꼬꼬맹e,https://m.place.naver.com/my/5b82b97f3cc8256949cd3fd6/review?v=2,935,20.0,,친절하십니다~,"일시적인 오류가 발생했습니다
디저트가 맛있어요",2024년 6월 14일 금요일,5번째 방문,영수증
스타벅스 공릉역점,카페,4.44,,,육삼육삼,https://m.place.naver.com/my/5e773c858f87a842bcd98283/review?v=2,164,1.0,,아이스티는 무조건 맛있쥐:),"일시적인 오류가 발생했습니다
커피가 맛있어요",2024년 7월 20일 토요일,1번째 방문,영수증
스타벅스 공릉역점,카페,4.44,,,Mistery J,https://m.place.naver.com/my/5d2134f65b4e7e39f6b715ab/review?v=2,306,4.0,,"새로 출시된 블루베리 수플레를 먹어보았습니다. 달콤한 블루베리가 푹신한 수플레에 동동 떠있어 같이 먹으면 정말 맛있어요^^
이와는 별개로 같이 주문한 가나슈초코케익도 맛있었어요.특히 화이트 데이에 잘 어울리는 것 같습니다. 감사합니다.^^
",,2024년 3월 14일 목요일,3번째 방문,영수증
스타벅스 공릉역점,카페,4.44,,,에이미다람,https://m.place.naver.com/my/5c1df7f23c851b68898a7a41/review?v=2,763,27.0,,"허니자몽블랙티 달달 상큼
맛있어요",,2024년 6월 20일 목요일,10번째 방문,영수증
스타벅스 공릉역점,카페,4.44,,,CRESCENT,https://m.place.naver.com/my/616188f2004deb8c43ce6581/review?v=2,253,10.0,,평일에는 카공하기 좋은 것 같아요!,,2024년 7월 15일 월요일,5번째 방문,영수증
스타벅스 공릉역점,카페,4.44,,,카르페디엠6097,https://m.place.naver.com/my/5c4d6acb5f20b72aef00d588/review?v=2,137,,,"비오는 날이라 따뜻한 음료 마실까 하다 새로나온 씨솔트 콜드블루가 눈에 띄어 주문해 봤는데, 매력있는 맛이에요. ㅎㅎ","일시적인 오류가 발생했습니다
인테리어가 멋져요",2024년 6월 22일 토요일,1번째 방문,영수증
스타벅스 공릉역점,카페,4.44,,,어떻게다있어,https://m.place.naver.com/my/611d75430b017972be496f65/review?v=2,662,37.0,,"우와 점심 먹고 가족끼리 걷다가 차 한잔하러 온 공릉역 스타벅스
매장 내에 자리찾기가 너무 빡셌어요 2층엔 한 자리도 없었다가
1층으로 다시 내려오니 나가는 분들이 있어서 겨우 앉았을 정도네요 인기짱👍🏻
신메뉴인 피스타치오 크림 라떼(6,300원)와 딸기 아사이 리프레셔(5,900원), 자몽허니블랙티(5,700원) 거기에 레이어 가나슈(5,700원)까지!!
✅피스타치오 크림 라떼 꼬소하고 진하면서 부드럽기까지 해요! 두유같아요😆 위에는 갈린 피스타치오 조각들이 있어서 씹는 맛까지 있습니다😘 와우 고르길 잘했어
✅동생의 딸기 아사이 리프레셔는 상큼달달 했고 엄마의 자허블은 달콤했어요ㅋㅋ 따뜻하게 마시는 게 더 맛있대요
가나슈 케이크도 꾸덕해서 가족들과 맛있는 후식타임을 즐겼습니다~",,2024년 3월 3일 일요일,1번째 방문,영수증
스타벅스 공릉역점,카페,4.44,,,핑크윤미,https://m.place.naver.com/my/5d2f71a37e8b908fce253397/review?v=2,529,2.0,,솔직히 이건 넘맛없어요 비싸기만하구,,2024년 7월 6일 토요일,37번째 방문,영수증
스타벅스 공릉역점,카페,4.44,,,에이미다람,https://m.place.naver.com/my/5c1df7f23c851b68898a7a41/review?v=2,763,27.0,,오늘은 새로운 샌드위치를 먹어봤어요. 따뜻하게 데워주시니 치즈가 잘 녹아 더 맛있네요,"일시적인 오류가 발생했습니다
커피가 맛있어요",2024년 4월 25일 목요일,9번째 방문,영수증
스타벅스 공릉역점,카페,4.44,,,나대로1,https://m.place.naver.com/my/5b6626b4413ade0edfd52f29/review?v=2,2756,232.0,,전철 10:12 타기 전 시간이 있어 카페인 충전!! 토요일 여유있는(15분?) 시간이 좋다!,"일시적인 오류가 발생했습니다
커피가 맛있어요",2024년 4월 6일 토요일,21번째 방문,영수증
스타벅스 공릉역점,카페,4.44,,,dbt****,https://m.place.naver.com/my/61b84e5782ac4f6f61ee562d/review?v=2,609,,,너무친절해요,"일시적인 오류가 발생했습니다
디저트가 맛있어요",2024년 6월 11일 화요일,5번째 방문,영수증
스타벅스 공릉역점,카페,4.44,,,띠니24,https://m.place.naver.com/my/5bee799b89e516e87e66381d/review?v=2,83,,,2층 넓어서 좋아요.,,2024년 7월 29일 월요일,1번째 방문,영수증
스타벅스 공릉역점,카페,4.44,,,kus****,https://m.place.naver.com/my/5ba431801f55e77252bd98e3/review?v=2,636,,,치즈케이크 넘 맛나요,,2024년 6월 28일 금요일,12번째 방문,영수증
스타벅스 공릉역점,카페,4.44,,,pms****,https://m.place.naver.com/my/5dff35bd8f87a842bc0c6ea9/review?v=2,913,,,,,2024년 7월 14일 일요일,10번째 방문,영수증
스타벅스 공릉역점,카페,4.44,,,핑크윤미,https://m.place.naver.com/my/5d2f71a37e8b908fce253397/review?v=2,529,2.0,,맛있어요 시원한 라떼,"일시적인 오류가 발생했습니다
커피가 맛있어요",2024년 5월 16일 목요일,35번째 방문,영수증
스타벅스 공릉역점,카페,4.44,,,낯선인물,https://m.place.naver.com/my/5f0568dc2f90b7de35377a67/review?v=2,322,1.0,,2층에는 테이블도 많고 생각보다 사람도 많음! 직원분이 친절하셔서 좋았던 기억이 있어요!,,2024년 4월 26일 금요일,1번째 방문,영수증
스타벅스 공릉역점,카페,4.44,,,에이미다람,https://m.place.naver.com/my/5c1df7f23c851b68898a7a41/review?v=2,763,27.0,,샌드위치 따뜻하게 데워주시니 맛있네요,"일시적인 오류가 발생했습니다
커피가 맛있어요",2024년 4월 16일 화요일,8번째 방문,영수증
스타벅스 공릉역점,카페,4.44,,,나라올라888,https://m.place.naver.com/my/5cc17457ea9cf31c749daef8/review?v=2,750,23.0,,,"일시적인 오류가 발생했습니다
커피가 맛있어요",2024년 7월 18일 목요일,3번째 방문,영수증
스타벅스 공릉역점,카페,4.44,,,카르하,https://m.place.naver.com/my/5ebf67f88f87a842bc1bcde8/review?v=2,1465,32.0,,다른 매장에 비하면 그저 그런 정도의 친절함인 것 같아요,,2024년 6월 11일 화요일,1번째 방문,영수증
스타벅스 공릉역점,카페,4.44,,,나대로1,https://m.place.naver.com/my/5b6626b4413ade0edfd52f29/review?v=2,2756,232.0,,생일에 케이크가 없으면 섭섭하고 너무 크면 다 못먹어서  자주 구입하는 스벅의 케이크종류 ! 가격도 크기도 맛도 참 좋아요~~,"일시적인 오류가 발생했습니다
디저트가 맛있어요",2024년 2월 16일 금요일,20번째 방문,영수증
스타벅스 공릉역점,카페,4.44,,,햄퀸,https://m.place.naver.com/my/6206681299f7ae0432b351e5/review?v=2,558,41.0,,"점심먹고 스타벅스 왔어요
애매한 시간대에 왔는데도 사람들로 자리가 꽉찼어요😨
2024년 신상케이크가 나왔길래 호기심에 함 시켜봤어요ㅋㅋ
케이크 시트는 얼그레이 맛이 감돌아 괜찮았으나
파란크림은..그럭저럭 첨엔 신기해서 먹었는데
뭔가 계속 거부감이 들어 손이 안가더라는...ㅋㅋㅋ
커피 잘 마시고 왔어요^^",,2024년 1월 9일 화요일,1번째 방문,영수증
스타벅스 공릉역점,카페,4.44,,,에이미다람,https://m.place.naver.com/my/5c1df7f23c851b68898a7a41/review?v=2,763,27.0,,가끔 가볍게 스벅에서 점심으로 샌드위치도 괜찮네요,"일시적인 오류가 발생했습니다
커피가 맛있어요",2024년 4월 8일 월요일,7번째 방문,영수증
스타벅스 공릉역점,카페,4.44,,,노원빵셔틀,https://m.place.naver.com/my/5dbd84408f87a842bc462281/review?v=2,133,,,매장이 쾌적하고 편해요,,2024년 6월 3일 월요일,1번째 방문,영수증
스타벅스 공릉역점,카페,4.44,,,또뜌띠,https://m.place.naver.com/my/5b752f896393fdd1baf997a6/review?v=2,578,,,룻,,2024년 7월 20일 토요일,8번째 방문,영수증
스타벅스 공릉역점,카페,4.44,,,월계동솜주먹,https://m.place.naver.com/my/5dd398278f87a842bccd3150/review?v=2,215,7.0,,매장이 넓고 좋아요,"일시적인 오류가 발생했습니다
대화하기 좋아요",2024년 6월 30일 일요일,1번째 방문,영수증
스타벅스 공릉역점,카페,4.44,,,룩바,https://m.place.naver.com/my/5ba1d29d741828e1ffe149de/review?v=2,535,,,상큼하니 여름에 마시기 좋네요 ,,2024년 5월 9일 목요일,16번째 방문,영수증
스타벅스 공릉역점,카페,4.44,,,뽀글이엄마84,https://m.place.naver.com/my/63837d521438fc3a9cda306e/review?v=2,213,2.0,,"쿠폰받은게 있어서 우연히 방문했는데
깨끗하고 친절해서 기분 좋았어요",,2024년 4월 9일 화요일,1번째 방문,영수증
스타벅스 공릉역점,카페,4.44,,,야옹이5624,https://m.place.naver.com/my/5c08791ce652205108b9cc9e/review?v=2,1324,,,친절하세요^^,"일시적인 오류가 발생했습니다
음료가 맛있어요",2024년 6월 27일 목요일,29번째 방문,영수증
스타벅스 공릉역점,카페,4.44,,,어퍼펙트데이,https://m.place.naver.com/my/5c856b90b06e69aae1ca2fe2/review?v=2,2478,,,굿,,2024년 7월 23일 화요일,10번째 방문,영수증
스타벅스 공릉역점,카페,4.44,,,VeV,https://m.place.naver.com/my/5c165e998265902cf5153db3/review?v=2,478,,,가끔 이렇게 배달도 시켜주기😁,"일시적인 오류가 발생했습니다
커피가 맛있어요",2024년 4월 28일 일요일,2번째 방문,영수증
스타벅스 공릉역점,카페,4.44,,,어퍼펙트데이,https://m.place.naver.com/my/5c856b90b06e69aae1ca2fe2/review?v=2,2478,,,굿,,2024년 7월 20일 토요일,9번째 방문,영수증
스타벅스 공릉역점,카페,4.44,,,kar****,https://m.place.naver.com/my/605ebb157959a0a83add83cf/review?v=2,17,,,갑자기 비와서 들어왔는데 다행히 빈자리도 있고 손님층도 다양하고 좋네요,"일시적인 오류가 발생했습니다
커피가 맛있어요",2024년 6월 6일 목요일,1번째 방문,영수증
스타벅스 공릉역점,카페,4.44,,,pink1000,https://m.place.naver.com/my/5d2c75776196e20c8fe650e3/review?v=2,336,,,난 스벅이 젤 맛있어요,"일시적인 오류가 발생했습니다
커피가 맛있어요",2024년 4월 27일 토요일,4번째 방문,영수증
스타벅스 공릉역점,카페,4.44,,,black07927,https://m.place.naver.com/my/5d5a68cc220adca5c3811886/review?v=2,1049,,,커피,,2024년 7월 3일 수요일,5번째 방문,영수증
스타벅스 공릉역점,카페,4.44,,,해피바이러스0903,https://m.place.naver.com/my/5eacf1528f87a842bcfc1975/review?v=2,2643,49.0,,스벅 자주 애용~,"일시적인 오류가 발생했습니다
커피가 맛있어요",2024년 3월 27일 수요일,8번째 방문,영수증
스타벅스 공릉역점,카페,4.44,,,나대로1,https://m.place.naver.com/my/5b6626b4413ade0edfd52f29/review?v=2,2756,232.0,,"알림이 떠서 보니 제조음료와 함께 푸드를 구입하면 50% 할인, 겸사겸사 에그에그샌드위치 등을 구입!! 간단하게 저녁으로 때움!! ","일시적인 오류가 발생했습니다
특별한 메뉴가 있어요",2024년 1월 30일 화요일,19번째 방문,영수증
스타벅스 공릉역점,카페,4.44,,,행복동간다,https://m.place.naver.com/my/5c4d9b46ef09c534bbc1a002/review?v=2,1472,7.0,,맛있어요. 2층 매장도 없어요,,2024년 5월 4일 토요일,3번째 방문,영수증
스타벅스 공릉역점,카페,4.44,,,Mistery J,https://m.place.naver.com/my/5d2134f65b4e7e39f6b715ab/review?v=2,306,4.0,,딸기 수플레 치즈케잌이 맛있어요~,"일시적인 오류가 발생했습니다
커피가 맛있어요",2024년 2월 26일 월요일,2번째 방문,영수증
스타벅스 공릉역점,카페,4.44,,,asi****,https://m.place.naver.com/my/5b8c9ccdae378290eba01c7f/review?v=2,55,,,생크림 카스테라 알밤 아이들이 좋아하는 단골 메뉴,"일시적인 오류가 발생했습니다
커피가 맛있어요",2024년 6월 9일 일요일,2번째 방문,영수증
스타벅스 공릉역점,카페,4.44,,,인생 무사,https://m.place.naver.com/my/5e55f0668f87a842bc901590/review?v=2,1443,,,달달한 케이크,"일시적인 오류가 발생했습니다
커피가 맛있어요",2024년 6월 8일 토요일,1번째 방문,영수증
스타벅스 공릉역점,카페,4.44,,,hojeong37,https://m.place.naver.com/my/5efef4b9a7f1cdd89fef3f2a/review?v=2,995,,,좋아요,,2024년 7월 16일 화요일,4번째 방문,영수증
스타벅스 공릉역점,카페,4.44,,,아로파96,https://m.place.naver.com/my/5f055c9634a524e70c5b9ef9/review?v=2,586,,,좋아요,,2024년 7월 12일 금요일,43번째 방문,영수증
스타벅스 공릉역점,카페,4.44,,,일상맛집,https://m.place.naver.com/my/5cc413c2177fb7bd284db926/review?v=2,585,36.0,,트러플머쉬룸스프 맛있어서 잘 사먹어요. 이번에는 뚜껑이 꼭 닫혀있지 않아서 오는 길에 흘러서 양이 줄었어요. 그래서 양이 좀 부족했는데 스프가 맛있어서 부족함이 더 크게 느껴졌어요. 직원분들은 항상 친절하시고 좋아요.,,2024년 2월 18일 일요일,8번째 방문,영수증
스타벅스 공릉역점,카페,4.44,,,rkd****,https://m.place.naver.com/my/5d79cd838f87a842bcd7fd7b/review?v=2,86,,,"스타벅스 기프티콘이 있어서 방문했는데, 2층이 넓더라고요! 딸기수플레 치즈케이크와 블론드아메리카노 먹었는데 아주 맛있게 먹었습니다.🙂
딸기수플레치즈 케이크가 엄청 부드러워요!",,2024년 2월 24일 토요일,1번째 방문,영수증
스타벅스 공릉역점,카페,4.44,,,나대로1,https://m.place.naver.com/my/5b6626b4413ade0edfd52f29/review?v=2,2756,232.0,,"모임을 위한 눈사람바움쿠헨을 구입, 커피랑 같이 먹으니 맛있고 한포크로 4명이 먹기에 딱 적당. 식사후 디저트로 먹어서 딱 적당했어요","일시적인 오류가 발생했습니다
사진이 잘 나와요",2023년 12월 23일 토요일,18번째 방문,영수증
스타벅스 공릉역점,카페,4.44,,,chm****,https://m.place.naver.com/my/5c1913ed6069a5f5384ca791/review?v=2,1833,24.0,,좋아오,"일시적인 오류가 발생했습니다
커피가 맛있어요",2024년 7월 26일 금요일,1번째 방문,영수증
스타벅스 공릉역점,카페,4.44,,,핑크윤미,https://m.place.naver.com/my/5d2f71a37e8b908fce253397/review?v=2,529,2.0,,배달비가 무료라그런지 주문승인도오래걸리고 배달도 오래걸렸어요  음료는두만하면잔소리라 맛나요,"일시적인 오류가 발생했습니다
커피가 맛있어요",2024년 4월 6일 토요일,33번째 방문,영수증
스타벅스 공릉역점,카페,4.44,,,nene30,https://m.place.naver.com/my/5f057866532b4ce788cd9123/review?v=2,571,,,좋아요,,2024년 6월 2일 일요일,15번째 방문,영수증
스타벅스 공릉역점,카페,4.44,,,mㅇgumㅇgu,https://m.place.naver.com/my/5d9482408f87a842bc2720aa/review?v=2,725,,,,"일시적인 오류가 발생했습니다
집중하기 좋아요",2024년 6월 13일 목요일,2번째 방문,영수증
스타벅스 공릉역점,카페,4.44,,,lmj8799,https://m.place.naver.com/my/5e0172348f87a842bcc58d33/review?v=2,1488,,,좋아요,,2024년 7월 25일 목요일,19번째 방문,영수증
스타벅스 공릉역점,카페,4.44,,,day****,https://m.place.naver.com/my/5e157a708f87a842bc664085/review?v=2,764,,,마끼야또 또 먹고싶다,"일시적인 오류가 발생했습니다
커피가 맛있어요",2024년 5월 17일 금요일,1번째 방문,영수증
스타벅스 공릉역점,카페,4.44,,,nene30,https://m.place.naver.com/my/5f057866532b4ce788cd9123/review?v=2,571,,,굿,"일시적인 오류가 발생했습니다
커피가 맛있어요",2024년 5월 22일 수요일,14번째 방문,영수증
스타벅스 공릉역점,카페,4.44,,,jennifer93,https://m.place.naver.com/my/5cafd1f3ccabd540147b65b1/review?v=2,3457,,,.,,2024년 6월 22일 토요일,1번째 방문,영수증
스타벅스 공릉역점,카페,4.44,,,vivi damir,https://m.place.naver.com/my/5eca173b8f87a842bc2fbeef/review?v=2,529,29.0,,친절해요! 그리고 다른 매장보다 컵 종류가 더 있었어요~,"일시적인 오류가 발생했습니다
대화하기 좋아요",2024년 3월 19일 화요일,1번째 방문,영수증
스타벅스 공릉역점,카페,4.44,,,일상맛집,https://m.place.naver.com/my/5cc413c2177fb7bd284db926/review?v=2,585,36.0,,머쉬룸스프 맛있어요. 스프맛집이에요.,,2024년 3월 21일 목요일,9번째 방문,영수증
스타벅스 공릉역점,카페,4.44,,,누룽지에요,https://m.place.naver.com/my/628b7d470d150bd4bac3cba5/review?v=2,976,,,다녀갑니다,,2024년 6월 7일 금요일,4번째 방문,영수증
스타벅스 공릉역점,카페,4.44,,,nene30,https://m.place.naver.com/my/5f057866532b4ce788cd9123/review?v=2,571,,,굿,,2024년 6월 14일 금요일,17번째 방문,영수증
스타벅스 공릉역점,카페,4.44,,,yso****,https://m.place.naver.com/my/5c163fbf51e236bb47f72ed6/review?v=2,2762,,,좋아요,,2024년 6월 14일 금요일,13번째 방문,영수증
스타벅스 공릉역점,카페,4.44,,,nene30,https://m.place.naver.com/my/5f057866532b4ce788cd9123/review?v=2,571,,,굿,,2024년 6월 12일 수요일,16번째 방문,영수증
스타벅스 공릉역점,카페,4.44,,,yso****,https://m.place.naver.com/my/5c163fbf51e236bb47f72ed6/review?v=2,2762,,,좋아요,,2024년 6월 11일 화요일,12번째 방문,영수증
스타벅스 공릉역점,카페,4.44,,,은서공주맘,https://m.place.naver.com/my/5eb0eefa8f87a842bc9771f5/review?v=2,903,11.0,,스타벅스 커피 한잔 하고 싶다고 생각할때가 있어요 ㅋㅋ ,"일시적인 오류가 발생했습니다
커피가 맛있어요",2024년 4월 7일 일요일,2번째 방문,영수증
스타벅스 공릉역점,카페,4.44,,,핑크윤미,https://m.place.naver.com/my/5d2f71a37e8b908fce253397/review?v=2,529,2.0,,맛있어요,"일시적인 오류가 발생했습니다
커피가 맛있어요",2024년 6월 9일 일요일,36번째 방문,영수증
스타벅스 공릉역점,카페,4.44,,,lmj8799,https://m.place.naver.com/my/5e0172348f87a842bcc58d33/review?v=2,1488,,,좋아요,,2024년 7월 11일 목요일,18번째 방문,영수증
스타벅스 공릉역점,카페,4.44,,,핑크윤미,https://m.place.naver.com/my/5d2f71a37e8b908fce253397/review?v=2,529,2.0,,맛있어요 두말필요없조,"일시적인 오류가 발생했습니다
커피가 맛있어요",2024년 4월 12일 금요일,34번째 방문,영수증
스타벅스 공릉역점,카페,4.44,,,soo****,https://m.place.naver.com/my/61a8443bedc82600063f6ff9/review?v=2,289,,,가성비 좋고 분위기도 좋아요,"일시적인 오류가 발생했습니다
커피가 맛있어요",2024년 4월 6일 토요일,1번째 방문,영수증
스타벅스 공릉역점,카페,4.44,,,hos****,https://m.place.naver.com/my/6142faf6c45690000692f1e9/review?v=2,371,,,커피도 맛나고 대화하기도 좋아요,"일시적인 오류가 발생했습니다
커피가 맛있어요",2024년 4월 6일 토요일,1번째 방문,영수증
스타벅스 공릉역점,카페,4.44,,,캔디걸78,https://m.place.naver.com/my/5e271c2c8f87a842bcc8aceb/review?v=2,1423,,,,"일시적인 오류가 발생했습니다
커피가 맛있어요",2024년 5월 9일 목요일,7번째 방문,영수증
스타벅스 공릉역점,카페,4.44,,,핑크윤미,https://m.place.naver.com/my/5d2f71a37e8b908fce253397/review?v=2,529,2.0,,배달이 한시간이상이나 걸리고 다식어서 왔어요,,2024년 2월 29일 목요일,30번째 방문,영수증
스타벅스 공릉역점,카페,4.44,,,me융,https://m.place.naver.com/my/5bfcf15e6d422fd30056ac6f/review?v=2,941,,,.,,2024년 5월 20일 월요일,16번째 방문,영수증
스타벅스 공릉역점,카페,4.44,,,캔디걸78,https://m.place.naver.com/my/5e271c2c8f87a842bcc8aceb/review?v=2,1423,,,,"일시적인 오류가 발생했습니다
커피가 맛있어요",2024년 5월 3일 금요일,6번째 방문,영수증
스타벅스 공릉역점,카페,4.44,,,hasis,https://m.place.naver.com/my/5be177d418475c76c34c4944/review?v=2,1946,,,,,2024년 5월 3일 금요일,6번째 방문,영수증
스타벅스 공릉역점,카페,4.44,,,일상맛집,https://m.place.naver.com/my/5cc413c2177fb7bd284db926/review?v=2,585,36.0,,핑크폼딸기음료 마셨는데 맛있어요. 다만 이런 음료는 양이 좀 적게 느껴지는 건 어쩔 수 없는 것 같아요. 2층까지 좌석이 있어서 좋아요. ,"일시적인 오류가 발생했습니다
음료가 맛있어요",2024년 1월 10일 수요일,6번째 방문,영수증
스타벅스 공릉역점,카페,4.44,,,ly1602,https://m.place.naver.com/my/5e47f4878f87a842bc57a294/review?v=2,663,,,항상 맛있는 커피,"일시적인 오류가 발생했습니다
커피가 맛있어요",2024년 5월 28일 화요일,6번째 방문,영수증
스타벅스 공릉역점,카페,4.44,,,can****,https://m.place.naver.com/my/5e1ba57e8f87a842bcd4daed/review?v=2,1533,,,굿,,2024년 6월 30일 일요일,12번째 방문,영수증
스타벅스 공릉역점,카페,4.44,,,mo****,https://m.place.naver.com/my/5f4ba10a6c3d7f733401c7f3/review?v=2,241,,,좋아요 좋아요~ 좋아요~~,"일시적인 오류가 발생했습니다
인테리어가 멋져요",2024년 3월 25일 월요일,1번째 방문,영수증
스타벅스 공릉역점,카페,4.44,,,아로파96,https://m.place.naver.com/my/5f055c9634a524e70c5b9ef9/review?v=2,586,,,좋아요,,2024년 6월 3일 월요일,42번째 방문,영수증
스타벅스 공릉역점,카페,4.44,,,야옹이5624,https://m.place.naver.com/my/5c08791ce652205108b9cc9e/review?v=2,1324,,,..,,2024년 5월 9일 목요일,28번째 방문,영수증
스타벅스 공릉역점,카페,4.44,,,야옹이5624,https://m.place.naver.com/my/5c08791ce652205108b9cc9e/review?v=2,1324,,,직원분이 친절하세요^^,"일시적인 오류가 발생했습니다
친절해요",2024년 2월 29일 목요일,24번째 방문,영수증
스타벅스 공릉역점,카페,4.44,,,yso****,https://m.place.naver.com/my/5c163fbf51e236bb47f72ed6/review?v=2,2762,,,좋아요,,2024년 5월 22일 수요일,11번째 방문,영수증
스타벅스 공릉역점,카페,4.44,,,lmj8799,https://m.place.naver.com/my/5e0172348f87a842bcc58d33/review?v=2,1488,,,좋아요,,2024년 6월 24일 월요일,17번째 방문,영수증
스타벅스 공릉역점,카페,4.44,,,cho****,https://m.place.naver.com/my/602e3bd77ec571ebe266e31d/review?v=2,1010,5.0,,굿,,2024년 6월 10일 월요일,1번째 방문,영수증
스타벅스 공릉역점,카페,4.44,,,nene30,https://m.place.naver.com/my/5f057866532b4ce788cd9123/review?v=2,571,,,굿,,2024년 5월 15일 수요일,13번째 방문,영수증
스타벅스 공릉역점,카페,4.44,,,마이플007,https://m.place.naver.com/my/5e1bfb4e8f87a842bcac2f10/review?v=2,1598,,,좋아요 ,,2024년 5월 14일 화요일,6번째 방문,영수증
스타벅스 공릉역점,카페,4.44,,,Sk모아모아,https://m.place.naver.com/my/60d85a1e7b7bd11b6a249dd0/review?v=2,1236,1.0,,"역시
스,벅 아메리카노
원두가 부드럽고 향이 너무 좋아요","일시적인 오류가 발생했습니다
커피가 맛있어요",2024년 2월 12일 월요일,1번째 방문,영수증
스타벅스 공릉역점,카페,4.44,,,아로파96,https://m.place.naver.com/my/5f055c9634a524e70c5b9ef9/review?v=2,586,,,좋아요,,2024년 5월 19일 일요일,41번째 방문,영수증
스타벅스 공릉역점,카페,4.44,,,커피에빠진레몬,https://m.place.naver.com/my/5dea63379ec8258e4acb59a1/review?v=2,151,,,"2층에 테이블이랑 자리 많아요
컨디먼트 바는 1층에만 있어여

화장실은 2층에 있어요",,2024년 2월 20일 화요일,2번째 방문,영수증
스타벅스 공릉역점,카페,4.44,,,에이미다람,https://m.place.naver.com/my/5c1df7f23c851b68898a7a41/review?v=2,763,27.0,,커피가 늘 뜨겁게 나와 좋아요,,2024년 2월 17일 토요일,6번째 방문,영수증
스타벅스 공릉역점,카페,4.44,,,Luisa31,https://m.place.naver.com/my/5c1eee335a1f67045ad1f64b/review?v=2,1067,11.0,,🍓🍧🍦🥤☕️딸기라떼 맛있어요💕,"일시적인 오류가 발생했습니다
커피가 맛있어요",2024년 3월 10일 일요일,1번째 방문,영수증
스타벅스 공릉역점,카페,4.44,,,이미스,https://m.place.naver.com/my/5c2b3d3a0c63a39ba287eef2/review?v=2,749,,,"샌드위치 맛나요
","일시적인 오류가 발생했습니다
커피가 맛있어요",2024년 4월 17일 수요일,43번째 방문,영수증
스타벅스 공릉역점,카페,4.44,,,MoonMoon62,https://m.place.naver.com/my/5e5f7e8a8f87a842bc6ed861/review?v=2,1400,,,생크림 카스텔라 맛있어요 근데 좀 늦으면 솔드아웃일때가 많아요,,2024년 3월 8일 금요일,33번째 방문,영수증
스타벅스 공릉역점,카페,4.44,,,yso****,https://m.place.naver.com/my/5c163fbf51e236bb47f72ed6/review?v=2,2762,,,좋아요,,2024년 5월 8일 수요일,10번째 방문,영수증
스타벅스 공릉역점,카페,4.44,,,Mistery J,https://m.place.naver.com/my/5d2134f65b4e7e39f6b715ab/review?v=2,306,4.0,,케잌이 맛있어요!^^,"일시적인 오류가 발생했습니다
커피가 맛있어요",2024년 1월 24일 수요일,1번째 방문,영수증
스타벅스 공릉역점,카페,4.44,,,에델,https://m.place.naver.com/my/5be2837591f637ac485b3277/review?v=2,1440,,,굿,,2024년 5월 7일 화요일,23번째 방문,영수증
스타벅스 공릉역점,카페,4.44,,,행복바이러스1202,https://m.place.naver.com/my/5b9e41fb070a394df0cc8052/review?v=2,1666,,,커피 맛있어요,,2024년 4월 17일 수요일,1번째 방문,영수증
스타벅스 공릉역점,카페,4.44,,,올싱아이즈19,https://m.place.naver.com/my/5bc00ee6367ebf9be7b9ea73/review?v=2,1182,,,시원하고 2층도 있어서 넓고 좋아요,"일시적인 오류가 발생했습니다
커피가 맛있어요",2024년 4월 28일 일요일,1번째 방문,영수증
스타벅스 공릉역점,카페,4.44,,,can****,https://m.place.naver.com/my/5e1ba57e8f87a842bcd4daed/review?v=2,1533,,,굿,,2024년 6월 6일 목요일,11번째 방문,영수증
스타벅스 공릉역점,카페,4.44,,,sooki2247,https://m.place.naver.com/my/5e889c838f87a842bcc3462c/review?v=2,1998,103.0,,"2층 매장이 넓어요.
주말엔 가족단위 손님들이 많아요.
좋아요","일시적인 오류가 발생했습니다
커피가 맛있어요",2024년 2월 17일 토요일,3번째 방문,영수증
스타벅스 공릉역점,카페,4.44,,,해피바이러스0903,https://m.place.naver.com/my/5eacf1528f87a842bcfc1975/review?v=2,2643,49.0,,"점심후 혼자만의일상
디카아메 좋아요
공릉 편합니다","일시적인 오류가 발생했습니다
커피가 맛있어요",2023년 11월 15일 수요일,7번째 방문,영수증
스타벅스 공릉역점,카페,4.44,,,푸릇푸릇푸릇,https://m.place.naver.com/my/5d27f33243fa7a8b4c14a319/review?v=2,288,2.0,,달달구리 맛집,"일시적인 오류가 발생했습니다
커피가 맛있어요",2024년 7월 8일 월요일,5번째 방문,영수증
스타벅스 공릉역점,카페,4.44,,,일상맛집,https://m.place.naver.com/my/5cc413c2177fb7bd284db926/review?v=2,585,36.0,,맛있어요. 좋아요.,,2024년 1월 31일 수요일,7번째 방문,영수증
스타벅스 공릉역점,카페,4.44,,,향기로운 채움,https://m.place.naver.com/my/605d8e91b17852528f300769/review?v=2,2293,1.0,,좋아요,,2024년 7월 21일 일요일,59번째 방문,영수증
스타벅스 공릉역점,카페,4.44,,,yhjh,https://m.place.naver.com/my/5d529b8943ace5441b1fea50/review?v=2,522,,,슈크림바움쿠헨과 티라미수로 당충전했어요.,,2024년 2월 11일 일요일,5번째 방문,영수증
스타벅스 공릉역점,카페,4.44,,,에델,https://m.place.naver.com/my/5be2837591f637ac485b3277/review?v=2,1440,,,굿,,2024년 4월 29일 월요일,22번째 방문,영수증
스타벅스 공릉역점,카페,4.44,,,룩바,https://m.place.naver.com/my/5ba1d29d741828e1ffe149de/review?v=2,535,,,맛있어요 ,,2024년 4월 25일 목요일,15번째 방문,영수증
스타벅스 공릉역점,카페,4.44,,,숲길을 걷는0420,https://m.place.naver.com/my/60b9c42e356fc178dca81351/review?v=2,146,,,친구들과 모임으로 만나면 2층으로 올라가는데 오랜시간 있어도 되고 대화하기 좋은 분위기입니다,,2024년 3월 14일 목요일,1번째 방문,영수증
스타벅스 공릉역점,카페,4.44,,,choss3869,https://m.place.naver.com/my/5fa3ed15b79fa8a558a04cab/review?v=2,1366,,,ᆢ,,2024년 4월 19일 금요일,3번째 방문,영수증
스타벅스 공릉역점,카페,4.44,,,핑크윤미,https://m.place.naver.com/my/5d2f71a37e8b908fce253397/review?v=2,529,2.0,,맛있어요   배달비 할인개꿀,"일시적인 오류가 발생했습니다
커피가 맛있어요",2024년 1월 27일 토요일,25번째 방문,영수증
스타벅스 공릉역점,카페,4.44,,,RYU870,https://m.place.naver.com/my/5d99e9448f87a842bc0406c9/review?v=2,205,,,핫도그 너무 맛있어요!!!소시지가 진짜 오독하는 그런 소세지여서 아주 감동이였어요 추천!!,"일시적인 오류가 발생했습니다
매장이 청결해요",2024년 1월 31일 수요일,3번째 방문,영수증
스타벅스 공릉역점,카페,4.44,,,흥행술사,https://m.place.naver.com/my/5d9d90538f87a842bc4f1cbc/review?v=2,1113,44.0,,아들이 좋아해요^^,,2024년 2월 13일 화요일,2번째 방문,영수증
스타벅스 공릉역점,카페,4.44,,,하늘 미소,https://m.place.naver.com/my/5f05adf782d9f26c95ef3754/review?v=2,1064,,,굳,,2024년 5월 11일 토요일,1번째 방문,영수증
스타벅스 공릉역점,카페,4.44,,,olhj121307,https://m.place.naver.com/my/5b8e698449a4c8b80f47f6bd/review?v=2,280,,,좋아요,"일시적인 오류가 발생했습니다
커피가 맛있어요",2024년 5월 11일 토요일,1번째 방문,영수증
스타벅스 공릉역점,카페,4.44,,,라미6491,https://m.place.naver.com/my/5e102bce8f87a842bc885413/review?v=2,543,,,좋아요,"일시적인 오류가 발생했습니다
커피가 맛있어요",2024년 6월 13일 목요일,1번째 방문,영수증
스타벅스 공릉역점,카페,4.44,,,MoonMoon62,https://m.place.naver.com/my/5e5f7e8a8f87a842bc6ed861/review?v=2,1400,,,라떼 맛있어요~,,2024년 1월 17일 수요일,31번째 방문,영수증
스타벅스 공릉역점,카페,4.44,,,MoonMoon62,https://m.place.naver.com/my/5e5f7e8a8f87a842bc6ed861/review?v=2,1400,,,"원하던 케잌이 솔드아웃.,자주 그러네요ㅜ",,2024년 2월 12일 월요일,32번째 방문,영수증
스타벅스 공릉역점,카페,4.44,,,du****,https://m.place.naver.com/my/5d3aca317439572e82f9a4c0/review?v=2,1333,,,.,,2024년 5월 19일 일요일,1번째 방문,영수증
스타벅스 공릉역점,카페,4.44,,,hojeong37,https://m.place.naver.com/my/5efef4b9a7f1cdd89fef3f2a/review?v=2,995,,,좋아요,,2024년 4월 22일 월요일,3번째 방문,영수증
스타벅스 공릉역점,카페,4.44,,,한울타리29,https://m.place.naver.com/my/5f329fed9ec8258e4a8b8737/review?v=2,1463,,,"아메리카노에 우유추가
베이글까지
식사후 디저트로 딱입니다
개인 텀블러까지 챙기면 환경도 좋고 별도 적립하고
일석이조 ..그래서 별다방 자주 이용합니다",,2024년 4월 15일 월요일,16번째 방문,영수증
스타벅스 공릉역점,카페,4.44,,,can****,https://m.place.naver.com/my/5e1ba57e8f87a842bcd4daed/review?v=2,1533,,,굿,,2024년 5월 12일 일요일,10번째 방문,영수증
스타벅스 공릉역점,카페,4.44,,,똘군9094,https://m.place.naver.com/my/5fcf54def7ff071f459a0a4c/review?v=2,931,6.0,,좋아요,,2024년 4월 14일 일요일,4번째 방문,영수증
스타벅스 공릉역점,카페,4.44,,,야옹이5624,https://m.place.naver.com/my/5c08791ce652205108b9cc9e/review?v=2,1324,,,맛있어요^^직원분도 친절하세요^^,"일시적인 오류가 발생했습니다
음료가 맛있어요",2024년 1월 11일 목요일,21번째 방문,영수증
스타벅스 공릉역점,카페,4.44,,,can****,https://m.place.naver.com/my/5e1ba57e8f87a842bcd4daed/review?v=2,1533,,,굿,,2024년 5월 6일 월요일,9번째 방문,영수증
스타벅스 공릉역점,카페,4.44,,,yso****,https://m.place.naver.com/my/5c163fbf51e236bb47f72ed6/review?v=2,2762,,,좋아요,,2024년 4월 2일 화요일,9번째 방문,영수증
스타벅스 공릉역점,카페,4.44,,,똘군9094,https://m.place.naver.com/my/5fcf54def7ff071f459a0a4c/review?v=2,931,6.0,,좋아요,,2024년 4월 13일 토요일,3번째 방문,영수증
스타벅스 공릉역점,카페,4.44,,,꽃길도비,https://m.place.naver.com/my/5d29382072e4b10ca3f86add/review?v=2,715,,,좋아여,"일시적인 오류가 발생했습니다
커피가 맛있어요",2024년 7월 8일 월요일,10번째 방문,영수증
스타벅스 공릉역점,카페,4.44,,,아로파96,https://m.place.naver.com/my/5f055c9634a524e70c5b9ef9/review?v=2,586,,,좋아요,,2024년 4월 9일 화요일,40번째 방문,영수증
스타벅스 공릉역점,카페,4.44,,,joo****,https://m.place.naver.com/my/5ca0a8de5cbd09e18b4a9bc9/review?v=2,1089,,,좋아요,,2024년 5월 25일 토요일,1번째 방문,영수증
스타벅스 공릉역점,카페,4.44,,,강유499,https://m.place.naver.com/my/5f2e4ac99ec8258e4a661c2b/review?v=2,667,3.0,,별다방 최고,,2024년 3월 24일 일요일,1번째 방문,영수증
스타벅스 공릉역점,카페,4.44,,,아로파96,https://m.place.naver.com/my/5f055c9634a524e70c5b9ef9/review?v=2,586,,,좋아요,,2024년 4월 7일 일요일,39번째 방문,영수증
스타벅스 공릉역점,카페,4.44,,,공책대장,https://m.place.naver.com/my/5d49386f8f87a842bc1b279a/review?v=2,477,6.0,,🥤🥤🥤,"일시적인 오류가 발생했습니다
매장이 넓어요",2024년 2월 28일 수요일,1번째 방문,영수증
스타벅스 공릉역점,카페,4.44,,,잇츠포,https://m.place.naver.com/my/5ee7f6728f87a842bce09850/review?v=2,782,,,자주 이용하는 곳입니다,,2024년 6월 21일 금요일,1번째 방문,영수증
스타벅스 공릉역점,카페,4.44,,,핑크윤미,https://m.place.naver.com/my/5d2f71a37e8b908fce253397/review?v=2,529,2.0,,맛있는 스벅입니다,"일시적인 오류가 발생했습니다
커피가 맛있어요",2024년 2월 1일 목요일,27번째 방문,영수증
스타벅스 공릉역점,카페,4.44,,,pink1000,https://m.place.naver.com/my/5d2c75776196e20c8fe650e3/review?v=2,336,,,맛있어요 스타벅스,"일시적인 오류가 발생했습니다
커피가 맛있어요",2024년 2월 18일 일요일,2번째 방문,영수증
스타벅스 공릉역점,카페,4.44,,,마이플007,https://m.place.naver.com/my/5e1bfb4e8f87a842bcac2f10/review?v=2,1598,,,좋아요 ,,2024년 3월 28일 목요일,5번째 방문,영수증
스타벅스 공릉역점,카페,4.44,,,에델,https://m.place.naver.com/my/5be2837591f637ac485b3277/review?v=2,1440,,,굿,"일시적인 오류가 발생했습니다
커피가 맛있어요",2024년 4월 1일 월요일,21번째 방문,영수증
스타벅스 공릉역점,카페,4.44,,,핑크윤미,https://m.place.naver.com/my/5d2f71a37e8b908fce253397/review?v=2,529,2.0,,맛있어요,"일시적인 오류가 발생했습니다
커피가 맛있어요",2024년 3월 27일 수요일,32번째 방문,영수증
스타벅스 공릉역점,카페,4.44,,,핑크윤미,https://m.place.naver.com/my/5d2f71a37e8b908fce253397/review?v=2,529,2.0,,언제나 맛있어요,,2024년 1월 31일 수요일,26번째 방문,영수증
스타벅스 공릉역점,카페,4.44,,,핑크윤미,https://m.place.naver.com/my/5d2f71a37e8b908fce253397/review?v=2,529,2.0,,배달 한시간걸렸네요 날이추워서그런지  따뜻한음료도 식어서오구   오늘은별로네요흠,"일시적인 오류가 발생했습니다
커피가 맛있어요",2023년 12월 29일 금요일,22번째 방문,영수증
스타벅스 공릉역점,카페,4.44,,,핑크윤미,https://m.place.naver.com/my/5d2f71a37e8b908fce253397/review?v=2,529,2.0,,배달이 빨리왔어요 배달비 할인쿠폰까지 좋아요,"일시적인 오류가 발생했습니다
커피가 맛있어요",2023년 12월 28일 목요일,21번째 방문,영수증
스타벅스 공릉역점,카페,4.44,,,꽃길도비,https://m.place.naver.com/my/5d29382072e4b10ca3f86add/review?v=2,715,,,좋아요,"일시적인 오류가 발생했습니다
커피가 맛있어요",2024년 7월 2일 화요일,9번째 방문,영수증
스타벅스 공릉역점,카페,4.44,,,이미스,https://m.place.naver.com/my/5c2b3d3a0c63a39ba287eef2/review?v=2,749,,,신메뉴 맛있엉ㅅ,,2024년 3월 2일 토요일,41번째 방문,영수증
스타벅스 공릉역점,카페,4.44,,,동동걸792,https://m.place.naver.com/my/6194c34965f0712f20fdad4e/review?v=2,1402,,,좋아요,"일시적인 오류가 발생했습니다
친절해요",2024년 5월 19일 일요일,1번째 방문,영수증
스타벅스 공릉역점,카페,4.44,,,싸나이초이,https://m.place.naver.com/my/5cd672ed4a54e112355f21b0/review?v=2,1228,,,"친절해요 
😊 ",,2024년 3월 24일 일요일,1번째 방문,영수증
스타벅스 공릉역점,카페,4.44,,,dlgidal8223,https://m.place.naver.com/my/5ee487cb8f87a842bca8a920/review?v=2,406,,,굿굿 맛있어요 ,"일시적인 오류가 발생했습니다
커피가 맛있어요",2024년 5월 2일 목요일,3번째 방문,영수증
스타벅스 공릉역점,카페,4.44,,,마할랄렐 쾌온,https://m.place.naver.com/my/5ec0b9cf8f87a842bc0ac96c/review?v=2,405,12.0,,"음료가 맛있어요.
매장이 넓어요.","일시적인 오류가 발생했습니다
음료가 맛있어요",2024년 4월 21일 일요일,8번째 방문,영수증
스타벅스 공릉역점,카페,4.44,,,야옹이5624,https://m.place.naver.com/my/5c08791ce652205108b9cc9e/review?v=2,1324,,,음료도 맛있고 직원분이 친절하세요^^,"일시적인 오류가 발생했습니다
음료가 맛있어요",2023년 11월 30일 목요일,17번째 방문,영수증
스타벅스 공릉역점,카페,4.44,,,핑크윤미,https://m.place.naver.com/my/5d2f71a37e8b908fce253397/review?v=2,529,2.0,,딸기라떼   맛있고 두유라때 맛있어요 ,"일시적인 오류가 발생했습니다
커피가 맛있어요",2023년 11월 30일 목요일,16번째 방문,영수증
스타벅스 공릉역점,카페,4.44,,,돗따,https://m.place.naver.com/my/656ad37f73736e3dcf920a94/review?v=2,33,,,"항상 들르는 스벅입니다
직원분들 친절하고 커피도 맛있어요","일시적인 오류가 발생했습니다
커피가 맛있어요",2023년 12월 15일 금요일,1번째 방문,영수증
스타벅스 공릉역점,카페,4.44,,,안선옥7688,https://m.place.naver.com/my/5f69741d6c3d7f7334a52b50/review?v=2,320,,,"깨끗하고 직원들이 친절했어요ㆍ
","일시적인 오류가 발생했습니다
커피가 맛있어요",2024년 2월 18일 일요일,1번째 방문,영수증
스타벅스 공릉역점,카페,4.44,,,핑크윤미,https://m.place.naver.com/my/5d2f71a37e8b908fce253397/review?v=2,529,2.0,,존맛이에요,"일시적인 오류가 발생했습니다
커피가 맛있어요",2024년 3월 16일 토요일,31번째 방문,영수증
스타벅스 공릉역점,카페,4.44,,,J나,https://m.place.naver.com/my/5cf87ab1c9dcf21ecc9bfc89/review?v=2,2706,,,굿,,2024년 3월 27일 수요일,3번째 방문,영수증
스타벅스 공릉역점,카페,4.44,,,라쿤납치범,https://m.place.naver.com/my/63845d39e0576700065e4cb9/review?v=2,213,,,스타벅스 좋아요,"일시적인 오류가 발생했습니다
매장이 넓어요",2024년 3월 15일 금요일,1번째 방문,영수증
스타벅스 공릉역점,카페,4.44,,,나대로1,https://m.place.naver.com/my/5b6626b4413ade0edfd52f29/review?v=2,2756,232.0,,출근 전 커피를 텀블러에 담아서 출발!! 카페인만땅으로 힘내자!!,"일시적인 오류가 발생했습니다
특별한 메뉴가 있어요",2023년 11월 15일 수요일,17번째 방문,영수증
스타벅스 공릉역점,카페,4.44,,,슈퍼스타킴,https://m.place.naver.com/my/5f04487dee4be03dee267424/review?v=2,1065,,,굿~ 👍 ,,2024년 5월 9일 목요일,1번째 방문,영수증
스타벅스 공릉역점,카페,4.44,,,우리의우주,https://m.place.naver.com/my/5b9bf9fcb1cb0cd645d56493/review?v=2,1567,160.0,,근처에 약속이 있어서 방문했어요^^,"일시적인 오류가 발생했습니다
음료가 맛있어요",2023년 12월 15일 금요일,1번째 방문,영수증
스타벅스 공릉역점,카페,4.44,,,커피에빠진레몬,https://m.place.naver.com/my/5dea63379ec8258e4acb59a1/review?v=2,151,,,"2층 넓고 깨끗해요
테이블 많아요
화장실에서 뜨거운 물 콸콸 나와요","일시적인 오류가 발생했습니다
커피가 맛있어요",2024년 1월 11일 목요일,1번째 방문,영수증
스타벅스 공릉역점,카페,4.44,,,핑크윤미,https://m.place.naver.com/my/5d2f71a37e8b908fce253397/review?v=2,529,2.0,,커피맛집  ,,2024년 2월 28일 수요일,29번째 방문,영수증
스타벅스 공릉역점,카페,4.44,,,한울타리29,https://m.place.naver.com/my/5f329fed9ec8258e4a8b8737/review?v=2,1463,,,넓어서 자주가는 카페입니다,"일시적인 오류가 발생했습니다
대화하기 좋아요",2024년 6월 10일 월요일,20번째 방문,영수증
스타벅스 공릉역점,카페,4.44,,,라드모찌,https://m.place.naver.com/my/5efde2bab4dd01caff09a51c/review?v=2,229,29.0,,커피가 맛있어요,,2024년 4월 11일 목요일,6번째 방문,영수증
스타벅스 공릉역점,카페,4.44,,,아로파96,https://m.place.naver.com/my/5f055c9634a524e70c5b9ef9/review?v=2,586,,,좋아요,,2024년 3월 20일 수요일,38번째 방문,영수증
스타벅스 공릉역점,카페,4.44,,,핑크윤미,https://m.place.naver.com/my/5d2f71a37e8b908fce253397/review?v=2,529,2.0,,딸기라떼는  클레식시럽없이 먹는게 더 맛있어요  인위적인맛이없어서 좋아요,"일시적인 오류가 발생했습니다
커피가 맛있어요",2023년 11월 28일 화요일,15번째 방문,영수증
스타벅스 공릉역점,카페,4.44,,,dideon2,https://m.place.naver.com/my/5efe024224363d3a46ab18e9/review?v=2,1843,,,.,,2024년 4월 16일 화요일,1번째 방문,영수증
스타벅스 공릉역점,카페,4.44,,,asi****,https://m.place.naver.com/my/5b8c9ccdae378290eba01c7f/review?v=2,55,,,"스벅커피 맛있어요
아이가 먹을께 많아서 좋아요","일시적인 오류가 발생했습니다
커피가 맛있어요",2024년 2월 10일 토요일,1번째 방문,영수증
스타벅스 공릉역점,카페,4.44,,,아로파96,https://m.place.naver.com/my/5f055c9634a524e70c5b9ef9/review?v=2,586,,,좋아요,,2024년 3월 17일 일요일,37번째 방문,영수증
스타벅스 공릉역점,카페,4.44,,,배추밭에찾아온흰나비,https://m.place.naver.com/my/5bc2311457976f91fc67df75/review?v=2,118,,,딸기라떼라구~~아가가 너무 반해버린 메뉴거 있거든요!!,"일시적인 오류가 발생했습니다
음료가 맛있어요",2023년 12월 10일 일요일,1번째 방문,영수증
스타벅스 공릉역점,카페,4.44,,,아로파96,https://m.place.naver.com/my/5f055c9634a524e70c5b9ef9/review?v=2,586,,,좋아요,,2024년 3월 14일 목요일,36번째 방문,영수증
스타벅스 공릉역점,카페,4.44,,,나대로1,https://m.place.naver.com/my/5b6626b4413ade0edfd52f29/review?v=2,2756,232.0,,사이렌오더+ 선물받은 기프티콘+ kt멘버쉽할인으로 2300원으로 그란데 디카페인돌체라떼를 겟!! ,"일시적인 오류가 발생했습니다
커피가 맛있어요",2023년 11월 1일 수요일,15번째 방문,영수증
스타벅스 공릉역점,카페,4.44,,,df****,https://m.place.naver.com/my/60f3c59803d2df5c3b45df09/review?v=2,744,,,좋아요,"일시적인 오류가 발생했습니다
대화하기 좋아요",2024년 3월 26일 화요일,5번째 방문,영수증
스타벅스 공릉역점,카페,4.44,,,아로파96,https://m.place.naver.com/my/5f055c9634a524e70c5b9ef9/review?v=2,586,,,좋아요,,2024년 3월 12일 화요일,35번째 방문,영수증
스타벅스 공릉역점,카페,4.44,,,핑크윤미,https://m.place.naver.com/my/5d2f71a37e8b908fce253397/review?v=2,529,2.0,,배달좋구  음료 맛있어요,"일시적인 오류가 발생했습니다
커피가 맛있어요",2023년 12월 10일 일요일,18번째 방문,영수증
스타벅스 공릉역점,카페,4.44,,,아로파96,https://m.place.naver.com/my/5f055c9634a524e70c5b9ef9/review?v=2,586,,,좋아요,,2024년 3월 11일 월요일,34번째 방문,영수증
스타벅스 공릉역점,카페,4.44,,,아로파96,https://m.place.naver.com/my/5f055c9634a524e70c5b9ef9/review?v=2,586,,,좋아요,,2024년 3월 10일 일요일,33번째 방문,영수증
스타벅스 공릉역점,카페,4.44,,,aprilqeen,https://m.place.naver.com/my/5d01a630b42deb542d25b68b/review?v=2,840,,,직원분 친절하세요,"일시적인 오류가 발생했습니다
커피가 맛있어요",2024년 7월 2일 화요일,5번째 방문,영수증
스타벅스 공릉역점,카페,4.44,,,emq****,https://m.place.naver.com/my/5efdf69397c2663e93478e22/review?v=2,93,,,시원해요,"일시적인 오류가 발생했습니다
음료가 맛있어요",2024년 4월 27일 토요일,1번째 방문,영수증
스타벅스 공릉역점,카페,4.44,,,지니19772,https://m.place.naver.com/my/5ca080a3e545c5fb264f81a8/review?v=2,1193,25.0,,굿,,2024년 6월 5일 수요일,11번째 방문,영수증
스타벅스 공릉역점,카페,4.44,,,pink1000,https://m.place.naver.com/my/5d2c75776196e20c8fe650e3/review?v=2,336,,,커피 맛있어,"일시적인 오류가 발생했습니다
커피가 맛있어요",2024년 3월 10일 일요일,3번째 방문,영수증
스타벅스 공릉역점,카페,4.44,,,이미스,https://m.place.naver.com/my/5c2b3d3a0c63a39ba287eef2/review?v=2,749,,,신상케잌 맛나요,,2024년 2월 5일 월요일,39번째 방문,영수증
스타벅스 공릉역점,카페,4.44,,,이미스,https://m.place.naver.com/my/5c2b3d3a0c63a39ba287eef2/review?v=2,749,,,커피맛집,,2024년 3월 17일 일요일,42번째 방문,영수증
스타벅스 공릉역점,카페,4.44,,,choss3869,https://m.place.naver.com/my/5fa3ed15b79fa8a558a04cab/review?v=2,1366,,,ᆢ,,2024년 2월 25일 일요일,2번째 방문,영수증
스타벅스 공릉역점,카페,4.44,,,MoonMoon62,https://m.place.naver.com/my/5e5f7e8a8f87a842bc6ed861/review?v=2,1400,,,좋아요,,2024년 3월 13일 수요일,34번째 방문,영수증
스타벅스 공릉역점,카페,4.44,,,mh95081597,https://m.place.naver.com/my/5fd0fc89d0835b6539f9ad07/review?v=2,528,,,굿,,2024년 6월 11일 화요일,1번째 방문,영수증
스타벅스 공릉역점,카페,4.44,,,설애너지,https://m.place.naver.com/my/5e3a7a518f87a842bc26d9ca/review?v=2,1861,48.0,,굿,"일시적인 오류가 발생했습니다
인테리어가 멋져요",2024년 3월 19일 화요일,1번째 방문,영수증
스타벅스 공릉역점,카페,4.44,,,yuk****,https://m.place.naver.com/my/5cd04fdc9f1ae10fb7e4ad84/review?v=2,316,,,케잌이랑 푸딩 맛있어요❤,"일시적인 오류가 발생했습니다
커피가 맛있어요",2024년 1월 17일 수요일,3번째 방문,영수증
스타벅스 공릉역점,카페,4.44,,,나도야36,https://m.place.naver.com/my/5f043fd3e9d94998c6cc8658/review?v=2,1382,,,굿,,2024년 4월 21일 일요일,1번째 방문,영수증
스타벅스 공릉역점,카페,4.44,,,캔디걸78,https://m.place.naver.com/my/5e271c2c8f87a842bcc8aceb/review?v=2,1423,,,,"일시적인 오류가 발생했습니다
커피가 맛있어요",2024년 1월 28일 일요일,5번째 방문,영수증
스타벅스 공릉역점,카페,4.44,,,한울타리29,https://m.place.naver.com/my/5f329fed9ec8258e4a8b8737/review?v=2,1463,,,"텀블러를 각자 준비하고
아메리카노에 우유조금 자몽 허니 블랙티는 어르신
점심먹고 디저트로 커피마시며 담소 나누기 좋은 장소입니다. 직원들도 친절하며 밝은 표정으로 대해줘서 기분 좋습니다",,2024년 3월 21일 목요일,14번째 방문,영수증
스타벅스 공릉역점,카페,4.44,,,jn****,https://m.place.naver.com/my/632ea6607b4dd700065047da/review?v=2,273,,,.,,2024년 6월 22일 토요일,1번째 방문,영수증
스타벅스 공릉역점,카페,4.44,,,아로파96,https://m.place.naver.com/my/5f055c9634a524e70c5b9ef9/review?v=2,586,,,좋아요,,2024년 3월 2일 토요일,32번째 방문,영수증
스타벅스 공릉역점,카페,4.44,,,아이슬32,https://m.place.naver.com/my/5bbb907c49668c3f0d5f537f/review?v=2,214,18.0,,"미키딜라이트 콜드브루 귀욤하네요
귀가 살짝 찌그러졌지만 
아침부터 기부니가 좋아요","일시적인 오류가 발생했습니다
커피가 맛있어요",2023년 9월 17일 일요일,2번째 방문,영수증
스타벅스 공릉역점,카페,4.44,,,aig****,https://m.place.naver.com/my/5f04c84d92c132301ca07306/review?v=2,258,,,좋아요,,2024년 3월 25일 월요일,17번째 방문,영수증
스타벅스 공릉역점,카페,4.44,,,한울타리29,https://m.place.naver.com/my/5f329fed9ec8258e4a8b8737/review?v=2,1463,,,친절한 직원 덕으로 편하고 쉽게 주문완료 했습니다,"일시적인 오류가 발생했습니다
커피가 맛있어요",2024년 5월 28일 화요일,19번째 방문,영수증
스타벅스 공릉역점,카페,4.44,,,00000025,https://m.place.naver.com/my/60b389efea16f27bf3d06b27/review?v=2,2044,,,친절,,2024년 4월 15일 월요일,1번째 방문,영수증
스타벅스 공릉역점,카페,4.44,,,케루맘,https://m.place.naver.com/my/5ec250498f87a842bc1fa8bf/review?v=2,324,1.0,,"맛있어요!
약간의 문제가생겼지만 초고속으로 처리해줘요.. 역시 스벅^^","일시적인 오류가 발생했습니다
음료가 맛있어요",2023년 10월 24일 화요일,4번째 방문,영수증
스타벅스 공릉역점,카페,4.44,,,축복사랑이맘,https://m.place.naver.com/my/5c728d2682dfd1518fb1ac68/review?v=2,280,,,"공릉역 4번출구 5분 컷이네요 ㅎㅎ
2충까지 있어요","일시적인 오류가 발생했습니다
커피가 맛있어요",2023년 11월 21일 화요일,1번째 방문,영수증
스타벅스 공릉역점,카페,4.44,,,can****,https://m.place.naver.com/my/5e1ba57e8f87a842bcd4daed/review?v=2,1533,,,굿,,2024년 3월 23일 토요일,8번째 방문,영수증
스타벅스 공릉역점,카페,4.44,,,sakuranbo42,https://m.place.naver.com/my/5fcefcaac87339315797815c/review?v=2,1055,33.0,,"디저트가 의외로 많이 달지 않았어요 !!!
커피랑 함께 먹기 좋아요","일시적인 오류가 발생했습니다
커피가 맛있어요",2023년 12월 18일 월요일,2번째 방문,영수증
스타벅스 공릉역점,카페,4.44,,,에이미다람,https://m.place.naver.com/my/5c1df7f23c851b68898a7a41/review?v=2,763,27.0,,짜장면 먹고와서 커피한잔 맛있네요,,2023년 10월 28일 토요일,5번째 방문,영수증
스타벅스 공릉역점,카페,4.44,,,kj****,https://m.place.naver.com/my/5dadbd3e8f87a842bc180828/review?v=2,97,,,"넓고 사진이 잘나오네요
근데 차맛은 그때그때 다르네요 ㅜㅜ
오늘은 다 싱거운 맛
",,2023년 11월 16일 목요일,1번째 방문,영수증
스타벅스 공릉역점,카페,4.44,,,libertyas,https://m.place.naver.com/my/5d6a81738f87a842bc196d13/review?v=2,1404,4.0,,좋아요.,,2024년 3월 20일 수요일,7번째 방문,영수증
스타벅스 공릉역점,카페,4.44,,,kyr****,https://m.place.naver.com/my/612e1bdd73867e1d1b637670/review?v=2,1088,1.0,,친절하세요 ,,2024년 3월 30일 토요일,4번째 방문,영수증
스타벅스 공릉역점,카페,4.44,,,노랑제비,https://m.place.naver.com/my/607a6c0fcd6f40254b319905/review?v=2,980,,,좋아요,"일시적인 오류가 발생했습니다
커피가 맛있어요",2024년 4월 10일 수요일,1번째 방문,영수증
스타벅스 공릉역점,카페,4.44,,,그리미54,https://m.place.naver.com/my/5f0441a57681c6a89256a23f/review?v=2,39,,,"2층으로 올라가니, 넓고 깨끗산 내부가 있네요.
창밖을 보며 책읽었네요","일시적인 오류가 발생했습니다
디저트가 맛있어요",2024년 1월 18일 목요일,1번째 방문,영수증
스타벅스 공릉역점,카페,4.44,,,kyr****,https://m.place.naver.com/my/612e1bdd73867e1d1b637670/review?v=2,1088,1.0,,좋아요 ,,2024년 3월 29일 금요일,3번째 방문,영수증
스타벅스 공릉역점,카페,4.44,,,긍정의 여자,https://m.place.naver.com/my/5db4dacd8f87a842bc6632d8/review?v=2,1460,,,굿,,2024년 3월 14일 목요일,1번째 방문,영수증
스타벅스 공릉역점,카페,4.44,,,눙눙5671,https://m.place.naver.com/my/5ed275da8f87a842bce13d79/review?v=2,802,,,.,,2024년 3월 20일 수요일,1번째 방문,영수증
스타벅스 공릉역점,카페,4.44,,,일상맛집,https://m.place.naver.com/my/5cc413c2177fb7bd284db926/review?v=2,585,36.0,,"직원분 정말정말 친절하시고 음식퀄리티는 당연히 보장되어 좋아요. 지하철역이랑 버스정류장에서 가까워서 더 좋아요.
바질치즈포카치아랑 머쉬룸스프 데워달라고 하면 데워주시는데 둘이 같이 먹으니까 너무 맛있어요. 머쉬룸스프에 바질치즈포카치아 찍어먹으니까 조합이 너무 좋아요. 스프만 먹어도 든든한데 포카치아랑 먹으니 한 끼 식사로 아주아주 든든하게 먹을 수 있어서 더 좋아요.",,2023년 8월 12일 토요일,5번째 방문,영수증
스타벅스 공릉역점,카페,4.44,,,dltpwls21791,https://m.place.naver.com/my/5cd2b1f29df1ff72cee72745/review?v=2,745,,,굿,,2024년 3월 26일 화요일,2번째 방문,영수증
스타벅스 공릉역점,카페,4.44,,,사랑비88,https://m.place.naver.com/my/5c8121721cc18ee59755a329/review?v=2,2153,,,.,,2024년 2월 5일 월요일,10번째 방문,영수증
스타벅스 공릉역점,카페,4.44,,,핑크윤미,https://m.place.naver.com/my/5d2f71a37e8b908fce253397/review?v=2,529,2.0,,커피 맛있고배달빠른데   토스트는 가격대비 사이즈가 미니네요,"일시적인 오류가 발생했습니다
커피가 맛있어요",2023년 10월 22일 일요일,9번째 방문,영수증
스타벅스 공릉역점,카페,4.44,,,뭐라카노93,https://m.place.naver.com/my/5dca46f98f87a842bce9077c/review?v=2,88,,,"프리퀀시 다이어리 수령 
못하고 취소되어서
다시 재방문해서 받았어요`°!
24년도 잘 쓰겠습니다",,2023년 12월 25일 월요일,3번째 방문,영수증
스타벅스 공릉역점,카페,4.44,,,핑크윤미,https://m.place.naver.com/my/5d2f71a37e8b908fce253397/review?v=2,529,2.0,,믿고먹는  스벅 참좋아요,"일시적인 오류가 발생했습니다
커피가 맛있어요",2023년 12월 15일 금요일,19번째 방문,영수증
스타벅스 공릉역점,카페,4.44,,,dlgidal8223,https://m.place.naver.com/my/5ee487cb8f87a842bca8a920/review?v=2,406,,,굿굿,"일시적인 오류가 발생했습니다
커피가 맛있어요",2024년 5월 8일 수요일,4번째 방문,영수증
스타벅스 공릉역점,카페,4.44,,,아로파96,https://m.place.naver.com/my/5f055c9634a524e70c5b9ef9/review?v=2,586,,,좋아요,,2024년 2월 16일 금요일,31번째 방문,영수증
스타벅스 공릉역점,카페,4.44,,,나대로1,https://m.place.naver.com/my/5b6626b4413ade0edfd52f29/review?v=2,2756,232.0,,스벅에 다시 돌아온 토피넛라떼를 먹기위해서!! 넘 반가운 나머지 먹기 바빠서 사진이 없어요 ㅜㅜ,"일시적인 오류가 발생했습니다
커피가 맛있어요",2023년 11월 11일 토요일,16번째 방문,영수증
스타벅스 공릉역점,카페,4.44,,,nene30,https://m.place.naver.com/my/5f057866532b4ce788cd9123/review?v=2,571,,,굿,,2024년 2월 6일 화요일,6번째 방문,영수증
스타벅스 공릉역점,카페,4.44,,,핑크윤미,https://m.place.naver.com/my/5d2f71a37e8b908fce253397/review?v=2,529,2.0,,딸기라때가 생긱보다 맛없어요  ,,2023년 11월 21일 화요일,12번째 방문,영수증
스타벅스 공릉역점,카페,4.44,,,이미스,https://m.place.naver.com/my/5c2b3d3a0c63a39ba287eef2/review?v=2,749,,,커피맛집,,2024년 2월 25일 일요일,40번째 방문,영수증
스타벅스 공릉역점,카페,4.44,,,RYU870,https://m.place.naver.com/my/5d99e9448f87a842bc0406c9/review?v=2,205,,,매장 넓고 좋아요!!,"일시적인 오류가 발생했습니다
커피가 맛있어요",2024년 1월 17일 수요일,2번째 방문,영수증
스타벅스 공릉역점,카페,4.44,,,일상맛집,https://m.place.naver.com/my/5cc413c2177fb7bd284db926/review?v=2,585,36.0,,"비가 갑자기 많이 내려서 비도 피할 겸 저녁도 먹을 겸 들어갔어요. 저녁에도 스프메뉴가 되는 줄 몰랐는데 따뜻하게 먹을 수 있어서 좋았고, 토스트칩이 항상 같이 나와서 든든해서 좋아요. 매장은 청결하고 직원분들 항상 친절하세요.",,2023년 7월 30일 일요일,4번째 방문,영수증
스타벅스 공릉역점,카페,4.44,,,버럭쟁이92,https://m.place.naver.com/my/5d43a242613b20b89402cdab/review?v=2,3088,,,좋아요,"일시적인 오류가 발생했습니다
커피가 맛있어요",2024년 2월 3일 토요일,6번째 방문,영수증
스타벅스 공릉역점,카페,4.44,,,마이플007,https://m.place.naver.com/my/5e1bfb4e8f87a842bcac2f10/review?v=2,1598,,,좋아요 ,,2024년 2월 8일 목요일,4번째 방문,영수증
스타벅스 공릉역점,카페,4.44,,,핑크윤미,https://m.place.naver.com/my/5d2f71a37e8b908fce253397/review?v=2,529,2.0,,신메뉴 달콤해요   ,"일시적인 오류가 발생했습니다
커피가 맛있어요",2023년 11월 6일 월요일,11번째 방문,영수증
스타벅스 공릉역점,카페,4.44,,,오늘도48,https://m.place.naver.com/my/5be5703e90152eb37cb0e7f3/review?v=2,47,,,신상품  맛나네요,"일시적인 오류가 발생했습니다
디저트가 맛있어요",2023년 11월 2일 목요일,1번째 방문,영수증
스타벅스 공릉역점,카페,4.44,,,bee****,https://m.place.naver.com/my/5fd79de5b212cd5d78c7eb06/review?v=2,452,,,좋아요,"일시적인 오류가 발생했습니다
인테리어가 멋져요",2024년 6월 20일 목요일,1번째 방문,영수증
스타벅스 공릉역점,카페,4.44,,,야옹이5624,https://m.place.naver.com/my/5c08791ce652205108b9cc9e/review?v=2,1324,,,친절하세요^^,"일시적인 오류가 발생했습니다
음료가 맛있어요",2024년 2월 1일 목요일,23번째 방문,영수증
스타벅스 공릉역점,카페,4.44,,,해피우먼263,https://m.place.naver.com/my/5e0670298f87a842bc84520d/review?v=2,342,,,"새로나온 클래식 밀크티를 주문해봤어요. 많이 달달할 줄 알고 지레 겁먹었는데, 마실만 했어요~ ","일시적인 오류가 발생했습니다
종류가 다양해요",2023년 11월 1일 수요일,1번째 방문,영수증
스타벅스 공릉역점,카페,4.44,,,개구장이1917,https://m.place.naver.com/my/5fe2087f6d612c538f509d6a/review?v=2,579,,,좋아요,,2024년 6월 8일 토요일,3번째 방문,영수증
스타벅스 공릉역점,카페,4.44,,,밍댕구,https://m.place.naver.com/my/5ed26d2e8f87a842bc8bfa75/review?v=2,1516,39.0,,분위기 좋아용,,2023년 11월 30일 목요일,1번째 방문,영수증
스타벅스 공릉역점,카페,4.44,,,나는나3827,https://m.place.naver.com/my/5f3c68f2a602e98f568a357e/review?v=2,281,,,굿,"일시적인 오류가 발생했습니다
커피가 맛있어요",2024년 3월 20일 수요일,2번째 방문,영수증
스타벅스 공릉역점,카페,4.44,,,나대빵5,https://m.place.naver.com/my/5f0432740b8c7a1cdb6ef15d/review?v=2,726,,,와,,2024년 3월 6일 수요일,1번째 방문,영수증
스타벅스 공릉역점,카페,4.44,,,yuk****,https://m.place.naver.com/my/5cd04fdc9f1ae10fb7e4ad84/review?v=2,316,,,"녹차푸딩,밀크푸딩
맛있어요~~^^",,2023년 12월 27일 수요일,2번째 방문,영수증
스타벅스 공릉역점,카페,4.44,,,좋은 날이랍니다,https://m.place.naver.com/my/5f997fdf8030a704a960a30f/review?v=2,785,2.0,,"바질토마토베이글
먹을 때마다 맛있어요","일시적인 오류가 발생했습니다
디저트가 맛있어요",2024년 5월 12일 일요일,4번째 방문,영수증
스타벅스 공릉역점,카페,4.44,,,아로파96,https://m.place.naver.com/my/5f055c9634a524e70c5b9ef9/review?v=2,586,,,좋아요,"일시적인 오류가 발생했습니다
커피가 맛있어요",2024년 2월 6일 화요일,30번째 방문,영수증
스타벅스 공릉역점,카페,4.44,,,한울타리29,https://m.place.naver.com/my/5f329fed9ec8258e4a8b8737/review?v=2,1463,,,"점심시간엔
그넓은 카페가 가득차 주문전 자리부터 잡는게
우선입니다.
대화하기 좋아 자주갑니다",,2024년 4월 22일 월요일,17번째 방문,영수증
스타벅스 공릉역점,카페,4.44,,,nso****,https://m.place.naver.com/my/5d9a83008f87a842bcf8847d/review?v=2,868,,,좋아요,"일시적인 오류가 발생했습니다
커피가 맛있어요",2024년 1월 29일 월요일,8번째 방문,영수증
스타벅스 공릉역점,카페,4.44,,,Bebe lu,https://m.place.naver.com/my/5c5539676ce701c6463fdc17/review?v=2,100,,,처음 방문했는데 좋아요 ,"일시적인 오류가 발생했습니다
커피가 맛있어요",2024년 1월 28일 일요일,1번째 방문,영수증
스타벅스 공릉역점,카페,4.44,,,버럭쟁이92,https://m.place.naver.com/my/5d43a242613b20b89402cdab/review?v=2,3088,,,친절해요,"일시적인 오류가 발생했습니다
커피가 맛있어요",2024년 1월 28일 일요일,5번째 방문,영수증
스타벅스 공릉역점,카페,4.44,,,또뜌띠,https://m.place.naver.com/my/5b752f896393fdd1baf997a6/review?v=2,578,,,,"일시적인 오류가 발생했습니다
커피가 맛있어요",2023년 12월 31일 일요일,6번째 방문,영수증
스타벅스 공릉역점,카페,4.44,,,컨설팅,https://m.place.naver.com/my/5b6cc46eb55e79f8395cdb48/review?v=2,370,,,좋아요 ,,2024년 5월 17일 금요일,11번째 방문,영수증
스타벅스 공릉역점,카페,4.44,,,kyh****,https://m.place.naver.com/my/5b87ae1ae8effe4236ee2805/review?v=2,1461,23.0,,좋아요,,2024년 1월 27일 토요일,5번째 방문,영수증
스타벅스 공릉역점,카페,4.44,,,극뽁,https://m.place.naver.com/my/5b7bb177800a646ab99da3eb/review?v=2,618,,,굿,,2024년 2월 29일 목요일,7번째 방문,영수증
스타벅스 공릉역점,카페,4.44,,,aig****,https://m.place.naver.com/my/5f04c84d92c132301ca07306/review?v=2,258,,,좋아요,,2024년 2월 29일 목요일,16번째 방문,영수증
스타벅스 공릉역점,카페,4.44,,,neoatom,https://m.place.naver.com/my/61593fbe04927f1f3d09f610/review?v=2,1021,,,그나마  가까운 스벅매장.. 쿠폰 쓰러 갔어요,"일시적인 오류가 발생했습니다
음료가 맛있어요",2023년 12월 14일 목요일,5번째 방문,영수증
스타벅스 공릉역점,카페,4.44,,,kus****,https://m.place.naver.com/my/5ba431801f55e77252bd98e3/review?v=2,636,,,겨울엔 뱅쇼가 갑.,,2023년 12월 1일 금요일,11번째 방문,영수증
스타벅스 공릉역점,카페,4.44,,,윤정5118,https://m.place.naver.com/my/5c09f498467153535650d76b/review?v=2,429,,,,"일시적인 오류가 발생했습니다
디저트가 맛있어요",2024년 2월 22일 목요일,1번째 방문,영수증
스타벅스 공릉역점,카페,4.44,,,LillyK,https://m.place.naver.com/my/5df60cb78f87a842bc8f1608/review?v=2,70,1.0,,"매장 들어가서 주문하려고 계산대 앞에 섰는데 
계산대 앞에 서있는 직원이 뭔가 하고 있는듯해서 기다리다가..
계속 쳐다도 안보고..그래서 주문해도 되냐고 물어보니 그제서야 인사를 하시더라구요~
근데 뭐 일을 하고 있는게 아니라
폰 보고 있었나보더군요..

손님이 오면 다른 지점들은 다 인사를 하시던데..
인사를 안하더라도 계산대 앞에 오면
주문을 받으셔야지 폰하고 계시면 어쩌나요~~",,2023년 11월 17일 금요일,1번째 방문,영수증
스타벅스 공릉역점,카페,4.44,,,do****,https://m.place.naver.com/my/615067693a42aa736d1fe892/review?v=2,680,,,잘먹겠습니다.,"일시적인 오류가 발생했습니다
커피가 맛있어요",2023년 12월 31일 일요일,14번째 방문,영수증
스타벅스 공릉역점,카페,4.44,,,kar****,https://m.place.naver.com/my/5eb6040d8f87a842bc764fb9/review?v=2,589,,,"케익이
맛있어요
유자민트차도 맛있어요",,2023년 12월 24일 일요일,1번째 방문,영수증
스타벅스 공릉역점,카페,4.44,,,아로파96,https://m.place.naver.com/my/5f055c9634a524e70c5b9ef9/review?v=2,586,,,좋아요,,2024년 1월 31일 수요일,29번째 방문,영수증
스타벅스 공릉역점,카페,4.44,,,df****,https://m.place.naver.com/my/60f3c59803d2df5c3b45df09/review?v=2,744,,,좋아요,,2024년 2월 20일 화요일,4번째 방문,영수증
스타벅스 공릉역점,카페,4.44,,,핑크윤미,https://m.place.naver.com/my/5d2f71a37e8b908fce253397/review?v=2,529,2.0,,커피맛있었어요,,2023년 11월 24일 금요일,13번째 방문,영수증
스타벅스 공릉역점,카페,4.44,,,VeV,https://m.place.naver.com/my/5c165e998265902cf5153db3/review?v=2,478,,,"낮에는 역시, 아이스가 최고!",,2023년 10월 21일 토요일,1번째 방문,영수증
스타벅스 공릉역점,카페,4.44,,,wls****,https://m.place.naver.com/my/5b9b218f7e16fc17b1adb6e0/review?v=2,1239,11.0,,조아요,,2024년 3월 1일 금요일,2번째 방문,영수증
스타벅스 공릉역점,카페,4.44,,,룩바,https://m.place.naver.com/my/5ba1d29d741828e1ffe149de/review?v=2,535,,,믿고먹는스벅,"일시적인 오류가 발생했습니다
음료가 맛있어요",2023년 11월 23일 목요일,11번째 방문,영수증
스타벅스 공릉역점,카페,4.44,,,야옹이5624,https://m.place.naver.com/my/5c08791ce652205108b9cc9e/review?v=2,1324,,,친절하세요^^,"일시적인 오류가 발생했습니다
음료가 맛있어요",2024년 1월 18일 목요일,22번째 방문,영수증
스타벅스 공릉역점,카페,4.44,,,버럭쟁이92,https://m.place.naver.com/my/5d43a242613b20b89402cdab/review?v=2,3088,,,친절해요,"일시적인 오류가 발생했습니다
커피가 맛있어요",2024년 1월 21일 일요일,4번째 방문,영수증
스타벅스 공릉역점,카페,4.44,,,choss3869,https://m.place.naver.com/my/5fa3ed15b79fa8a558a04cab/review?v=2,1366,,,ᆢ,,2024년 1월 18일 목요일,1번째 방문,영수증
스타벅스 공릉역점,카페,4.44,,,heechef,https://m.place.naver.com/my/5cf0c2aadfd4cc219e30d333/review?v=2,976,15.0,,굿,,2024년 2월 6일 화요일,1번째 방문,영수증
스타벅스 공릉역점,카페,4.44,,,마글론,https://m.place.naver.com/my/5b63fb621d2345ba74a45962/review?v=2,1753,90.0,,굿,,2024년 2월 6일 화요일,1번째 방문,영수증
스타벅스 공릉역점,카페,4.44,,,aig****,https://m.place.naver.com/my/5f04c84d92c132301ca07306/review?v=2,258,,,좋아요,,2024년 2월 18일 일요일,15번째 방문,영수증
스타벅스 공릉역점,카페,4.44,,,happyday1,https://m.place.naver.com/my/5c21cb25c06588c234b40081/review?v=2,622,,,굳,,2024년 5월 10일 금요일,5번째 방문,영수증
스타벅스 공릉역점,카페,4.44,,,라드모찌,https://m.place.naver.com/my/5efde2bab4dd01caff09a51c/review?v=2,229,29.0,,커피가 맛있어요,,2024년 3월 15일 금요일,5번째 방문,영수증
스타벅스 공릉역점,카페,4.44,,,neoatom,https://m.place.naver.com/my/61593fbe04927f1f3d09f610/review?v=2,1021,,,가까워서  좋아요.  친절해요,"일시적인 오류가 발생했습니다
종류가 다양해요",2023년 11월 26일 일요일,4번째 방문,영수증
스타벅스 공릉역점,카페,4.44,,,룩바,https://m.place.naver.com/my/5ba1d29d741828e1ffe149de/review?v=2,535,,,굿,,2024년 1월 11일 목요일,14번째 방문,영수증
스타벅스 공릉역점,카페,4.44,,,서초 제이진,https://m.place.naver.com/my/5f040826012fad32006c3417/review?v=2,511,27.0,,,"일시적인 오류가 발생했습니다
디저트가 맛있어요",2024년 1월 5일 금요일,1번째 방문,영수증
스타벅스 공릉역점,카페,4.44,,,닐리리영아,https://m.place.naver.com/my/5ed7b66f8f87a842bc851780/review?v=2,627,2.0,,,,2024년 3월 14일 목요일,1번째 방문,영수증
스타벅스 공릉역점,카페,4.44,,,한울타리29,https://m.place.naver.com/my/5f329fed9ec8258e4a8b8737/review?v=2,1463,,,"신메뉴라 한번 주문했어요 
라떼보다 조금더 진한맛
","일시적인 오류가 발생했습니다
커피가 맛있어요",2024년 4월 29일 월요일,18번째 방문,영수증
스타벅스 공릉역점,카페,4.44,,,나대로1,https://m.place.naver.com/my/5b6626b4413ade0edfd52f29/review?v=2,2756,232.0,,선물받은 기프티콘+800원의 행복,,2023년 9월 9일 토요일,14번째 방문,영수증
스타벅스 공릉역점,카페,4.44,,,핑크윤미,https://m.place.naver.com/my/5d2f71a37e8b908fce253397/review?v=2,529,2.0,,맛있어요,"일시적인 오류가 발생했습니다
커피가 맛있어요",2024년 1월 7일 일요일,24번째 방문,영수증
스타벅스 공릉역점,카페,4.44,,,디주디,https://m.place.naver.com/my/5c720490c7809b77c5761127/review?v=2,2495,,,맛있어요,"일시적인 오류가 발생했습니다
커피가 맛있어요",2024년 1월 29일 월요일,1번째 방문,영수증
스타벅스 공릉역점,카페,4.44,,,mil****,https://m.place.naver.com/my/5f089c7e9ec8258e4ac8a1ed/review?v=2,1113,,,굿,,2024년 3월 2일 토요일,1번째 방문,영수증
스타벅스 공릉역점,카페,4.44,,,DAPHNE,https://m.place.naver.com/my/5f8348a76c3d7f733435d775/review?v=2,1266,,,레드벨벳 시트가 별로에요.,"일시적인 오류가 발생했습니다
커피가 맛있어요",2023년 9월 30일 토요일,11번째 방문,영수증
스타벅스 공릉역점,카페,4.44,,,ssh****,https://m.place.naver.com/my/5e305f308f87a842bc3cc811/review?v=2,2203,,,굿,,2024년 4월 22일 월요일,4번째 방문,영수증
스타벅스 공릉역점,카페,4.44,,,야옹이5624,https://m.place.naver.com/my/5c08791ce652205108b9cc9e/review?v=2,1324,,,..,,2023년 12월 21일 목요일,19번째 방문,영수증
스타벅스 공릉역점,카페,4.44,,,jkl****,https://m.place.naver.com/my/60e6e804a56f6a264a0b37ac/review?v=2,525,,,굿,,2024년 2월 11일 일요일,1번째 방문,영수증
스타벅스 공릉역점,카페,4.44,,,핑크윤미,https://m.place.naver.com/my/5d2f71a37e8b908fce253397/review?v=2,529,2.0,,맛있어요 ,"일시적인 오류가 발생했습니다
커피가 맛있어요",2024년 1월 3일 수요일,23번째 방문,영수증
스타벅스 공릉역점,카페,4.44,,,luc****,https://m.place.naver.com/my/5c4cfb3b70654a8ee8179dec/review?v=2,148,,,친절해요 또 방문할께요,,2024년 5월 4일 토요일,2번째 방문,영수증
스타벅스 공릉역점,카페,4.44,,,nso****,https://m.place.naver.com/my/5d9a83008f87a842bcf8847d/review?v=2,868,,,좋아요,"일시적인 오류가 발생했습니다
커피가 맛있어요",2024년 1월 2일 화요일,7번째 방문,영수증
스타벅스 공릉역점,카페,4.44,,,viuum,https://m.place.naver.com/my/5ee20ffa8f87a842bc2d2029/review?v=2,1220,9.0,,굿,"일시적인 오류가 발생했습니다
커피가 맛있어요",2024년 1월 24일 수요일,1번째 방문,영수증
스타벅스 공릉역점,카페,4.44,,,Bigwave4242,https://m.place.naver.com/my/5c26278b8f585f2192abd853/review?v=2,1968,,,🤭,"일시적인 오류가 발생했습니다
커피가 맛있어요",2023년 12월 20일 수요일,4번째 방문,영수증
스타벅스 공릉역점,카페,4.44,,,aig****,https://m.place.naver.com/my/5f04c84d92c132301ca07306/review?v=2,258,,,좋아요,,2024년 2월 1일 목요일,14번째 방문,영수증
스타벅스 공릉역점,카페,4.44,,,aig****,https://m.place.naver.com/my/5f04c84d92c132301ca07306/review?v=2,258,,,좋아요,,2024년 1월 31일 수요일,13번째 방문,영수증
스타벅스 공릉역점,카페,4.44,,,야옹이5624,https://m.place.naver.com/my/5c08791ce652205108b9cc9e/review?v=2,1324,,,굿,"일시적인 오류가 발생했습니다
음료가 맛있어요",2023년 12월 28일 목요일,20번째 방문,영수증
스타벅스 공릉역점,카페,4.44,,,야옹이5624,https://m.place.naver.com/my/5c08791ce652205108b9cc9e/review?v=2,1324,,,커피도 맛있고 직원분이 너무 친절하세요^^,"일시적인 오류가 발생했습니다
커피가 맛있어요",2023년 9월 7일 목요일,14번째 방문,영수증
스타벅스 공릉역점,카페,4.44,,,룩바,https://m.place.naver.com/my/5ba1d29d741828e1ffe149de/review?v=2,535,,,좋아요 ,,2023년 12월 28일 목요일,13번째 방문,영수증
스타벅스 공릉역점,카페,4.44,,,kus****,https://m.place.naver.com/my/5ba431801f55e77252bd98e3/review?v=2,636,,,벤티보다 더 큰 사이즈 아주 맘에 들어요.,,2023년 9월 7일 목요일,9번째 방문,영수증
스타벅스 공릉역점,카페,4.44,,,hyakin,https://m.place.naver.com/my/5c5a5e98f6b3b1c140922974/review?v=2,901,40.0,,다양한 음료가 있고 컴작업하기 좋아요,"일시적인 오류가 발생했습니다
커피가 맛있어요",2023년 10월 15일 일요일,3번째 방문,영수증
스타벅스 공릉역점,카페,4.44,,,핑크윤미,https://m.place.naver.com/my/5d2f71a37e8b908fce253397/review?v=2,529,2.0,,배달이 빨라요  포장이 꼼꼼해서좋아요,"일시적인 오류가 발생했습니다
커피가 맛있어요",2023년 9월 28일 목요일,8번째 방문,영수증
스타벅스 공릉역점,카페,4.44,,,다이어리B,https://m.place.naver.com/my/5e1f30b48f87a842bca54425/review?v=2,271,,,,"일시적인 오류가 발생했습니다
커피가 맛있어요",2023년 11월 21일 화요일,1번째 방문,영수증
스타벅스 공릉역점,카페,4.44,,,kar****,https://m.place.naver.com/my/64da30b073a6f70006cd70d3/review?v=2,240,,,유자민트차가 맛있어요,,2023년 12월 24일 일요일,1번째 방문,영수증
스타벅스 공릉역점,카페,4.44,,,March 3th,https://m.place.naver.com/my/5f06d409d6ec8fd5cc9b9dbd/review?v=2,81,,,모닝커피 좋아요!,"일시적인 오류가 발생했습니다
커피가 맛있어요",2023년 10월 22일 일요일,1번째 방문,영수증
스타벅스 공릉역점,카페,4.44,,,black07927,https://m.place.naver.com/my/5d5a68cc220adca5c3811886/review?v=2,1049,,,스벅,"일시적인 오류가 발생했습니다
커피가 맛있어요",2023년 12월 24일 일요일,4번째 방문,영수증
스타벅스 공릉역점,카페,4.44,,,nene30,https://m.place.naver.com/my/5f057866532b4ce788cd9123/review?v=2,571,,,좋아요,,2023년 12월 17일 일요일,2번째 방문,영수증
스타벅스 공릉역점,카페,4.44,,,한울타리29,https://m.place.naver.com/my/5f329fed9ec8258e4a8b8737/review?v=2,1463,,,"새로운 메뉴라 시켜보았는데
제입맛엔 새~콤합니다","일시적인 오류가 발생했습니다
디저트가 맛있어요",2024년 4월 11일 목요일,15번째 방문,영수증
스타벅스 공릉역점,카페,4.44,,,맛집찾아힐링하기,https://m.place.naver.com/my/600a1cddcac5ca8d9deedefb/review?v=2,1297,9.0,,,"일시적인 오류가 발생했습니다
커피가 맛있어요",2024년 6월 21일 금요일,3번째 방문,영수증
스타벅스 공릉역점,카페,4.44,,,Choilouis,https://m.place.naver.com/my/5ba1df468fb201c56601e9f4/review?v=2,3264,,,좋아요,,2024년 4월 15일 월요일,3번째 방문,영수증
스타벅스 공릉역점,카페,4.44,,,모든것 감사,https://m.place.naver.com/my/63088b5c1b57114f8871fd0e/review?v=2,819,,,"커피는 스벅 ~^^
","일시적인 오류가 발생했습니다
커피가 맛있어요",2023년 11월 11일 토요일,1번째 방문,영수증
스타벅스 공릉역점,카페,4.44,,,핑크윤미,https://m.place.naver.com/my/5d2f71a37e8b908fce253397/review?v=2,529,2.0,,커피도 맛있고  디져트도  맛있어요  다만 디저트 가격이 비싸요,"일시적인 오류가 발생했습니다
커피가 맛있어요",2023년 9월 13일 수요일,7번째 방문,영수증
스타벅스 공릉역점,카페,4.44,,,캔디걸78,https://m.place.naver.com/my/5e271c2c8f87a842bcc8aceb/review?v=2,1423,,,,"일시적인 오류가 발생했습니다
좌석이 편해요",2023년 11월 27일 월요일,4번째 방문,영수증
스타벅스 공릉역점,카페,4.44,,,푸릇푸릇푸릇,https://m.place.naver.com/my/5d27f33243fa7a8b4c14a319/review?v=2,288,2.0,,맛있어요~^^,"일시적인 오류가 발생했습니다
커피가 맛있어요",2024년 5월 2일 목요일,3번째 방문,영수증
스타벅스 공릉역점,카페,4.44,,,lmj8799,https://m.place.naver.com/my/5e0172348f87a842bcc58d33/review?v=2,1488,,,좋아요,,2024년 1월 19일 금요일,16번째 방문,영수증
스타벅스 공릉역점,카페,4.44,,,nso****,https://m.place.naver.com/my/5d9a83008f87a842bcf8847d/review?v=2,868,,,좋아요,,2023년 12월 16일 토요일,6번째 방문,영수증
스타벅스 공릉역점,카페,4.44,,,야옹이5624,https://m.place.naver.com/my/5c08791ce652205108b9cc9e/review?v=2,1324,,,굿,"일시적인 오류가 발생했습니다
음료가 맛있어요",2023년 12월 14일 목요일,18번째 방문,영수증
스타벅스 공릉역점,카페,4.44,,,yuk****,https://m.place.naver.com/my/5cd04fdc9f1ae10fb7e4ad84/review?v=2,316,,,카라멜 마키아또 마셨어요❤,,2023년 11월 17일 금요일,1번째 방문,영수증
스타벅스 공릉역점,카페,4.44,,,lmj8799,https://m.place.naver.com/my/5e0172348f87a842bcc58d33/review?v=2,1488,,,좋아요,,2024년 1월 16일 화요일,15번째 방문,영수증
스타벅스 공릉역점,카페,4.44,,,에델,https://m.place.naver.com/my/5be2837591f637ac485b3277/review?v=2,1440,,,굿,,2023년 12월 22일 금요일,20번째 방문,영수증
스타벅스 공릉역점,카페,4.44,,,Kyung1217,https://m.place.naver.com/my/5f05c2500a91396a976e61b6/review?v=2,998,,,맛있어요 ^^쾌적한 분위기도 좋구요,"일시적인 오류가 발생했습니다
커피가 맛있어요",2023년 8월 30일 수요일,2번째 방문,영수증
스타벅스 공릉역점,카페,4.44,,,jjjyyy00,https://m.place.naver.com/my/5e93af9c8f87a842bc47fd5e/review?v=2,655,,,자몽허니레몬블렌디드 상큼하기도 하고 달달하기도해서 맛있네요 !,"일시적인 오류가 발생했습니다
음료가 맛있어요",2023년 9월 14일 목요일,1번째 방문,영수증
스타벅스 공릉역점,카페,4.44,,,에델,https://m.place.naver.com/my/5be2837591f637ac485b3277/review?v=2,1440,,,굿,,2023년 12월 21일 목요일,19번째 방문,영수증
스타벅스 공릉역점,카페,4.44,,,에델,https://m.place.naver.com/my/5be2837591f637ac485b3277/review?v=2,1440,,,굿,,2023년 12월 20일 수요일,18번째 방문,영수증
스타벅스 공릉역점,카페,4.44,,,마할랄렐 쾌온,https://m.place.naver.com/my/5ec0b9cf8f87a842bc0ac96c/review?v=2,405,12.0,,"인테리어가 좋아요.

2층에서
로드 뷰가 잘 보여요.

인기가 좋은 장소예요.
매번 고객들이 붐벼요.",,2023년 11월 5일 일요일,7번째 방문,영수증
스타벅스 공릉역점,카페,4.44,,,epg****,https://m.place.naver.com/my/5d11cf585868d438fb1f4365/review?v=2,1774,,,쥬아요,,2024년 6월 23일 일요일,36번째 방문,영수증
스타벅스 공릉역점,카페,4.44,,,뀨까뀨우,https://m.place.naver.com/my/5c7c67b75b69fb01cf62122a/review?v=2,290,,,맛있어요,"일시적인 오류가 발생했습니다
커피가 맛있어요",2024년 1월 1일 월요일,1번째 방문,영수증
스타벅스 공릉역점,카페,4.44,,,Choilouis,https://m.place.naver.com/my/5ba1df468fb201c56601e9f4/review?v=2,3264,,,자주 가요,"일시적인 오류가 발생했습니다
커피가 맛있어요",2024년 3월 21일 목요일,2번째 방문,영수증
스타벅스 공릉역점,카페,4.44,,,파랑앤홍,https://m.place.naver.com/my/5f05713734a524e70c5bee77/review?v=2,1768,25.0,,굿,,2023년 12월 30일 토요일,1번째 방문,영수증
스타벅스 공릉역점,카페,4.44,,,readymade,https://m.place.naver.com/my/5b93a652f1573ea39dff052b/review?v=2,186,,,"친절해요~
한두시간 있다가 오기 좋습니다.","일시적인 오류가 발생했습니다
매장이 넓어요",2023년 9월 4일 월요일,1번째 방문,영수증
스타벅스 공릉역점,카페,4.44,,,달해마님,https://m.place.naver.com/my/5db91b1f8f87a842bc598d03/review?v=2,503,,,말차의 쌉쌀함과 잘어울리네요 맛있어요,"일시적인 오류가 발생했습니다
음료가 맛있어요",2023년 8월 31일 목요일,1번째 방문,영수증
스타벅스 공릉역점,카페,4.44,,,룩바,https://m.place.naver.com/my/5ba1d29d741828e1ffe149de/review?v=2,535,,,좋아요 ,,2023년 12월 7일 목요일,12번째 방문,영수증
스타벅스 공릉역점,카페,4.44,,,KGB1210,https://m.place.naver.com/my/5dfdf4598f87a842bc71a2e1/review?v=2,713,17.0,,굿,,2024년 3월 21일 목요일,1번째 방문,영수증
스타벅스 공릉역점,카페,4.44,,,곰돌윙,https://m.place.naver.com/my/5cee91123a0590ec347be43a/review?v=2,846,19.0,,딸기요거트,,2023년 10월 27일 금요일,1번째 방문,영수증
스타벅스 공릉역점,카페,4.44,,,남양주 다롱,https://m.place.naver.com/my/5f0633d005022b66f963f2d4/review?v=2,393,,,스벅커피는 맛있어요,,2023년 12월 5일 화요일,1번째 방문,영수증
스타벅스 공릉역점,카페,4.44,,,lmj8799,https://m.place.naver.com/my/5e0172348f87a842bcc58d33/review?v=2,1488,,,좋아요,,2024년 1월 5일 금요일,14번째 방문,영수증
스타벅스 공릉역점,카페,4.44,,,디카페인연하게,https://m.place.naver.com/my/5d2ef8af349e17cde857325c/review?v=2,211,5.0,,"더운 여름 길 가다가 더위 피할겸 들어가서 새로운 음료 ""자몽허니레몬블렌디드"" 마셔봤어요. 처음 먹어봤는데 우유가 들어있지 않아 더 상콤하고 맛있네요 ㅎㅎ ",,2023년 8월 5일 토요일,1번째 방문,영수증
스타벅스 공릉역점,카페,4.44,,,릴릴리3024,https://m.place.naver.com/my/5c7fb12a6320782515d62815/review?v=2,1251,,,좋아요,,2023년 12월 21일 목요일,1번째 방문,영수증
스타벅스 공릉역점,카페,4.44,,,야옹이5624,https://m.place.naver.com/my/5c08791ce652205108b9cc9e/review?v=2,1324,,,"직원분이 
친절하세요^^","일시적인 오류가 발생했습니다
커피가 맛있어요",2023년 9월 6일 수요일,13번째 방문,영수증
스타벅스 공릉역점,카페,4.44,,,야옹이5624,https://m.place.naver.com/my/5c08791ce652205108b9cc9e/review?v=2,1324,,,직원분들이 친절하세요^^,"일시적인 오류가 발생했습니다
커피가 맛있어요",2023년 9월 4일 월요일,12번째 방문,영수증
스타벅스 공릉역점,카페,4.44,,,eun****,https://m.place.naver.com/my/5c3c6ee7de747b1c18828beb/review?v=2,494,3.0,,"프리퀀시 제품 잘 받았습니다
커피 맛있어요~",,2023년 9월 19일 화요일,2번째 방문,영수증
스타벅스 공릉역점,카페,4.44,,,can****,https://m.place.naver.com/my/5e1ba57e8f87a842bcd4daed/review?v=2,1533,,,맛있어요,,2023년 12월 30일 토요일,7번째 방문,영수증
스타벅스 공릉역점,카페,4.44,,,아이슬32,https://m.place.naver.com/my/5bbb907c49668c3f0d5f537f/review?v=2,214,18.0,,"2층까지 있어 매장도 넓고 음료랑 케잌도 맛있네요
종종 들를게요◡̈","일시적인 오류가 발생했습니다
대화하기 좋아요",2023년 8월 27일 일요일,1번째 방문,영수증
스타벅스 공릉역점,카페,4.44,,,aig****,https://m.place.naver.com/my/5f04c84d92c132301ca07306/review?v=2,258,,,좋아요,,2023년 12월 28일 목요일,12번째 방문,영수증
스타벅스 공릉역점,카페,4.44,,,kus****,https://m.place.naver.com/my/5ba431801f55e77252bd98e3/review?v=2,636,,,케이크 맛집입니다,,2023년 9월 29일 금요일,10번째 방문,영수증
스타벅스 공릉역점,카페,4.44,,,브룩클린68,https://m.place.naver.com/my/5d9626388f87a842bc828524/review?v=2,532,1.0,,굿,,2023년 12월 19일 화요일,5번째 방문,영수증
스타벅스 공릉역점,카페,4.44,,,dptmej950,https://m.place.naver.com/my/5db857648f87a842bc0833ff/review?v=2,878,,,굳,,2023년 11월 23일 목요일,15번째 방문,영수증
스타벅스 공릉역점,카페,4.44,,,미각마스터,https://m.place.naver.com/my/5bdb26a84c9442355dbb6243/review?v=2,480,35.0,,"망고 에이드

퍼플 용과 망고인가 맛있어요","일시적인 오류가 발생했습니다
음료가 맛있어요",2023년 7월 12일 수요일,1번째 방문,영수증
스타벅스 공릉역점,카페,4.44,,,Jjjjih86,https://m.place.naver.com/my/5c0392b6c3ce4897f7739e7f/review?v=2,2502,17.0,,,,2023년 10월 26일 목요일,3번째 방문,영수증
스타벅스 공릉역점,카페,4.44,,,friendship19,https://m.place.naver.com/my/5c860c2ca1c9416cbdbb7937/review?v=2,279,,,굿,,2024년 1월 13일 토요일,1번째 방문,영수증
스타벅스 공릉역점,카페,4.44,,,haedalfam,https://m.place.naver.com/my/5c5addd42696a971630ae5e1/review?v=2,435,,,"시크릿 레시피-서울,,비싸기만하고 별로에요ㅜㅜ 그냥 말차라떼, 딸기라떼를 따로 드세요","일시적인 오류가 발생했습니다
음료가 맛있어요",2023년 9월 10일 일요일,1번째 방문,영수증
스타벅스 공릉역점,카페,4.44,,,gks****,https://m.place.naver.com/my/5f796d286c3d7f733406fc3b/review?v=2,683,,,"굿
","일시적인 오류가 발생했습니다
커피가 맛있어요",2023년 12월 10일 일요일,1번째 방문,영수증
스타벅스 공릉역점,카페,4.44,,,야옹이5624,https://m.place.naver.com/my/5c08791ce652205108b9cc9e/review?v=2,1324,,,굿,"일시적인 오류가 발생했습니다
음료가 맛있어요",2023년 11월 16일 목요일,16번째 방문,영수증
스타벅스 공릉역점,카페,4.44,,,dptmej950,https://m.place.naver.com/my/5db857648f87a842bc0833ff/review?v=2,878,,,굳,,2023년 11월 15일 수요일,14번째 방문,영수증
스타벅스 공릉역점,카페,4.44,,,dltpwls21791,https://m.place.naver.com/my/5cd2b1f29df1ff72cee72745/review?v=2,745,,,좋아요,"일시적인 오류가 발생했습니다
커피가 맛있어요",2024년 1월 6일 토요일,1번째 방문,영수증
스타벅스 공릉역점,카페,4.44,,,에이미다람,https://m.place.naver.com/my/5c1df7f23c851b68898a7a41/review?v=2,763,27.0,,시원한 매장에서 따뜻한 아메리카노 마시니 좋네요,"일시적인 오류가 발생했습니다
커피가 맛있어요",2023년 7월 22일 토요일,4번째 방문,영수증
스타벅스 공릉역점,카페,4.44,,,can****,https://m.place.naver.com/my/5e1ba57e8f87a842bcd4daed/review?v=2,1533,,,맛나요,,2023년 12월 16일 토요일,6번째 방문,영수증
스타벅스 공릉역점,카페,4.44,,,개구장이1917,https://m.place.naver.com/my/5fe2087f6d612c538f509d6a/review?v=2,579,,,좋아요,,2024년 3월 23일 토요일,2번째 방문,영수증
스타벅스 공릉역점,카페,4.44,,,yhjh,https://m.place.naver.com/my/5d529b8943ace5441b1fea50/review?v=2,522,,,블루베리치즈케이크ㆍ 블랙핑크 바움쿠헨 맛있어요!,,2023년 7월 25일 화요일,3번째 방문,영수증
스타벅스 공릉역점,카페,4.44,,,한울타리29,https://m.place.naver.com/my/5f329fed9ec8258e4a8b8737/review?v=2,1463,,,"오늘은 지쳤는지 직원 아가씨가 앞손님이 나이가 있어 잘 못알아 듣자 짜증이 나는 듯 싶게 응대를 하여 뒤이어 주문하는데 기분이 별로였다
나올적에 충전하고 나오면서 보니 다른 직원이었다",,2024년 2월 8일 목요일,13번째 방문,영수증
스타벅스 공릉역점,카페,4.44,,,생크림4959,https://m.place.naver.com/my/5d303153ba0a632274591f8a/review?v=2,358,6.0,,카공족이 많아 이야기 하기는 좀불편해요,"일시적인 오류가 발생했습니다
음료가 맛있어요",2023년 9월 9일 토요일,1번째 방문,영수증
스타벅스 공릉역점,카페,4.44,,,오로라공주용,https://m.place.naver.com/my/5bebba8238a827e7920f4b80/review?v=2,1353,,,좋아요,,2023년 12월 10일 일요일,8번째 방문,영수증
스타벅스 공릉역점,카페,4.44,,,그레이트티쳐62,https://m.place.naver.com/my/5d89e53e8f87a842bc7f9818/review?v=2,3131,1.0,,내일 점심으로 구입!!!,"일시적인 오류가 발생했습니다
커피가 맛있어요",2023년 11월 13일 월요일,22번째 방문,영수증
스타벅스 공릉역점,카페,4.44,,,룩바,https://m.place.naver.com/my/5ba1d29d741828e1ffe149de/review?v=2,535,,,맛있어요,"일시적인 오류가 발생했습니다
커피가 맛있어요",2023년 11월 6일 월요일,10번째 방문,영수증
스타벅스 공릉역점,카페,4.44,,,한명기,https://m.place.naver.com/my/5efeea87ee06165e651d2139/review?v=2,950,,,ㄱ,,2023년 11월 7일 화요일,4번째 방문,영수증
스타벅스 공릉역점,카페,4.44,,,아로파96,https://m.place.naver.com/my/5f055c9634a524e70c5b9ef9/review?v=2,586,,,좋아요,,2023년 11월 29일 수요일,28번째 방문,영수증
스타벅스 공릉역점,카페,4.44,,,오로라공주용,https://m.place.naver.com/my/5bebba8238a827e7920f4b80/review?v=2,1353,,,좋아요,,2023년 12월 6일 수요일,7번째 방문,영수증
스타벅스 공릉역점,카페,4.44,,,개코코,https://m.place.naver.com/my/5b9f850ab570b42331368c00/review?v=2,629,40.0,,"한가한 시간대라서, 음료가 금방 나왔어요~",,2023년 8월 2일 수요일,1번째 방문,영수증
스타벅스 공릉역점,카페,4.44,,,jej****,https://m.place.naver.com/my/613b20df5839bc182eddd1cf/review?v=2,238,,,,"일시적인 오류가 발생했습니다
커피가 맛있어요",2023년 10월 24일 화요일,1번째 방문,영수증
스타벅스 공릉역점,카페,4.44,,,neoatom,https://m.place.naver.com/my/61593fbe04927f1f3d09f610/review?v=2,1021,,,아주 간만에  방문.   온통  카공족이  자리차지..  이용제한시간이  필요할 듯..,"일시적인 오류가 발생했습니다
친절해요",2023년 9월 24일 일요일,3번째 방문,영수증
스타벅스 공릉역점,카페,4.44,,,에델,https://m.place.naver.com/my/5be2837591f637ac485b3277/review?v=2,1440,,,굿,,2023년 11월 5일 일요일,17번째 방문,영수증
스타벅스 공릉역점,카페,4.44,,,kus****,https://m.place.naver.com/my/5ba431801f55e77252bd98e3/review?v=2,636,,,피스타치오 아보카도 초콜릿 프라푸치노 맛있네요~,,2023년 7월 7일 금요일,8번째 방문,영수증
스타벅스 공릉역점,카페,4.44,,,똔미8,https://m.place.naver.com/my/5df2560c8f87a842bc79ba1c/review?v=2,266,,,넓고 깨끗하고 쾌적해요,"일시적인 오류가 발생했습니다
집중하기 좋아요",2023년 8월 25일 금요일,1번째 방문,영수증
스타벅스 공릉역점,카페,4.44,,,봄날4049,https://m.place.naver.com/my/5d038ecbdea9c053bfe11eda/review?v=2,726,,,좋아요,"일시적인 오류가 발생했습니다
커피가 맛있어요",2024년 6월 14일 금요일,1번째 방문,영수증
스타벅스 공릉역점,카페,4.44,,,aig****,https://m.place.naver.com/my/5f04c84d92c132301ca07306/review?v=2,258,,,좋아요,,2023년 11월 28일 화요일,11번째 방문,영수증
스타벅스 공릉역점,카페,4.44,,,aig****,https://m.place.naver.com/my/5f04c84d92c132301ca07306/review?v=2,258,,,좋아요,,2023년 11월 27일 월요일,10번째 방문,영수증
스타벅스 공릉역점,카페,4.44,,,브룩클린68,https://m.place.naver.com/my/5d9626388f87a842bc828524/review?v=2,532,1.0,,굿,,2023년 11월 25일 토요일,4번째 방문,영수증
스타벅스 공릉역점,카페,4.44,,,joa002,https://m.place.naver.com/my/5caf0b4d2c33f316c024498e/review?v=2,40,,,항상 쾌적하고 좋아요~^^,"일시적인 오류가 발생했습니다
커피가 맛있어요",2023년 9월 17일 일요일,2번째 방문,영수증
스타벅스 공릉역점,카페,4.44,,,can****,https://m.place.naver.com/my/5e1ba57e8f87a842bcd4daed/review?v=2,1533,,,맛나요,,2023년 11월 26일 일요일,5번째 방문,영수증
스타벅스 공릉역점,카페,4.44,,,이미스,https://m.place.naver.com/my/5c2b3d3a0c63a39ba287eef2/review?v=2,749,,,단호박케잌 맛나요,,2023년 9월 29일 금요일,37번째 방문,영수증
스타벅스 공릉역점,카페,4.44,,,아로파96,https://m.place.naver.com/my/5f055c9634a524e70c5b9ef9/review?v=2,586,,,좋아요,,2023년 11월 16일 목요일,27번째 방문,영수증
스타벅스 공릉역점,카페,4.44,,,aig****,https://m.place.naver.com/my/5f04c84d92c132301ca07306/review?v=2,258,,,좋아요,,2023년 11월 23일 목요일,9번째 방문,영수증
스타벅스 공릉역점,카페,4.44,,,수지샘샘미,https://m.place.naver.com/my/5f5df9406c3d7f73344dc730/review?v=2,158,,,"커피쿠폰 두개로 같은 가격 뭐있는지 여쭤봤고
아메리카노, 카스테라,  소세지빵, 캔디가 가격이 같대요^^
친절하시더라구요 참고하세요

",,2023년 6월 24일 토요일,1번째 방문,영수증
스타벅스 공릉역점,카페,4.44,,,wrw****,https://m.place.naver.com/my/5e899a608f87a842bccfc87c/review?v=2,183,1.0,,바질토마토 베이글 맛있어요.,"일시적인 오류가 발생했습니다
디저트가 맛있어요",2023년 8월 22일 화요일,1번째 방문,영수증
스타벅스 공릉역점,카페,4.44,,,룰루랄라팡팡,https://m.place.naver.com/my/5cb9c28cc6333b4b0b3a2aad/review?v=2,160,4.0,,씨솔트 콜드브루보단 바닐라콜드브루라떼 추천이여!,,2023년 8월 13일 일요일,2번째 방문,영수증
스타벅스 공릉역점,카페,4.44,,,룩바,https://m.place.naver.com/my/5ba1d29d741828e1ffe149de/review?v=2,535,,,좋아요 ,,2023년 10월 19일 목요일,9번째 방문,영수증
스타벅스 공릉역점,카페,4.44,,,aig****,https://m.place.naver.com/my/5f04c84d92c132301ca07306/review?v=2,258,,,좋아요,,2023년 11월 21일 화요일,8번째 방문,영수증
스타벅스 공릉역점,카페,4.44,,,아로파96,https://m.place.naver.com/my/5f055c9634a524e70c5b9ef9/review?v=2,586,,,좋아요,,2023년 11월 13일 월요일,26번째 방문,영수증
스타벅스 공릉역점,카페,4.44,,,df****,https://m.place.naver.com/my/60f3c59803d2df5c3b45df09/review?v=2,744,,,좋아요,,2023년 11월 24일 금요일,3번째 방문,영수증
스타벅스 공릉역점,카페,4.44,,,serena4074,https://m.place.naver.com/my/5fb611d061e08c7552c024c1/review?v=2,2130,,,굿,"일시적인 오류가 발생했습니다
커피가 맛있어요",2023년 11월 8일 수요일,1번째 방문,영수증
스타벅스 공릉역점,카페,4.44,,,Bee5161,https://m.place.naver.com/my/5eeef7128f87a842bc17b826/review?v=2,1176,,,좋아요 ,,2023년 10월 11일 수요일,1번째 방문,영수증
스타벅스 공릉역점,카페,4.44,,,1당100,https://m.place.naver.com/my/5dfed4eb8f87a842bc31d0d4/review?v=2,505,16.0,,커피 맛나요~~,,2023년 10월 18일 수요일,1번째 방문,영수증
스타벅스 공릉역점,카페,4.44,,,향기로운 채움,https://m.place.naver.com/my/605d8e91b17852528f300769/review?v=2,2293,1.0,,좋아요,,2024년 1월 8일 월요일,58번째 방문,영수증
스타벅스 공릉역점,카페,4.44,,,poy****,https://m.place.naver.com/my/616246bf7df62000068ff88e/review?v=2,251,,,좋아요 😀 ,,2023년 12월 11일 월요일,1번째 방문,영수증
스타벅스 공릉역점,카페,4.44,,,꽃길도비,https://m.place.naver.com/my/5d29382072e4b10ca3f86add/review?v=2,715,,,맛나용~~~^,"일시적인 오류가 발생했습니다
커피가 맛있어요",2024년 1월 27일 토요일,7번째 방문,영수증
스타벅스 공릉역점,카페,4.44,,,룰루랄라팡팡,https://m.place.naver.com/my/5cb9c28cc6333b4b0b3a2aad/review?v=2,160,4.0,,스타벅스 신메뉴 좋았어요!,"일시적인 오류가 발생했습니다
커피가 맛있어요",2023년 8월 12일 토요일,1번째 방문,영수증
스타벅스 공릉역점,카페,4.44,,,kyr0831,https://m.place.naver.com/my/5be3f422c53e22e827913ae3/review?v=2,875,,,,"일시적인 오류가 발생했습니다
매장이 청결해요",2023년 9월 7일 목요일,8번째 방문,영수증
스타벅스 공릉역점,카페,4.44,,,yhjh,https://m.place.naver.com/my/5d529b8943ace5441b1fea50/review?v=2,522,,,더위를 잊게해주는 시원한 음료 좋아요.,,2023년 7월 7일 금요일,2번째 방문,영수증
스타벅스 공릉역점,카페,4.44,,,땅콩548,https://m.place.naver.com/my/619b64db7295f35212120f21/review?v=2,817,,,,"일시적인 오류가 발생했습니다
커피가 맛있어요",2023년 12월 25일 월요일,1번째 방문,영수증
스타벅스 공릉역점,카페,4.44,,,아로파96,https://m.place.naver.com/my/5f055c9634a524e70c5b9ef9/review?v=2,586,,,좋아요,,2023년 11월 7일 화요일,25번째 방문,영수증
스타벅스 공릉역점,카페,4.44,,,송송쓰52,https://m.place.naver.com/my/5ed3a4528f87a842bc229fb4/review?v=2,978,5.0,,좋아요,,2023년 9월 30일 토요일,1번째 방문,영수증
스타벅스 공릉역점,카페,4.44,,,에델,https://m.place.naver.com/my/5be2837591f637ac485b3277/review?v=2,1440,,,굿,,2023년 10월 13일 금요일,16번째 방문,영수증
스타벅스 공릉역점,카페,4.44,,,더 프렌즈60,https://m.place.naver.com/my/5d85e1298f87a842bc34d023/review?v=2,1100,,,좋아요,,2023년 11월 19일 일요일,3번째 방문,영수증
스타벅스 공릉역점,카페,4.44,,,파랑맘2,https://m.place.naver.com/my/6107ffa102d2305184855947/review?v=2,247,,,굿,,2023년 11월 30일 목요일,1번째 방문,영수증
스타벅스 공릉역점,카페,4.44,,,나대로1,https://m.place.naver.com/my/5b6626b4413ade0edfd52f29/review?v=2,2756,232.0,,5400원을 3900원으로 출근길에~~쒼나쒼나~~ ,"일시적인 오류가 발생했습니다
친절해요",2023년 6월 16일 금요일,13번째 방문,영수증
스타벅스 공릉역점,카페,4.44,,,호우아맘,https://m.place.naver.com/my/5c9b11be0e104e6951db3906/review?v=2,2127,,,"운동하다 들어가는길에 
커피 마시기 좋은날!","일시적인 오류가 발생했습니다
커피가 맛있어요",2023년 9월 29일 금요일,1번째 방문,영수증
스타벅스 공릉역점,카페,4.44,,,브룩클린68,https://m.place.naver.com/my/5d9626388f87a842bc828524/review?v=2,532,1.0,,굿,,2023년 11월 15일 수요일,3번째 방문,영수증
스타벅스 공릉역점,카페,4.44,,,하하하861,https://m.place.naver.com/my/5c6d76733d2a95e141da5bac/review?v=2,341,,,굿,,2024년 6월 3일 월요일,1번째 방문,영수증
스타벅스 공릉역점,카페,4.44,,,야옹이5624,https://m.place.naver.com/my/5c08791ce652205108b9cc9e/review?v=2,1324,,,굿,,2023년 10월 3일 화요일,15번째 방문,영수증
스타벅스 공릉역점,카페,4.44,,,kyr0831,https://m.place.naver.com/my/5be3f422c53e22e827913ae3/review?v=2,875,,,,"일시적인 오류가 발생했습니다
매장이 청결해요",2023년 9월 5일 화요일,7번째 방문,영수증
스타벅스 공릉역점,카페,4.44,,,rai****,https://m.place.naver.com/my/5c263aff1862922ec899f893/review?v=2,933,,,,,2024년 1월 7일 일요일,14번째 방문,영수증
스타벅스 공릉역점,카페,4.44,,,이미스,https://m.place.naver.com/my/5c2b3d3a0c63a39ba287eef2/review?v=2,749,,,"굿
",,2023년 11월 2일 목요일,38번째 방문,영수증
스타벅스 공릉역점,카페,4.44,,,깡쥐마미44,https://m.place.naver.com/my/5f05f4d8bec4db0860adea6b/review?v=2,542,,,굿,,2023년 11월 25일 토요일,1번째 방문,영수증
스타벅스 공릉역점,카페,4.44,,,항상감사77,https://m.place.naver.com/my/5cfc5af4876a8be35755a39e/review?v=2,924,44.0,,스벅쿠폰쓰러 출동. 뭐 항상 느끼지만 이동네 커피맛이 극상이라 스벅 아메리카노는 별루. 커피는 쏘쏘. 핑크자몽피지우 맛있었어서 주문했더니 단종. 무슨 뱅쇼피지우는 5시이후 주문해야하고.. 결국 제주말차시켰네요. 자리도 불편하고 걍그래요,,2023년 4월 21일 금요일,6번째 방문,영수증
스타벅스 공릉역점,카페,4.44,,,sakuranbo42,https://m.place.naver.com/my/5fcefcaac87339315797815c/review?v=2,1055,33.0,,아침이라 좌석에도 여유가 있어서 커피 한잔 하기 좋네요. 다만 스타벅스에는 키오스크가 없어서 조금 불편해요.,"일시적인 오류가 발생했습니다
커피가 맛있어요",2023년 8월 1일 화요일,1번째 방문,영수증
스타벅스 공릉역점,카페,4.44,,,야옹이5624,https://m.place.naver.com/my/5c08791ce652205108b9cc9e/review?v=2,1324,,,굿,,2023년 8월 31일 목요일,11번째 방문,영수증
스타벅스 공릉역점,카페,4.44,,,libertyas,https://m.place.naver.com/my/5d6a81738f87a842bc196d13/review?v=2,1404,4.0,,좋아요.,,2023년 10월 31일 화요일,6번째 방문,영수증
스타벅스 공릉역점,카페,4.44,,,한울타리29,https://m.place.naver.com/my/5f329fed9ec8258e4a8b8737/review?v=2,1463,,,"새로나온 밀크티에 샷 추가
달다구리 하면서도 커피 맛이 나서 좋다","일시적인 오류가 발생했습니다
커피가 맛있어요",2024년 1월 3일 수요일,12번째 방문,영수증
스타벅스 공릉역점,카페,4.44,,,은경2883,https://m.place.naver.com/my/5f52f76f6c3d7f73342f1e43/review?v=2,2943,9.0,,"카페라떼가 맛있어요
아이스크림도맛있어요",,2023년 6월 25일 일요일,15번째 방문,영수증
스타벅스 공릉역점,카페,4.44,,,yhjh,https://m.place.naver.com/my/5d529b8943ace5441b1fea50/review?v=2,522,,,더울 땐 아이스 아메리카노 좋아요!,"일시적인 오류가 발생했습니다
커피가 맛있어요",2023년 7월 27일 목요일,4번째 방문,영수증
스타벅스 공릉역점,카페,4.44,,,꽃길도비,https://m.place.naver.com/my/5d29382072e4b10ca3f86add/review?v=2,715,,,개인카페도 비싸서.간단히 한잔~~,,2023년 10월 23일 월요일,5번째 방문,영수증
스타벅스 공릉역점,카페,4.44,,,피스타치오435,https://m.place.naver.com/my/5cc852f6fb23e5784e9bad40/review?v=2,848,,,굿,"일시적인 오류가 발생했습니다
커피가 맛있어요",2023년 11월 3일 금요일,4번째 방문,영수증
스타벅스 공릉역점,카페,4.44,,,Brida29,https://m.place.naver.com/my/5b9a38ff4d8b20e742e62d96/review?v=2,709,,,좋아요 ,"일시적인 오류가 발생했습니다
커피가 맛있어요",2023년 10월 17일 화요일,1번째 방문,영수증
스타벅스 공릉역점,카페,4.44,,,나는나3827,https://m.place.naver.com/my/5f3c68f2a602e98f568a357e/review?v=2,281,,,굿,"일시적인 오류가 발생했습니다
커피가 맛있어요",2023년 11월 20일 월요일,1번째 방문,영수증
스타벅스 공릉역점,카페,4.44,,,이쁜이2741,https://m.place.naver.com/my/5dc54a0e8f87a842bc54275d/review?v=2,2245,14.0,,좋아요,"일시적인 오류가 발생했습니다
커피가 맛있어요",2023년 10월 16일 월요일,1번째 방문,영수증
스타벅스 공릉역점,카페,4.44,,,nolza123498,https://m.place.naver.com/my/5c4ddd596671f2d929e00552/review?v=2,619,,,좋아요,"일시적인 오류가 발생했습니다
커피가 맛있어요",2023년 11월 11일 토요일,2번째 방문,영수증
스타벅스 공릉역점,카페,4.44,,,엔젤1235,https://m.place.naver.com/my/5ff85e3bd596f14068b7f321/review?v=2,232,,,좋아요,,2023년 10월 20일 금요일,1번째 방문,영수증
스타벅스 공릉역점,카페,4.44,,,코스모스21,https://m.place.naver.com/my/5f0637b13b535016872957b4/review?v=2,521,,,굿,,2023년 10월 26일 목요일,1번째 방문,영수증
스타벅스 공릉역점,카페,4.44,,,잇쓰리,https://m.place.naver.com/my/5efe155f0765f4dd1bac3b60/review?v=2,34,5.0,,"종업원 분이 친절하시고, 2층에 통창이라서 답답하지 않아요. 공부할 수 있게 콘센트도 잘 되어 있고, 화장실도 2층에 바로 있어서 가깝고요. ","일시적인 오류가 발생했습니다
집중하기 좋아요",2023년 6월 16일 금요일,1번째 방문,영수증
스타벅스 공릉역점,카페,4.44,,,똘군9094,https://m.place.naver.com/my/5fcf54def7ff071f459a0a4c/review?v=2,931,6.0,,굿,,2023년 10월 2일 월요일,2번째 방문,영수증
스타벅스 공릉역점,카페,4.44,,,별명을 지어주세요,https://m.place.naver.com/my/5e8309a78f87a842bc0f0707/review?v=2,551,,,굿,,2024년 1월 13일 토요일,1번째 방문,영수증
스타벅스 공릉역점,카페,4.44,,,꽃길도비,https://m.place.naver.com/my/5d29382072e4b10ca3f86add/review?v=2,715,,,좋아요,"일시적인 오류가 발생했습니다
특별한 메뉴가 있어요",2024년 1월 19일 금요일,6번째 방문,영수증
스타벅스 공릉역점,카페,4.44,,,야옹이5624,https://m.place.naver.com/my/5c08791ce652205108b9cc9e/review?v=2,1324,,,굿,,2023년 8월 17일 목요일,10번째 방문,영수증
스타벅스 공릉역점,카페,4.44,,,룩바,https://m.place.naver.com/my/5ba1d29d741828e1ffe149de/review?v=2,535,,,맛있어요 ,,2023년 9월 14일 목요일,8번째 방문,영수증
스타벅스 공릉역점,카페,4.44,,,kjm****,https://m.place.naver.com/my/6020da550385d42d0b2fd826/review?v=2,1093,,,집중하기 좋아요,"일시적인 오류가 발생했습니다
커피가 맛있어요",2023년 7월 7일 금요일,2번째 방문,영수증
스타벅스 공릉역점,카페,4.44,,,love story18,https://m.place.naver.com/my/6243c4e2ed9de778c18870ec/review?v=2,194,,,커피가 맛나고 공간이 넓어요,"일시적인 오류가 발생했습니다
커피가 맛있어요",2023년 6월 11일 일요일,1번째 방문,영수증
스타벅스 공릉역점,카페,4.44,,,오로라공주용,https://m.place.naver.com/my/5bebba8238a827e7920f4b80/review?v=2,1353,,,좋아요,"일시적인 오류가 발생했습니다
커피가 맛있어요",2023년 10월 11일 수요일,6번째 방문,영수증
스타벅스 공릉역점,카페,4.44,,,또뜌띠,https://m.place.naver.com/my/5b752f896393fdd1baf997a6/review?v=2,578,,,꿋,,2023년 9월 18일 월요일,4번째 방문,영수증
스타벅스 공릉역점,카페,4.44,,,솔직하게쓴다 난,https://m.place.naver.com/my/5e910e6c8f87a842bc97a855/review?v=2,1200,36.0,,"깔끔하고 한시간정도 노트북하는데 쾌적햇어요

",,2023년 7월 7일 금요일,1번째 방문,영수증
스타벅스 공릉역점,카페,4.44,,,polo68,https://m.place.naver.com/my/5e0f20b08f87a842bc0b701d/review?v=2,178,,,신메뉴 맛있네요:),"일시적인 오류가 발생했습니다
친절해요",2023년 8월 3일 목요일,1번째 방문,영수증
스타벅스 공릉역점,카페,4.44,,,yso****,https://m.place.naver.com/my/5c163fbf51e236bb47f72ed6/review?v=2,2762,,,"좋아요
",,2023년 9월 5일 화요일,8번째 방문,영수증
스타벅스 공릉역점,카페,4.44,,,야옹이5624,https://m.place.naver.com/my/5c08791ce652205108b9cc9e/review?v=2,1324,,,직원분이 친절하세요^^,"일시적인 오류가 발생했습니다
친절해요",2023년 6월 8일 목요일,8번째 방문,영수증
스타벅스 공릉역점,카페,4.44,,,newkid3522,https://m.place.naver.com/my/5e9fdc348f87a842bc5f8a31/review?v=2,2241,,,굿,,2023년 9월 25일 월요일,7번째 방문,영수증
스타벅스 공릉역점,카페,4.44,,,세모담쏘,https://m.place.naver.com/my/5efecf32a7f1cdd89fef0e8f/review?v=2,59,,,"역시 스타벅스
","일시적인 오류가 발생했습니다
커피가 맛있어요",2023년 7월 5일 수요일,1번째 방문,영수증
스타벅스 공릉역점,카페,4.44,,,libertyas,https://m.place.naver.com/my/5d6a81738f87a842bc196d13/review?v=2,1404,4.0,,좋아요.,,2023년 10월 7일 토요일,5번째 방문,영수증
스타벅스 공릉역점,카페,4.44,,,에델,https://m.place.naver.com/my/5be2837591f637ac485b3277/review?v=2,1440,,,굿,,2023년 9월 11일 월요일,15번째 방문,영수증
스타벅스 공릉역점,카페,4.44,,,나대로1,https://m.place.naver.com/my/5b6626b4413ade0edfd52f29/review?v=2,2756,232.0,,1층에 테이블이 3개 생겨서 더 퍈헤졌어요~~!,"일시적인 오류가 발생했습니다
친절해요",2023년 5월 6일 토요일,12번째 방문,영수증
스타벅스 공릉역점,카페,4.44,,,나뿡이,https://m.place.naver.com/my/5e4b720e8f87a842bcd756fa/review?v=2,1517,10.0,,굿 조아여,,2023년 8월 5일 토요일,7번째 방문,영수증
스타벅스 공릉역점,카페,4.44,,,극뽁,https://m.place.naver.com/my/5b7bb177800a646ab99da3eb/review?v=2,618,,,굿,"일시적인 오류가 발생했습니다
사진이 잘 나와요",2023년 10월 6일 금요일,6번째 방문,영수증
스타벅스 공릉역점,카페,4.44,,,아로파96,https://m.place.naver.com/my/5f055c9634a524e70c5b9ef9/review?v=2,586,,,좋아요,,2023년 10월 2일 월요일,24번째 방문,영수증
스타벅스 공릉역점,카페,4.44,,,달그림자4587,https://m.place.naver.com/my/5f18d9209ec8258e4a834f1b/review?v=2,595,,,오늘도 잘 이용해요.,"일시적인 오류가 발생했습니다
커피가 맛있어요",2023년 9월 1일 금요일,1번째 방문,영수증
스타벅스 공릉역점,카페,4.44,,,에델,https://m.place.naver.com/my/5be2837591f637ac485b3277/review?v=2,1440,,,굿,,2023년 9월 8일 금요일,14번째 방문,영수증
스타벅스 공릉역점,카페,4.44,,,향기로운 채움,https://m.place.naver.com/my/605d8e91b17852528f300769/review?v=2,2293,1.0,,좋아요,,2023년 11월 21일 화요일,57번째 방문,영수증
스타벅스 공릉역점,카페,4.44,,,스마일 마미,https://m.place.naver.com/my/5bcde2763cb60d0e72a98858/review?v=2,621,,,별모아 여름 신메뉴먹어봐요,,2023년 5월 8일 월요일,8번째 방문,영수증
스타벅스 공릉역점,카페,4.44,,,해피바이러스0903,https://m.place.naver.com/my/5eacf1528f87a842bcfc1975/review?v=2,2643,49.0,,친절해요,"일시적인 오류가 발생했습니다
커피가 맛있어요",2023년 8월 4일 금요일,6번째 방문,영수증
스타벅스 공릉역점,카페,4.44,,,CRESCENT,https://m.place.naver.com/my/616188f2004deb8c43ce6581/review?v=2,253,10.0,,바닐라 크림 콜드브루 맛있어요,"일시적인 오류가 발생했습니다
음료가 맛있어요",2023년 5월 18일 목요일,2번째 방문,영수증
스타벅스 공릉역점,카페,4.44,,,2qmath,https://m.place.naver.com/my/5d252b7dc0e0769317bd618d/review?v=2,96,,,커피. 유자 밀크티 좋아요~~,,2023년 7월 24일 월요일,1번째 방문,영수증
스타벅스 공릉역점,카페,4.44,,,Choilouis,https://m.place.naver.com/my/5ba1df468fb201c56601e9f4/review?v=2,3264,,,대화하기 좋아요,,2023년 11월 18일 토요일,1번째 방문,영수증
스타벅스 공릉역점,카페,4.44,,,효은맘83,https://m.place.naver.com/my/5c2e70db426a78264d367b43/review?v=2,595,,,딸기요거트와 아이스 아메리카노 가 맛있어요.,"일시적인 오류가 발생했습니다
음료가 맛있어요",2023년 5월 16일 화요일,2번째 방문,영수증
스타벅스 공릉역점,카페,4.44,,,아로파96,https://m.place.naver.com/my/5f055c9634a524e70c5b9ef9/review?v=2,586,,,좋아요,,2023년 9월 24일 일요일,23번째 방문,영수증
스타벅스 공릉역점,카페,4.44,,,한명기,https://m.place.naver.com/my/5efeea87ee06165e651d2139/review?v=2,950,,,ㄷ,,2023년 8월 29일 화요일,3번째 방문,영수증
스타벅스 공릉역점,카페,4.44,,,극뽁,https://m.place.naver.com/my/5b7bb177800a646ab99da3eb/review?v=2,618,,,굿,,2023년 9월 25일 월요일,5번째 방문,영수증
스타벅스 공릉역점,카페,4.44,,,epg****,https://m.place.naver.com/my/5d11cf585868d438fb1f4365/review?v=2,1774,,,조어요,,2024년 3월 4일 월요일,33번째 방문,영수증
스타벅스 공릉역점,카페,4.44,,,한울타리29,https://m.place.naver.com/my/5f329fed9ec8258e4a8b8737/review?v=2,1463,,,대화하기 좋고 친절하게 주문받아 좋음,"일시적인 오류가 발생했습니다
대화하기 좋아요",2023년 11월 27일 월요일,11번째 방문,영수증
스타벅스 공릉역점,카페,4.44,,,이미스,https://m.place.naver.com/my/5c2b3d3a0c63a39ba287eef2/review?v=2,749,,,커피짱,,2023년 9월 23일 토요일,36번째 방문,영수증
스타벅스 공릉역점,카페,4.44,,,아로파96,https://m.place.naver.com/my/5f055c9634a524e70c5b9ef9/review?v=2,586,,,좋아요,,2023년 9월 19일 화요일,22번째 방문,영수증
스타벅스 공릉역점,카페,4.44,,,poi****,https://m.place.naver.com/my/5d242fcae30d6798a51e2a16/review?v=2,174,7.0,,텀블러 구매. 편해요.,,2023년 8월 19일 토요일,1번째 방문,영수증
스타벅스 공릉역점,카페,4.44,,,나뿡이,https://m.place.naver.com/my/5e4b720e8f87a842bcd756fa/review?v=2,1517,10.0,,굿,,2023년 7월 22일 토요일,6번째 방문,영수증
스타벅스 공릉역점,카페,4.44,,,geniustiger,https://m.place.naver.com/my/5c87110e3d70790d09b3964a/review?v=2,1779,,,굿,"일시적인 오류가 발생했습니다
커피가 맛있어요",2023년 9월 19일 화요일,9번째 방문,영수증
스타벅스 공릉역점,카페,4.44,,,sdfsdf32,https://m.place.naver.com/my/5d407c5575c2752e90bb195f/review?v=2,505,,,카카오음료를 먹어봅니당,,2023년 5월 17일 수요일,1번째 방문,영수증
스타벅스 공릉역점,카페,4.44,,,지나978,https://m.place.naver.com/my/5ee5d6508f87a842bc2462ec/review?v=2,339,,,집앞이라 좋아유,,2023년 6월 19일 월요일,5번째 방문,영수증
스타벅스 공릉역점,카페,4.44,,,서리1970,https://m.place.naver.com/my/5eedb29b8f87a842bc8354f5/review?v=2,988,15.0,,굿,,2023년 9월 4일 월요일,5번째 방문,영수증
스타벅스 공릉역점,카페,4.44,,,dlgidal8223,https://m.place.naver.com/my/5ee487cb8f87a842bca8a920/review?v=2,406,,,굿굿,"일시적인 오류가 발생했습니다
커피가 맛있어요",2023년 11월 24일 금요일,2번째 방문,영수증
스타벅스 공릉역점,카페,4.44,,,룩바,https://m.place.naver.com/my/5ba1d29d741828e1ffe149de/review?v=2,535,,,맛있어요,,2023년 8월 14일 월요일,7번째 방문,영수증
스타벅스 공릉역점,카페,4.44,,,아로파96,https://m.place.naver.com/my/5f055c9634a524e70c5b9ef9/review?v=2,586,,,좋아요,,2023년 9월 12일 화요일,21번째 방문,영수증
스타벅스 공릉역점,카페,4.44,,,min****,https://m.place.naver.com/my/5e5790608f87a842bccc8846/review?v=2,370,19.0,,"말차라떼 덜달게 해쥬셔셔 감사합니다❤️
밥먹고와서 약먹으려고 물한잔 달라고 부탁했었는데, 바쁜건 알겠는데 넘 기분이 나쁘네요.😟
요즘은 개인카페에가도 셀프로 물 먹을수있게 구비되어있는데, 물달라고 부탁하기에도 눈치보이는데 그걸 티내시는것도 좀그렇네요🥲
다음부턴 물도 사먹을께요",,2023년 4월 9일 일요일,1번째 방문,영수증
스타벅스 공릉역점,카페,4.44,,,Jessicat,https://m.place.naver.com/my/5d2ee6b201033191bca332d3/review?v=2,1038,,,좋습니다,"일시적인 오류가 발생했습니다
커피가 맛있어요",2023년 12월 14일 목요일,15번째 방문,영수증
스타벅스 공릉역점,카페,4.44,,,나대로1,https://m.place.naver.com/my/5b6626b4413ade0edfd52f29/review?v=2,2756,232.0,,"일요일에는 아침 8시에 오픈, 디카페인에 톨사이즈보다 작은 사이즈가 있어 좋아요~~!","일시적인 오류가 발생했습니다
매장이 청결해요",2023년 2월 5일 일요일,9번째 방문,영수증
스타벅스 공릉역점,카페,4.44,,,한울타리29,https://m.place.naver.com/my/5f329fed9ec8258e4a8b8737/review?v=2,1463,,,"쿠폰이 생겨서 새로운 메뉴를 밴티 사이즈로
마시니 기분이 더 좋네요
가끔은 공으로 호사를 누리는 기분을 누군가에게도
누릴 기회를 줘야겠네요",,2023년 11월 15일 수요일,10번째 방문,영수증
스타벅스 공릉역점,카페,4.44,,,ros****,https://m.place.naver.com/my/5ede220c8f87a842bcd7a7d2/review?v=2,581,,,좋아요 ,,2023년 9월 28일 목요일,2번째 방문,영수증
스타벅스 공릉역점,카페,4.44,,,브룩클린68,https://m.place.naver.com/my/5d9626388f87a842bc828524/review?v=2,532,1.0,,굿,,2023년 9월 25일 월요일,2번째 방문,영수증
스타벅스 공릉역점,카페,4.44,,,정석아영맘,https://m.place.naver.com/my/5b76bc42ad1e80c5db25a254/review?v=2,528,,,굿,,2023년 8월 30일 수요일,1번째 방문,영수증
스타벅스 공릉역점,카페,4.44,,,속리산 정이품송,https://m.place.naver.com/my/5d1cca38ff89b62f83fd8eeb/review?v=2,393,,,,"일시적인 오류가 발생했습니다
커피가 맛있어요",2023년 10월 24일 화요일,1번째 방문,영수증
스타벅스 공릉역점,카페,4.44,,,아로파96,https://m.place.naver.com/my/5f055c9634a524e70c5b9ef9/review?v=2,586,,,좋아요,,2023년 9월 6일 수요일,20번째 방문,영수증
스타벅스 공릉역점,카페,4.44,,,div****,https://m.place.naver.com/my/5eae69228f87a842bcc91b24/review?v=2,1905,,,ㅎ,,2023년 9월 3일 일요일,3번째 방문,영수증
스타벅스 공릉역점,카페,4.44,,,mja****,https://m.place.naver.com/my/5ec0e84b8f87a842bc0c2842/review?v=2,535,,,굿,,2023년 8월 28일 월요일,1번째 방문,영수증
스타벅스 공릉역점,카페,4.44,,,이미스,https://m.place.naver.com/my/5c2b3d3a0c63a39ba287eef2/review?v=2,749,,,굿,,2023년 9월 7일 목요일,35번째 방문,영수증
스타벅스 공릉역점,카페,4.44,,,아로파96,https://m.place.naver.com/my/5f055c9634a524e70c5b9ef9/review?v=2,586,,,좋아요,,2023년 9월 4일 월요일,19번째 방문,영수증
스타벅스 공릉역점,카페,4.44,,,happyW,https://m.place.naver.com/my/5d786cb08f87a842bc2e5b6f/review?v=2,780,,,딸기폼 맛나요,"일시적인 오류가 발생했습니다
커피가 맛있어요",2024년 1월 27일 토요일,1번째 방문,영수증
스타벅스 공릉역점,카페,4.44,,,mms****,https://m.place.naver.com/my/5efe6a2968401871104e9aef/review?v=2,508,,,"커피와 디저트가 만족스럽습니다
","일시적인 오류가 발생했습니다
커피가 맛있어요",2023년 9월 4일 월요일,1번째 방문,영수증
스타벅스 공릉역점,카페,4.44,,,lIlIllIII,https://m.place.naver.com/my/5e4911138f87a842bc522bae/review?v=2,1744,,,스벅,,2023년 8월 22일 화요일,20번째 방문,영수증
스타벅스 공릉역점,카페,4.44,,,love story18,https://m.place.naver.com/my/6243c4e2ed9de778c18870ec/review?v=2,194,,,커피 맛있어요,"일시적인 오류가 발생했습니다
커피가 맛있어요",2023년 6월 28일 수요일,2번째 방문,영수증
스타벅스 공릉역점,카페,4.44,,,hasis,https://m.place.naver.com/my/5be177d418475c76c34c4944/review?v=2,1946,,,"케익 맛나요~
나오자마자 순삭~~;;","일시적인 오류가 발생했습니다
화장실이 깨끗해요",2023년 4월 10일 월요일,3번째 방문,영수증
스타벅스 공릉역점,카페,4.44,,,kjm****,https://m.place.naver.com/my/6020da550385d42d0b2fd826/review?v=2,1093,,,대화하기 좋아요 ,"일시적인 오류가 발생했습니다
커피가 맛있어요",2023년 6월 30일 금요일,1번째 방문,영수증
스타벅스 공릉역점,카페,4.44,,,black07927,https://m.place.naver.com/my/5d5a68cc220adca5c3811886/review?v=2,1049,,,커피,,2023년 8월 24일 목요일,3번째 방문,영수증
스타벅스 공릉역점,카페,4.44,,,df****,https://m.place.naver.com/my/60f3c59803d2df5c3b45df09/review?v=2,744,,,좋아요,"일시적인 오류가 발생했습니다
특별한 메뉴가 있어요",2023년 9월 15일 금요일,2번째 방문,영수증
스타벅스 공릉역점,카페,4.44,,,이미스,https://m.place.naver.com/my/5c2b3d3a0c63a39ba287eef2/review?v=2,749,,,굿,,2023년 9월 1일 금요일,34번째 방문,영수증
스타벅스 공릉역점,카페,4.44,,,나대로1,https://m.place.naver.com/my/5b6626b4413ade0edfd52f29/review?v=2,2756,232.0,,"퇴근 길, 봄이 보인다! 돌체라떼와 함께~~","일시적인 오류가 발생했습니다
화장실이 깨끗해요",2023년 2월 27일 월요일,10번째 방문,영수증
스타벅스 공릉역점,카페,4.44,,,kyh****,https://m.place.naver.com/my/5b87ae1ae8effe4236ee2805/review?v=2,1461,23.0,,좋아요,,2023년 8월 20일 일요일,4번째 방문,영수증
스타벅스 공릉역점,카페,4.44,,,geniustiger,https://m.place.naver.com/my/5c87110e3d70790d09b3964a/review?v=2,1779,,,굿,,2023년 8월 31일 목요일,8번째 방문,영수증
스타벅스 공릉역점,카페,4.44,,,금붕어794,https://m.place.naver.com/my/603f317090f8649abfe2657a/review?v=2,924,,,친절하며 커피 맛이 좋아요,,2023년 6월 30일 금요일,2번째 방문,영수증
스타벅스 공릉역점,카페,4.44,,,맛집 멋집 좋은집,https://m.place.naver.com/my/607909ce6cf9a8e969202cd4/review?v=2,116,2.0,,매장이 넓어요,,2023년 6월 24일 토요일,1번째 방문,영수증
스타벅스 공릉역점,카페,4.44,,,MoonMoon62,https://m.place.naver.com/my/5e5f7e8a8f87a842bc6ed861/review?v=2,1400,,,친절해요,,2023년 8월 30일 수요일,30번째 방문,영수증
스타벅스 공릉역점,카페,4.44,,,한울타리29,https://m.place.naver.com/my/5f329fed9ec8258e4a8b8737/review?v=2,1463,,,"일회용 용기를 사용하지 않으려고 모임때마다
인원수대로 텀블러를 챙기는데 부피나 무게가 만만치 않네요
모두 각자 하나씩 들고 오면 좋은데
별 쌓는 재미도 좋구요",,2023년 10월 26일 목요일,9번째 방문,영수증
스타벅스 공릉역점,카페,4.44,,,스마일 마미,https://m.place.naver.com/my/5bcde2763cb60d0e72a98858/review?v=2,621,,,신메뉴라 먹어봤어요,,2023년 5월 4일 목요일,7번째 방문,영수증
스타벅스 공릉역점,카페,4.44,,,콩새내껀데,https://m.place.naver.com/my/5efe3f2315c4bcd43058f2b0/review?v=2,1973,,,굿 ,,2023년 8월 18일 금요일,1번째 방문,영수증
스타벅스 공릉역점,카페,4.44,,,오로라공주용,https://m.place.naver.com/my/5bebba8238a827e7920f4b80/review?v=2,1353,,,좋아요,"일시적인 오류가 발생했습니다
커피가 맛있어요",2023년 8월 29일 화요일,5번째 방문,영수증
스타벅스 공릉역점,카페,4.44,,,말랑한자두,https://m.place.naver.com/my/5dc680b18f87a842bc175037/review?v=2,499,12.0,,"항상 오픈시간쯤가면 피곤하신지 조금 경직된 자세로 응대하시네요ㅠ
매장넓어서 좋아요!","일시적인 오류가 발생했습니다
특별한 메뉴가 있어요",2023년 5월 17일 수요일,1번째 방문,영수증
스타벅스 공릉역점,카페,4.44,,,야옹이5624,https://m.place.naver.com/my/5c08791ce652205108b9cc9e/review?v=2,1324,,,굿,"일시적인 오류가 발생했습니다
음료가 맛있어요",2023년 7월 1일 토요일,9번째 방문,영수증
스타벅스 공릉역점,카페,4.44,,,dptmej950,https://m.place.naver.com/my/5db857648f87a842bc0833ff/review?v=2,878,,,굳,,2023년 8월 17일 목요일,13번째 방문,영수증
스타벅스 공릉역점,카페,4.44,,,kmonjardin28,https://m.place.naver.com/my/5f05ef83a2a8ca9c233724a8/review?v=2,589,,,좋아요.,,2023년 11월 19일 일요일,8번째 방문,영수증
스타벅스 공릉역점,카페,4.44,,,아로파96,https://m.place.naver.com/my/5f055c9634a524e70c5b9ef9/review?v=2,586,,,좋아요,,2023년 8월 24일 목요일,18번째 방문,영수증
스타벅스 공릉역점,카페,4.44,,,계프,https://m.place.naver.com/my/5b9b6df3a75da73a8d3a23b7/review?v=2,4822,78.0,,,"일시적인 오류가 발생했습니다
커피가 맛있어요",2023년 9월 18일 월요일,6번째 방문,영수증
스타벅스 공릉역점,카페,4.44,,,캔디걸78,https://m.place.naver.com/my/5e271c2c8f87a842bcc8aceb/review?v=2,1423,,,,,2023년 7월 7일 금요일,3번째 방문,영수증
스타벅스 공릉역점,카페,4.44,,,에이미다람,https://m.place.naver.com/my/5c1df7f23c851b68898a7a41/review?v=2,763,27.0,,손님이 많아도 손님 응대를 빠르게 잘하세요,,2023년 4월 7일 금요일,3번째 방문,영수증
스타벅스 공릉역점,카페,4.44,,,떼롱님,https://m.place.naver.com/my/5c00cf878a66f59af8d57cc6/review?v=2,780,3.0,,"바토크베 너무너무너무 먹어보고 싶었는데 
드디어 겟✨,,,ㅎㅎㅎ 맛있음 ","일시적인 오류가 발생했습니다
디저트가 맛있어요",2023년 6월 23일 금요일,4번째 방문,영수증
스타벅스 공릉역점,카페,4.44,,,kjbkys,https://m.place.naver.com/my/62bc32f49dcfa9f935bc4246/review?v=2,606,,,굿,,2023년 8월 24일 목요일,13번째 방문,영수증
스타벅스 공릉역점,카페,4.44,,,빙그레36,https://m.place.naver.com/my/5cfcfd52b27040f74ec8a152/review?v=2,107,,,스벅 음료 맛나요,,2023년 7월 21일 금요일,1번째 방문,영수증
스타벅스 공릉역점,카페,4.44,,,df****,https://m.place.naver.com/my/60f3c59803d2df5c3b45df09/review?v=2,744,,,좋아요,"일시적인 오류가 발생했습니다
디저트가 맛있어요",2023년 9월 12일 화요일,1번째 방문,영수증
스타벅스 공릉역점,카페,4.44,,,ginee512,https://m.place.naver.com/my/5c3701444fd00c134bb94913/review?v=2,1183,25.0,,"2층엔 노트북족들이 가득 ㅠ
1층서 마셨어요 ",,2023년 5월 21일 일요일,1번째 방문,영수증
스타벅스 공릉역점,카페,4.44,,,pma****,https://m.place.naver.com/my/60d9248a193811619c0b4f79/review?v=2,620,,,대화히기 좋고 친절하게 잘 설명해주세요 ,"일시적인 오류가 발생했습니다
커피가 맛있어요",2023년 6월 20일 화요일,4번째 방문,영수증
스타벅스 공릉역점,카페,4.44,,,일상맛집,https://m.place.naver.com/my/5cc413c2177fb7bd284db926/review?v=2,585,36.0,,블랙햅쌀라떼 고소하고 너무 단 맛도 없고 맛있어요. 쌀알이 씹히는게 싫으신 분은 한 번 더 생각해보고 결정하세요. 직원분 친절하시고 좋아요.,"일시적인 오류가 발생했습니다
음료가 맛있어요",2023년 1월 18일 수요일,2번째 방문,영수증
스타벅스 공릉역점,카페,4.44,,,yso****,https://m.place.naver.com/my/5c163fbf51e236bb47f72ed6/review?v=2,2762,,,좋아요,,2023년 8월 11일 금요일,7번째 방문,영수증
스타벅스 공릉역점,카페,4.44,,,럽잇슈,https://m.place.naver.com/my/5c5a55677adc720a0216faa9/review?v=2,169,,,친절해서 기분이 좋네요,"일시적인 오류가 발생했습니다
디저트가 맛있어요",2023년 7월 17일 월요일,1번째 방문,영수증
스타벅스 공릉역점,카페,4.44,,,hasis,https://m.place.naver.com/my/5be177d418475c76c34c4944/review?v=2,1946,,,좋아요♡♡,"일시적인 오류가 발생했습니다
디저트가 맛있어요",2023년 6월 28일 수요일,4번째 방문,영수증
스타벅스 공릉역점,카페,4.44,,,오른이020,https://m.place.naver.com/my/5dc0ffe18f87a842bc24e8b2/review?v=2,413,1.0,,스벅좋아요! 항상 사람이 많네요,,2023년 5월 17일 수요일,1번째 방문,영수증
스타벅스 공릉역점,카페,4.44,,,나대로1,https://m.place.naver.com/my/5b6626b4413ade0edfd52f29/review?v=2,2756,232.0,,나의 최애 쿨라임피지오를 여름이 오기 전에 먹다니 …. 올 여름은 유난히 더울 듯,"일시적인 오류가 발생했습니다
특별한 메뉴가 있어요",2023년 3월 28일 화요일,11번째 방문,영수증
스타벅스 공릉역점,카페,4.44,,,yopp57,https://m.place.naver.com/my/5efec117493ad9a9a0ec2983/review?v=2,613,,,"늘 주차가 너무 힘들어서 
테이크아웃합니다.","일시적인 오류가 발생했습니다
커피가 맛있어요",2023년 5월 15일 월요일,1번째 방문,영수증
스타벅스 공릉역점,카페,4.44,,,욱스맘59,https://m.place.naver.com/my/5df271be8f87a842bcccf12a/review?v=2,917,,,ㄱ,,2023년 8월 19일 토요일,2번째 방문,영수증
스타벅스 공릉역점,카페,4.44,,,태미니염,https://m.place.naver.com/my/5be2ec42954fe8d88303d960/review?v=2,1240,,,ㄱ,,2023년 8월 19일 토요일,1번째 방문,영수증
스타벅스 공릉역점,카페,4.44,,,에델,https://m.place.naver.com/my/5be2837591f637ac485b3277/review?v=2,1440,,,굿,,2023년 8월 12일 토요일,13번째 방문,영수증
스타벅스 공릉역점,카페,4.44,,,블루3838,https://m.place.naver.com/my/5ddb2f399ec8258e4ab0f7f8/review?v=2,466,,,좋아요,"일시적인 오류가 발생했습니다
커피가 맛있어요",2023년 8월 4일 금요일,2번째 방문,영수증
스타벅스 공릉역점,카페,4.44,,,yso****,https://m.place.naver.com/my/5c163fbf51e236bb47f72ed6/review?v=2,2762,,,좋아요,,2023년 8월 4일 금요일,6번째 방문,영수증
스타벅스 공릉역점,카페,4.44,,,Bigwave4242,https://m.place.naver.com/my/5c26278b8f585f2192abd853/review?v=2,1968,,,,,2023년 6월 16일 금요일,3번째 방문,영수증
스타벅스 공릉역점,카페,4.44,,,올리브34,https://m.place.naver.com/my/5d25ce90c9b8e49272c315a9/review?v=2,186,,,딸 아이와  좋은 시간 보내고 왔습니다,"일시적인 오류가 발생했습니다
커피가 맛있어요",2023년 4월 9일 일요일,1번째 방문,영수증
스타벅스 공릉역점,카페,4.44,,,좋은 날이랍니다,https://m.place.naver.com/my/5f997fdf8030a704a960a30f/review?v=2,785,2.0,,맛있어요 ,"일시적인 오류가 발생했습니다
디저트가 맛있어요",2024년 1월 21일 일요일,3번째 방문,영수증
스타벅스 공릉역점,카페,4.44,,,Dragonteacher,https://m.place.naver.com/my/5f062acba33384f6f57eb39a/review?v=2,437,,,"고구마케잌은 맛있었는데 커피와 말차라떼는 
별로네요~ 2층에서 마셨는데 혼자 와서 노트북켜고 열공하는 고객이 많아서 대화 나누기에는
편하지가 않았어요.ㅠ
화장실 안 기다리는 공간이 너무 좁아서 불편해요.",,2023년 3월 9일 목요일,1번째 방문,영수증
스타벅스 공릉역점,카페,4.44,,,캔디걸78,https://m.place.naver.com/my/5e271c2c8f87a842bcc8aceb/review?v=2,1423,,,,"일시적인 오류가 발생했습니다
대화하기 좋아요",2023년 6월 28일 수요일,2번째 방문,영수증
스타벅스 공릉역점,카페,4.44,,,촌스런 아저씨,https://m.place.naver.com/my/5e5db0a18f87a842bcd026b2/review?v=2,477,,,이용자 많아요,"일시적인 오류가 발생했습니다
집중하기 좋아요",2023년 7월 9일 일요일,1번째 방문,영수증
스타벅스 공릉역점,카페,4.44,,,치치9132,https://m.place.naver.com/my/5e87f2278f87a842bc197013/review?v=2,385,,,아이가 좋아해요,"일시적인 오류가 발생했습니다
대화하기 좋아요",2023년 6월 2일 금요일,2번째 방문,영수증
스타벅스 공릉역점,카페,4.44,,,초월전사,https://m.place.naver.com/my/5f4255dca602e98f5607d32d/review?v=2,660,1.0,,커피랑 히비스커스 맛있네요 !,,2023년 4월 4일 화요일,1번째 방문,영수증
스타벅스 공릉역점,카페,4.44,,,sooki2247,https://m.place.naver.com/my/5e889c838f87a842bcc3462c/review?v=2,1998,103.0,,자리  넓어 좋아요,"일시적인 오류가 발생했습니다
디저트가 맛있어요",2023년 4월 29일 토요일,2번째 방문,영수증
스타벅스 공릉역점,카페,4.44,,,더 프렌즈60,https://m.place.naver.com/my/5d85e1298f87a842bc34d023/review?v=2,1100,,,좋아요,,2023년 8월 26일 토요일,2번째 방문,영수증
스타벅스 공릉역점,카페,4.44,,,hibabyeah,https://m.place.naver.com/my/5dbbcf548f87a842bc42fa28/review?v=2,1142,5.0,,매장도 넓고 좋아요! ,"일시적인 오류가 발생했습니다
인테리어가 멋져요",2023년 5월 5일 금요일,1번째 방문,영수증
스타벅스 공릉역점,카페,4.44,,,ysj****,https://m.place.naver.com/my/5f36078a9ec8258e4aa1155a/review?v=2,449,,,디저트가 맛있어요,,2023년 7월 6일 목요일,1번째 방문,영수증
스타벅스 공릉역점,카페,4.44,,,스페인여행가,https://m.place.naver.com/my/5cc7849d4b9a9bf1e05e5db0/review?v=2,60,3.0,,"2층에 좌석도 많고 간격도 넓어서 쾌적해요
","일시적인 오류가 발생했습니다
대화하기 좋아요",2023년 4월 2일 일요일,1번째 방문,영수증
스타벅스 공릉역점,카페,4.44,,,스마일 마미,https://m.place.naver.com/my/5bcde2763cb60d0e72a98858/review?v=2,621,,,색상만 이쁨 맛은 그닥,,2023년 4월 19일 수요일,6번째 방문,영수증
스타벅스 공릉역점,카페,4.44,,,뚜뚜루뚜루뚜,https://m.place.naver.com/my/5ef3400a8f87a842bc25ced3/review?v=2,346,,,역앞이라 좋아요,"일시적인 오류가 발생했습니다
매장이 청결해요",2023년 5월 31일 수요일,1번째 방문,영수증
스타벅스 공릉역점,카페,4.44,,,kwo****,https://m.place.naver.com/my/5bd54241735cf06089183776/review?v=2,1419,,,',"일시적인 오류가 발생했습니다
커피가 맛있어요",2023년 10월 14일 토요일,9번째 방문,영수증
스타벅스 공릉역점,카페,4.44,,,MLHBee,https://m.place.naver.com/my/5cc2d23dca33c39a5a1b0d36/review?v=2,926,,,신메뉴와 내 최애의 조합이란,,2023년 4월 9일 일요일,5번째 방문,영수증
스타벅스 공릉역점,카페,4.44,,,아로파96,https://m.place.naver.com/my/5f055c9634a524e70c5b9ef9/review?v=2,586,,,좋아요,"일시적인 오류가 발생했습니다
친절해요",2023년 8월 22일 화요일,17번째 방문,영수증
스타벅스 공릉역점,카페,4.44,,,연엔우,https://m.place.naver.com/my/5e2bb51b8f87a842bc908db1/review?v=2,1391,,,"늘 즐겨먹는 커피입니다
맛있어요",,2023년 6월 1일 목요일,1번째 방문,영수증
스타벅스 공릉역점,카페,4.44,,,행복 mom,https://m.place.naver.com/my/5c07304256a8819f586a2862/review?v=2,170,26.0,,"신제품 얼그레이바니라밀크티를 먹어봤어요.
엄청 획기적이지는 않고 그냥 밀크티 맛~~
다 아는 맛 이기는 하지만 맛있이요","일시적인 오류가 발생했습니다
커피가 맛있어요",2023년 2월 23일 목요일,1번째 방문,영수증
스타벅스 공릉역점,카페,4.44,,,꽃방구 폴폴,https://m.place.naver.com/my/5d9454b58f87a842bc709e4a/review?v=2,1355,,,공부하는 분들이 많아 자리가 없어요,"일시적인 오류가 발생했습니다
커피가 맛있어요",2023년 7월 23일 일요일,2번째 방문,영수증
스타벅스 공릉역점,카페,4.44,,,kjbkys,https://m.place.naver.com/my/62bc32f49dcfa9f935bc4246/review?v=2,606,,,굿,,2023년 8월 1일 화요일,12번째 방문,영수증
스타벅스 공릉역점,카페,4.44,,,바이올렛4914,https://m.place.naver.com/my/5ca47da72647f57b3d9d95c1/review?v=2,565,,,레몬케이크 새로나와서 먹어봤는데 레몬 마들렌 맛이에요ㅋㅋ용과 레몬에이드는 시원하고 상큼하니 괜찮아요,,2023년 5월 17일 수요일,1번째 방문,영수증
스타벅스 공릉역점,카페,4.44,,,민트체리블루밍,https://m.place.naver.com/my/5d1989107a7f0b61be60450e/review?v=2,1996,48.0,,맛있어요 ,"일시적인 오류가 발생했습니다
커피가 맛있어요",2023년 6월 29일 목요일,1번째 방문,영수증
스타벅스 공릉역점,카페,4.44,,,스마일 마미,https://m.place.naver.com/my/5bcde2763cb60d0e72a98858/review?v=2,621,,,신메뉴라 주문해봤는데 제 입맛에는 너무 달아요,,2023년 3월 21일 화요일,5번째 방문,영수증
스타벅스 공릉역점,카페,4.44,,,나대로1,https://m.place.naver.com/my/5b6626b4413ade0edfd52f29/review?v=2,2756,232.0,,오후에는 디카페인커피로!,"일시적인 오류가 발생했습니다
커피가 맛있어요",2023년 1월 15일 일요일,6번째 방문,영수증
스타벅스 공릉역점,카페,4.44,,,민초몬,https://m.place.naver.com/my/5d90729b8f87a842bc15d9ca/review?v=2,459,24.0,,주차가능하고 역에서 가까워서 좋아요,"일시적인 오류가 발생했습니다
커피가 맛있어요",2023년 4월 24일 월요일,2번째 방문,영수증
스타벅스 공릉역점,카페,4.44,,,hojeong37,https://m.place.naver.com/my/5efef4b9a7f1cdd89fef3f2a/review?v=2,995,,,좋아요,"일시적인 오류가 발생했습니다
커피가 맛있어요",2023년 7월 16일 일요일,2번째 방문,영수증
스타벅스 공릉역점,카페,4.44,,,dbt****,https://m.place.naver.com/my/61b84e5782ac4f6f61ee562d/review?v=2,609,,,종류가 많고 친절해요,"일시적인 오류가 발생했습니다
디저트가 맛있어요",2023년 6월 22일 목요일,4번째 방문,영수증
스타벅스 공릉역점,카페,4.44,,,libertyas,https://m.place.naver.com/my/5d6a81738f87a842bc196d13/review?v=2,1404,4.0,,좋아요.,,2023년 7월 31일 월요일,4번째 방문,영수증
스타벅스 공릉역점,카페,4.44,,,나뿡이,https://m.place.naver.com/my/5e4b720e8f87a842bcd756fa/review?v=2,1517,10.0,,ㄱ,,2023년 6월 24일 토요일,5번째 방문,영수증
스타벅스 공릉역점,카페,4.44,,,선64,https://m.place.naver.com/my/62b438c5a13dc2690dd3bd03/review?v=2,123,,,굿,"일시적인 오류가 발생했습니다
커피가 맛있어요",2023년 11월 8일 수요일,1번째 방문,영수증
스타벅스 공릉역점,카페,4.44,,,아로파96,https://m.place.naver.com/my/5f055c9634a524e70c5b9ef9/review?v=2,586,,,좋아요,,2023년 8월 13일 일요일,16번째 방문,영수증
스타벅스 공릉역점,카페,4.44,,,아로파96,https://m.place.naver.com/my/5f055c9634a524e70c5b9ef9/review?v=2,586,,,좋아요,,2023년 8월 12일 토요일,15번째 방문,영수증
스타벅스 공릉역점,카페,4.44,,,qlv****,https://m.place.naver.com/my/621cc727cd0e69677d981f40/review?v=2,776,4.0,,좋아요,,2023년 8월 14일 월요일,1번째 방문,영수증
스타벅스 공릉역점,카페,4.44,,,초띵콩,https://m.place.naver.com/my/5efe146c854ca92931131c44/review?v=2,44,,,자주와요 좋아요,"일시적인 오류가 발생했습니다
화장실이 깨끗해요",2023년 5월 31일 수요일,4번째 방문,영수증
스타벅스 공릉역점,카페,4.44,,,aig****,https://m.place.naver.com/my/5f04c84d92c132301ca07306/review?v=2,258,,,좋아요,"일시적인 오류가 발생했습니다
특별한 메뉴가 있어요",2023년 8월 10일 목요일,7번째 방문,영수증
스타벅스 공릉역점,카페,4.44,,,이미스,https://m.place.naver.com/my/5c2b3d3a0c63a39ba287eef2/review?v=2,749,,,커피맛나요,,2023년 8월 10일 목요일,33번째 방문,영수증
스타벅스 공릉역점,카페,4.44,,,아로파96,https://m.place.naver.com/my/5f055c9634a524e70c5b9ef9/review?v=2,586,,,좋아요,,2023년 8월 7일 월요일,14번째 방문,영수증
스타벅스 공릉역점,카페,4.44,,,happyness무지개,https://m.place.naver.com/my/5f0568b0d55dbc0b180891b6/review?v=2,109,,,직원분들 친절합니다. 커피가 좋아요^^,"일시적인 오류가 발생했습니다
대화하기 좋아요",2023년 5월 17일 수요일,3번째 방문,영수증
스타벅스 공릉역점,카페,4.44,,,yso****,https://m.place.naver.com/my/5c163fbf51e236bb47f72ed6/review?v=2,2762,,,좋아요,,2023년 7월 7일 금요일,5번째 방문,영수증
스타벅스 공릉역점,카페,4.44,,,ahe****,https://m.place.naver.com/my/5f0678249127dcb4fc68688d/review?v=2,1044,,,맛있는 바닐라라떼로 모닝커피 준비완료~,"일시적인 오류가 발생했습니다
커피가 맛있어요",2023년 3월 17일 금요일,1번째 방문,영수증
스타벅스 공릉역점,카페,4.44,,,우후훗31,https://m.place.naver.com/my/5b9b6c8c87b4a2e629fae3a3/review?v=2,363,,,굿,,2023년 10월 10일 화요일,13번째 방문,영수증
스타벅스 공릉역점,카페,4.44,,,MoonMoon62,https://m.place.naver.com/my/5e5f7e8a8f87a842bc6ed861/review?v=2,1400,,,친절해요,,2023년 8월 9일 수요일,29번째 방문,영수증
스타벅스 공릉역점,카페,4.44,,,에이미다람,https://m.place.naver.com/my/5c1df7f23c851b68898a7a41/review?v=2,763,27.0,,따뜻한 커피와 차가운 아이스크림의 조화도 괜찮아요,,2023년 3월 5일 일요일,2번째 방문,영수증
스타벅스 공릉역점,카페,4.44,,,mnb6941,https://m.place.naver.com/my/5e32b1fc8f87a842bc26bba5/review?v=2,240,,,매장 넓고 좋아요.,,2023년 6월 13일 화요일,9번째 방문,영수증
스타벅스 공릉역점,카페,4.44,,,상냥한니킥,https://m.place.naver.com/my/5b9b20f12fd4220ca2eb7f13/review?v=2,1959,75.0,,"그린 스텐리 아이슬랜드 텀블러
🌻 늘 건강하고 행복하기를 기도한다. 🌞","일시적인 오류가 발생했습니다
친절해요",2023년 1월 24일 화요일,9번째 방문,영수증
스타벅스 공릉역점,카페,4.44,,,아로파96,https://m.place.naver.com/my/5f055c9634a524e70c5b9ef9/review?v=2,586,,,좋아요,,2023년 8월 5일 토요일,13번째 방문,영수증
스타벅스 공릉역점,카페,4.44,,,귀결,https://m.place.naver.com/my/5f05be0f67168be022761f7c/review?v=2,131,,,굿굿,,2023년 8월 12일 토요일,13번째 방문,영수증
스타벅스 공릉역점,카페,4.44,,,보물9472,https://m.place.naver.com/my/6038aa9e21a5c501dc2b87ca/review?v=2,1108,,,굿,,2023년 10월 30일 월요일,1번째 방문,영수증
스타벅스 공릉역점,카페,4.44,,,MLHBee,https://m.place.naver.com/my/5cc2d23dca33c39a5a1b0d36/review?v=2,926,,,"슈크림 라떼, 슈슈크림 라떼라떼🍦",,2023년 3월 31일 금요일,4번째 방문,영수증
스타벅스 공릉역점,카페,4.44,,,박부인74,https://m.place.naver.com/my/5f0ba8ec9ec8258e4aaf2838/review?v=2,466,,,"넓어서좋아요
",,2023년 6월 11일 일요일,2번째 방문,영수증
스타벅스 공릉역점,카페,4.44,,,zan****,https://m.place.naver.com/my/5fc4e7e5be3497f33158d16b/review?v=2,548,,,굿,,2023년 10월 12일 목요일,4번째 방문,영수증
스타벅스 공릉역점,카페,4.44,,,ly1602,https://m.place.naver.com/my/5e47f4878f87a842bc57a294/review?v=2,663,,,,"일시적인 오류가 발생했습니다
커피가 맛있어요",2023년 8월 3일 목요일,4번째 방문,영수증
스타벅스 공릉역점,카페,4.44,,,offyour,https://m.place.naver.com/my/5b8017acb0fb6f3311f9133a/review?v=2,268,15.0,,스프링 신메뉴 맛있어용 통창이라 채광이 좋고 2층까지 깨끗해요!! 잘 마시고 갑니다,"일시적인 오류가 발생했습니다
집중하기 좋아요",2023년 2월 15일 수요일,1번째 방문,영수증
스타벅스 공릉역점,카페,4.44,,,ihy****,https://m.place.naver.com/my/5f80319a6c3d7f7334750c4f/review?v=2,69,,,넓은 매장 좋아요~^^,"일시적인 오류가 발생했습니다
커피가 맛있어요",2023년 6월 10일 토요일,1번째 방문,영수증
스타벅스 공릉역점,카페,4.44,,,skd****,https://m.place.naver.com/my/60e6c30076289644afe3f788/review?v=2,703,,,굿,,2023년 8월 3일 목요일,1번째 방문,영수증
스타벅스 공릉역점,카페,4.44,,,일상맛집,https://m.place.naver.com/my/5cc413c2177fb7bd284db926/review?v=2,585,36.0,,기프트카드 구매 및 충전했어요. 직원분 친절하시고 결제도 간편하고 빠르게 해주셨어요.,,2023년 2월 13일 월요일,3번째 방문,영수증
스타벅스 공릉역점,카페,4.44,,,kus****,https://m.place.naver.com/my/5ba431801f55e77252bd98e3/review?v=2,636,,,라떼를 자주 먹는데 요즘 느끼는거시만 우유를 데워 먹는 느낌 입니다. 샷추가 안하면 너무 맹탕임. 색도 우유를 데워서 주는줄.. 카페를 바꿔야하나 고민중. ,,2023년 2월 7일 화요일,5번째 방문,영수증
스타벅스 공릉역점,카페,4.44,,,dud****,https://m.place.naver.com/my/5c8e282d39a0b44166b8a979/review?v=2,319,,,"점심먹고 쿠폰사용하기위해 갔어요~
친절하게 응대해주시고 음료도 상큼하니
맛있었어요!!","일시적인 오류가 발생했습니다
매장이 청결해요",2023년 3월 24일 금요일,1번째 방문,영수증
스타벅스 공릉역점,카페,4.44,,,wu****,https://m.place.naver.com/my/5f90f3f7f725675511eb5300/review?v=2,2271,,,조아요,"일시적인 오류가 발생했습니다
커피가 맛있어요",2023년 7월 31일 월요일,5번째 방문,영수증
스타벅스 공릉역점,카페,4.44,,,귀결,https://m.place.naver.com/my/5f05be0f67168be022761f7c/review?v=2,131,,,좋아요,"일시적인 오류가 발생했습니다
친절해요",2023년 7월 31일 월요일,12번째 방문,영수증
스타벅스 공릉역점,카페,4.44,,,호호9997,https://m.place.naver.com/my/5c068e67d9e2407c16dd954b/review?v=2,854,,,굿,,2023년 9월 18일 월요일,4번째 방문,영수증
스타벅스 공릉역점,카페,4.44,,,빡빅,https://m.place.naver.com/my/5b9becff6907acb352d27de9/review?v=2,550,7.0,,말해뭐해스벅이죠 ㅎㅎㅎ,"일시적인 오류가 발생했습니다
커피가 맛있어요",2023년 4월 26일 수요일,2번째 방문,영수증
스타벅스 공릉역점,카페,4.44,,,향기로운 채움,https://m.place.naver.com/my/605d8e91b17852528f300769/review?v=2,2293,1.0,,좋아요,"일시적인 오류가 발생했습니다
디저트가 맛있어요",2023년 8월 27일 일요일,56번째 방문,영수증
스타벅스 공릉역점,카페,4.44,,,aig****,https://m.place.naver.com/my/5f04c84d92c132301ca07306/review?v=2,258,,,좋아요,,2023년 7월 30일 일요일,6번째 방문,영수증
스타벅스 공릉역점,카페,4.44,,,yhjh,https://m.place.naver.com/my/5d529b8943ace5441b1fea50/review?v=2,522,,,아이스아메리카노 좋아요.,"일시적인 오류가 발생했습니다
음료가 맛있어요",2023년 4월 3일 월요일,1번째 방문,영수증
스타벅스 공릉역점,카페,4.44,,,노랑고양이10,https://m.place.naver.com/my/5df2ed198f87a842bcd4c7df/review?v=2,819,,,굿,,2023년 7월 29일 토요일,1번째 방문,영수증
스타벅스 공릉역점,카페,4.44,,,dbt****,https://m.place.naver.com/my/61b84e5782ac4f6f61ee562d/review?v=2,609,,,종류들이많고 친절해요,"일시적인 오류가 발생했습니다
디저트가 맛있어요",2023년 6월 3일 토요일,3번째 방문,영수증
스타벅스 공릉역점,카페,4.44,,,꽃길도비,https://m.place.naver.com/my/5d29382072e4b10ca3f86add/review?v=2,715,,,맛나용,"일시적인 오류가 발생했습니다
친절해요",2023년 8월 18일 금요일,4번째 방문,영수증
스타벅스 공릉역점,카페,4.44,,,kus****,https://m.place.naver.com/my/5ba431801f55e77252bd98e3/review?v=2,636,,,좋아요,,2023년 6월 28일 수요일,7번째 방문,영수증
스타벅스 공릉역점,카페,4.44,,,msh****,https://m.place.naver.com/my/5cc93c49a8d4e4453b38e479/review?v=2,1770,,,굿,,2023년 7월 28일 금요일,1번째 방문,영수증
스타벅스 공릉역점,카페,4.44,,,와우 WOW73,https://m.place.naver.com/my/618b2907004deb0975d0244f/review?v=2,11,,,"공릉점 2층에는 14시30분 경인데 많은 젊은 사람들이 있어 놀랐다.  이 지역 핫플레이스인 듯. 
Since ‘71 이 무슨 뜻인지 궁금했는데 매에서 확인 못했네요.  겨울에 맛 본 딸기요거트 음료, 담엔 그란데로 ㅎ",,2023년 1월 5일 목요일,1번째 방문,영수증
스타벅스 공릉역점,카페,4.44,,,kus****,https://m.place.naver.com/my/5ba431801f55e77252bd98e3/review?v=2,636,,,좋아요,,2023년 6월 27일 화요일,6번째 방문,영수증
스타벅스 공릉역점,카페,4.44,,,좋은 날이랍니다,https://m.place.naver.com/my/5f997fdf8030a704a960a30f/review?v=2,785,2.0,,친절해요,"일시적인 오류가 발생했습니다
디저트가 맛있어요",2023년 11월 19일 일요일,2번째 방문,영수증
스타벅스 공릉역점,카페,4.44,,,epg****,https://m.place.naver.com/my/5d11cf585868d438fb1f4365/review?v=2,1774,,,조아뇨,,2023년 12월 29일 금요일,31번째 방문,영수증
스타벅스 공릉역점,카페,4.44,,,dlg****,https://m.place.naver.com/my/609a772791a96e93def6960b/review?v=2,1357,,,굿,,2023년 6월 23일 금요일,1번째 방문,영수증
스타벅스 공릉역점,카페,4.44,,,우후훗31,https://m.place.naver.com/my/5b9b6c8c87b4a2e629fae3a3/review?v=2,363,,,굿,,2023년 9월 26일 화요일,12번째 방문,영수증
스타벅스 공릉역점,카페,4.44,,,이미스,https://m.place.naver.com/my/5c2b3d3a0c63a39ba287eef2/review?v=2,749,,,굿,,2023년 7월 26일 수요일,32번째 방문,영수증
스타벅스 공릉역점,카페,4.44,,,향기로운 채움,https://m.place.naver.com/my/605d8e91b17852528f300769/review?v=2,2293,1.0,,좋아요,,2023년 8월 22일 화요일,55번째 방문,영수증
스타벅스 공릉역점,카페,4.44,,,yso****,https://m.place.naver.com/my/5c163fbf51e236bb47f72ed6/review?v=2,2762,,,좋아요,,2023년 6월 21일 수요일,4번째 방문,영수증
스타벅스 공릉역점,카페,4.44,,,맛집찾아힐링하기,https://m.place.naver.com/my/600a1cddcac5ca8d9deedefb/review?v=2,1297,9.0,,,"일시적인 오류가 발생했습니다
디저트가 맛있어요",2023년 12월 2일 토요일,2번째 방문,영수증
스타벅스 공릉역점,카페,4.44,,,mj459,https://m.place.naver.com/my/5c6d617056c6357814090a82/review?v=2,964,,,조아요,,2023년 6월 19일 월요일,4번째 방문,영수증
스타벅스 공릉역점,카페,4.44,,,dptmej950,https://m.place.naver.com/my/5db857648f87a842bc0833ff/review?v=2,878,,,굳,,2023년 6월 20일 화요일,12번째 방문,영수증
스타벅스 공릉역점,카페,4.44,,,보담너그,https://m.place.naver.com/my/5c21194d9c74dbdf70646595/review?v=2,732,,,굿,,2023년 7월 22일 토요일,1번째 방문,영수증
스타벅스 공릉역점,카페,4.44,,,qlalf60,https://m.place.naver.com/my/5eafff1e8f87a842bc96943b/review?v=2,906,,,저렴하진 않아도 지인들과 들르기 좋아요,"일시적인 오류가 발생했습니다
매장이 청결해요",2023년 4월 29일 토요일,3번째 방문,영수증
스타벅스 공릉역점,카페,4.44,,,kwo****,https://m.place.naver.com/my/5bd54241735cf06089183776/review?v=2,1419,,,.,"일시적인 오류가 발생했습니다
커피가 맛있어요",2023년 9월 7일 목요일,8번째 방문,영수증
스타벅스 공릉역점,카페,4.44,,,pjs****,https://m.place.naver.com/my/603af7968a0233939303c942/review?v=2,1776,,,ㆍ,,2023년 6월 30일 금요일,1번째 방문,영수증
스타벅스 공릉역점,카페,4.44,,,happyday1,https://m.place.naver.com/my/5c21cb25c06588c234b40081/review?v=2,622,,,굳,,2023년 9월 24일 일요일,4번째 방문,영수증
스타벅스 공릉역점,카페,4.44,,,JJCY,https://m.place.naver.com/my/5c21b9aa5b0bfb32cb8c57e4/review?v=2,841,,,굿,"일시적인 오류가 발생했습니다
커피가 맛있어요",2023년 6월 15일 목요일,6번째 방문,영수증
스타벅스 공릉역점,카페,4.44,,,나대로1,https://m.place.naver.com/my/5b6626b4413ade0edfd52f29/review?v=2,2756,232.0,,아침 출근 길에 누리는 커피 한 잔의 사치,"일시적인 오류가 발생했습니다
집중하기 좋아요",2023년 2월 1일 수요일,7번째 방문,영수증
스타벅스 공릉역점,카페,4.44,,,쑤니416,https://m.place.naver.com/my/5e4d66d28f87a842bcf21a8f/review?v=2,923,12.0,,커피가 싱거워졌어요,"일시적인 오류가 발생했습니다
친절해요",2023년 3월 11일 토요일,4번째 방문,영수증
스타벅스 공릉역점,카페,4.44,,,dptmej950,https://m.place.naver.com/my/5db857648f87a842bc0833ff/review?v=2,878,,,굳,,2023년 6월 15일 목요일,11번째 방문,영수증
스타벅스 공릉역점,카페,4.44,,,newkid3522,https://m.place.naver.com/my/5e9fdc348f87a842bc5f8a31/review?v=2,2241,,,굿,,2023년 7월 16일 일요일,6번째 방문,영수증
스타벅스 공릉역점,카페,4.44,,,욜로부부92,https://m.place.naver.com/my/626145515dc46700065a5a88/review?v=2,410,,,마감세일해서 좋아여 ,"일시적인 오류가 발생했습니다
커피가 맛있어요",2023년 4월 16일 일요일,2번째 방문,영수증
스타벅스 공릉역점,카페,4.44,,,nso****,https://m.place.naver.com/my/5d9a83008f87a842bcf8847d/review?v=2,868,,,좋아요 ,"일시적인 오류가 발생했습니다
디저트가 맛있어요",2023년 5월 2일 화요일,4번째 방문,영수증
스타벅스 공릉역점,카페,4.44,,,오로라공주용,https://m.place.naver.com/my/5bebba8238a827e7920f4b80/review?v=2,1353,,,좋아요,"일시적인 오류가 발생했습니다
커피가 맛있어요",2023년 7월 14일 금요일,4번째 방문,영수증
스타벅스 공릉역점,카페,4.44,,,아로파96,https://m.place.naver.com/my/5f055c9634a524e70c5b9ef9/review?v=2,586,,,좋아요,,2023년 7월 11일 화요일,12번째 방문,영수증
스타벅스 공릉역점,카페,4.44,,,8890sally,https://m.place.naver.com/my/5bf7c8aac412d26d646e2ec0/review?v=2,734,,,ㄱㄱ,,2023년 6월 24일 토요일,1번째 방문,영수증
스타벅스 공릉역점,카페,4.44,,,family101487,https://m.place.naver.com/my/5bcaf9cc313cb384b87f0152/review?v=2,591,,,,,2023년 5월 13일 토요일,1번째 방문,영수증
스타벅스 공릉역점,카페,4.44,,,똘군9094,https://m.place.naver.com/my/5fcf54def7ff071f459a0a4c/review?v=2,931,6.0,,"기프티콘에 스마일클럽 사이즈업 좋아여

아이스아메리카노 그란데",,2023년 3월 18일 토요일,1번째 방문,영수증
스타벅스 공릉역점,카페,4.44,,,epg****,https://m.place.naver.com/my/5d11cf585868d438fb1f4365/review?v=2,1774,,,조어요,,2023년 12월 1일 금요일,30번째 방문,영수증
스타벅스 공릉역점,카페,4.44,,,트윙클2023,https://m.place.naver.com/my/5e7233e88f87a842bc089cfd/review?v=2,1044,,,좋아요,,2023년 8월 4일 금요일,1번째 방문,영수증
스타벅스 공릉역점,카페,4.44,,,낮도깨비,https://m.place.naver.com/my/5b9a81f263331180cc08403a/review?v=2,836,,,접근성이 좋고 어디가나 커피맛에 편차가 없어서 맘에 듭니다. 커피자체가 뛰어나다고 생각하진 않지만 아이스 아메리카노는 스벅이 진리,"일시적인 오류가 발생했습니다
매장이 청결해요",2023년 2월 12일 일요일,1번째 방문,영수증
스타벅스 공릉역점,카페,4.44,,,나뿡이,https://m.place.naver.com/my/5e4b720e8f87a842bcd756fa/review?v=2,1517,10.0,,굿,"일시적인 오류가 발생했습니다
음료가 맛있어요",2023년 4월 30일 일요일,4번째 방문,영수증
스타벅스 공릉역점,카페,4.44,,,CRESCENT,https://m.place.naver.com/my/616188f2004deb8c43ce6581/review?v=2,253,10.0,,,"일시적인 오류가 발생했습니다
집중하기 좋아요",2023년 5월 11일 목요일,1번째 방문,영수증
스타벅스 공릉역점,카페,4.44,,,MLHBee,https://m.place.naver.com/my/5cc2d23dca33c39a5a1b0d36/review?v=2,926,,,"우왕♡
너무 맛있드앙💚
나의 스벅 최애조합💕","일시적인 오류가 발생했습니다
커피가 맛있어요",2023년 1월 30일 월요일,3번째 방문,영수증
스타벅스 공릉역점,카페,4.44,,,휸85,https://m.place.naver.com/my/5d188d03096f2d65845f2a81/review?v=2,2891,,,좋아요,"일시적인 오류가 발생했습니다
친절해요",2023년 5월 18일 목요일,1번째 방문,영수증
스타벅스 공릉역점,카페,4.44,,,qlalf60,https://m.place.naver.com/my/5eafff1e8f87a842bc96943b/review?v=2,906,,,친절하고 분위기도 좋아요,"일시적인 오류가 발생했습니다
집중하기 좋아요",2023년 4월 18일 화요일,2번째 방문,영수증
스타벅스 공릉역점,카페,4.44,,,팅클49,https://m.place.naver.com/my/5efe2fc767c6d4320f57493e/review?v=2,1139,1.0,,클라우드 치즈케이크맛나요,"일시적인 오류가 발생했습니다
음료가 맛있어요",2023년 3월 13일 월요일,2번째 방문,영수증
스타벅스 공릉역점,카페,4.44,,,yso****,https://m.place.naver.com/my/5c163fbf51e236bb47f72ed6/review?v=2,2762,,,좋아요,,2023년 6월 5일 월요일,3번째 방문,영수증
스타벅스 공릉역점,카페,4.44,,,아로파96,https://m.place.naver.com/my/5f055c9634a524e70c5b9ef9/review?v=2,586,,,좋아요,,2023년 7월 5일 수요일,11번째 방문,영수증
스타벅스 공릉역점,카페,4.44,,,ln****,https://m.place.naver.com/my/5f840ac16c3d7f7334775871/review?v=2,870,,,친절해요,,2023년 9월 24일 일요일,2번째 방문,영수증
스타벅스 공릉역점,카페,4.44,,,jm****,https://m.place.naver.com/my/605e9d4aa4138316988a45b8/review?v=2,647,,,좋아요 ,,2023년 7월 7일 금요일,1번째 방문,영수증
스타벅스 공릉역점,카페,4.44,,,클로버48,https://m.place.naver.com/my/5ff326bc38be80f21f33fe28/review?v=2,144,,,커피 쿠폰을 샌드위치로 바꿀 수 있어 좋아요,"일시적인 오류가 발생했습니다
디저트가 맛있어요",2023년 4월 11일 화요일,1번째 방문,영수증
스타벅스 공릉역점,카페,4.44,,,maxracle,https://m.place.naver.com/my/5ba2275768d30e4ed55727e4/review?v=2,456,,,친절해요,"일시적인 오류가 발생했습니다
매장이 청결해요",2023년 6월 3일 토요일,2번째 방문,영수증
스타벅스 공릉역점,카페,4.44,,,eu****,https://m.place.naver.com/my/5fe9a9b879435b81092d9843/review?v=2,625,,,굿,,2023년 7월 6일 목요일,4번째 방문,영수증
스타벅스 공릉역점,카페,4.44,,,우후훗31,https://m.place.naver.com/my/5b9b6c8c87b4a2e629fae3a3/review?v=2,363,,,굿,,2023년 9월 5일 화요일,11번째 방문,영수증
스타벅스 공릉역점,카페,4.44,,,eu****,https://m.place.naver.com/my/5fe9a9b879435b81092d9843/review?v=2,625,,,굿,"일시적인 오류가 발생했습니다
화장실이 깨끗해요",2023년 7월 5일 수요일,3번째 방문,영수증
스타벅스 공릉역점,카페,4.44,,,MoonMoon62,https://m.place.naver.com/my/5e5f7e8a8f87a842bc6ed861/review?v=2,1400,,,굿,,2023년 7월 5일 수요일,28번째 방문,영수증
스타벅스 공릉역점,카페,4.44,,,하이마,https://m.place.naver.com/my/5b6eef908fdd37e0444e0ab0/review?v=2,1190,1.0,,"샌드위치맛있어요
",,2023년 5월 2일 화요일,6번째 방문,영수증
스타벅스 공릉역점,카페,4.44,,,최정환85,https://m.place.naver.com/my/5ead00a58f87a842bcf6686a/review?v=2,741,5.0,,친절해요,"일시적인 오류가 발생했습니다
커피가 맛있어요",2023년 6월 4일 일요일,2번째 방문,영수증
스타벅스 공릉역점,카페,4.44,,,dptmej950,https://m.place.naver.com/my/5db857648f87a842bc0833ff/review?v=2,878,,,귣,,2023년 5월 11일 목요일,9번째 방문,영수증
스타벅스 공릉역점,카페,4.44,,,겸댕이47,https://m.place.naver.com/my/5baccdf9d70bf65c84194994/review?v=2,1194,,,커피 맛있어요 ,"일시적인 오류가 발생했습니다
커피가 맛있어요",2023년 9월 8일 금요일,1번째 방문,영수증
스타벅스 공릉역점,카페,4.44,,,sea****,https://m.place.naver.com/my/5e9437008f87a842bc5c359b/review?v=2,724,34.0,,좋습니다,"일시적인 오류가 발생했습니다
커피가 맛있어요",2023년 5월 29일 월요일,1번째 방문,영수증
스타벅스 공릉역점,카페,4.44,,,아로파96,https://m.place.naver.com/my/5f055c9634a524e70c5b9ef9/review?v=2,586,,,신메뉴 맛있는 것 같아요,,2023년 5월 3일 수요일,7번째 방문,영수증
스타벅스 공릉역점,카페,4.44,,,MoonMoon62,https://m.place.naver.com/my/5e5f7e8a8f87a842bc6ed861/review?v=2,1400,,,텀블러 종류가 많이 없어요,,2023년 4월 9일 일요일,23번째 방문,영수증
스타벅스 공릉역점,카페,4.44,,,도짭짭,https://m.place.naver.com/my/5e86e73e8f87a842bc0ce426/review?v=2,1146,44.0,,직원분 친절하세요,,2023년 2월 19일 일요일,3번째 방문,영수증
스타벅스 공릉역점,카페,4.44,,,한울타리29,https://m.place.naver.com/my/5f329fed9ec8258e4a8b8737/review?v=2,1463,,,넓고 시원해서 더운여름 시간 보내기 딱,"일시적인 오류가 발생했습니다
커피가 맛있어요",2023년 8월 3일 목요일,8번째 방문,영수증
스타벅스 공릉역점,카페,4.44,,,양양485,https://m.place.naver.com/my/5e479a908f87a842bcaac268/review?v=2,1781,1.0,,조용하고 좋아요,,2023년 2월 25일 토요일,2번째 방문,영수증
스타벅스 공릉역점,카페,4.44,,,vio****,https://m.place.naver.com/my/607ac28276c86625c106835a/review?v=2,653,,,주차공간이 더 있었으면 좋겠어요 ,"일시적인 오류가 발생했습니다
주차하기 편해요",2023년 4월 8일 토요일,1번째 방문,영수증
스타벅스 공릉역점,카페,4.44,,,바람239,https://m.place.naver.com/my/5c18a7872eaefd77b1e58ea0/review?v=2,955,,,좋아요,,2023년 5월 26일 금요일,1번째 방문,영수증
스타벅스 공릉역점,카페,4.44,,,app****,https://m.place.naver.com/my/5e12ee3a8f87a842bcb8a641/review?v=2,69,6.0,,집중하기 좋아요!,"일시적인 오류가 발생했습니다
음료가 맛있어요",2023년 3월 31일 금요일,1번째 방문,영수증
스타벅스 공릉역점,카페,4.44,,,석고87,https://m.place.naver.com/my/60c487e878763a12c19c4ece/review?v=2,489,,,"커피를 편리하게 내릴수있을듯 해요~
휴대용으로 좋지않을까요 ㅎ",,2023년 1월 29일 일요일,1번째 방문,영수증
스타벅스 공릉역점,카페,4.44,,,이미스,https://m.place.naver.com/my/5c2b3d3a0c63a39ba287eef2/review?v=2,749,,,샌드위치맛집,,2023년 4월 27일 목요일,28번째 방문,영수증
스타벅스 공릉역점,카페,4.44,,,나대로1,https://m.place.naver.com/my/5b6626b4413ade0edfd52f29/review?v=2,2756,232.0,,이뻐서 샀어요. ,"일시적인 오류가 발생했습니다
디저트가 맛있어요",2023년 2월 3일 금요일,8번째 방문,영수증
스타벅스 공릉역점,카페,4.44,,,MoonMoon62,https://m.place.naver.com/my/5e5f7e8a8f87a842bc6ed861/review?v=2,1400,,,친절함,,2023년 6월 27일 화요일,27번째 방문,영수증
스타벅스 공릉역점,카페,4.44,,,happyness무지개,https://m.place.naver.com/my/5f0568b0d55dbc0b180891b6/review?v=2,109,,,"만나기 좋은 곳, 친절한 곳, 조용합니다.","일시적인 오류가 발생했습니다
친절해요",2023년 4월 4일 화요일,2번째 방문,영수증
스타벅스 공릉역점,카페,4.44,,,이미스,https://m.place.naver.com/my/5c2b3d3a0c63a39ba287eef2/review?v=2,749,,,커피맛집,,2023년 6월 7일 수요일,31번째 방문,영수증
스타벅스 공릉역점,카페,4.44,,,slo****,https://m.place.naver.com/my/5c7865743154f51c40e0b6c3/review?v=2,1177,,,굿,"일시적인 오류가 발생했습니다
커피가 맛있어요",2023년 6월 25일 일요일,1번째 방문,영수증
스타벅스 공릉역점,카페,4.44,,,JJCY,https://m.place.naver.com/my/5c21b9aa5b0bfb32cb8c57e4/review?v=2,841,,,굿,"일시적인 오류가 발생했습니다
커피가 맛있어요",2023년 5월 22일 월요일,5번째 방문,영수증
스타벅스 공릉역점,카페,4.44,,,갑돌누님,https://m.place.naver.com/my/5da440978f87a842bcb7c5c2/review?v=2,1469,,,장활동이 활발해지는 돌체라떼~~,,2023년 2월 28일 화요일,31번째 방문,영수증
스타벅스 공릉역점,카페,4.44,,,dlgidal8223,https://m.place.naver.com/my/5ee487cb8f87a842bca8a920/review?v=2,406,,,맛있어요,"일시적인 오류가 발생했습니다
커피가 맛있어요",2023년 9월 16일 토요일,1번째 방문,영수증
스타벅스 공릉역점,카페,4.44,,,다우다우1003,https://m.place.naver.com/my/5e3acf408f87a842bcb4c8c8/review?v=2,159,,,시원해요.,,2023년 6월 24일 토요일,1번째 방문,영수증
스타벅스 공릉역점,카페,4.44,,,moonsr5918,https://m.place.naver.com/my/5c4446e1343a2826696f3eda/review?v=2,1571,1.0,,맛있어요,,2023년 7월 16일 일요일,1번째 방문,영수증
스타벅스 공릉역점,카페,4.44,,,hyakin,https://m.place.naver.com/my/5c5a5e98f6b3b1c140922974/review?v=2,901,40.0,,스벅은 컴 작업시 눈치가 안보여 좋아요,,2023년 2월 26일 일요일,2번째 방문,영수증
스타벅스 공릉역점,카페,4.44,,,tisve711,https://m.place.naver.com/my/5baaa8a48bc54fcb0279501f/review?v=2,609,,,"굿
","일시적인 오류가 발생했습니다
커피가 맛있어요",2023년 9월 15일 금요일,1번째 방문,영수증
스타벅스 공릉역점,카페,4.44,,,mcsean,https://m.place.naver.com/my/5dd14e128f87a842bcebfab8/review?v=2,463,,,좋아요,,2023년 8월 23일 수요일,7번째 방문,영수증
스타벅스 공릉역점,카페,4.44,,,야옹이5624,https://m.place.naver.com/my/5c08791ce652205108b9cc9e/review?v=2,1324,,,굿,,2023년 3월 30일 목요일,7번째 방문,영수증
스타벅스 공릉역점,카페,4.44,,,ros****,https://m.place.naver.com/my/5ede220c8f87a842bcd7a7d2/review?v=2,581,,,좋아요 ,,2023년 6월 21일 수요일,1번째 방문,영수증
스타벅스 공릉역점,카페,4.44,,,빡빅,https://m.place.naver.com/my/5b9becff6907acb352d27de9/review?v=2,550,7.0,,항상 잘 이용하고 있어요^^,,2023년 3월 23일 목요일,1번째 방문,영수증
스타벅스 공릉역점,카페,4.44,,,향기로운 채움,https://m.place.naver.com/my/605d8e91b17852528f300769/review?v=2,2293,1.0,,좋아요,,2023년 8월 9일 수요일,54번째 방문,영수증
스타벅스 공릉역점,카페,4.44,,,rai****,https://m.place.naver.com/my/5c263aff1862922ec899f893/review?v=2,933,,,굿,,2023년 10월 1일 일요일,13번째 방문,영수증
스타벅스 공릉역점,카페,4.44,,,sjin2,https://m.place.naver.com/my/5cd6e3a5a272021920bb65b8/review?v=2,162,8.0,,2층에 항상 사람 많음,"일시적인 오류가 발생했습니다
대화하기 좋아요",2023년 3월 16일 목요일,2번째 방문,영수증
스타벅스 공릉역점,카페,4.44,,,희용우,https://m.place.naver.com/my/5efed7c62b86491bc1c7936e/review?v=2,180,,,ㅆㅆ ㅎㅎ,"일시적인 오류가 발생했습니다
친절해요",2023년 5월 31일 수요일,5번째 방문,영수증
스타벅스 공릉역점,카페,4.44,,,dptmej950,https://m.place.naver.com/my/5db857648f87a842bc0833ff/review?v=2,878,,,굳,,2023년 5월 17일 수요일,10번째 방문,영수증
스타벅스 공릉역점,카페,4.44,,,짱짱짱955,https://m.place.naver.com/my/617e578026e54129ddedd353/review?v=2,1597,,,빵에 연유가 적당히 들어가 있어 좋았다,,2023년 2월 21일 화요일,9번째 방문,영수증
스타벅스 공릉역점,카페,4.44,,,sarah74,https://m.place.naver.com/my/5df62bcd8f87a842bc51e20c/review?v=2,461,28.0,,"스타벅스 싸게 먹는 방법!!! 나만 알고 싶지만 ㅋㅋ
최근에 생긴 것 같은데 국민은행앱에 있는 모바일쿠폰샵에서 쿠폰 구매해서 드시면 저렴하게 드실 수 있어요 아메리카노는 19프로정도 할인해줘요~ 스타벅스 말고도 커피빈 메가커피 빽다방 등 여러 커피숍이 입점해 있으니 많이 많이 이용하세요~~
스타벅스 공릉점 사람도 적당히 있어서 이용하기 좋아요 가을 신메뉴가 나왔네요 다음에는 신메뉴를 먹겠어요~",,2022년 9월 15일 목요일,1번째 방문,영수증
스타벅스 공릉역점,카페,4.44,,,브룩클린68,https://m.place.naver.com/my/5d9626388f87a842bc828524/review?v=2,532,1.0,,굿,,2023년 6월 15일 목요일,1번째 방문,영수증
스타벅스 공릉역점,카페,4.44,,,nso****,https://m.place.naver.com/my/5d9a83008f87a842bcf8847d/review?v=2,868,,,친절해요,,2023년 5월 15일 월요일,5번째 방문,영수증
스타벅스 공릉역점,카페,4.44,,,kke33,https://m.place.naver.com/my/5efde741a0d6d6b306a802db/review?v=2,57,,,동네에 스타벅스 있어서 너무 좋아용,,2023년 1월 23일 월요일,1번째 방문,영수증
스타벅스 공릉역점,카페,4.44,,,SG먹방꿈나무,https://m.place.naver.com/my/5cf66fb604aef9fa465b59e5/review?v=2,731,18.0,,"요즘 괜찮은 MD가 없어서, 걍 요고하나 구매했네요. 지난번보다 이뻐진것같아요 오로라라서 ㅎㅎㅎ 장식용으로 두거나, 가방에 달고다니면 좋을 듯 합니다. 뚜껑도 열리는 디테일도 있네요~",,2022년 12월 4일 일요일,3번째 방문,영수증
스타벅스 공릉역점,카페,4.44,,,Mauvaissang,https://m.place.naver.com/my/5c0103a1e4d408e76106bb6b/review?v=2,2841,137.0,,"우리 단호박 보늬밤 브레드는 완전한 채식(vegan) 빵이다. 으레 채식빵은 ‘퍽퍽하고 맛없다’는 편견을 다시 한 번 확인시켜주려는 듯 이름도 긴 ‘우리 단호박 보늬밤 브레드’는 퍽퍽한 식감이 모든 것을 압도한다. 그나마 다행인건 국내산 호박이 12%, 국산밤이 6% 정도 포함되었다는 것?",,2022년 12월 20일 화요일,1번째 방문,영수증
스타벅스 공릉역점,카페,4.44,,,na_****,https://m.place.naver.com/my/5e0f3dcf8f87a842bcfa324f/review?v=2,561,,,맛좋아욤,,2023년 6월 18일 일요일,1번째 방문,영수증
스타벅스 공릉역점,카페,4.44,,,ysa4059,https://m.place.naver.com/my/5edc7fd08f87a842bc0d6b93/review?v=2,574,,,바질토마토베이글 독특하네요,,2023년 2월 20일 월요일,1번째 방문,영수증
스타벅스 공릉역점,카페,4.44,,,떼롱님,https://m.place.naver.com/my/5c00cf878a66f59af8d57cc6/review?v=2,780,3.0,,슈크림라떼 막차 탑승 😝,,2023년 5월 2일 화요일,3번째 방문,영수증
스타벅스 공릉역점,카페,4.44,,,양양485,https://m.place.naver.com/my/5e479a908f87a842bcaac268/review?v=2,1781,1.0,,"브론드 바닐라 더블 샹 바닐라라떼
넘 단맛이 강해서 제 스타일은 아니네요^",,2023년 2월 4일 토요일,1번째 방문,영수증
스타벅스 공릉역점,카페,4.44,,,갑돌누님,https://m.place.naver.com/my/5da440978f87a842bcb7c5c2/review?v=2,1469,,,굳,,2023년 5월 13일 토요일,34번째 방문,영수증
스타벅스 공릉역점,카페,4.44,,,skylover7,https://m.place.naver.com/my/5c1f249faa16801df63e32f0/review?v=2,895,,,굿,,2023년 6월 15일 목요일,1번째 방문,영수증
스타벅스 공릉역점,카페,4.44,,,초록나무 파란하늘,https://m.place.naver.com/my/5de3876d9ec8258e4a0d828b/review?v=2,1101,,,공부하는 사람과 친목으로 오는 사람의 비율에 따라 시끄러움이 결정 됩니다 자리는 넉넉해요 ,"일시적인 오류가 발생했습니다
좌석이 편해요",2023년 1월 18일 수요일,1번째 방문,영수증
스타벅스 공릉역점,카페,4.44,,,con****,https://m.place.naver.com/my/5e4dd3a08f87a842bcd5b4f5/review?v=2,1362,1.0,,커피 맛있어요,"일시적인 오류가 발생했습니다
음료가 맛있어요",2023년 6월 8일 목요일,1번째 방문,영수증
스타벅스 공릉역점,카페,4.44,,,kyr0831,https://m.place.naver.com/my/5be3f422c53e22e827913ae3/review?v=2,875,,,친절하고 좋아요~^^,"일시적인 오류가 발생했습니다
친절해요",2023년 3월 16일 목요일,6번째 방문,영수증
스타벅스 공릉역점,카페,4.44,,,몰리남81,https://m.place.naver.com/my/5cc945eb175feec9d412a3fc/review?v=2,923,,,커피도 맛있고 샌드위치도  맛있어요,"일시적인 오류가 발생했습니다
커피가 맛있어요",2023년 4월 8일 토요일,1번째 방문,영수증
스타벅스 공릉역점,카페,4.44,,,나대로1,https://m.place.naver.com/my/5b6626b4413ade0edfd52f29/review?v=2,2756,232.0,,"추운 날, 출근 전 커피 한 잔 참 좋다~~","일시적인 오류가 발생했습니다
가성비가 좋아요",2022년 12월 20일 화요일,5번째 방문,영수증
스타벅스 공릉역점,카페,4.44,,,하이마,https://m.place.naver.com/my/5b6eef908fdd37e0444e0ab0/review?v=2,1190,1.0,,밋있어요~,,2023년 5월 17일 수요일,7번째 방문,영수증
스타벅스 공릉역점,카페,4.44,,,잉글랜드조,https://m.place.naver.com/my/5d99185c8f87a842bcdbf103/review?v=2,351,,,좋아요 ,,2023년 9월 4일 월요일,1번째 방문,영수증
스타벅스 공릉역점,카페,4.44,,,lmj8799,https://m.place.naver.com/my/5e0172348f87a842bcc58d33/review?v=2,1488,,,좋아요,,2023년 6월 12일 월요일,13번째 방문,영수증
스타벅스 공릉역점,카페,4.44,,,nso****,https://m.place.naver.com/my/5d9a83008f87a842bcf8847d/review?v=2,868,,,선물 포장도 잘 해줘서 좋아요 ,"일시적인 오류가 발생했습니다
친절해요",2023년 1월 6일 금요일,2번째 방문,영수증
스타벅스 공릉역점,카페,4.44,,,아로파96,https://m.place.naver.com/my/5f055c9634a524e70c5b9ef9/review?v=2,586,,,좋아요,,2023년 6월 9일 금요일,10번째 방문,영수증
스타벅스 공릉역점,카페,4.44,,,마이플007,https://m.place.naver.com/my/5e1bfb4e8f87a842bcac2f10/review?v=2,1598,,,조아요 ,,2023년 5월 20일 토요일,3번째 방문,영수증
스타벅스 공릉역점,카페,4.44,,,아브라카다브라94,https://m.place.naver.com/my/5b9b28743b5007655370c8f0/review?v=2,168,,,좋아요,,2023년 6월 11일 일요일,3번째 방문,영수증
스타벅스 공릉역점,카페,4.44,,,캔디걸78,https://m.place.naver.com/my/5e271c2c8f87a842bcc8aceb/review?v=2,1423,,,,,2023년 4월 10일 월요일,1번째 방문,영수증
스타벅스 공릉역점,카페,4.44,,,이미스,https://m.place.naver.com/my/5c2b3d3a0c63a39ba287eef2/review?v=2,749,,,커피맛집,,2023년 5월 21일 일요일,30번째 방문,영수증
스타벅스 공릉역점,카페,4.44,,,은경6972,https://m.place.naver.com/my/5dfa4ce88f87a842bc59e37a/review?v=2,903,9.0,,주차비가 너무나 비싸네요ㅜㅜ,"일시적인 오류가 발생했습니다
대화하기 좋아요",2023년 3월 19일 일요일,1번째 방문,영수증
스타벅스 공릉역점,카페,4.44,,,soo2win,https://m.place.naver.com/my/61bc573127c8616048e4bc0d/review?v=2,772,,,,,2023년 4월 3일 월요일,2번째 방문,영수증
스타벅스 공릉역점,카페,4.44,,,ft****,https://m.place.naver.com/my/5fa7d0b4adc1f49be666e83d/review?v=2,3215,,,한정판이나와쎄요,,2023년 4월 8일 토요일,2번째 방문,영수증
스타벅스 공릉역점,카페,4.44,,,ly1602,https://m.place.naver.com/my/5e47f4878f87a842bc57a294/review?v=2,663,,,맛있는 커피 케잌 대화가 좋아요,"일시적인 오류가 발생했습니다
매장이 청결해요",2023년 3월 21일 화요일,3번째 방문,영수증
스타벅스 공릉역점,카페,4.44,,,아브라카다브라94,https://m.place.naver.com/my/5b9b28743b5007655370c8f0/review?v=2,168,,,좋아요,,2023년 6월 8일 목요일,2번째 방문,영수증
스타벅스 공릉역점,카페,4.44,,,아로파96,https://m.place.naver.com/my/5f055c9634a524e70c5b9ef9/review?v=2,586,,,좋아요,,2023년 6월 5일 월요일,9번째 방문,영수증
스타벅스 공릉역점,카페,4.44,,,나대로1,https://m.place.naver.com/my/5b6626b4413ade0edfd52f29/review?v=2,2756,232.0,,퇴근길 좋아하는 토피넛라떼 사가지고 집으로!!,"일시적인 오류가 발생했습니다
가성비가 좋아요",2022년 11월 18일 금요일,4번째 방문,영수증
스타벅스 공릉역점,카페,4.44,,,친절하게살자,https://m.place.naver.com/my/5cb931a490527e42db9dcd24/review?v=2,1219,,,맛있어요,,2023년 5월 5일 금요일,3번째 방문,영수증
스타벅스 공릉역점,카페,4.44,,,현토리얌,https://m.place.naver.com/my/5d2b3833350840e356dcd815/review?v=2,220,3.0,,좋아요!!,,2023년 8월 30일 수요일,1번째 방문,영수증
스타벅스 공릉역점,카페,4.44,,,MoonMoon62,https://m.place.naver.com/my/5e5f7e8a8f87a842bc6ed861/review?v=2,1400,,,굿,,2023년 6월 7일 수요일,26번째 방문,영수증
스타벅스 공릉역점,카페,4.44,,,데이지8721,https://m.place.naver.com/my/5f2d109c9ec8258e4a38ed03/review?v=2,873,,,굿~,,2023년 6월 4일 일요일,1번째 방문,영수증
스타벅스 공릉역점,카페,4.44,,,kyr0831,https://m.place.naver.com/my/5be3f422c53e22e827913ae3/review?v=2,875,,,친절하고 맛있어요~^^ ,"일시적인 오류가 발생했습니다
친절해요",2023년 1월 17일 화요일,4번째 방문,영수증
스타벅스 공릉역점,카페,4.44,,,버럭쟁이92,https://m.place.naver.com/my/5d43a242613b20b89402cdab/review?v=2,3088,,,좋아요,"일시적인 오류가 발생했습니다
커피가 맛있어요",2023년 4월 30일 일요일,3번째 방문,영수증
스타벅스 공릉역점,카페,4.44,,,tm****,https://m.place.naver.com/my/5cc06e90dd8ffb0a2d3bb08e/review?v=2,624,,,굿,,2023년 6월 3일 토요일,1번째 방문,영수증
스타벅스 공릉역점,카페,4.44,,,koreafrance191,https://m.place.naver.com/my/5e97c93f8f87a842bc0628a5/review?v=2,466,13.0,,조아요 ㅎㅎ,,2023년 6월 2일 금요일,1번째 방문,영수증
스타벅스 공릉역점,카페,4.44,,,sc doctor,https://m.place.naver.com/my/60caafa2d8d42c3e80ea5cbd/review?v=2,774,,,,"일시적인 오류가 발생했습니다
친절해요",2023년 4월 1일 토요일,1번째 방문,영수증
스타벅스 공릉역점,카페,4.44,,,비그르히그르,https://m.place.naver.com/my/5d64df508f87a842bc77e3e7/review?v=2,927,126.0,,"오랜만에 마시는 카페모카&에스프레소휘핑!ㅎㅎ 
달달함으로 끝장내려고 브라우니치즈케이크까지 같이 했는데 진짜 짱짱 달아달아☺️👍
1층이 환기도 되고 좋은데 너무 춥고, 2층은 사람은 많은데 너무 답답하고....! 딱 중간의 온도가 필요한 것 같아요ㅠㅠㅎㅎ",,2022년 11월 13일 일요일,1번째 방문,영수증
스타벅스 공릉역점,카페,4.44,,,향기로운 채움,https://m.place.naver.com/my/605d8e91b17852528f300769/review?v=2,2293,1.0,,좋아요,,2023년 7월 21일 금요일,53번째 방문,영수증
스타벅스 공릉역점,카페,4.44,,,pin****,https://m.place.naver.com/my/5bb5ef1839697b3f2bb01179/review?v=2,68,4.0,,맛있는 디저트가 있는 곳!!❤️,"일시적인 오류가 발생했습니다
디저트가 맛있어요",2023년 2월 3일 금요일,1번째 방문,영수증
스타벅스 공릉역점,카페,4.44,,,이미스,https://m.place.naver.com/my/5c2b3d3a0c63a39ba287eef2/review?v=2,749,,,커피맛집,,2023년 5월 9일 화요일,29번째 방문,영수증
스타벅스 공릉역점,카페,4.44,,,lmj8799,https://m.place.naver.com/my/5e0172348f87a842bcc58d33/review?v=2,1488,,,좋아요,,2023년 5월 28일 일요일,12번째 방문,영수증
스타벅스 공릉역점,카페,4.44,,,향기로운 채움,https://m.place.naver.com/my/605d8e91b17852528f300769/review?v=2,2293,1.0,,좋아요,,2023년 7월 17일 월요일,52번째 방문,영수증
스타벅스 공릉역점,카페,4.44,,,옥이마눌,https://m.place.naver.com/my/5b764529c4df8ba2c5bbc5a4/review?v=2,1167,,,2층 넓어서 좋아요,"일시적인 오류가 발생했습니다
좌석이 편해요",2023년 2월 27일 월요일,7번째 방문,영수증
스타벅스 공릉역점,카페,4.44,,,rmw****,https://m.place.naver.com/my/628d8f0b85648081c4d11426/review?v=2,1012,,,좋아요 ,"일시적인 오류가 발생했습니다
대화하기 좋아요",2023년 5월 26일 금요일,1번째 방문,영수증
스타벅스 공릉역점,카페,4.44,,,뉴뉴795,https://m.place.naver.com/my/5e97ed488f87a842bc6b9b21/review?v=2,411,2.0,,맛나게 먹고갑니당!,,2023년 1월 27일 금요일,1번째 방문,영수증
스타벅스 공릉역점,카페,4.44,,,재성8292,https://m.place.naver.com/my/5bf672ffcfaac5875a576a04/review?v=2,219,1.0,,매장도 넓고 직원분들도 친절해요!!👍👍,"일시적인 오류가 발생했습니다
커피가 맛있어요",2023년 4월 21일 금요일,9번째 방문,영수증
스타벅스 공릉역점,카페,4.44,,,alt****,https://m.place.naver.com/my/61552e68004debd514cd8f9d/review?v=2,628,,,좋아요 ,,2023년 4월 22일 토요일,1번째 방문,영수증
스타벅스 공릉역점,카페,4.44,,,dky****,https://m.place.naver.com/my/5e5b4d4b8f87a842bca425d9/review?v=2,714,,,조용한 분위기에서 즐길 수 있어요,"일시적인 오류가 발생했습니다
커피가 맛있어요",2023년 2월 28일 화요일,11번째 방문,영수증
스타벅스 공릉역점,카페,4.44,,,sjin2,https://m.place.naver.com/my/5cd6e3a5a272021920bb65b8/review?v=2,162,8.0,,넓어요. 공부하는 분들 많음,"일시적인 오류가 발생했습니다
커피가 맛있어요",2023년 1월 25일 수요일,1번째 방문,영수증
스타벅스 공릉역점,카페,4.44,,,giddlenro,https://m.place.naver.com/my/5fe84908d1cfefbb7f710111/review?v=2,43,,,모닝커피 조아요^,"일시적인 오류가 발생했습니다
인테리어가 멋져요",2023년 2월 14일 화요일,1번째 방문,영수증
스타벅스 공릉역점,카페,4.44,,,비처럼42,https://m.place.naver.com/my/5bf3c5dce14ff93c88f756dc/review?v=2,378,,,좋아요 ,,2023년 4월 18일 화요일,2번째 방문,영수증
스타벅스 공릉역점,카페,4.44,,,향기로운 채움,https://m.place.naver.com/my/605d8e91b17852528f300769/review?v=2,2293,1.0,,좋아요,,2023년 7월 11일 화요일,51번째 방문,영수증
스타벅스 공릉역점,카페,4.44,,,나뿡이,https://m.place.naver.com/my/5e4b720e8f87a842bcd756fa/review?v=2,1517,10.0,,스벅 드라이브스루도 되고 좋ㅇ,,2023년 1월 24일 화요일,3번째 방문,영수증
스타벅스 공릉역점,카페,4.44,,,kyr0831,https://m.place.naver.com/my/5be3f422c53e22e827913ae3/review?v=2,875,,,친절하고 좋아요~^^,"일시적인 오류가 발생했습니다
친절해요",2023년 1월 10일 화요일,3번째 방문,영수증
스타벅스 공릉역점,카페,4.44,,,Mumununa,https://m.place.naver.com/my/5c0bd1cf3029369b71a28919/review?v=2,89,3.0,,"다이어리 쿠폰쓸겸 점심먹고 방문했어요~확실히 점심시간 지나고서여서 그런지 진짜 자리가 없어서 깜짝 놀랐어요~ 그래도 스벅은 항상 만족스러우니,, 하며 잘 이용했습니다. ",,2023년 1월 4일 수요일,1번째 방문,영수증
스타벅스 공릉역점,카페,4.44,,,jin1555,https://m.place.naver.com/my/5dda26a79ec8258e4a11e5a0/review?v=2,575,9.0,,굿,,2023년 5월 21일 일요일,1번째 방문,영수증
스타벅스 공릉역점,카페,4.44,,,꾸러기맘4944,https://m.place.naver.com/my/5ddd7eff9ec8258e4a60fd5f/review?v=2,111,,,스벅커피~~,"일시적인 오류가 발생했습니다
대화하기 좋아요",2023년 5월 1일 월요일,1번째 방문,영수증
스타벅스 공릉역점,카페,4.44,,,ann****,https://m.place.naver.com/my/5f8b9049e14e7d8d238b4ccb/review?v=2,1229,,,가끔 이용합니다 ,,2023년 3월 20일 월요일,3번째 방문,영수증
스타벅스 공릉역점,카페,4.44,,,ho****,https://m.place.naver.com/my/5f0400f234554cd50d18571d/review?v=2,215,,,좋아요,,2023년 5월 20일 토요일,1번째 방문,영수증
스타벅스 공릉역점,카페,4.44,,,온누리461,https://m.place.naver.com/my/5e0a402f8f87a842bc40231a/review?v=2,71,,,,"일시적인 오류가 발생했습니다
대화하기 좋아요",2023년 4월 4일 화요일,1번째 방문,영수증
스타벅스 공릉역점,카페,4.44,,,수바기박수,https://m.place.naver.com/my/61518c37004debb937cd4a55/review?v=2,1053,4.0,,굿굿!!!,"일시적인 오류가 발생했습니다
커피가 맛있어요",2023년 4월 16일 일요일,1번째 방문,영수증
스타벅스 공릉역점,카페,4.44,,,금붕어794,https://m.place.naver.com/my/603f317090f8649abfe2657a/review?v=2,924,,,커피 맛이 좋아요,,2023년 3월 24일 금요일,1번째 방문,영수증
스타벅스 공릉역점,카페,4.44,,,아로파96,https://m.place.naver.com/my/5f055c9634a524e70c5b9ef9/review?v=2,586,,,좋아요,,2023년 5월 15일 월요일,8번째 방문,영수증
스타벅스 공릉역점,카페,4.44,,,찐핑쿠,https://m.place.naver.com/my/5ddbcae49ec8258e4ac3bfca/review?v=2,1228,72.0,,플래너 받으러 갔는데 친절하게 응대해주셔서 좋았습니다 ,,2022년 12월 22일 목요일,1번째 방문,영수증
스타벅스 공릉역점,카페,4.44,,,emma1735,https://m.place.naver.com/my/5baf2fc0f8db96274cb2bbed/review?v=2,885,8.0,,좋아용,,2023년 3월 23일 목요일,1번째 방문,영수증
스타벅스 공릉역점,카페,4.44,,,MoonMoon62,https://m.place.naver.com/my/5e5f7e8a8f87a842bc6ed861/review?v=2,1400,,,굿,,2023년 5월 16일 화요일,25번째 방문,영수증
스타벅스 공릉역점,카페,4.44,,,yukaliza,https://m.place.naver.com/my/5c4856b5baa486d92b3875f1/review?v=2,883,1.0,,,"일시적인 오류가 발생했습니다
커피가 맛있어요",2023년 2월 21일 화요일,10번째 방문,영수증
스타벅스 공릉역점,카페,4.44,,,이미스,https://m.place.naver.com/my/5c2b3d3a0c63a39ba287eef2/review?v=2,749,,,커피맛집,,2023년 4월 26일 수요일,27번째 방문,영수증
스타벅스 공릉역점,카페,4.44,,,깅깅임,https://m.place.naver.com/my/5f0548599ad2f286040db9c1/review?v=2,958,28.0,,굿굿,,2023년 4월 12일 수요일,2번째 방문,영수증
스타벅스 공릉역점,카페,4.44,,,eu****,https://m.place.naver.com/my/5fe9a9b879435b81092d9843/review?v=2,625,,,굿,"일시적인 오류가 발생했습니다
커피가 맛있어요",2023년 5월 15일 월요일,2번째 방문,영수증
스타벅스 공릉역점,카페,4.44,,,짱짱짱955,https://m.place.naver.com/my/617e578026e54129ddedd353/review?v=2,1597,,,커피와 디저트 맛도 좋지만 매장카드 충전을 할 수 있어 선물하기도 좋다,,2023년 1월 17일 화요일,7번째 방문,영수증
스타벅스 공릉역점,카페,4.44,,,dptmej950,https://m.place.naver.com/my/5db857648f87a842bc0833ff/review?v=2,878,,,굳,,2023년 4월 12일 수요일,8번째 방문,영수증
스타벅스 공릉역점,카페,4.44,,,친절하게살자,https://m.place.naver.com/my/5cb931a490527e42db9dcd24/review?v=2,1219,,,맛있어요,,2023년 4월 10일 월요일,2번째 방문,영수증
스타벅스 공릉역점,카페,4.44,,,효은맘83,https://m.place.naver.com/my/5c2e70db426a78264d367b43/review?v=2,595,,,커피가 맛있어요 .,"일시적인 오류가 발생했습니다
커피가 맛있어요",2023년 2월 13일 월요일,1번째 방문,영수증
스타벅스 공릉역점,카페,4.44,,,MoonMoon62,https://m.place.naver.com/my/5e5f7e8a8f87a842bc6ed861/review?v=2,1400,,,부드러운 생크림 카스테라  맛있어여^^,,2023년 2월 18일 토요일,12번째 방문,영수증
스타벅스 공릉역점,카페,4.44,,,들레63,https://m.place.naver.com/my/6110e4577104a4b40d184559/review?v=2,361,,,커피 마시기. 좋아요,"일시적인 오류가 발생했습니다
매장이 청결해요",2023년 3월 18일 토요일,3번째 방문,영수증
스타벅스 공릉역점,카페,4.44,,,일랑일랑66,https://m.place.naver.com/my/5c26c01bfa2cce79ad708b9d/review?v=2,1178,,,굿,"일시적인 오류가 발생했습니다
음료가 맛있어요",2023년 4월 8일 토요일,2번째 방문,영수증
스타벅스 공릉역점,카페,4.44,,,에이미다람,https://m.place.naver.com/my/5c1df7f23c851b68898a7a41/review?v=2,763,27.0,,비오는날  따뜻한 아메리카노 맛있어요,"일시적인 오류가 발생했습니다
화장실이 깨끗해요",2023년 1월 14일 토요일,1번째 방문,영수증
스타벅스 공릉역점,카페,4.44,,,ㅡㅂㅡㅎ,https://m.place.naver.com/my/5ee70ef18f87a842bc491ff1/review?v=2,1267,,,굿,,2023년 5월 11일 목요일,1번째 방문,영수증
스타벅스 공릉역점,카페,4.44,,,elf0131,https://m.place.naver.com/my/5ed21e4f8f87a842bc56f76c/review?v=2,537,,,굿,,2023년 5월 11일 목요일,1번째 방문,영수증
스타벅스 공릉역점,카페,4.44,,,aig****,https://m.place.naver.com/my/5f04c84d92c132301ca07306/review?v=2,258,,,좋아요,,2023년 5월 10일 수요일,5번째 방문,영수증
스타벅스 공릉역점,카페,4.44,,,kyr0831,https://m.place.naver.com/my/5be3f422c53e22e827913ae3/review?v=2,875,,,,"일시적인 오류가 발생했습니다
음료가 맛있어요",2023년 2월 15일 수요일,5번째 방문,영수증
스타벅스 공릉역점,카페,4.44,,,우후훗31,https://m.place.naver.com/my/5b9b6c8c87b4a2e629fae3a3/review?v=2,363,,,굿,,2023년 8월 1일 화요일,10번째 방문,영수증
스타벅스 공릉역점,카페,4.44,,,Esto quod es,https://m.place.naver.com/my/5bc3bb0a25338f3ee50098e4/review?v=2,762,,,남자바리스타님 친절하시고 집근처에 매장이 있어좋아요.,,2023년 1월 14일 토요일,2번째 방문,영수증
스타벅스 공릉역점,카페,4.44,,,MoonMoon62,https://m.place.naver.com/my/5e5f7e8a8f87a842bc6ed861/review?v=2,1400,,,친절해요,,2023년 5월 8일 월요일,24번째 방문,영수증
스타벅스 공릉역점,카페,4.44,,,우후훗31,https://m.place.naver.com/my/5b9b6c8c87b4a2e629fae3a3/review?v=2,363,,,숫,,2023년 7월 11일 화요일,8번째 방문,영수증
스타벅스 공릉역점,카페,4.44,,,con****,https://m.place.naver.com/my/5e4dd3a08f87a842bcd5b4f5/review?v=2,1362,1.0,,좋아요,"일시적인 오류가 발생했습니다
커피가 맛있어요",2023년 6월 27일 화요일,2번째 방문,영수증
스타벅스 공릉역점,카페,4.44,,,nso****,https://m.place.naver.com/my/5d9a83008f87a842bcf8847d/review?v=2,868,,,좋아요 ,"일시적인 오류가 발생했습니다
커피가 맛있어요",2023년 4월 4일 화요일,3번째 방문,영수증
스타벅스 공릉역점,카페,4.44,,,하이마,https://m.place.naver.com/my/5b6eef908fdd37e0444e0ab0/review?v=2,1190,1.0,,맛있어요,,2023년 4월 30일 일요일,5번째 방문,영수증
스타벅스 공릉역점,카페,4.44,,,sin****,https://m.place.naver.com/my/5fe2033ccfb5399864ae1cda/review?v=2,590,,,,,2023년 5월 18일 목요일,3번째 방문,영수증
스타벅스 공릉역점,카페,4.44,,,노미향마리아,https://m.place.naver.com/my/5f015fb2726f2d9d4cd4f0a3/review?v=2,360,,,굿,"일시적인 오류가 발생했습니다
친절해요",2023년 4월 5일 수요일,3번째 방문,영수증
스타벅스 공릉역점,카페,4.44,,,한울타리29,https://m.place.naver.com/my/5f329fed9ec8258e4a8b8737/review?v=2,1463,,,"비오는 날
 창 넓은 창가에서 사랑스런 눈빛으로
예전에. 그랬듯이 ~~
음악이 생각나는 날입니다
간절하게 기다리던 봄비 여기저기 산불로 
조마조마한 마음을 쓸어내리는 하루가 되길",,2023년 4월 5일 수요일,7번째 방문,영수증
스타벅스 공릉역점,카페,4.44,,,dptmej950,https://m.place.naver.com/my/5db857648f87a842bc0833ff/review?v=2,878,,,귣,,2023년 3월 14일 화요일,6번째 방문,영수증
스타벅스 공릉역점,카페,4.44,,,luicypher,https://m.place.naver.com/my/5d353f32b02bc11c180742c6/review?v=2,248,1.0,,창가 자리 뷰가 탁 트여 있어서 개방감이 좋습니다. 작업하기 좋은 환경인데 사람이 많아서 시끌시끌해요.,"일시적인 오류가 발생했습니다
매장이 청결해요",2022년 11월 26일 토요일,1번째 방문,영수증
스타벅스 공릉역점,카페,4.44,,,dky****,https://m.place.naver.com/my/5e5b4d4b8f87a842bca425d9/review?v=2,714,,,커피는 언제나 스벅,"일시적인 오류가 발생했습니다
음료가 맛있어요",2023년 3월 3일 금요일,12번째 방문,영수증
스타벅스 공릉역점,카페,4.44,,,주호주아주빈맘,https://m.place.naver.com/my/5e8bd55f8f87a842bc2b6c37/review?v=2,1398,,,사람마나요~~~얘기하기조아요,"일시적인 오류가 발생했습니다
대화하기 좋아요",2022년 12월 3일 토요일,2번째 방문,영수증
스타벅스 공릉역점,카페,4.44,,,이미스,https://m.place.naver.com/my/5c2b3d3a0c63a39ba287eef2/review?v=2,749,,,커피맛집,,2023년 4월 13일 목요일,26번째 방문,영수증
스타벅스 공릉역점,카페,4.44,,,우후훗31,https://m.place.naver.com/my/5b9b6c8c87b4a2e629fae3a3/review?v=2,363,,,굿,,2023년 7월 25일 화요일,9번째 방문,영수증
스타벅스 공릉역점,카페,4.44,,,민트초코3590,https://m.place.naver.com/my/5c2b0e130c63a39ba287ee6f/review?v=2,922,,,굿,,2023년 7월 25일 화요일,1번째 방문,영수증
스타벅스 공릉역점,카페,4.44,,,탁구공6789,https://m.place.naver.com/my/5e8fb9b48f87a842bce4881e/review?v=2,892,4.0,,굿,,2023년 6월 20일 화요일,7번째 방문,영수증
스타벅스 공릉역점,카페,4.44,,,glvme,https://m.place.naver.com/my/601f328a1c71972d11f66827/review?v=2,613,,,첫,,2023년 4월 11일 화요일,1번째 방문,영수증
스타벅스 공릉역점,카페,4.44,,,pal****,https://m.place.naver.com/my/5e64d90b8f87a842bc0642b6/review?v=2,442,,,드라이브스루 매장이라 주차되서 좋아요,"일시적인 오류가 발생했습니다
음료가 맛있어요",2023년 1월 24일 화요일,1번째 방문,영수증
스타벅스 공릉역점,카페,4.44,,,kjbkys,https://m.place.naver.com/my/62bc32f49dcfa9f935bc4246/review?v=2,606,,,굿,,2023년 4월 29일 토요일,11번째 방문,영수증
스타벅스 공릉역점,카페,4.44,,,지안064,https://m.place.naver.com/my/5c866660a60dba5d9a2ca8ff/review?v=2,365,34.0,,매장이 넓어서 좋아요,"일시적인 오류가 발생했습니다
매장이 청결해요",2023년 1월 30일 월요일,1번째 방문,영수증
스타벅스 공릉역점,카페,4.44,,,태능역점올맨,https://m.place.naver.com/my/5f06a1842485c5130cf1b3aa/review?v=2,70,,,,"일시적인 오류가 발생했습니다
주차하기 편해요",2023년 2월 1일 수요일,1번째 방문,영수증
스타벅스 공릉역점,카페,4.44,,,aig****,https://m.place.naver.com/my/5f04c84d92c132301ca07306/review?v=2,258,,,좋아요,,2023년 4월 28일 금요일,4번째 방문,영수증
스타벅스 공릉역점,카페,4.44,,,이미스,https://m.place.naver.com/my/5c2b3d3a0c63a39ba287eef2/review?v=2,749,,,커피맛집,,2023년 4월 8일 토요일,25번째 방문,영수증
스타벅스 공릉역점,카페,4.44,,,이미스,https://m.place.naver.com/my/5c2b3d3a0c63a39ba287eef2/review?v=2,749,,,2500행사 끝나서 아쉬워요,,2023년 2월 25일 토요일,22번째 방문,영수증
스타벅스 공릉역점,카페,4.44,,,MoonMoon62,https://m.place.naver.com/my/5e5f7e8a8f87a842bc6ed861/review?v=2,1400,,,주차공간이 너무 작음,,2023년 2월 25일 토요일,14번째 방문,영수증
스타벅스 공릉역점,카페,4.44,,,코모38,https://m.place.naver.com/my/5cd7b7ce11f48f4bfd9ed7c1/review?v=2,305,,,많이 기다려야해요,,2023년 1월 22일 일요일,1번째 방문,영수증
스타벅스 공릉역점,카페,4.44,,,오늘처럼84,https://m.place.naver.com/my/5f2da2109ec8258e4af1d807/review?v=2,839,2.0,,굿,,2023년 10월 15일 일요일,2번째 방문,영수증
스타벅스 공릉역점,카페,4.44,,,오늘도맑음내일도 맑음,https://m.place.naver.com/my/5ccff2540388020e5facd903/review?v=2,633,8.0,,자주 이용하는데 갈때마다 친절하시고 좋으네요,"일시적인 오류가 발생했습니다
커피가 맛있어요",2023년 2월 2일 목요일,3번째 방문,영수증
스타벅스 공릉역점,카페,4.44,,,향기로운 채움,https://m.place.naver.com/my/605d8e91b17852528f300769/review?v=2,2293,1.0,,좋아요,"일시적인 오류가 발생했습니다
집중하기 좋아요",2023년 6월 16일 금요일,50번째 방문,영수증
스타벅스 공릉역점,카페,4.44,,,MoonMoon62,https://m.place.naver.com/my/5e5f7e8a8f87a842bc6ed861/review?v=2,1400,,,항상 사람 많아요,,2023년 2월 24일 금요일,13번째 방문,영수증
스타벅스 공릉역점,카페,4.44,,,아로파96,https://m.place.naver.com/my/5f055c9634a524e70c5b9ef9/review?v=2,586,,,좋아요,,2023년 4월 23일 일요일,6번째 방문,영수증
스타벅스 공릉역점,카페,4.44,,,dptmej950,https://m.place.naver.com/my/5db857648f87a842bc0833ff/review?v=2,878,,,귣,,2023년 3월 3일 금요일,5번째 방문,영수증
스타벅스 공릉역점,카페,4.44,,,향기로운 채움,https://m.place.naver.com/my/605d8e91b17852528f300769/review?v=2,2293,1.0,,좋아요,"일시적인 오류가 발생했습니다
커피가 맛있어요",2023년 6월 15일 목요일,49번째 방문,영수증
스타벅스 공릉역점,카페,4.44,,,향기로운 채움,https://m.place.naver.com/my/605d8e91b17852528f300769/review?v=2,2293,1.0,,좋아요,,2023년 6월 14일 수요일,48번째 방문,영수증
스타벅스 공릉역점,카페,4.44,,,jko5757,https://m.place.naver.com/my/5bf34cd90a83b8286cd21622/review?v=2,776,,,커피 맛있고 좋아여 ,"일시적인 오류가 발생했습니다
음료가 맛있어요",2023년 1월 25일 수요일,1번째 방문,영수증
스타벅스 공릉역점,카페,4.44,,,aig****,https://m.place.naver.com/my/5f04c84d92c132301ca07306/review?v=2,258,,,좋아요,,2023년 4월 23일 일요일,3번째 방문,영수증
스타벅스 공릉역점,카페,4.44,,,원이현이맘,https://m.place.naver.com/my/5bea821effb308c9cdfa0da3/review?v=2,3556,,,,,2023년 2월 3일 금요일,16번째 방문,영수증
스타벅스 공릉역점,카페,4.44,,,한명기,https://m.place.naver.com/my/5efeea87ee06165e651d2139/review?v=2,950,,,ㅂ,,2023년 3월 12일 일요일,2번째 방문,영수증
스타벅스 공릉역점,카페,4.44,,,은경2883,https://m.place.naver.com/my/5f52f76f6c3d7f73342f1e43/review?v=2,2943,9.0,,딸기요거트가 맛있어요,,2023년 4월 16일 일요일,14번째 방문,영수증
스타벅스 공릉역점,카페,4.44,,,졸리하,https://m.place.naver.com/my/5f5310886c3d7f7334bff188/review?v=2,1011,39.0,,다이어리 수령하러 처음 가봤어요 좀 좁더라구요,,2022년 12월 25일 일요일,1번째 방문,영수증
스타벅스 공릉역점,카페,4.44,,,dptmej950,https://m.place.naver.com/my/5db857648f87a842bc0833ff/review?v=2,878,,,굳,,2023년 3월 17일 금요일,7번째 방문,영수증
스타벅스 공릉역점,카페,4.44,,,일상맛집,https://m.place.naver.com/my/5cc413c2177fb7bd284db926/review?v=2,585,36.0,,메뉴가 다양하고 스프 메뉴가 있어 따뜻하게 먹기 좋아요. 알바생이 상냥하고 친절해요.,"일시적인 오류가 발생했습니다
친절해요",2022년 12월 6일 화요일,1번째 방문,영수증
스타벅스 공릉역점,카페,4.44,,,또뜌띠,https://m.place.naver.com/my/5b752f896393fdd1baf997a6/review?v=2,578,,,굿,,2023년 3월 12일 일요일,2번째 방문,영수증
스타벅스 공릉역점,카페,4.44,,,아로파96,https://m.place.naver.com/my/5f055c9634a524e70c5b9ef9/review?v=2,586,,,좋아요,,2023년 4월 16일 일요일,5번째 방문,영수증
스타벅스 공릉역점,카페,4.44,,,kus****,https://m.place.naver.com/my/5ba431801f55e77252bd98e3/review?v=2,636,,,맛있어요,,2023년 2월 4일 토요일,4번째 방문,영수증
스타벅스 공릉역점,카페,4.44,,,aig****,https://m.place.naver.com/my/5f04c84d92c132301ca07306/review?v=2,258,,,좋아요,,2023년 4월 18일 화요일,2번째 방문,영수증
스타벅스 공릉역점,카페,4.44,,,향기로운 채움,https://m.place.naver.com/my/605d8e91b17852528f300769/review?v=2,2293,1.0,,좋아요,"일시적인 오류가 발생했습니다
매장이 청결해요",2023년 6월 6일 화요일,47번째 방문,영수증
스타벅스 공릉역점,카페,4.44,,,kjbkys,https://m.place.naver.com/my/62bc32f49dcfa9f935bc4246/review?v=2,606,,,굿,,2023년 4월 16일 일요일,10번째 방문,영수증
스타벅스 공릉역점,카페,4.44,,,aig****,https://m.place.naver.com/my/5f04c84d92c132301ca07306/review?v=2,258,,,좋아요,,2023년 4월 16일 일요일,1번째 방문,영수증
스타벅스 공릉역점,카페,4.44,,,목복,https://m.place.naver.com/my/5c5039e7e183621d5c2b2e87/review?v=2,406,,,좋아요,"일시적인 오류가 발생했습니다
친절해요",2023년 7월 17일 월요일,1번째 방문,영수증
스타벅스 공릉역점,카페,4.44,,,파리할머니30,https://m.place.naver.com/my/62c7beff24c6830006785228/review?v=2,274,,,스타박스인데.항상 비슷했어요.,"일시적인 오류가 발생했습니다
커피가 맛있어요",2022년 11월 29일 화요일,1번째 방문,영수증
스타벅스 공릉역점,카페,4.44,,,jenny8090,https://m.place.naver.com/my/5ba57abbece6ea05972bdb9e/review?v=2,188,5.0,,"공릉역이랑 가까이 있어서 좋아요^^
추우날 따쓰한 차이라떼 한잔 했습니다:)","일시적인 오류가 발생했습니다
디저트가 맛있어요",2022년 12월 4일 일요일,1번째 방문,영수증
스타벅스 공릉역점,카페,4.44,,,아로파96,https://m.place.naver.com/my/5f055c9634a524e70c5b9ef9/review?v=2,586,,,좋아요,,2023년 4월 11일 화요일,4번째 방문,영수증
스타벅스 공릉역점,카페,4.44,,,망고냥72,https://m.place.naver.com/my/5b96efac94bd2dc17859b28b/review?v=2,470,,,좋아요~/b,"일시적인 오류가 발생했습니다
대화하기 좋아요",2023년 3월 11일 토요일,1번째 방문,영수증
스타벅스 공릉역점,카페,4.44,,,love100p,https://m.place.naver.com/my/5c62e364c42e0209530cda4e/review?v=2,832,,,굿,,2023년 3월 11일 토요일,1번째 방문,영수증
스타벅스 공릉역점,카페,4.44,,,nee****,https://m.place.naver.com/my/5f81b2c26c3d7f733430e059/review?v=2,551,1.0,,"그냥 유명 프랜차이즈 
카운터 보시는분 웅얼웅얼 뭐라하시는지 잘안들림
마스크 때문에 이해는 되나 똑박또박 설명해줬으면
좋겠음",,2022년 12월 31일 토요일,3번째 방문,영수증
스타벅스 공릉역점,카페,4.44,,,kyr0831,https://m.place.naver.com/my/5be3f422c53e22e827913ae3/review?v=2,875,,,친절하고 시즌음료 할로윈초코와 시즌마들렌 넘 맛있어요~^^,"일시적인 오류가 발생했습니다
특별한 메뉴가 있어요",2022년 12월 18일 일요일,2번째 방문,영수증
스타벅스 공릉역점,카페,4.44,,,나대로1,https://m.place.naver.com/my/5b6626b4413ade0edfd52f29/review?v=2,2756,232.0,,"쿠폰으로 할인, 사이렌오더로 회원할인등으로 저렴하게(?), 우리집에서 8분거리 슬세권!","일시적인 오류가 발생했습니다
화장실이 깨끗해요",2022년 10월 16일 일요일,3번째 방문,영수증
스타벅스 공릉역점,카페,4.44,,,00000087,https://m.place.naver.com/my/5eff23671c9b02e1ea3c8043/review?v=2,828,7.0,,공릉동 커피 맛집입니다~,"일시적인 오류가 발생했습니다
매장이 청결해요",2022년 12월 3일 토요일,3번째 방문,영수증
스타벅스 공릉역점,카페,4.44,,,이미스,https://m.place.naver.com/my/5c2b3d3a0c63a39ba287eef2/review?v=2,749,,,커피맛집,,2023년 3월 24일 금요일,24번째 방문,영수증
스타벅스 공릉역점,카페,4.44,,,del****,https://m.place.naver.com/my/5efe65fb35e32560edaad462/review?v=2,136,,,ㄱㄱ,,2023년 3월 24일 금요일,4번째 방문,영수증
스타벅스 공릉역점,카페,4.44,,,cjt****,https://m.place.naver.com/my/5d92c5ae8f87a842bcf9efae/review?v=2,32,,,사진찍는다며 깜박하고 원샷 ㅋㅋ,"일시적인 오류가 발생했습니다
매장이 청결해요",2022년 12월 30일 금요일,1번째 방문,영수증
스타벅스 공릉역점,카페,4.44,,,이똥글씨,https://m.place.naver.com/my/5c2f2e3d3d8a5f8f59f0922a/review?v=2,683,,,매장이 넓고 좋네요 ^^,"일시적인 오류가 발생했습니다
좌석이 편해요",2022년 12월 15일 목요일,1번째 방문,영수증
스타벅스 공릉역점,카페,4.44,,,nam****,https://m.place.naver.com/my/5b7860b8f90c26692c1b6977/review?v=2,799,,,굿,,2023년 3월 14일 화요일,1번째 방문,영수증
스타벅스 공릉역점,카페,4.44,,,갑돌누님,https://m.place.naver.com/my/5da440978f87a842bcb7c5c2/review?v=2,1469,,,추운날 따뜻한 커피 좋아요,,2022년 12월 15일 목요일,28번째 방문,영수증
스타벅스 공릉역점,카페,4.44,,,우후훗31,https://m.place.naver.com/my/5b9b6c8c87b4a2e629fae3a3/review?v=2,363,,,굿,,2023년 7월 4일 화요일,7번째 방문,영수증
스타벅스 공릉역점,카페,4.44,,,아로파96,https://m.place.naver.com/my/5f055c9634a524e70c5b9ef9/review?v=2,586,,,좋아요,,2023년 4월 9일 일요일,3번째 방문,영수증
스타벅스 공릉역점,카페,4.44,,,향기로운 채움,https://m.place.naver.com/my/605d8e91b17852528f300769/review?v=2,2293,1.0,,좋아요,,2023년 5월 30일 화요일,46번째 방문,영수증
스타벅스 공릉역점,카페,4.44,,,dld****,https://m.place.naver.com/my/60e9a6cb7b65df035bccbcdc/review?v=2,583,,,좋아요 ,"일시적인 오류가 발생했습니다
음료가 맛있어요",2023년 2월 14일 화요일,1번째 방문,영수증
스타벅스 공릉역점,카페,4.44,,,리리고우고우,https://m.place.naver.com/my/5c377869e8c86a45a130a542/review?v=2,824,72.0,,오랜만에 포장해왔는데 마스카포네 티라미수 맛있어요 ㅎㅎ ,"일시적인 오류가 발생했습니다
좌석이 편해요",2022년 11월 3일 목요일,2번째 방문,영수증
스타벅스 공릉역점,카페,4.44,,,아로파96,https://m.place.naver.com/my/5f055c9634a524e70c5b9ef9/review?v=2,586,,,좋아요,,2023년 4월 6일 목요일,2번째 방문,영수증
스타벅스 공릉역점,카페,4.44,,,MoonMoon62,https://m.place.naver.com/my/5e5f7e8a8f87a842bc6ed861/review?v=2,1400,,,알바분들 친절해요,,2023년 2월 11일 토요일,11번째 방문,영수증
스타벅스 공릉역점,카페,4.44,,,이쁜이29,https://m.place.naver.com/my/6142e8744d8298520646f16b/review?v=2,1070,,,커피와 케잌이 넘 맛있어요^^,,2022년 11월 2일 수요일,2번째 방문,영수증
스타벅스 공릉역점,카페,4.44,,,lub****,https://m.place.naver.com/my/5fc7677a894429aaaa80dcb9/review?v=2,608,,,친절해요,,2023년 3월 26일 일요일,1번째 방문,영수증
스타벅스 공릉역점,카페,4.44,,,하이마,https://m.place.naver.com/my/5b6eef908fdd37e0444e0ab0/review?v=2,1190,1.0,,맛있어요,,2023년 3월 31일 금요일,4번째 방문,영수증
스타벅스 공릉역점,카페,4.44,,,아로파96,https://m.place.naver.com/my/5f055c9634a524e70c5b9ef9/review?v=2,586,,,좋아요,,2023년 4월 4일 화요일,1번째 방문,영수증
스타벅스 공릉역점,카페,4.44,,,ghd****,https://m.place.naver.com/my/5ea29ca58f87a842bc396d8c/review?v=2,1502,,,👍,,2023년 3월 4일 토요일,1번째 방문,영수증
스타벅스 공릉역점,카페,4.44,,,레드럼,https://m.place.naver.com/my/5b78e9952c56d884a3b3730e/review?v=2,771,5.0,,굿,,2023년 4월 6일 목요일,1번째 방문,영수증
스타벅스 공릉역점,카페,4.44,,,Hohoria,https://m.place.naver.com/my/5cb104dc6665b9a2ecfe9e68/review?v=2,165,,,좋아요,,2023년 4월 6일 목요일,1번째 방문,영수증
스타벅스 공릉역점,카페,4.44,,,ch5975,https://m.place.naver.com/my/5bfd3df83cd7e1b7ad50e452/review?v=2,1763,,,넓고 쾌적,"일시적인 오류가 발생했습니다
집중하기 좋아요",2023년 2월 4일 토요일,2번째 방문,영수증
스타벅스 공릉역점,카페,4.44,,,moonhk58,https://m.place.naver.com/my/5f05948e0e1ac3aceef96929/review?v=2,1240,,,커피가 맛있어요,"일시적인 오류가 발생했습니다
음료가 맛있어요",2023년 1월 6일 금요일,1번째 방문,영수증
스타벅스 공릉역점,카페,4.44,,,울빵86,https://m.place.naver.com/my/5e21b5798f87a842bc587507/review?v=2,833,,,굿,,2023년 4월 5일 수요일,3번째 방문,영수증
스타벅스 공릉역점,카페,4.44,,,MoonMoon62,https://m.place.naver.com/my/5e5f7e8a8f87a842bc6ed861/review?v=2,1400,,,알바분들 친절함,,2023년 2월 8일 수요일,10번째 방문,영수증
스타벅스 공릉역점,카페,4.44,,,GY00,https://m.place.naver.com/my/614d497899f7aeed23abd0c7/review?v=2,116,,,"첫 방문인데, 만족:)","일시적인 오류가 발생했습니다
커피가 맛있어요",2023년 1월 5일 목요일,1번째 방문,영수증
스타벅스 공릉역점,카페,4.44,,,핑크윤미,https://m.place.naver.com/my/5d2f71a37e8b908fce253397/review?v=2,529,2.0,,직원들이 친절해요  커피맛집,"일시적인 오류가 발생했습니다
친절해요",2022년 12월 10일 토요일,4번째 방문,영수증
스타벅스 공릉역점,카페,4.44,,,반트호프,https://m.place.naver.com/my/5b77dc4fa1330e5444e8d27f/review?v=2,886,13.0,,종종 가서 먹어요,,2022년 12월 30일 금요일,1번째 방문,영수증
스타벅스 공릉역점,카페,4.44,,,극뽁,https://m.place.naver.com/my/5b7bb177800a646ab99da3eb/review?v=2,618,,,굿굿이염,,2023년 4월 5일 수요일,4번째 방문,영수증
스타벅스 공릉역점,카페,4.44,,,dptmej950,https://m.place.naver.com/my/5db857648f87a842bc0833ff/review?v=2,878,,,굳,,2023년 3월 2일 목요일,4번째 방문,영수증
스타벅스 공릉역점,카페,4.44,,,joa002,https://m.place.naver.com/my/5caf0b4d2c33f316c024498e/review?v=2,40,,,"제가 항상 방문하는 스벅~~
매장이 넓고 쾌적하고 직원분들도 친절하십니다~!!^^","일시적인 오류가 발생했습니다
매장이 청결해요",2022년 11월 30일 수요일,1번째 방문,영수증
스타벅스 공릉역점,카페,4.44,,,ksm****,https://m.place.naver.com/my/5e15fc5f8f87a842bc2acef5/review?v=2,1664,42.0,,넓어용,,2023년 2월 28일 화요일,2번째 방문,영수증
스타벅스 공릉역점,카페,4.44,,,MoonMoon62,https://m.place.naver.com/my/5e5f7e8a8f87a842bc6ed861/review?v=2,1400,,,굿,,2023년 4월 2일 일요일,22번째 방문,영수증
스타벅스 공릉역점,카페,4.44,,,효성엄마99,https://m.place.naver.com/my/6142c0af4fa5f74ac2453d5c/review?v=2,1669,,,커피가 맛있어요,"일시적인 오류가 발생했습니다
커피가 맛있어요",2023년 2월 5일 일요일,1번째 방문,영수증
스타벅스 공릉역점,카페,4.44,,,sjson04,https://m.place.naver.com/my/5effe99dfe03e278d38b6f9a/review?v=2,705,,,1,,2023년 6월 4일 일요일,5번째 방문,영수증
스타벅스 공릉역점,카페,4.44,,,del****,https://m.place.naver.com/my/5efe65fb35e32560edaad462/review?v=2,136,,,ㄱㄱ,,2023년 3월 12일 일요일,3번째 방문,영수증
스타벅스 공릉역점,카페,4.44,,,ID늑대군,https://m.place.naver.com/my/6143feadcd058ff3b62effe5/review?v=2,358,,,좋아요,,2023년 3월 31일 금요일,1번째 방문,영수증
스타벅스 공릉역점,카페,4.44,,,이미스,https://m.place.naver.com/my/5c2b3d3a0c63a39ba287eef2/review?v=2,749,,,커피맛집,,2023년 3월 11일 토요일,23번째 방문,영수증
스타벅스 공릉역점,카페,4.44,,,오로라공주용,https://m.place.naver.com/my/5bebba8238a827e7920f4b80/review?v=2,1353,,,좋아요,,2023년 3월 30일 목요일,3번째 방문,영수증
스타벅스 공릉역점,카페,4.44,,,쑤니416,https://m.place.naver.com/my/5e4d66d28f87a842bcf21a8f/review?v=2,923,12.0,,.,"일시적인 오류가 발생했습니다
매장이 청결해요",2023년 2월 4일 토요일,3번째 방문,영수증
스타벅스 공릉역점,카페,4.44,,,원이현이맘,https://m.place.naver.com/my/5bea821effb308c9cdfa0da3/review?v=2,3556,,,커피가 맛있어요,"일시적인 오류가 발생했습니다
음료가 맛있어요",2022년 11월 10일 목요일,12번째 방문,영수증
스타벅스 공릉역점,카페,4.44,,,마이플007,https://m.place.naver.com/my/5e1bfb4e8f87a842bcac2f10/review?v=2,1598,,,조아요,,2023년 3월 6일 월요일,2번째 방문,영수증
스타벅스 공릉역점,카페,4.44,,,MoonMoon62,https://m.place.naver.com/my/5e5f7e8a8f87a842bc6ed861/review?v=2,1400,,,친절해요,,2023년 3월 28일 화요일,21번째 방문,영수증
스타벅스 공릉역점,카페,4.44,,,갑돌누님,https://m.place.naver.com/my/5da440978f87a842bcb7c5c2/review?v=2,1469,,,커피 진해서 넘 맛나요,,2022년 12월 28일 수요일,29번째 방문,영수증
스타벅스 공릉역점,카페,4.44,,,하트유53,https://m.place.naver.com/my/5dd328208f87a842bc1e4da4/review?v=2,317,51.0,,스벅은 사랑입니다,"일시적인 오류가 발생했습니다
커피가 맛있어요",2022년 11월 29일 화요일,1번째 방문,영수증
스타벅스 공릉역점,카페,4.44,,,리에62,https://m.place.naver.com/my/5efdf5c3508969f832306924/review?v=2,112,,,친절,,2023년 3월 27일 월요일,1번째 방문,영수증
스타벅스 공릉역점,카페,4.44,,,은경6972,https://m.place.naver.com/my/5dfa4ce88f87a842bc59e37a/review?v=2,903,9.0,,굿,"일시적인 오류가 발생했습니다
음료가 맛있어요",2023년 3월 26일 일요일,2번째 방문,영수증
스타벅스 공릉역점,카페,4.44,,,중국어 강사,https://m.place.naver.com/my/5d86bf648f87a842bc375f9a/review?v=2,1409,,,굿~~~,"일시적인 오류가 발생했습니다
매장이 청결해요",2023년 3월 26일 일요일,14번째 방문,영수증
스타벅스 공릉역점,카페,4.44,,,hho****,https://m.place.naver.com/my/5eba17e18f87a842bc3faeaf/review?v=2,459,,,굿,,2023년 6월 17일 토요일,3번째 방문,영수증
스타벅스 공릉역점,카페,4.44,,,레몬바나나타르트,https://m.place.naver.com/my/5eff2e59ee06165e651db52d/review?v=2,657,,,맛있게 먹었어요,"일시적인 오류가 발생했습니다
음료가 맛있어요",2023년 1월 28일 토요일,1번째 방문,영수증
스타벅스 공릉역점,카페,4.44,,,이미스,https://m.place.naver.com/my/5c2b3d3a0c63a39ba287eef2/review?v=2,749,,,무료사이즈업 굿!!!,,2023년 1월 28일 토요일,18번째 방문,영수증
스타벅스 공릉역점,카페,4.44,,,ch5975,https://m.place.naver.com/my/5bfd3df83cd7e1b7ad50e452/review?v=2,1763,,,공부하는 사람 많은 카페,"일시적인 오류가 발생했습니다
집중하기 좋아요",2022년 11월 27일 일요일,1번째 방문,영수증
스타벅스 공릉역점,카페,4.44,,,귀결,https://m.place.naver.com/my/5f05be0f67168be022761f7c/review?v=2,131,,,굿,,2023년 6월 16일 금요일,11번째 방문,영수증
스타벅스 공릉역점,카페,4.44,,,향기로운 채움,https://m.place.naver.com/my/605d8e91b17852528f300769/review?v=2,2293,1.0,,좋아요,,2023년 5월 13일 토요일,45번째 방문,영수증
스타벅스 공릉역점,카페,4.44,,,cuf****,https://m.place.naver.com/my/5b63a843202e275c7b292023/review?v=2,881,,,굿,,2023년 5월 13일 토요일,6번째 방문,영수증
스타벅스 공릉역점,카페,4.44,,,홍범연의,https://m.place.naver.com/my/5ef73f198f87a842bc18eb73/review?v=2,1929,23.0,,굿,"일시적인 오류가 발생했습니다
매장이 청결해요",2023년 5월 17일 수요일,1번째 방문,영수증
스타벅스 공릉역점,카페,4.44,,,lIlIllIII,https://m.place.naver.com/my/5e4911138f87a842bc522bae/review?v=2,1744,,,스벅,,2023년 3월 3일 금요일,18번째 방문,영수증
스타벅스 공릉역점,카페,4.44,,,lIlIllIII,https://m.place.naver.com/my/5e4911138f87a842bc522bae/review?v=2,1744,,,친절해용,,2023년 3월 22일 수요일,19번째 방문,영수증
스타벅스 공릉역점,카페,4.44,,,del****,https://m.place.naver.com/my/5efe65fb35e32560edaad462/review?v=2,136,,,ㄱㄱ,"일시적인 오류가 발생했습니다
좌석이 편해요",2023년 3월 2일 목요일,2번째 방문,영수증
스타벅스 공릉역점,카페,4.44,,,aurora333,https://m.place.naver.com/my/5d425b273dcec65f69fe566a/review?v=2,886,,,굿,,2023년 3월 21일 화요일,1번째 방문,영수증
스타벅스 공릉역점,카페,4.44,,,MoonMoon62,https://m.place.naver.com/my/5e5f7e8a8f87a842bc6ed861/review?v=2,1400,,,친절해요,"일시적인 오류가 발생했습니다
커피가 맛있어요",2023년 3월 20일 월요일,20번째 방문,영수증
스타벅스 공릉역점,카페,4.44,,,MoonMoon62,https://m.place.naver.com/my/5e5f7e8a8f87a842bc6ed861/review?v=2,1400,,,굿,,2023년 3월 18일 토요일,19번째 방문,영수증
스타벅스 공릉역점,카페,4.44,,,thu****,https://m.place.naver.com/my/5c91c2c06f517e265c02158c/review?v=2,59,,,매장이 공부하시는 분들이 너무 많아요 수다떨기에는 부적합ㅠㅠ,,2022년 12월 4일 일요일,1번째 방문,영수증
스타벅스 공릉역점,카페,4.44,,,갑돌누님,https://m.place.naver.com/my/5da440978f87a842bcb7c5c2/review?v=2,1469,,,주문받을때 주의를 기울여 세심하게 잘 받아주고 친절해요. 좌석은 넓고 편한데다 커피맛은 역시 굳이네요.,,2022년 11월 3일 목요일,26번째 방문,영수증
스타벅스 공릉역점,카페,4.44,,,택배하루,https://m.place.naver.com/my/5eff0ac4a7f1cdd89fef6abe/review?v=2,708,15.0,,ㄱ ㄷ,,2023년 1월 23일 월요일,1번째 방문,영수증
스타벅스 공릉역점,카페,4.44,,,367일냠냠,https://m.place.naver.com/my/5c72e01e392149ebd29327a5/review?v=2,42,16.0,,"스벅가서 생크림카스테라 안먹는사람은 바보야ㅠ 말도안해,, 세상에서 제일 부드럽고 제일 폭신폭신한거? 그건바로 생크림카스테라 너야. 🍞

역시 스타벅스의 친절함은 말해뭐합니까 방문당시 계셨던 직원분들 모두 너무친절하셨어요~! 매장도 넘나 시원한것 ㅠ 

공릉역4번출구에서 나오자마자 바로 보여요! 찾아가기 쉬운편입니당 ! 2층으로되어있어요~! 
(화장실도 2층) 

저는 오랜만에 바닐라더블샷 시켜먹었는데 아주아주 달고 진하고 고소했어요! 
이거 시키실분들은 양이많지않고, 단거좋아하고, 진한맛 좋아하시는분들만 주문하세요~!
그리고 쉐이크형태에 샷이들어가기때문에 얼음이 없는 음료라서 얼음없다고 당황하지마세요~! 
얼음없어도 충분히 시원하니까요🙊 

더운 여름에 잠시 쉬어가기 딱 좋은 곳입니다! 👍🏻",,2022년 8월 5일 금요일,1번째 방문,영수증
스타벅스 공릉역점,카페,4.44,,,새벽두시반52,https://m.place.naver.com/my/61c02b8baa13b4d82fa0ef25/review?v=2,1201,1.0,,비싸요,"일시적인 오류가 발생했습니다
디저트가 맛있어요",2023년 2월 25일 토요일,2번째 방문,영수증
스타벅스 공릉역점,카페,4.44,,,pos****,https://m.place.naver.com/my/6054227df774fa8b3c0c36d6/review?v=2,1292,,,좋아요,"일시적인 오류가 발생했습니다
음료가 맛있어요",2023년 3월 16일 목요일,2번째 방문,영수증
스타벅스 공릉역점,카페,4.44,,,nee****,https://m.place.naver.com/my/5f81b2c26c3d7f733430e059/review?v=2,551,1.0,,동네 프랜차이즈 커피점,,2023년 1월 13일 금요일,4번째 방문,영수증
스타벅스 공릉역점,카페,4.44,,,대기업회장엄마,https://m.place.naver.com/my/5b645dbe06dca791a1f36ddd/review?v=2,1712,276.0,,대기업회장엄마 🤗 대기중,,2022년 10월 4일 화요일,4번째 방문,영수증
스타벅스 공릉역점,카페,4.44,,,MoonMoon62,https://m.place.naver.com/my/5e5f7e8a8f87a842bc6ed861/review?v=2,1400,,,굿,,2023년 3월 15일 수요일,18번째 방문,영수증
스타벅스 공릉역점,카페,4.44,,,div****,https://m.place.naver.com/my/5eae69228f87a842bcc91b24/review?v=2,1905,,,ㅅ,,2023년 2월 24일 금요일,2번째 방문,영수증
스타벅스 공릉역점,카페,4.44,,,뇨뇨냐냐냐뇨냐뇨냐,https://m.place.naver.com/my/5b7acf3624baa70542695f22/review?v=2,635,,,돌체라떼 겁내 달고 맛나네요,"일시적인 오류가 발생했습니다
디저트가 맛있어요",2023년 2월 9일 목요일,1번째 방문,영수증
스타벅스 공릉역점,카페,4.44,,,mky****,https://m.place.naver.com/my/5d149a54686d6fe8116ca3bf/review?v=2,649,,,너무 맛있어요,"일시적인 오류가 발생했습니다
디저트가 맛있어요",2022년 11월 16일 수요일,1번째 방문,영수증
스타벅스 공릉역점,카페,4.44,,,ijo****,https://m.place.naver.com/my/5c650da264708c6450b1a65a/review?v=2,14,,,좋아요,"일시적인 오류가 발생했습니다
디저트가 맛있어요",2023년 2월 14일 화요일,1번째 방문,영수증
스타벅스 공릉역점,카페,4.44,,,짱짱짱955,https://m.place.naver.com/my/617e578026e54129ddedd353/review?v=2,1597,,,좋아요,,2023년 2월 8일 수요일,8번째 방문,영수증
스타벅스 공릉역점,카페,4.44,,,jon****,https://m.place.naver.com/my/6258c397a3c23b32ed8e4a47/review?v=2,709,,,,"일시적인 오류가 발생했습니다
커피가 맛있어요",2023년 8월 3일 목요일,2번째 방문,영수증
스타벅스 공릉역점,카페,4.44,,,ky****,https://m.place.naver.com/my/5e5f8aff8f87a842bccfce56/review?v=2,512,,,커피도 맛있고  샌드위치 도 맛있네요,,2022년 11월 15일 화요일,2번째 방문,영수증
스타벅스 공릉역점,카페,4.44,,,마이플007,https://m.place.naver.com/my/5e1bfb4e8f87a842bcac2f10/review?v=2,1598,,,조아요 ,,2023년 2월 18일 토요일,1번째 방문,영수증
스타벅스 공릉역점,카페,4.44,,,JHS0330,https://m.place.naver.com/my/5cc7b5078bed4c4811432ae2/review?v=2,68,,,친절하세요 사람은 많지만 좌석이 편하고 창이 커서 답답한 느낌이 없네요,,2023년 1월 17일 화요일,1번째 방문,영수증
스타벅스 공릉역점,카페,4.44,,,abc991,https://m.place.naver.com/my/5cab20193e4d04939b20e97c/review?v=2,639,2.0,,맛있어요~~,"일시적인 오류가 발생했습니다
뷰가 좋아요",2023년 2월 6일 월요일,2번째 방문,영수증
스타벅스 공릉역점,카페,4.44,,,MoonMoon62,https://m.place.naver.com/my/5e5f7e8a8f87a842bc6ed861/review?v=2,1400,,,굿,,2023년 3월 11일 토요일,17번째 방문,영수증
스타벅스 공릉역점,카페,4.44,,,nolza123498,https://m.place.naver.com/my/5c4ddd596671f2d929e00552/review?v=2,619,,,좋아요,,2023년 3월 11일 토요일,1번째 방문,영수증
스타벅스 공릉역점,카페,4.44,,,scorpion1458,https://m.place.naver.com/my/5dba91ef8f87a842bcc592a0/review?v=2,1016,,,좋아요,,2023년 3월 10일 금요일,5번째 방문,영수증
스타벅스 공릉역점,카페,4.44,,,rouge0560,https://m.place.naver.com/my/5c16147f4c4cfa097b50aad8/review?v=2,782,14.0,,굿,"일시적인 오류가 발생했습니다
음료가 맛있어요",2022년 12월 20일 화요일,5번째 방문,영수증
스타벅스 공릉역점,카페,4.44,,,cuf****,https://m.place.naver.com/my/5b63a843202e275c7b292023/review?v=2,881,,,오며가며 자~알 이용합니다,"일시적인 오류가 발생했습니다
매장이 청결해요",2023년 2월 6일 월요일,5번째 방문,영수증
스타벅스 공릉역점,카페,4.44,,,dsr****,https://m.place.naver.com/my/632be467d8e032b908699427/review?v=2,721,,,좋아요,"일시적인 오류가 발생했습니다
인테리어가 멋져요",2023년 3월 8일 수요일,1번째 방문,영수증
스타벅스 공릉역점,카페,4.44,,,은영양,https://m.place.naver.com/my/5b692dff93d45cdd4d973447/review?v=2,1068,18.0,,,,2023년 1월 5일 목요일,1번째 방문,영수증
스타벅스 공릉역점,카페,4.44,,,서리1970,https://m.place.naver.com/my/5eedb29b8f87a842bc8354f5/review?v=2,988,15.0,,좋아요,,2023년 2월 28일 화요일,4번째 방문,영수증
스타벅스 공릉역점,카페,4.44,,,보라도리84,https://m.place.naver.com/my/5cf64cf74712991b28a7df54/review?v=2,626,,,👍🏻👍🏻👍🏻👍🏻👍🏻,,2022년 11월 9일 수요일,1번째 방문,영수증
스타벅스 공릉역점,카페,4.44,,,한울타리29,https://m.place.naver.com/my/5f329fed9ec8258e4a8b8737/review?v=2,1463,,,"커피를 마시면 속이 불편해 새로 나온 음료를 맛보았는데 달콤하면서 새콤한 맛이 났다
넓은 매장에 모임하고 디저트 먹기 딱 좋은 곳이다","일시적인 오류가 발생했습니다
좌석이 편해요",2023년 3월 21일 화요일,6번째 방문,영수증
스타벅스 공릉역점,카페,4.44,,,MoonMoon62,https://m.place.naver.com/my/5e5f7e8a8f87a842bc6ed861/review?v=2,1400,,,친절해요,,2023년 3월 7일 화요일,16번째 방문,영수증
스타벅스 공릉역점,카페,4.44,,,닥또르,https://m.place.naver.com/my/5d8aa9f18f87a842bc59aa21/review?v=2,801,,,좋아요,,2023년 2월 1일 수요일,2번째 방문,영수증
스타벅스 공릉역점,카페,4.44,,,권아리언니,https://m.place.naver.com/my/5cd85012b82a8218b10f36c4/review?v=2,487,,,스벅커피는 진리,,2022년 12월 7일 수요일,1번째 방문,영수증
스타벅스 공릉역점,카페,4.44,,,dlt****,https://m.place.naver.com/my/5efe9417bf28894a9288af37/review?v=2,892,,,편안한게 좋아요,"일시적인 오류가 발생했습니다
커피가 맛있어요",2022년 11월 9일 수요일,1번째 방문,영수증
스타벅스 공릉역점,카페,4.44,,,zan****,https://m.place.naver.com/my/5fc4e7e5be3497f33158d16b/review?v=2,548,,,굿 ,"일시적인 오류가 발생했습니다
커피가 맛있어요",2023년 5월 29일 월요일,3번째 방문,영수증
스타벅스 공릉역점,카페,4.44,,,이미스,https://m.place.naver.com/my/5c2b3d3a0c63a39ba287eef2/review?v=2,749,,,신메뉴 맛있어요,,2023년 1월 9일 월요일,16번째 방문,영수증
스타벅스 공릉역점,카페,4.44,,,자유여동상,https://m.place.naver.com/my/5be5a0f5b21fc68feb874ee8/review?v=2,3014,78.0,,편하고 2층이 넓어서 대화하기 좋고 커피도 맛있어요,"일시적인 오류가 발생했습니다
커피가 맛있어요",2023년 4월 28일 금요일,2번째 방문,영수증
스타벅스 공릉역점,카페,4.44,,,향기로운 채움,https://m.place.naver.com/my/605d8e91b17852528f300769/review?v=2,2293,1.0,,좋아요,,2023년 4월 25일 화요일,44번째 방문,영수증
스타벅스 공릉역점,카페,4.44,,,민8855,https://m.place.naver.com/my/5e7d4aa78f87a842bcea5198/review?v=2,457,,,,"일시적인 오류가 발생했습니다
음료가 맛있어요",2022년 12월 17일 토요일,4번째 방문,영수증
스타벅스 공릉역점,카페,4.44,,,감동란14,https://m.place.naver.com/my/5e29d0638f87a842bcfa5ab7/review?v=2,94,,,국,"일시적인 오류가 발생했습니다
좌석이 편해요",2023년 2월 1일 수요일,1번째 방문,영수증
스타벅스 공릉역점,카페,4.44,,,nso****,https://m.place.naver.com/my/5d9a83008f87a842bcf8847d/review?v=2,868,,,친절해서 좋아요,,2022년 12월 5일 월요일,1번째 방문,영수증
스타벅스 공릉역점,카페,4.44,,,뿔뿔2,https://m.place.naver.com/my/5e2539e48f87a842bca08ce3/review?v=2,796,3.0,,공릉역 스벅,,2023년 4월 4일 화요일,4번째 방문,영수증
스타벅스 공릉역점,카페,4.44,,,libertyas,https://m.place.naver.com/my/5d6a81738f87a842bc196d13/review?v=2,1404,4.0,,좋아요.,,2023년 3월 4일 토요일,3번째 방문,영수증
스타벅스 공릉역점,카페,4.44,,,jh99999,https://m.place.naver.com/my/5efeaf5dafcca6e20afdb1f1/review?v=2,1903,,,구,,2023년 5월 7일 일요일,9번째 방문,영수증
스타벅스 공릉역점,카페,4.44,,,MoonMoon62,https://m.place.naver.com/my/5e5f7e8a8f87a842bc6ed861/review?v=2,1400,,,굿,,2023년 3월 3일 금요일,15번째 방문,영수증
스타벅스 공릉역점,카페,4.44,,,jh99999,https://m.place.naver.com/my/5efeaf5dafcca6e20afdb1f1/review?v=2,1903,,,구,,2023년 5월 6일 토요일,8번째 방문,영수증
스타벅스 공릉역점,카페,4.44,,,이미스,https://m.place.naver.com/my/5c2b3d3a0c63a39ba287eef2/review?v=2,749,,,커피맛집,,2023년 2월 11일 토요일,19번째 방문,영수증
스타벅스 공릉역점,카페,4.44,,,del****,https://m.place.naver.com/my/5efe65fb35e32560edaad462/review?v=2,136,,,ㄱㄱ,"일시적인 오류가 발생했습니다
대화하기 좋아요",2023년 2월 11일 토요일,1번째 방문,영수증
스타벅스 공릉역점,카페,4.44,,,HARONG,https://m.place.naver.com/my/5c36dca8e3703110bec88e4a/review?v=2,638,,,좋아요.,,2023년 1월 28일 토요일,1번째 방문,영수증
스타벅스 공릉역점,카페,4.44,,,핑크윤미,https://m.place.naver.com/my/5d2f71a37e8b908fce253397/review?v=2,529,2.0,,역시 커피맛있어요 ,"일시적인 오류가 발생했습니다
친절해요",2022년 12월 5일 월요일,3번째 방문,영수증
스타벅스 공릉역점,카페,4.44,,,neutrinoahn48,https://m.place.naver.com/my/60c2fe66839252b4c6c05a4f/review?v=2,575,,,굿,"일시적인 오류가 발생했습니다
특별한 메뉴가 있어요",2023년 2월 26일 일요일,22번째 방문,영수증
스타벅스 공릉역점,카페,4.44,,,soobin33389,https://m.place.naver.com/my/5df5abaa8f87a842bc88658b/review?v=2,139,,,좋아요 ,"일시적인 오류가 발생했습니다
뷰가 좋아요",2023년 2월 27일 월요일,3번째 방문,영수증
스타벅스 공릉역점,카페,4.44,,,열혈영자,https://m.place.naver.com/my/5f0ffba69ec8258e4a1a7470/review?v=2,946,,,커피 굿,,2023년 2월 26일 일요일,2번째 방문,영수증
스타벅스 공릉역점,카페,4.44,,,eun****,https://m.place.naver.com/my/61ffb8de4f4bb23ee688a4ff/review?v=2,381,1.0,,좋아요,,2023년 2월 26일 일요일,1번째 방문,영수증
스타벅스 공릉역점,카페,4.44,,,원이현이맘,https://m.place.naver.com/my/5bea821effb308c9cdfa0da3/review?v=2,3556,,,,"일시적인 오류가 발생했습니다
친절해요",2022년 12월 9일 금요일,14번째 방문,영수증
스타벅스 공릉역점,카페,4.44,,,닥또르,https://m.place.naver.com/my/5d8aa9f18f87a842bc59aa21/review?v=2,801,,,좋아요~^^,,2023년 1월 23일 월요일,1번째 방문,영수증
스타벅스 공릉역점,카페,4.44,,,ann****,https://m.place.naver.com/my/5f8b9049e14e7d8d238b4ccb/review?v=2,1229,,,자주 애용해요 ,,2022년 12월 26일 월요일,2번째 방문,영수증
스타벅스 공릉역점,카페,4.44,,,neutrinoahn48,https://m.place.naver.com/my/60c2fe66839252b4c6c05a4f/review?v=2,575,,,굿 좋아,"일시적인 오류가 발생했습니다
사진이 잘 나와요",2023년 2월 25일 토요일,21번째 방문,영수증
스타벅스 공릉역점,카페,4.44,,,MoonMoon62,https://m.place.naver.com/my/5e5f7e8a8f87a842bc6ed861/review?v=2,1400,,,점원들 친절함,,2022년 12월 31일 토요일,7번째 방문,영수증
스타벅스 공릉역점,카페,4.44,,,nee****,https://m.place.naver.com/my/5f81b2c26c3d7f733430e059/review?v=2,551,1.0,,동네 스타벅스 ,,2022년 12월 25일 일요일,2번째 방문,영수증
스타벅스 공릉역점,카페,4.44,,,dptmej950,https://m.place.naver.com/my/5db857648f87a842bc0833ff/review?v=2,878,,,귣,,2023년 1월 2일 월요일,1번째 방문,영수증
스타벅스 공릉역점,카페,4.44,,,이미스,https://m.place.naver.com/my/5c2b3d3a0c63a39ba287eef2/review?v=2,749,,,2500 굿,,2023년 2월 23일 목요일,21번째 방문,영수증
스타벅스 공릉역점,카페,4.44,,,이미스,https://m.place.naver.com/my/5c2b3d3a0c63a39ba287eef2/review?v=2,749,,,2500원할인 굿,,2023년 2월 22일 수요일,20번째 방문,영수증
스타벅스 공릉역점,카페,4.44,,,비처럼42,https://m.place.naver.com/my/5bf3c5dce14ff93c88f756dc/review?v=2,378,,,좋아요 ,,2023년 1월 19일 목요일,1번째 방문,영수증
스타벅스 공릉역점,카페,4.44,,,Toy00,https://m.place.naver.com/my/5d8575268f87a842bc32ba57/review?v=2,838,,,커피는 다른 스벅지점보다 맛이 없는것 같아요. 집에서 가까워서 이용합니다.,"일시적인 오류가 발생했습니다
좌석이 편해요",2022년 11월 20일 일요일,3번째 방문,영수증
스타벅스 공릉역점,카페,4.44,,,마술사221,https://m.place.naver.com/my/6103ad909545e42b8727d3b6/review?v=2,191,,,좋아용~~~~~~~ㅎ,,2023년 2월 21일 화요일,2번째 방문,영수증
스타벅스 공릉역점,카페,4.44,,,div****,https://m.place.naver.com/my/5eae69228f87a842bcc91b24/review?v=2,1905,,,ㅛ,,2023년 2월 1일 수요일,1번째 방문,영수증
스타벅스 공릉역점,카페,4.44,,,뿔뿔2,https://m.place.naver.com/my/5e2539e48f87a842bca08ce3/review?v=2,796,3.0,,,,2023년 3월 3일 금요일,3번째 방문,영수증
스타벅스 공릉역점,카페,4.44,,,sps11664,https://m.place.naver.com/my/5f3669509ec8258e4a854bec/review?v=2,328,,,굿,"일시적인 오류가 발생했습니다
음료가 맛있어요",2023년 5월 25일 목요일,2번째 방문,영수증
스타벅스 공릉역점,카페,4.44,,,lIlIllIII,https://m.place.naver.com/my/5e4911138f87a842bc522bae/review?v=2,1744,,,스벅,,2023년 1월 31일 화요일,17번째 방문,영수증
스타벅스 공릉역점,카페,4.44,,,ann****,https://m.place.naver.com/my/5f8b9049e14e7d8d238b4ccb/review?v=2,1229,,,가까워서 자주 애용해요,,2022년 12월 20일 화요일,1번째 방문,영수증
스타벅스 공릉역점,카페,4.44,,,부르르45,https://m.place.naver.com/my/5b9df875a47a0ddf839ab04f/review?v=2,1617,,,좋아요,"일시적인 오류가 발생했습니다
커피가 맛있어요",2023년 4월 15일 토요일,8번째 방문,영수증
스타벅스 공릉역점,카페,4.44,,,me융,https://m.place.naver.com/my/5bfcf15e6d422fd30056ac6f/review?v=2,941,,,선물받은 텀블러 교환하러 가서 죄지은기분이 드는건뭐죠.3시전에 교환하러 방문. 제앞에 한분 주문자외에 바쁘지도 않았는데 금액대에 맘에드는 물건이 없어서 물어봐도 날카롭게 대답하고 상자안에 교환증하고 음료서비스권도 같이 넣어져 있었는데 텀블러안에 안있고 꺼내져있네 라고 혼잣말하고 요즘 스벅이미지 안좋은데 직원교육하셔야될것같네요,,2022년 9월 14일 수요일,15번째 방문,영수증
스타벅스 공릉역점,카페,4.44,,,MLHBee,https://m.place.naver.com/my/5cc2d23dca33c39a5a1b0d36/review?v=2,926,,,접근성이 좋아욤😍,,2022년 11월 22일 화요일,2번째 방문,영수증
스타벅스 공릉역점,카페,4.44,,,neutrinoahn48,https://m.place.naver.com/my/60c2fe66839252b4c6c05a4f/review?v=2,575,,,ㄱ굿,"일시적인 오류가 발생했습니다
뷰가 좋아요",2023년 2월 18일 토요일,20번째 방문,영수증
스타벅스 공릉역점,카페,4.44,,,열혈영자,https://m.place.naver.com/my/5f0ffba69ec8258e4a1a7470/review?v=2,946,,,ㅋ커피 굿,,2023년 2월 18일 토요일,1번째 방문,영수증
스타벅스 공릉역점,카페,4.44,,,kmja777,https://m.place.naver.com/my/63a95a576cc11a402e4cb160/review?v=2,14,,,차와 디저트가 좋아요,,2022년 12월 24일 토요일,1번째 방문,영수증
스타벅스 공릉역점,카페,4.44,,,돌고래자리6,https://m.place.naver.com/my/5eb951578f87a842bc3d7868/review?v=2,2868,63.0,,"좋아요 
굿~~~~","일시적인 오류가 발생했습니다
커피가 맛있어요",2022년 12월 9일 금요일,4번째 방문,영수증
스타벅스 공릉역점,카페,4.44,,,SG먹방꿈나무,https://m.place.naver.com/my/5cf66fb604aef9fa465b59e5/review?v=2,731,18.0,,새로나온 블루베리수플레케이크 부드럽고 달콤해서 맛있네요!!!,"일시적인 오류가 발생했습니다
커피가 맛있어요",2022년 7월 30일 토요일,2번째 방문,영수증
스타벅스 공릉역점,카페,4.44,,,kus****,https://m.place.naver.com/my/5ba431801f55e77252bd98e3/review?v=2,636,,,좋아요,"일시적인 오류가 발생했습니다
친절해요",2022년 12월 11일 일요일,3번째 방문,영수증
스타벅스 공릉역점,카페,4.44,,,감동,https://m.place.naver.com/my/5baf6c27c82a1c95e2450d33/review?v=2,367,,,"오가다 편하게 들릴수있는 곳입니다
깨끗하고 좋아요","일시적인 오류가 발생했습니다
매장이 청결해요",2022년 11월 23일 수요일,1번째 방문,영수증
스타벅스 공릉역점,카페,4.44,,,kwk7551,https://m.place.naver.com/my/5effedcd6900d38fc165ed63/review?v=2,771,,,,"일시적인 오류가 발생했습니다
화장실이 깨끗해요",2023년 3월 10일 금요일,1번째 방문,영수증
스타벅스 공릉역점,카페,4.44,,,이미스,https://m.place.naver.com/my/5c2b3d3a0c63a39ba287eef2/review?v=2,749,,,커피맛집,,2023년 1월 27일 금요일,17번째 방문,영수증
스타벅스 공릉역점,카페,4.44,,,오도라23,https://m.place.naver.com/my/5ebe1e158f87a842bcffc6e5/review?v=2,1215,34.0,,매장이 깔끔하고 2층에 자리가 넉넉해서 좋아요! 응대도 빠르고 음료도 빨리 나와요! ,"일시적인 오류가 발생했습니다
친절해요",2022년 11월 20일 일요일,1번째 방문,영수증
스타벅스 공릉역점,카페,4.44,,,미사랑78,https://m.place.naver.com/my/5c67925ea73661cd369440a2/review?v=2,1067,,,별의별 샌드위치 맛있네요 ,"일시적인 오류가 발생했습니다
대화하기 좋아요",2022년 11월 23일 수요일,4번째 방문,영수증
스타벅스 공릉역점,카페,4.44,,,은양89,https://m.place.naver.com/my/5e6cf5a48f87a842bc6a4d06/review?v=2,1290,,,조아요,,2023년 2월 14일 화요일,1번째 방문,영수증
스타벅스 공릉역점,카페,4.44,,,Da1,https://m.place.naver.com/my/5dbab9ef8f87a842bc5fea4d/review?v=2,60,,,드라이브스루 좋아요! 매장도 넓고 깨끗하고.,,2022년 8월 23일 화요일,4번째 방문,영수증
스타벅스 공릉역점,카페,4.44,,,hanga223,https://m.place.naver.com/my/5be42beffe02c731dbc474db/review?v=2,51,,,오로라케모마일 릴렉서~너무이뻐요,"일시적인 오류가 발생했습니다
주차하기 편해요",2022년 12월 4일 일요일,2번째 방문,영수증
스타벅스 공릉역점,카페,4.44,,,원츄1188,https://m.place.naver.com/my/5d26babe9f1d4f4aa69f9333/review?v=2,1200,,,조아요,,2022년 12월 20일 화요일,1번째 방문,영수증
스타벅스 공릉역점,카페,4.44,,,소소한행복28,https://m.place.naver.com/my/5e8009628f87a842bc79af4b/review?v=2,1050,11.0,,^^,,2022년 12월 21일 수요일,3번째 방문,영수증
스타벅스 공릉역점,카페,4.44,,,별님3992,https://m.place.naver.com/my/5f19011e9ec8258e4ad4628c/review?v=2,1564,,,.,,2023년 1월 23일 월요일,4번째 방문,영수증
스타벅스 공릉역점,카페,4.44,,,ㅋ 슈퍼오리,https://m.place.naver.com/my/6295d2843ed007fa244e832e/review?v=2,65,,,맛있어요,,2023년 1월 22일 일요일,1번째 방문,영수증
스타벅스 공릉역점,카페,4.44,,,별따러,https://m.place.naver.com/my/5b9a797deb7f80aba40951ec/review?v=2,1497,,,굿,,2023년 3월 5일 일요일,1번째 방문,영수증
스타벅스 공릉역점,카페,4.44,,,재성8292,https://m.place.naver.com/my/5bf672ffcfaac5875a576a04/review?v=2,219,1.0,,맛있어여!!,"일시적인 오류가 발생했습니다
대화하기 좋아요",2023년 4월 13일 목요일,8번째 방문,영수증
스타벅스 공릉역점,카페,4.44,,,향기로운 채움,https://m.place.naver.com/my/605d8e91b17852528f300769/review?v=2,2293,1.0,,항상 사람이 많아서 자리 경쟁하게 되네요,,2023년 1월 8일 일요일,40번째 방문,영수증
스타벅스 공릉역점,카페,4.44,,,룩바,https://m.place.naver.com/my/5ba1d29d741828e1ffe149de/review?v=2,535,,,좋아요 ,"일시적인 오류가 발생했습니다
음료가 맛있어요",2022년 12월 15일 목요일,6번째 방문,영수증
스타벅스 공릉역점,카페,4.44,,,lIlIllIII,https://m.place.naver.com/my/5e4911138f87a842bc522bae/review?v=2,1744,,,스벅 공릉점,,2023년 1월 20일 금요일,16번째 방문,영수증
스타벅스 공릉역점,카페,4.44,,,하이마,https://m.place.naver.com/my/5b6eef908fdd37e0444e0ab0/review?v=2,1190,1.0,,맛있어요,,2023년 2월 1일 수요일,3번째 방문,영수증
스타벅스 공릉역점,카페,4.44,,,귀결,https://m.place.naver.com/my/5f05be0f67168be022761f7c/review?v=2,131,,,자주가요,,2023년 5월 3일 수요일,9번째 방문,영수증
스타벅스 공릉역점,카페,4.44,,,neutrinoahn48,https://m.place.naver.com/my/60c2fe66839252b4c6c05a4f/review?v=2,575,,,굿 좋아,"일시적인 오류가 발생했습니다
디저트가 맛있어요",2023년 2월 8일 수요일,19번째 방문,영수증
스타벅스 공릉역점,카페,4.44,,,iloje,https://m.place.naver.com/my/5d4cb41756dca9d2265c12a9/review?v=2,1446,,,편안하고 분위기도 좋아요 ,"일시적인 오류가 발생했습니다
대화하기 좋아요",2022년 11월 7일 월요일,6번째 방문,영수증
스타벅스 공릉역점,카페,4.44,,,lky****,https://m.place.naver.com/my/5c1f25004b0f790374857c5f/review?v=2,46,,,커피가 맛있어요,"일시적인 오류가 발생했습니다
친절해요",2022년 12월 13일 화요일,1번째 방문,영수증
스타벅스 공릉역점,카페,4.44,,,민8855,https://m.place.naver.com/my/5e7d4aa78f87a842bcea5198/review?v=2,457,,,,"일시적인 오류가 발생했습니다
커피가 맛있어요",2022년 11월 26일 토요일,3번째 방문,영수증
스타벅스 공릉역점,카페,4.44,,,dptmej950,https://m.place.naver.com/my/5db857648f87a842bc0833ff/review?v=2,878,,,굳,,2023년 1월 4일 수요일,2번째 방문,영수증
스타벅스 공릉역점,카페,4.44,,,yaaaahoooo,https://m.place.naver.com/my/5d898e928f87a842bc4d7450/review?v=2,122,,,,"일시적인 오류가 발생했습니다
매장이 청결해요",2022년 12월 7일 수요일,1번째 방문,영수증
스타벅스 공릉역점,카페,4.44,,,all****,https://m.place.naver.com/my/5e410bf88f87a842bcc26f19/review?v=2,60,,,디저트 케익이 너무 맛있었어요!!,"일시적인 오류가 발생했습니다
커피가 맛있어요",2022년 9월 13일 화요일,7번째 방문,영수증
스타벅스 공릉역점,카페,4.44,,,y_j****,https://m.place.naver.com/my/5d30f4907d65aa4c2e307ba0/review?v=2,235,,,맛있어요,,2023년 2월 28일 화요일,2번째 방문,영수증
스타벅스 공릉역점,카페,4.44,,,라이니스,https://m.place.naver.com/my/5efe1feab4dd01caff0a0b88/review?v=2,1612,22.0,,역에 가깝고 2층 자리가 넓고 많음,"일시적인 오류가 발생했습니다
친절해요",2023년 2월 14일 화요일,6번째 방문,영수증
스타벅스 공릉역점,카페,4.44,,,ohu****,https://m.place.naver.com/my/5d33c0b88cfa125c545adc2a/review?v=2,2310,,,그ㅅ,,2023년 1월 16일 월요일,3번째 방문,영수증
스타벅스 공릉역점,카페,4.44,,,aprilqeen,https://m.place.naver.com/my/5d01a630b42deb542d25b68b/review?v=2,840,,,매장 깨끗하고 좋아요,"일시적인 오류가 발생했습니다
커피가 맛있어요",2023년 4월 17일 월요일,4번째 방문,영수증
스타벅스 공릉역점,카페,4.44,,,나도나님,https://m.place.naver.com/my/5c383ca9f0c90d13f503d41f/review?v=2,1163,69.0,,,,2022년 12월 4일 일요일,1번째 방문,영수증
스타벅스 공릉역점,카페,4.44,,,neutrinoahn48,https://m.place.naver.com/my/60c2fe66839252b4c6c05a4f/review?v=2,575,,,굿 좋아요,"일시적인 오류가 발생했습니다
화장실이 깨끗해요",2023년 2월 3일 금요일,18번째 방문,영수증
스타벅스 공릉역점,카페,4.44,,,libertyas,https://m.place.naver.com/my/5d6a81738f87a842bc196d13/review?v=2,1404,4.0,,좋아요.,,2023년 2월 3일 금요일,2번째 방문,영수증
스타벅스 공릉역점,카페,4.44,,,jis****,https://m.place.naver.com/my/5f2246c89ec8258e4a23fd84/review?v=2,1823,,,커피맛이 좋아요 ,,2022년 12월 9일 금요일,1번째 방문,영수증
스타벅스 공릉역점,카페,4.44,,,피아오량18,https://m.place.naver.com/my/5d9440428f87a842bc386742/review?v=2,692,,,커피도 케잌도 맛있고 넓어서 좋아요,"일시적인 오류가 발생했습니다
매장이 청결해요",2022년 11월 10일 목요일,5번째 방문,영수증
스타벅스 공릉역점,카페,4.44,,,all****,https://m.place.naver.com/my/5e410bf88f87a842bcc26f19/review?v=2,60,,,음료와 샌드위치가 신선하고 맛있어요,"일시적인 오류가 발생했습니다
음료가 맛있어요",2022년 9월 9일 금요일,5번째 방문,영수증
스타벅스 공릉역점,카페,4.44,,,미사랑78,https://m.place.naver.com/my/5c67925ea73661cd369440a2/review?v=2,1067,,,"빵,커피가 맛있어요 ","일시적인 오류가 발생했습니다
커피가 맛있어요",2022년 12월 7일 수요일,5번째 방문,영수증
스타벅스 공릉역점,카페,4.44,,,MoonMoon62,https://m.place.naver.com/my/5e5f7e8a8f87a842bc6ed861/review?v=2,1400,,,점원분들 친절하심,"일시적인 오류가 발생했습니다
커피가 맛있어요",2022년 12월 7일 수요일,6번째 방문,영수증
스타벅스 공릉역점,카페,4.44,,,별명없음868,https://m.place.naver.com/my/5c5873bf6fa6e6c08c407bcb/review?v=2,382,,,굿,,2023년 1월 31일 화요일,1번째 방문,영수증
스타벅스 공릉역점,카페,4.44,,,터미타임,https://m.place.naver.com/my/5f9446664c086c2f0984fea1/review?v=2,971,,,빨리 나와서 좋아요,"일시적인 오류가 발생했습니다
인테리어가 멋져요",2022년 11월 2일 수요일,4번째 방문,영수증
스타벅스 공릉역점,카페,4.44,,,이미스,https://m.place.naver.com/my/5c2b3d3a0c63a39ba287eef2/review?v=2,749,,,커피 맛있어요,,2022년 12월 4일 일요일,15번째 방문,영수증
스타벅스 공릉역점,카페,4.44,,,미르맘97,https://m.place.naver.com/my/5f05472ac6bb7ffd43ddc6f1/review?v=2,247,,,집에서 가깝고 커피가 맛나요~~~,"일시적인 오류가 발생했습니다
매장이 청결해요",2022년 11월 6일 일요일,1번째 방문,영수증
스타벅스 공릉역점,카페,4.44,,,Ihateonion,https://m.place.naver.com/my/5be9020b1c90aaa774d2240b/review?v=2,1480,,,굿,,2022년 12월 26일 월요일,2번째 방문,영수증
스타벅스 공릉역점,카페,4.44,,,재성8292,https://m.place.naver.com/my/5bf672ffcfaac5875a576a04/review?v=2,219,1.0,,친절해요,"일시적인 오류가 발생했습니다
대화하기 좋아요",2023년 3월 30일 목요일,7번째 방문,영수증
스타벅스 공릉역점,카페,4.44,,,KYN8,https://m.place.naver.com/my/5c17d6b66f069e27d36b9ce1/review?v=2,348,17.0,,언제나 사람이 많아요.,"일시적인 오류가 발생했습니다
대화하기 좋아요",2022년 10월 24일 월요일,2번째 방문,영수증
스타벅스 공릉역점,카페,4.44,,,나나나9053,https://m.place.naver.com/my/5bf2738f689cb27f1845a783/review?v=2,943,,,친절해요,"일시적인 오류가 발생했습니다
음료가 맛있어요",2023년 1월 27일 금요일,2번째 방문,영수증
스타벅스 공릉역점,카페,4.44,,,bom****,https://m.place.naver.com/my/61c7ce5727c861537ae52d52/review?v=2,79,,,분위기 좋아요,"일시적인 오류가 발생했습니다
인테리어가 멋져요",2022년 12월 2일 금요일,1번째 방문,영수증
스타벅스 공릉역점,카페,4.44,,,흥행술사,https://m.place.naver.com/my/5d9d90538f87a842bc4f1cbc/review?v=2,1113,44.0,,그냥 커피가 좋아서,,2022년 10월 29일 토요일,1번째 방문,영수증
스타벅스 공릉역점,카페,4.44,,,Encourager,https://m.place.naver.com/my/5f04119d07df30f9d675d0ba/review?v=2,2204,62.0,,아주 좋아욤 ㅎㅎ,,2023년 4월 29일 토요일,2번째 방문,영수증
스타벅스 공릉역점,카페,4.44,,,yhm****,https://m.place.naver.com/my/5e6de9848f87a842bcc6f000/review?v=2,1460,7.0,,오,,2023년 1월 6일 금요일,3번째 방문,영수증
스타벅스 공릉역점,카페,4.44,,,컴마루,https://m.place.naver.com/my/5d79fb8a8f87a842bc9f6957/review?v=2,512,12.0,,직원분들이 친절해요~,"일시적인 오류가 발생했습니다
매장이 청결해요",2022년 10월 28일 금요일,6번째 방문,영수증
스타벅스 공릉역점,카페,4.44,,,민8855,https://m.place.naver.com/my/5e7d4aa78f87a842bcea5198/review?v=2,457,,,,"일시적인 오류가 발생했습니다
음료가 맛있어요",2022년 11월 19일 토요일,2번째 방문,영수증
스타벅스 공릉역점,카페,4.44,,,MoonMoon62,https://m.place.naver.com/my/5e5f7e8a8f87a842bc6ed861/review?v=2,1400,,,2층 좌석이 넓어요,"일시적인 오류가 발생했습니다
커피가 맛있어요",2022년 11월 30일 수요일,5번째 방문,영수증
스타벅스 공릉역점,카페,4.44,,,기원9,https://m.place.naver.com/my/5ef2e13a8f87a842bce5d4ff/review?v=2,78,,,,"일시적인 오류가 발생했습니다
음료가 맛있어요",2022년 11월 24일 목요일,1번째 방문,영수증
스타벅스 공릉역점,카페,4.44,,,JJCY,https://m.place.naver.com/my/5c21b9aa5b0bfb32cb8c57e4/review?v=2,841,,,굿,"일시적인 오류가 발생했습니다
디저트가 맛있어요",2022년 12월 21일 수요일,4번째 방문,영수증
스타벅스 공릉역점,카페,4.44,,,활력소83,https://m.place.naver.com/my/60dae6ee6d15eb4a264b328e/review?v=2,1050,1.0,,집중하기 좋은 장소,"일시적인 오류가 발생했습니다
집중하기 좋아요",2022년 10월 26일 수요일,1번째 방문,영수증
스타벅스 공릉역점,카페,4.44,,,aprilqeen,https://m.place.naver.com/my/5d01a630b42deb542d25b68b/review?v=2,840,,,직원분들 친절하세요,"일시적인 오류가 발생했습니다
디저트가 맛있어요",2023년 4월 12일 수요일,3번째 방문,영수증
스타벅스 공릉역점,카페,4.44,,,hho****,https://m.place.naver.com/my/5eba17e18f87a842bc3faeaf/review?v=2,459,,,굿,,2023년 4월 17일 월요일,2번째 방문,영수증
스타벅스 공릉역점,카페,4.44,,,은경2883,https://m.place.naver.com/my/5f52f76f6c3d7f73342f1e43/review?v=2,2943,9.0,,커피가 맛있어요,,2023년 1월 17일 화요일,13번째 방문,영수증
스타벅스 공릉역점,카페,4.44,,,neutrinoahn48,https://m.place.naver.com/my/60c2fe66839252b4c6c05a4f/review?v=2,575,,,굿 좋아요,,2023년 1월 22일 일요일,17번째 방문,영수증
스타벅스 공릉역점,카페,4.44,,,neutrinoahn48,https://m.place.naver.com/my/60c2fe66839252b4c6c05a4f/review?v=2,575,,,조용하고 아늑하고 좋아요,,2022년 10월 30일 일요일,13번째 방문,영수증
스타벅스 공릉역점,카페,4.44,,,cml****,https://m.place.naver.com/my/5bf0692095ac35694340c1ac/review?v=2,572,,,좋아요,"일시적인 오류가 발생했습니다
음료가 맛있어요",2022년 11월 9일 수요일,4번째 방문,영수증
스타벅스 공릉역점,카페,4.44,,,black07927,https://m.place.naver.com/my/5d5a68cc220adca5c3811886/review?v=2,1049,,,커피,"일시적인 오류가 발생했습니다
디저트가 맛있어요",2023년 1월 1일 일요일,2번째 방문,영수증
스타벅스 공릉역점,카페,4.44,,,MoonMoon62,https://m.place.naver.com/my/5e5f7e8a8f87a842bc6ed861/review?v=2,1400,,,굿,"일시적인 오류가 발생했습니다
커피가 맛있어요",2023년 1월 20일 금요일,9번째 방문,영수증
스타벅스 공릉역점,카페,4.44,,,신월모닝,https://m.place.naver.com/my/5ec3d9e08f87a842bc3887d6/review?v=2,676,26.0,, 이층도 넓어서 단체모임하기 좋네요,"일시적인 오류가 발생했습니다
디저트가 맛있어요",2022년 8월 27일 토요일,1번째 방문,영수증
스타벅스 공릉역점,카페,4.44,,,하이마,https://m.place.naver.com/my/5b6eef908fdd37e0444e0ab0/review?v=2,1190,1.0,,픽업편해요,,2023년 1월 12일 목요일,2번째 방문,영수증
스타벅스 공릉역점,카페,4.44,,,나대로1,https://m.place.naver.com/my/5b6626b4413ade0edfd52f29/review?v=2,2756,232.0,,슬세권이라 자주 이용하는 곳이에요,"일시적인 오류가 발생했습니다
커피가 맛있어요",2022년 8월 21일 일요일,2번째 방문,영수증
스타벅스 공릉역점,카페,4.44,,,향기로운 채움,https://m.place.naver.com/my/605d8e91b17852528f300769/review?v=2,2293,1.0,,좋아요,"일시적인 오류가 발생했습니다
매장이 청결해요",2023년 3월 10일 금요일,43번째 방문,영수증
스타벅스 공릉역점,카페,4.44,,,귀결,https://m.place.naver.com/my/5f05be0f67168be022761f7c/review?v=2,131,,,맛있어요,"일시적인 오류가 발생했습니다
친절해요",2023년 4월 12일 수요일,8번째 방문,영수증
스타벅스 공릉역점,카페,4.44,,,다우다우1004,https://m.place.naver.com/my/5bf26bba148347e086d7536b/review?v=2,617,25.0,,좋아요. ,,2023년 2월 10일 금요일,2번째 방문,영수증
스타벅스 공릉역점,카페,4.44,,,epg****,https://m.place.naver.com/my/5d11cf585868d438fb1f4365/review?v=2,1774,,,친절해요 고구마케익맛나요,"일시적인 오류가 발생했습니다
디저트가 맛있어요",2023년 4월 22일 토요일,28번째 방문,영수증
스타벅스 공릉역점,카페,4.44,,,짱짱짱955,https://m.place.naver.com/my/617e578026e54129ddedd353/review?v=2,1597,,,바비큐 치킨 샌드위치가 야간 짜지만 맛은 좋아요,"일시적인 오류가 발생했습니다
커피가 맛있어요",2022년 9월 21일 수요일,6번째 방문,영수증
스타벅스 공릉역점,카페,4.44,,,쑤니416,https://m.place.naver.com/my/5e4d66d28f87a842bcf21a8f/review?v=2,923,12.0,,.,"일시적인 오류가 발생했습니다
좌석이 편해요",2022년 11월 24일 목요일,2번째 방문,영수증
스타벅스 공릉역점,카페,4.44,,,sps11664,https://m.place.naver.com/my/5f3669509ec8258e4a854bec/review?v=2,328,,,군,,2023년 3월 31일 금요일,1번째 방문,영수증
스타벅스 공릉역점,카페,4.44,,,hyakin,https://m.place.naver.com/my/5c5a5e98f6b3b1c140922974/review?v=2,901,40.0,,굿,"일시적인 오류가 발생했습니다
커피가 맛있어요",2022년 12월 12일 월요일,1번째 방문,영수증
스타벅스 공릉역점,카페,4.44,,,MoonMoon62,https://m.place.naver.com/my/5e5f7e8a8f87a842bc6ed861/review?v=2,1400,,,굿,"일시적인 오류가 발생했습니다
커피가 맛있어요",2023년 1월 14일 토요일,8번째 방문,영수증
스타벅스 공릉역점,카페,4.44,,,양월콤비,https://m.place.naver.com/my/5d29a0a4f4affd31f72958e7/review?v=2,97,1.0,,맛있어요,,2022년 11월 14일 월요일,1번째 방문,영수증
스타벅스 공릉역점,카페,4.44,,,kjbkys,https://m.place.naver.com/my/62bc32f49dcfa9f935bc4246/review?v=2,606,,,굿,,2023년 1월 13일 금요일,8번째 방문,영수증
스타벅스 공릉역점,카페,4.44,,,MoonMoon62,https://m.place.naver.com/my/5e5f7e8a8f87a842bc6ed861/review?v=2,1400,,,점원들 친절하심. ,"일시적인 오류가 발생했습니다
디저트가 맛있어요",2022년 11월 18일 금요일,4번째 방문,영수증
스타벅스 공릉역점,카페,4.44,,,DAPHNE,https://m.place.naver.com/my/5f8348a76c3d7f733435d775/review?v=2,1266,,,,"일시적인 오류가 발생했습니다
커피가 맛있어요",2022년 10월 21일 금요일,8번째 방문,영수증
스타벅스 공릉역점,카페,4.44,,,컴마루,https://m.place.naver.com/my/5d79fb8a8f87a842bc9f6957/review?v=2,512,12.0,,종이빨대 맛없음요~,"일시적인 오류가 발생했습니다
커피가 맛있어요",2022년 9월 2일 금요일,5번째 방문,영수증
스타벅스 공릉역점,카페,4.44,,,too****,https://m.place.naver.com/my/5f05fb01c6c911a490bb9693/review?v=2,382,6.0,,,"일시적인 오류가 발생했습니다
매장이 청결해요",2022년 11월 12일 토요일,1번째 방문,영수증
스타벅스 공릉역점,카페,4.44,,,제이22,https://m.place.naver.com/my/5efeca88493ad9a9a0ec3754/review?v=2,793,,,하이마트 뷰 좋아요,,2022년 9월 15일 목요일,1번째 방문,영수증
스타벅스 공릉역점,카페,4.44,,,lmj8799,https://m.place.naver.com/my/5e0172348f87a842bcc58d33/review?v=2,1488,,,좋아요,,2023년 1월 11일 수요일,11번째 방문,영수증
스타벅스 공릉역점,카페,4.44,,,향기로운 채움,https://m.place.naver.com/my/605d8e91b17852528f300769/review?v=2,2293,1.0,,좋아요,,2023년 3월 2일 목요일,42번째 방문,영수증
스타벅스 공릉역점,카페,4.44,,,lej****,https://m.place.naver.com/my/5f816c5b6c3d7f733446fe4d/review?v=2,1068,,,맛나ㅛ,,2022년 12월 7일 수요일,1번째 방문,영수증
스타벅스 공릉역점,카페,4.44,,,뿌리깊은 나무,https://m.place.naver.com/my/5ba0cc4981c57ed144879c6b/review?v=2,225,,,좋아요 ,"일시적인 오류가 발생했습니다
매장이 청결해요",2023년 1월 8일 일요일,8번째 방문,영수증
스타벅스 공릉역점,카페,4.44,,,나나난36,https://m.place.naver.com/my/5dee39668f87a842bcd7d5c5/review?v=2,664,,,좋아요 ,"일시적인 오류가 발생했습니다
커피가 맛있어요",2023년 8월 5일 토요일,3번째 방문,영수증
스타벅스 공릉역점,카페,4.44,,,한명기,https://m.place.naver.com/my/5efeea87ee06165e651d2139/review?v=2,950,,,ㄱ,,2022년 11월 26일 토요일,1번째 방문,영수증
스타벅스 공릉역점,카페,4.44,,,JJCY,https://m.place.naver.com/my/5c21b9aa5b0bfb32cb8c57e4/review?v=2,841,,,굿,"일시적인 오류가 발생했습니다
디저트가 맛있어요",2022년 12월 4일 일요일,3번째 방문,영수증
스타벅스 공릉역점,카페,4.44,,,des****,https://m.place.naver.com/my/5cf21aeb6f89a4ae78e2097b/review?v=2,125,,,사람 되게 많네여,,2022년 11월 6일 일요일,1번째 방문,영수증
스타벅스 공릉역점,카페,4.44,,,epg****,https://m.place.naver.com/my/5d11cf585868d438fb1f4365/review?v=2,1774,,,조아뇨,,2023년 7월 2일 일요일,29번째 방문,영수증
스타벅스 공릉역점,카페,4.44,,,seoejung,https://m.place.naver.com/my/5cf8e42cfaa1e3dcd1dc59a7/review?v=2,22,,,"학교 가까은곳에 있어서 이용하기
편하다","일시적인 오류가 발생했습니다
친절해요",2023년 1월 6일 금요일,1번째 방문,영수증
스타벅스 공릉역점,카페,4.44,,,이미스,https://m.place.naver.com/my/5c2b3d3a0c63a39ba287eef2/review?v=2,749,,,공부하기 좋은 곳,,2022년 11월 11일 금요일,14번째 방문,영수증
스타벅스 공릉역점,카페,4.44,,,kwo****,https://m.place.naver.com/my/5bd54241735cf06089183776/review?v=2,1419,,,.,"일시적인 오류가 발생했습니다
좌석이 편해요",2023년 3월 11일 토요일,7번째 방문,영수증
스타벅스 공릉역점,카페,4.44,,,hay****,https://m.place.naver.com/my/5d512a99fa7dd451407bbe0d/review?v=2,158,,,좋아요,"일시적인 오류가 발생했습니다
친절해요",2022년 12월 29일 목요일,1번째 방문,영수증
스타벅스 공릉역점,카페,4.44,,,라나1994,https://m.place.naver.com/my/5bd462c6f463bd17e9e23362/review?v=2,122,6.0,,공릉 시내가 한눈에 다 들어오는 뷰 이 층으로 되어 있어서 눈치 안 보고 작업을 할 수 있어서 자주 가요🙈💕 기분이 너무 좋네요,"일시적인 오류가 발생했습니다
인테리어가 멋져요",2022년 7월 3일 일요일,3번째 방문,영수증
스타벅스 공릉역점,카페,4.44,,,MoonMoon62,https://m.place.naver.com/my/5e5f7e8a8f87a842bc6ed861/review?v=2,1400,,,2층 매장이 넓어 좋아요,,2022년 11월 9일 수요일,3번째 방문,영수증
스타벅스 공릉역점,카페,4.44,,,피스타치오435,https://m.place.naver.com/my/5cc852f6fb23e5784e9bad40/review?v=2,848,,,🙆‍♀️,,2022년 12월 15일 목요일,3번째 방문,영수증
스타벅스 공릉역점,카페,4.44,,,엘라슨,https://m.place.naver.com/my/5bf8a831e4098ec07c9c7034/review?v=2,137,,,,"일시적인 오류가 발생했습니다
음료가 맛있어요",2023년 6월 1일 목요일,1번째 방문,영수증
스타벅스 공릉역점,카페,4.44,,,다롱이29,https://m.place.naver.com/my/5efe0e1767c6d4320f571a9b/review?v=2,102,,,청결,,2022년 12월 14일 수요일,1번째 방문,영수증
스타벅스 공릉역점,카페,4.44,,,터미타임,https://m.place.naver.com/my/5f9446664c086c2f0984fea1/review?v=2,971,,,It makes me so happy😍,"일시적인 오류가 발생했습니다
커피가 맛있어요",2022년 9월 7일 수요일,1번째 방문,영수증
스타벅스 공릉역점,카페,4.44,,,친절하게살자,https://m.place.naver.com/my/5cb931a490527e42db9dcd24/review?v=2,1219,,,좋아요,,2022년 11월 29일 화요일,1번째 방문,영수증
스타벅스 공릉역점,카페,4.44,,,천칭자리28,https://m.place.naver.com/my/5de0a5599ec8258e4a6012f4/review?v=2,487,13.0,,굿굿굿 ,"일시적인 오류가 발생했습니다
음료가 맛있어요",2023년 5월 7일 일요일,2번째 방문,영수증
스타벅스 공릉역점,카페,4.44,,,초띵콩,https://m.place.naver.com/my/5efe146c854ca92931131c44/review?v=2,44,,,공릉역근처라 좋아요,,2022년 10월 18일 화요일,2번째 방문,영수증
스타벅스 공릉역점,카페,4.44,,,아브라카다브라94,https://m.place.naver.com/my/5b9b28743b5007655370c8f0/review?v=2,168,,,알바생 교육이 필요한듯 ㅠㅠ,,2022년 10월 30일 일요일,1번째 방문,영수증
스타벅스 공릉역점,카페,4.44,,,스뎅맨,https://m.place.naver.com/my/5dc62e368f87a842bc04ef9f/review?v=2,561,8.0,,맛있어요 ^^,"일시적인 오류가 발생했습니다
음료가 맛있어요",2022년 11월 27일 일요일,2번째 방문,영수증
스타벅스 공릉역점,카페,4.44,,,kus****,https://m.place.naver.com/my/5ba431801f55e77252bd98e3/review?v=2,636,,,좋아요,,2022년 11월 29일 화요일,2번째 방문,영수증
스타벅스 공릉역점,카페,4.44,,,박은경3650,https://m.place.naver.com/my/5dfc19fd8f87a842bc48b3ea/review?v=2,18,,,,,2022년 11월 20일 일요일,3번째 방문,영수증
스타벅스 공릉역점,카페,4.44,,,Jenyjuny,https://m.place.naver.com/my/5f57049f6c3d7f7334df5024/review?v=2,15,,,조아요 편하고 맛나요,"일시적인 오류가 발생했습니다
인테리어가 멋져요",2022년 9월 10일 토요일,2번째 방문,매장주문
스타벅스 공릉역점,카페,4.44,,,neutrinoahn48,https://m.place.naver.com/my/60c2fe66839252b4c6c05a4f/review?v=2,575,,,굿 좋아요,,2022년 12월 29일 목요일,16번째 방문,영수증
