가게이름,카테고리,전체평점,방문자리뷰,블로그리뷰,리뷰작성자,리뷰작성자링크,리뷰작성수,팔로워,첨부이미지,리뷰내용,이런_점이_좋아요,방문시간,방분횟수,방문인증
스타벅스 월계이마트점,카페,4.38,,,범블대디,https://m.place.naver.com/my/5f6061626c3d7f7334a3db8d/review?v=2,1576,19,,25주년 기념으로 저렴하게 마실수 있었어요^^,"일시적인 오류가 발생했습니다
커피가 맛있어요",2024년 7월 17일 수요일,7번째 방문,영수증
스타벅스 월계이마트점,카페,4.38,,,핑크윤미,https://m.place.naver.com/my/5d2f71a37e8b908fce253397/review?v=2,529,2,,최근에 마셨던피지오중제일맛있어요,"일시적인 오류가 발생했습니다
커피가 맛있어요",2024년 7월 16일 화요일,4번째 방문,영수증
스타벅스 월계이마트점,카페,4.38,,,이현정2548,https://m.place.naver.com/my/5e5a632b8f87a842bcd498af/review?v=2,144,,,다양한 상품이 있습니다요~~~~~~~~~~,"일시적인 오류가 발생했습니다
커피가 맛있어요",2024년 7월 10일 수요일,2번째 방문,영수증
스타벅스 월계이마트점,카페,4.38,,,VeV,https://m.place.naver.com/my/5c165e998265902cf5153db3/review?v=2,478,,,"항상 만석인데!!오늘은 자리있네요~
바로 앉아서 마시고 먹고:->","일시적인 오류가 발생했습니다
커피가 맛있어요",2024년 6월 11일 화요일,1번째 방문,영수증
스타벅스 월계이마트점,카페,4.38,,,어몽어미,https://m.place.naver.com/my/5c0be9a4c10cb6f19ebe9556/review?v=2,170,,,"알바생이 친절해서 좋았어요
스벅에서 케이크는 처음인데
바스크치케 꾸덕하고 진해서 너무 맛있게 먹었어요
텀블러 이용시 400원 차감됩니다^^",,2024년 4월 1일 월요일,3번째 방문,영수증
스타벅스 월계이마트점,카페,4.38,,,둥둥둥3014,https://m.place.naver.com/my/5e0aaf748f87a842bc7b3de3/review?v=2,1614,27,,좋아요. 맛있어요. 음료 받자마자 떨어뜨렸는데 다시 해주셨어요. 죄송하고 감사합니다.,"일시적인 오류가 발생했습니다
커피가 맛있어요",2024년 4월 7일 일요일,8번째 방문,영수증
스타벅스 월계이마트점,카페,4.38,,,킴야kimya,https://m.place.naver.com/my/5e4a49008f87a842bc94b72d/review?v=2,257,1,,클래식 밀크티는... 그냥 홍차에 우유 탄 맛...,,2024년 5월 10일 금요일,1번째 방문,영수증
스타벅스 월계이마트점,카페,4.38,,,띵잘,https://m.place.naver.com/my/5c4707dd583e7b8aa5063070/review?v=2,190,4,,"카페모카 시켰어요
쿠폰으로 했는데 추가결제 천원만스벅카드로 해도 별 적립된대요 친절해요",,2024년 4월 26일 금요일,1번째 방문,영수증
스타벅스 월계이마트점,카페,4.38,,,착하게 살자71,https://m.place.naver.com/my/5c576f0acca9320a2550890e/review?v=2,870,,,샷추가해야지만  맛있어요 ㅠㅠ 쿠폰있어서 구매,,2024년 5월 6일 월요일,1번째 방문,영수증
스타벅스 월계이마트점,카페,4.38,,,grey35,https://m.place.naver.com/my/5dea637f9ec8258e4acd31a4/review?v=2,947,,,장보면서 마시기 좋은 위치에 있음,,2024년 6월 1일 토요일,1번째 방문,영수증
스타벅스 월계이마트점,카페,4.38,,,디주디,https://m.place.naver.com/my/5c720490c7809b77c5761127/review?v=2,2491,,,충전했어요,,2024년 7월 17일 수요일,7번째 방문,영수증
스타벅스 월계이마트점,카페,4.38,,,싱글벙글마냥신난 박강냥,https://m.place.naver.com/my/63a2daee1438fc3a9c609f90/review?v=2,373,54,,음료가 맛있어요!~,"일시적인 오류가 발생했습니다
음료가 맛있어요",2024년 6월 26일 수요일,1번째 방문,영수증
스타벅스 월계이마트점,카페,4.38,,,Joy4577,https://m.place.naver.com/my/5dc8b1f98f87a842bc999de3/review?v=2,1419,92,,"매장이 깔끔하게 유지되고 있고, 직원분이 친절하세요. 장을 보다 잠깐 커피 한 잔 하기도 좋고, 혼자 잠깐 시간을 가지기에도 좋은 것 같아요. 주차가 무료여서 그것도 편하고요. ",,2024년 3월 14일 목요일,1번째 방문,영수증
스타벅스 월계이마트점,카페,4.38,,,suj****,https://m.place.naver.com/my/5d9766288f87a842bc73860e/review?v=2,1376,,,커피가 맛잇어요,,2024년 6월 16일 일요일,1번째 방문,영수증
스타벅스 월계이마트점,카페,4.38,,,레이냥82,https://m.place.naver.com/my/5ec791f78f87a842bc1263b9/review?v=2,377,3,,"주문한 사람이 많아 알바들이 정신이 없었고 시킨 음료가 나오지 않아 물어봤더니 그때 시킨 차 부랴부라 만들어서 주시면서 미리 나와있던 카푸치노 주셔서 별로였음, 매장도 협소해서 앉을 장소도 없음",,2024년 5월 6일 월요일,1번째 방문,영수증
스타벅스 월계이마트점,카페,4.38,,,엔시젤르,https://m.place.naver.com/my/5e3e63728f87a842bc786ca6/review?v=2,1006,1,,좋아요,,2024년 7월 13일 토요일,3번째 방문,영수증
스타벅스 월계이마트점,카페,4.38,,,둥둥둥3014,https://m.place.naver.com/my/5e0aaf748f87a842bc7b3de3/review?v=2,1614,27,,좋아요. 친절해요. 항상 감사합니다.,"일시적인 오류가 발생했습니다
커피가 맛있어요",2024년 4월 3일 수요일,7번째 방문,영수증
스타벅스 월계이마트점,카페,4.38,,,CoffeeBoy,https://m.place.naver.com/my/5ccceebf7eaaddea1430d06e/review?v=2,1570,18,,굿,,2024년 6월 29일 토요일,8번째 방문,영수증
스타벅스 월계이마트점,카페,4.38,,,ibbuny777,https://m.place.naver.com/my/5d0175f29e6b3f685792d818/review?v=2,910,30,,좋아요,,2024년 7월 21일 일요일,1번째 방문,영수증
스타벅스 월계이마트점,카페,4.38,,,곰돌이맘2122,https://m.place.naver.com/my/5e5da6868f87a842bca53ca2/review?v=2,764,48,,마트에서 장보다가 커피한잔했어요^^,,2024년 3월 27일 수요일,1번째 방문,영수증
스타벅스 월계이마트점,카페,4.38,,,까칠한그녀7,https://m.place.naver.com/my/5bf5d71b9fa1a20bfc9038c4/review?v=2,817,1,,,,2024년 6월 6일 목요일,1번째 방문,영수증
스타벅스 월계이마트점,카페,4.38,,,Jeuni,https://m.place.naver.com/my/5db424898f87a842bcd0101e/review?v=2,211,33,,"이마트 내부에 있는 스벅이라 주말에는 사람이 엄청 많아요.
테이블이 몇없음. 테이크아웃으로 많이 이용하시는듯?",,2024년 7월 7일 일요일,1번째 방문,영수증
스타벅스 월계이마트점,카페,4.38,,,CoffeeBoy,https://m.place.naver.com/my/5ccceebf7eaaddea1430d06e/review?v=2,1570,18,,굿,"일시적인 오류가 발생했습니다
커피가 맛있어요",2024년 6월 22일 토요일,7번째 방문,영수증
스타벅스 월계이마트점,카페,4.38,,,koko30,https://m.place.naver.com/my/608dc4b163769b49ed59965c/review?v=2,1374,,,굿,,2024년 7월 1일 월요일,3번째 방문,영수증
스타벅스 월계이마트점,카페,4.38,,,디주디,https://m.place.naver.com/my/5c720490c7809b77c5761127/review?v=2,2491,,,좋아요,,2024년 6월 19일 수요일,6번째 방문,영수증
스타벅스 월계이마트점,카페,4.38,,,사악천사77,https://m.place.naver.com/my/5d438cc3c7d88e77faeebb40/review?v=2,684,14,,"선물용 카드 구입하러 갔는데
직원분이 작은봉투 말고 큰봉투에 담아주셔서
아주 감사했음ㅎㅎ
명절 분위기에 딱 좋은 카드 봉투♡♡",,2024년 2월 5일 월요일,2번째 방문,영수증
스타벅스 월계이마트점,카페,4.38,,,mzifjsk,https://m.place.naver.com/my/5efe14e2854ca92931131cea/review?v=2,1067,,,긋,,2024년 6월 29일 토요일,3번째 방문,영수증
스타벅스 월계이마트점,카페,4.38,,,따끈한깨찰빵,https://m.place.naver.com/my/5b8ca31fc92d4a14ebcc6fa0/review?v=2,186,2,,항상 친절하셔서 기분좋습니다.,"일시적인 오류가 발생했습니다
디저트가 맛있어요",2024년 4월 12일 금요일,1번째 방문,영수증
스타벅스 월계이마트점,카페,4.38,,,하랑55,https://m.place.naver.com/my/5e8112ad8f87a842bc84d161/review?v=2,621,,,good,,2024년 6월 29일 토요일,2번째 방문,영수증
스타벅스 월계이마트점,카페,4.38,,,페퍼민트7582,https://m.place.naver.com/my/5fd0f64a13786b2a8ed84966/review?v=2,748,12,,자허블 최고👍👍👍,"일시적인 오류가 발생했습니다
음료가 맛있어요",2024년 5월 9일 목요일,1번째 방문,영수증
스타벅스 월계이마트점,카페,4.38,,,선무당49,https://m.place.naver.com/my/5efff0c7fe03e278d38bc06e/review?v=2,819,17,,쿠폰적용도 잘되고.. 아주 유용하게 이용하고 있어요. ^^,"일시적인 오류가 발생했습니다
커피가 맛있어요",2024년 4월 10일 수요일,1번째 방문,영수증
스타벅스 월계이마트점,카페,4.38,,,상냥한니킥,https://m.place.naver.com/my/5b9b20f12fd4220ca2eb7f13/review?v=2,1956,75,,"스타벅스 슈크림라떼 6,800원
늘 건강하고 安心을 기도한다.",,2024년 3월 2일 토요일,2번째 방문,영수증
스타벅스 월계이마트점,카페,4.38,,,포포네59,https://m.place.naver.com/my/5e0efa438f87a842bc866630/review?v=2,51,,,"이마트 스벅!
직원분 넘 친절하십니다!","일시적인 오류가 발생했습니다
음료가 맛있어요",2024년 5월 8일 수요일,1번째 방문,영수증
스타벅스 월계이마트점,카페,4.38,,,stu****,https://m.place.naver.com/my/5e72b0d18f87a842bc4a3847/review?v=2,721,,,굿,,2024년 6월 27일 목요일,1번째 방문,영수증
스타벅스 월계이마트점,카페,4.38,,,행복하고파,https://m.place.naver.com/my/5b93121ebd690045dbfc45cf/review?v=2,920,,,좋아요,,2024년 6월 25일 화요일,1번째 방문,영수증
스타벅스 월계이마트점,카페,4.38,,,화곡동아이유,https://m.place.naver.com/my/5eff1983a7f1cdd89fef8d11/review?v=2,1213,,,좋아요,,2024년 5월 31일 금요일,8번째 방문,영수증
스타벅스 월계이마트점,카페,4.38,,,분홍당근,https://m.place.naver.com/my/5c70d438a80de7440b068332/review?v=2,2593,,,맛있어요,"일시적인 오류가 발생했습니다
커피가 맛있어요",2024년 6월 15일 토요일,2번째 방문,영수증
스타벅스 월계이마트점,카페,4.38,,,소리사랑6,https://m.place.naver.com/my/5f070128a36dc5e3fa5f119e/review?v=2,680,,,굿,"일시적인 오류가 발생했습니다
커피가 맛있어요",2024년 6월 8일 토요일,3번째 방문,영수증
스타벅스 월계이마트점,카페,4.38,,,CoffeeBoy,https://m.place.naver.com/my/5ccceebf7eaaddea1430d06e/review?v=2,1570,18,,굿,,2024년 5월 27일 월요일,6번째 방문,영수증
스타벅스 월계이마트점,카페,4.38,,,L O V E 7,https://m.place.naver.com/my/5ddb90679ec8258e4a78050a/review?v=2,375,18,,이마트 월계점안에 있고 좌석은 테이블 4개에 1인석 2개 정도 있습니다.,"일시적인 오류가 발생했습니다
커피가 맛있어요",2024년 2월 13일 화요일,1번째 방문,영수증
스타벅스 월계이마트점,카페,4.38,,,wsagod,https://m.place.naver.com/my/5b9b7c16adcbe90f4dd00205/review?v=2,1184,,,친절해요!!,"일시적인 오류가 발생했습니다
커피가 맛있어요",2024년 6월 16일 일요일,1번째 방문,영수증
스타벅스 월계이마트점,카페,4.38,,,jeo****,https://m.place.naver.com/my/60799c4f88beee29912a771e/review?v=2,1030,,,"매장이
깔끔하고
편해요",,2024년 3월 21일 목요일,1번째 방문,영수증
스타벅스 월계이마트점,카페,4.38,,,소리사랑6,https://m.place.naver.com/my/5f070128a36dc5e3fa5f119e/review?v=2,680,,,굿,,2024년 6월 7일 금요일,2번째 방문,영수증
스타벅스 월계이마트점,카페,4.38,,,화곡동아이유,https://m.place.naver.com/my/5eff1983a7f1cdd89fef8d11/review?v=2,1213,,,굿굿,,2024년 5월 21일 화요일,7번째 방문,영수증
스타벅스 월계이마트점,카페,4.38,,,pjj****,https://m.place.naver.com/my/624245c30d1aeae6a2bc5037/review?v=2,974,,,ㆍ,,2024년 6월 25일 화요일,1번째 방문,영수증
스타벅스 월계이마트점,카페,4.38,,,화곡동아이유,https://m.place.naver.com/my/5eff1983a7f1cdd89fef8d11/review?v=2,1213,,,좋아요,,2024년 5월 20일 월요일,6번째 방문,영수증
스타벅스 월계이마트점,카페,4.38,,,화곡동아이유,https://m.place.naver.com/my/5eff1983a7f1cdd89fef8d11/review?v=2,1213,,,좋아요,,2024년 5월 18일 토요일,5번째 방문,영수증
스타벅스 월계이마트점,카페,4.38,,,디주디,https://m.place.naver.com/my/5c720490c7809b77c5761127/review?v=2,2491,,,좋아요,,2024년 5월 17일 금요일,5번째 방문,영수증
스타벅스 월계이마트점,카페,4.38,,,AB211,https://m.place.naver.com/my/5dcd9e678f87a842bc4a12ce/review?v=2,119,4,,자리는 넓지 않아서 테이크아웃하는게 좋아요,"일시적인 오류가 발생했습니다
커피가 맛있어요",2024년 6월 22일 토요일,1번째 방문,영수증
스타벅스 월계이마트점,카페,4.38,,,don****,https://m.place.naver.com/my/627f4bb5e04943081c2e2f6c/review?v=2,708,,,굿,,2024년 7월 1일 월요일,2번째 방문,영수증
스타벅스 월계이마트점,카페,4.38,,,화곡동아이유,https://m.place.naver.com/my/5eff1983a7f1cdd89fef8d11/review?v=2,1213,,,조아여,,2024년 5월 17일 금요일,4번째 방문,영수증
스타벅스 월계이마트점,카페,4.38,,,jihaeworld,https://m.place.naver.com/my/5ea10b4d8f87a842bc7b8bdd/review?v=2,28,,,커피향이 좋아요.,"일시적인 오류가 발생했습니다
커피가 맛있어요",2024년 5월 5일 일요일,1번째 방문,영수증
스타벅스 월계이마트점,카페,4.38,,,clara0306,https://m.place.naver.com/my/5caf0f6416289704a3c5079a/review?v=2,2456,30,,"좋아여
","일시적인 오류가 발생했습니다
커피가 맛있어요",2024년 5월 23일 목요일,1번째 방문,영수증
스타벅스 월계이마트점,카페,4.38,,,dee****,https://m.place.naver.com/my/5f055c244d1cf87540aa9593/review?v=2,866,,,굿,,2024년 6월 24일 월요일,1번째 방문,영수증
스타벅스 월계이마트점,카페,4.38,,,hsk****,https://m.place.naver.com/my/6269e1007bac191832636c06/review?v=2,368,,,좋아요 ,,2024년 6월 1일 토요일,1번째 방문,영수증
스타벅스 월계이마트점,카페,4.38,,,chd****,https://m.place.naver.com/my/5deb08ec9ec8258e4a9b0461/review?v=2,1722,,,굿,"일시적인 오류가 발생했습니다
커피가 맛있어요",2024년 5월 15일 수요일,2번째 방문,영수증
스타벅스 월계이마트점,카페,4.38,,,qkr****,https://m.place.naver.com/my/603b6bfba818876dc7a659f6/review?v=2,695,,,커피 마밌어요 맛있어요,,2024년 3월 16일 토요일,3번째 방문,영수증
스타벅스 월계이마트점,카페,4.38,,,첫이삭,https://m.place.naver.com/my/5b97a0bdb6eb93b753dbc88b/review?v=2,657,,,스타벅스 커피. 여기 괜찮습니다.,,2024년 1월 20일 토요일,2번째 방문,영수증
스타벅스 월계이마트점,카페,4.38,,,sin****,https://m.place.naver.com/my/5deb727c9ec8258e4a745596/review?v=2,735,,,굿,"일시적인 오류가 발생했습니다
인테리어가 멋져요",2024년 6월 11일 화요일,1번째 방문,영수증
스타벅스 월계이마트점,카페,4.38,,,ght****,https://m.place.naver.com/my/5f1e68009ec8258e4a8ba97e/review?v=2,2277,,,굿 ,,2024년 5월 14일 화요일,2번째 방문,영수증
스타벅스 월계이마트점,카페,4.38,,,이모8515,https://m.place.naver.com/my/5e9298e68f87a842bcd16117/review?v=2,493,5,,"얼그레이 바닐라 티라떼 
존맛",,2024년 2월 20일 화요일,1번째 방문,영수증
스타벅스 월계이마트점,카페,4.38,,,cod****,https://m.place.naver.com/my/5e2d44348f87a842bc36d2b7/review?v=2,969,22,,친절하고 아메리카노 맛있어요,"일시적인 오류가 발생했습니다
커피가 맛있어요",2023년 12월 8일 금요일,2번째 방문,영수증
스타벅스 월계이마트점,카페,4.38,,,눈이부시게90,https://m.place.naver.com/my/5e5e893c8f87a842bc1c0546/review?v=2,990,24,,맛있어요 커피,,2024년 5월 28일 화요일,3번째 방문,영수증
스타벅스 월계이마트점,카페,4.38,,,99mrseoul,https://m.place.naver.com/my/5f0b01719ec8258e4a5dd61f/review?v=2,1284,,,very good ,,2024년 5월 15일 수요일,27번째 방문,영수증
스타벅스 월계이마트점,카페,4.38,,,항상 웃음으로,https://m.place.naver.com/my/5bca8b831d2ddc82e7e0813a/review?v=2,1635,1,,좋음,,2024년 7월 20일 토요일,11번째 방문,영수증
스타벅스 월계이마트점,카페,4.38,,,sseal99,https://m.place.naver.com/my/5faa2c7fc3116fc01c15a01d/review?v=2,341,4,,.,,2024년 7월 25일 목요일,5번째 방문,영수증
스타벅스 월계이마트점,카페,4.38,,,yuki2rsk,https://m.place.naver.com/my/61138dc1eb570135f5d8c505/review?v=2,1104,22,,디저트가 맛있어요!,"일시적인 오류가 발생했습니다
커피가 맛있어요",2024년 3월 16일 토요일,1번째 방문,영수증
스타벅스 월계이마트점,카페,4.38,,,dao****,https://m.place.naver.com/my/623d84fb9c81c64227c7482d/review?v=2,997,,,좋아요,"일시적인 오류가 발생했습니다
커피가 맛있어요",2024년 6월 6일 목요일,1번째 방문,영수증
스타벅스 월계이마트점,카페,4.38,,,inf****,https://m.place.naver.com/my/5d33bc9b19b73d5bd8ed534f/review?v=2,21,,,이마트 가서 장도보고 지인과 간단히 수다떨기 좋은곳,"일시적인 오류가 발생했습니다
커피가 맛있어요",2024년 6월 6일 목요일,1번째 방문,영수증
스타벅스 월계이마트점,카페,4.38,,,이영자58,https://m.place.naver.com/my/6309a298e64ae7b063c27c6b/review?v=2,949,1,,좋아요,,2024년 6월 4일 화요일,1번째 방문,영수증
스타벅스 월계이마트점,카페,4.38,,,둥둥둥3014,https://m.place.naver.com/my/5e0aaf748f87a842bc7b3de3/review?v=2,1614,27,,커피는 맛있어요. 친절하지는 않아요.,,2023년 12월 19일 화요일,6번째 방문,영수증
스타벅스 월계이마트점,카페,4.38,,,프리로즈,https://m.place.naver.com/my/5bf2a84952195e9f7309cb75/review?v=2,1138,64,,커피와 음료가 맛있고 일 하시는 분이 친절하세요😆 평일이라 손님이 많은편은 아니어서 여유롭게 티타임을 즐기고 왔습니다~ㅎㅎ,"일시적인 오류가 발생했습니다
커피가 맛있어요",2024년 1월 8일 월요일,1번째 방문,영수증
스타벅스 월계이마트점,카페,4.38,,,ysk****,https://m.place.naver.com/my/6125cdd5fde80130e3a8b447/review?v=2,714,,,굿~,,2024년 6월 1일 토요일,1번째 방문,영수증
스타벅스 월계이마트점,카페,4.38,,,K0823,https://m.place.naver.com/my/5b9b55d5709e4c6ea56ebff4/review?v=2,596,,,파트너분들 친절해요^^,"일시적인 오류가 발생했습니다
커피가 맛있어요",2024년 2월 21일 수요일,7번째 방문,영수증
스타벅스 월계이마트점,카페,4.38,,,낌옌쓰,https://m.place.naver.com/my/5dd52f148f87a842bc92060d/review?v=2,390,2,,친절해요,"일시적인 오류가 발생했습니다
커피가 맛있어요",2024년 3월 30일 토요일,2번째 방문,영수증
스타벅스 월계이마트점,카페,4.38,,,하영0,https://m.place.naver.com/my/5eff2b792b86491bc1c8347c/review?v=2,638,29,,카스테라가 맛있어요,"일시적인 오류가 발생했습니다
디저트가 맛있어요",2024년 3월 1일 금요일,1번째 방문,영수증
스타벅스 월계이마트점,카페,4.38,,,99mrseoul,https://m.place.naver.com/my/5f0b01719ec8258e4a5dd61f/review?v=2,1284,,,very good ,,2024년 5월 1일 수요일,26번째 방문,영수증
스타벅스 월계이마트점,카페,4.38,,,tai****,https://m.place.naver.com/my/5c00d873c5a23eb828e8502b/review?v=2,927,,,굳,,2024년 4월 6일 토요일,4번째 방문,영수증
스타벅스 월계이마트점,카페,4.38,,,바람8260,https://m.place.naver.com/my/5b62f6e99fe6478000681c0b/review?v=2,245,18,,"집근처에서 가장 가기 편한곳이라 자주 들리는곳
신상메뉴를 즐겨주문하는데 방문한날 오후라서 주문해본....
티가 들어간제품인데 티맛은 크게 나지 않고 오렌지주스보다는 덜 단맛 피곤해서 한잔쭈욱~~",,2023년 9월 19일 화요일,1번째 방문,영수증
스타벅스 월계이마트점,카페,4.38,,,gooopgg76,https://m.place.naver.com/my/5efde31515c4bcd4305863eb/review?v=2,1099,10,,항상 가오,"일시적인 오류가 발생했습니다
커피가 맛있어요",2024년 3월 13일 수요일,5번째 방문,영수증
스타벅스 월계이마트점,카페,4.38,,,hbe****,https://m.place.naver.com/my/5e13ff118f87a842bcb5c329/review?v=2,1595,,,굿 ,,2024년 5월 14일 화요일,2번째 방문,영수증
스타벅스 월계이마트점,카페,4.38,,,ㅡㅂㅡㅎ,https://m.place.naver.com/my/5ee70ef18f87a842bc491ff1/review?v=2,1257,,,굿,,2024년 5월 4일 토요일,3번째 방문,영수증
스타벅스 월계이마트점,카페,4.38,,,qkr****,https://m.place.naver.com/my/5ca849dacbd3c58e7661c3b9/review?v=2,708,1,,긋ㆍ,,2024년 4월 25일 목요일,1번째 방문,영수증
스타벅스 월계이마트점,카페,4.38,,,나도야36,https://m.place.naver.com/my/5f043fd3e9d94998c6cc8658/review?v=2,1371,,,굿,,2024년 5월 6일 월요일,2번째 방문,영수증
스타벅스 월계이마트점,카페,4.38,,,엔시젤르,https://m.place.naver.com/my/5e3e63728f87a842bc786ca6/review?v=2,1006,1,,사람이많아서 음료을 받는데 기달렸지만 음료와 케이크가맛있어서 좋았어요,"일시적인 오류가 발생했습니다
디저트가 맛있어요",2024년 1월 1일 월요일,1번째 방문,영수증
스타벅스 월계이마트점,카페,4.38,,,돼지지롱,https://m.place.naver.com/my/5bf0f92b51a36817f136a442/review?v=2,301,53,,조아요 ㅎ,"일시적인 오류가 발생했습니다
커피가 맛있어요",2024년 6월 7일 금요일,5번째 방문,영수증
스타벅스 월계이마트점,카페,4.38,,,밍쓰이,https://m.place.naver.com/my/5d4f7b463d42bb3d76e13b7a/review?v=2,299,,,빨리 나와서 좋았어요,"일시적인 오류가 발생했습니다
커피가 맛있어요",2024년 4월 27일 토요일,2번째 방문,영수증
스타벅스 월계이마트점,카페,4.38,,,jsm****,https://m.place.naver.com/my/5f8fe4a24fd5cb0f4df10209/review?v=2,1169,,,맛있어요 ,,2024년 4월 21일 일요일,4번째 방문,영수증
스타벅스 월계이마트점,카페,4.38,,,항상 웃음으로,https://m.place.naver.com/my/5bca8b831d2ddc82e7e0813a/review?v=2,1635,1,,좋음,"일시적인 오류가 발생했습니다
커피가 맛있어요",2024년 6월 22일 토요일,10번째 방문,영수증
스타벅스 월계이마트점,카페,4.38,,,너눈을왜그렇게떠,https://m.place.naver.com/my/5e718c7d8f87a842bceae216/review?v=2,374,4,,커피 맛 괜찮은편이고 직원분들이 친절해요,"일시적인 오류가 발생했습니다
커피가 맛있어요",2024년 2월 9일 금요일,1번째 방문,영수증
스타벅스 월계이마트점,카페,4.38,,,문덕인쇄소,https://m.place.naver.com/my/5e3938708f87a842bc03aed5/review?v=2,83,,,스타벅스는 언제나 맛있어^^,,2024년 1월 6일 토요일,1번째 방문,영수증
스타벅스 월계이마트점,카페,4.38,,,ye0****,https://m.place.naver.com/my/5bee54b6ed6cd0b79cbda156/review?v=2,1735,25,,굿,,2024년 3월 27일 수요일,1번째 방문,영수증
스타벅스 월계이마트점,카페,4.38,,,디주디,https://m.place.naver.com/my/5c720490c7809b77c5761127/review?v=2,2491,,,가끔 가는곳이에요,,2024년 1월 17일 수요일,3번째 방문,영수증
스타벅스 월계이마트점,카페,4.38,,,레드럼,https://m.place.naver.com/my/5b78e9952c56d884a3b3730e/review?v=2,771,5,,굿,,2024년 4월 25일 목요일,1번째 방문,영수증
스타벅스 월계이마트점,카페,4.38,,,연꽃과  물,https://m.place.naver.com/my/5d4e86c1b61d6e8077ceb8b2/review?v=2,960,,,ㅋ,,2024년 4월 4일 목요일,2번째 방문,영수증
스타벅스 월계이마트점,카페,4.38,,,leehompiano,https://m.place.naver.com/my/5d60f3be8f87a842bc828a5c/review?v=2,491,,,"매장이
좀 작긴 하네요",,2024년 2월 26일 월요일,1번째 방문,영수증
스타벅스 월계이마트점,카페,4.38,,,디주디,https://m.place.naver.com/my/5c720490c7809b77c5761127/review?v=2,2491,,,좋아요,,2024년 3월 8일 금요일,4번째 방문,영수증
스타벅스 월계이마트점,카페,4.38,,,고라니2894,https://m.place.naver.com/my/5efdcf78041be3dc257ae336/review?v=2,501,,,좋아요 잘 샀어요,,2024년 1월 6일 토요일,5번째 방문,영수증
스타벅스 월계이마트점,카페,4.38,,,tai****,https://m.place.naver.com/my/5c00d873c5a23eb828e8502b/review?v=2,927,,,굳,,2024년 3월 13일 수요일,3번째 방문,영수증
스타벅스 월계이마트점,카페,4.38,,,상콤발랄한라임,https://m.place.naver.com/my/5b9a81e1f2d8b1ead232b149/review?v=2,278,,,친절해요.,"일시적인 오류가 발생했습니다
커피가 맛있어요",2024년 4월 9일 화요일,1번째 방문,영수증
스타벅스 월계이마트점,카페,4.38,,,뚜루뚜9257,https://m.place.naver.com/my/5f216b909ec8258e4a73e2fc/review?v=2,2450,,,좋아요,,2024년 6월 27일 목요일,6번째 방문,영수증
스타벅스 월계이마트점,카페,4.38,,,붉은눈새,https://m.place.naver.com/my/5c4da47856c2ab0a792f938d/review?v=2,1649,30,,굿,,2024년 3월 22일 금요일,1번째 방문,영수증
스타벅스 월계이마트점,카페,4.38,,,디오션s,https://m.place.naver.com/my/5bece2a791cdcbe77992eefb/review?v=2,623,6,,리치 캐모마일 맛있어서 종종 마셔요,"일시적인 오류가 발생했습니다
커피가 맛있어요",2023년 12월 29일 금요일,1번째 방문,영수증
스타벅스 월계이마트점,카페,4.38,,,dms****,https://m.place.naver.com/my/5c3d79dc9ca56a9023266268/review?v=2,521,,,굿,,2024년 4월 2일 화요일,6번째 방문,영수증
스타벅스 월계이마트점,카페,4.38,,,can****,https://m.place.naver.com/my/5e1ba57e8f87a842bcd4daed/review?v=2,1530,,,굿,,2024년 4월 13일 토요일,3번째 방문,영수증
스타벅스 월계이마트점,카페,4.38,,,개구장이1917,https://m.place.naver.com/my/5fe2087f6d612c538f509d6a/review?v=2,569,,,좋아요,,2024년 6월 24일 월요일,7번째 방문,영수증
스타벅스 월계이마트점,카페,4.38,,,mzifjsk,https://m.place.naver.com/my/5efe14e2854ca92931131cea/review?v=2,1067,,,긋,,2024년 3월 2일 토요일,2번째 방문,영수증
스타벅스 월계이마트점,카페,4.38,,,sseal99,https://m.place.naver.com/my/5faa2c7fc3116fc01c15a01d/review?v=2,341,4,,.,,2024년 6월 11일 화요일,4번째 방문,영수증
스타벅스 월계이마트점,카페,4.38,,,FOGGY,https://m.place.naver.com/my/5eb8c8cb8f87a842bc8dd83c/review?v=2,1164,35,,Good,,2024년 3월 16일 토요일,1번째 방문,영수증
스타벅스 월계이마트점,카페,4.38,,,써니58,https://m.place.naver.com/my/616a14f182ac4f29f6eb7a56/review?v=2,1207,,,커피가 맛있어요,,2024년 2월 9일 금요일,3번째 방문,영수증
스타벅스 월계이마트점,카페,4.38,,,ㅡㅂㅡㅎ,https://m.place.naver.com/my/5ee70ef18f87a842bc491ff1/review?v=2,1257,,,굿,,2024년 4월 10일 수요일,2번째 방문,영수증
스타벅스 월계이마트점,카페,4.38,,,뚜루뚜9257,https://m.place.naver.com/my/5f216b909ec8258e4a73e2fc/review?v=2,2450,,,좋아요,,2024년 6월 15일 토요일,5번째 방문,영수증
스타벅스 월계이마트점,카페,4.38,,,고라니2894,https://m.place.naver.com/my/5efdcf78041be3dc257ae336/review?v=2,501,,,좋아요,,2024년 2월 18일 일요일,6번째 방문,영수증
스타벅스 월계이마트점,카페,4.38,,,louis129,https://m.place.naver.com/my/5ec11e558f87a842bcd1c400/review?v=2,1249,,,"친절해요

","일시적인 오류가 발생했습니다
커피가 맛있어요",2024년 1월 15일 월요일,1번째 방문,영수증
스타벅스 월계이마트점,카페,4.38,,,훔쳐봐라,https://m.place.naver.com/my/5c581df98017a1c118440111/review?v=2,85,,,친절하구 마트안에 잇어서 편합니다,"일시적인 오류가 발생했습니다
커피가 맛있어요",2023년 11월 19일 일요일,1번째 방문,영수증
스타벅스 월계이마트점,카페,4.38,,,tai****,https://m.place.naver.com/my/5c00d873c5a23eb828e8502b/review?v=2,927,,,굳,,2024년 3월 3일 일요일,2번째 방문,영수증
스타벅스 월계이마트점,카페,4.38,,,black07927,https://m.place.naver.com/my/5d5a68cc220adca5c3811886/review?v=2,1048,,,스타벅스,"일시적인 오류가 발생했습니다
커피가 맛있어요",2024년 2월 8일 목요일,4번째 방문,영수증
스타벅스 월계이마트점,카페,4.38,,,평범속비범,https://m.place.naver.com/my/5c85f69273c51b4f6623bc2c/review?v=2,2311,,,좋아요,"일시적인 오류가 발생했습니다
커피가 맛있어요",2024년 3월 2일 토요일,2번째 방문,영수증
스타벅스 월계이마트점,카페,4.38,,,숑이 버섯,https://m.place.naver.com/my/5bc76c6eed5cda8c2701c690/review?v=2,94,6,,이마트안에 있어서 간단히 음료 마시기 좋어요,"일시적인 오류가 발생했습니다
커피가 맛있어요",2024년 4월 10일 수요일,1번째 방문,영수증
스타벅스 월계이마트점,카페,4.38,,,아나맘22,https://m.place.naver.com/my/5e7c2f358f87a842bcce9ffd/review?v=2,288,,,굿,"일시적인 오류가 발생했습니다
커피가 맛있어요",2024년 7월 2일 화요일,1번째 방문,영수증
스타벅스 월계이마트점,카페,4.38,,,엔냥,https://m.place.naver.com/my/5e568d668f87a842bc777bd2/review?v=2,1070,,,스타벅스커피,,2023년 12월 31일 일요일,2번째 방문,영수증
스타벅스 월계이마트점,카페,4.38,,,ygh****,https://m.place.naver.com/my/5cd763df0511604b8bd30abc/review?v=2,230,,,굿,,2024년 6월 29일 토요일,1번째 방문,영수증
스타벅스 월계이마트점,카페,4.38,,,99mrseoul,https://m.place.naver.com/my/5f0b01719ec8258e4a5dd61f/review?v=2,1284,,,very good ,,2024년 3월 9일 토요일,25번째 방문,영수증
스타벅스 월계이마트점,카페,4.38,,,j8****,https://m.place.naver.com/my/5cbde14c956122d62e48d903/review?v=2,283,14,,직원분이 겁내 친절하심 ,"일시적인 오류가 발생했습니다
친절해요",2023년 11월 20일 월요일,4번째 방문,영수증
스타벅스 월계이마트점,카페,4.38,,,위티미티,https://m.place.naver.com/my/5f000e588f87a842bc97724f/review?v=2,783,,,좋아용,,2024년 6월 27일 목요일,1번째 방문,영수증
스타벅스 월계이마트점,카페,4.38,,,한울타리29,https://m.place.naver.com/my/5f329fed9ec8258e4a8b8737/review?v=2,1460,,,"사이렌 오더로 신메뉴 주문과  쿠폰을 동시사용이 어려워 따로따로 사용하여 주문했더니 (에코별 적립) 
직원(poby)이  취소와 함께 동시 주문 방법을 직접 해주면서  알러주네요
하나를 하면 두세가지 방법이 늘어나 .쫓아가기 바쁜데
젊은 직원이라 신속하게 해주니 친절하고 고맙네요",,2024년 3월 28일 목요일,9번째 방문,영수증
스타벅스 월계이마트점,카페,4.38,,,ok****,https://m.place.naver.com/my/5efff3862a6e9b34b3834264/review?v=2,1122,3,,커피가 맛있어요~~,,2024년 1월 7일 일요일,6번째 방문,영수증
스타벅스 월계이마트점,카페,4.38,,,항상 웃음으로,https://m.place.naver.com/my/5bca8b831d2ddc82e7e0813a/review?v=2,1635,1,,좋음,,2024년 5월 18일 토요일,9번째 방문,영수증
스타벅스 월계이마트점,카페,4.38,,,99mrseoul,https://m.place.naver.com/my/5f0b01719ec8258e4a5dd61f/review?v=2,1284,,,very good ,,2024년 3월 1일 금요일,24번째 방문,영수증
스타벅스 월계이마트점,카페,4.38,,,항상 웃음으로,https://m.place.naver.com/my/5bca8b831d2ddc82e7e0813a/review?v=2,1635,1,,좋음,,2024년 5월 11일 토요일,8번째 방문,영수증
스타벅스 월계이마트점,카페,4.38,,,can****,https://m.place.naver.com/my/5e1ba57e8f87a842bcd4daed/review?v=2,1530,,,굿,,2024년 3월 16일 토요일,2번째 방문,영수증
스타벅스 월계이마트점,카페,4.38,,,hey****,https://m.place.naver.com/my/5bf5d319e08ec3601f3f7183/review?v=2,779,,,좋아요,,2024년 6월 4일 화요일,44번째 방문,영수증
스타벅스 월계이마트점,카페,4.38,,,umg****,https://m.place.naver.com/my/5dff76868f87a842bc1da51c/review?v=2,1196,,,좋아요 ,,2024년 5월 4일 토요일,2번째 방문,영수증
스타벅스 월계이마트점,카페,4.38,,,이룸9989,https://m.place.naver.com/my/5c7a57067a285b43bd9e12a4/review?v=2,867,33,,다이어리 받았음,,2023년 12월 16일 토요일,1번째 방문,영수증
스타벅스 월계이마트점,카페,4.38,,,촌스런 아저씨,https://m.place.naver.com/my/5e5db0a18f87a842bcd026b2/review?v=2,477,,,항상 친절했어요!,"일시적인 오류가 발생했습니다
친절해요",2023년 12월 30일 토요일,15번째 방문,영수증
스타벅스 월계이마트점,카페,4.38,,,나도야36,https://m.place.naver.com/my/5f043fd3e9d94998c6cc8658/review?v=2,1371,,,굿,,2024년 3월 17일 일요일,1번째 방문,영수증
스타벅스 월계이마트점,카페,4.38,,,02357,https://m.place.naver.com/my/5c27745e5bb903cfaba86bc7/review?v=2,671,,,조아요,,2024년 6월 6일 목요일,1번째 방문,영수증
스타벅스 월계이마트점,카페,4.38,,,밍댕구,https://m.place.naver.com/my/5ed26d2e8f87a842bc8bfa75/review?v=2,1514,39,,맛있어요,"일시적인 오류가 발생했습니다
커피가 맛있어요",2024년 2월 9일 금요일,1번째 방문,영수증
스타벅스 월계이마트점,카페,4.38,,,한울타리29,https://m.place.naver.com/my/5f329fed9ec8258e4a8b8737/review?v=2,1460,,,"날씨가 스산하네요 지인이 기분낸다고 점심으로
생선구이를 먹었더니 입안이 텁텁하고 비린것 같아
아메리카노를 시켜 입안을 헹구려합니다.근데 음악이 밥송인데 참 좋네요 제목은 모르지만요",,2024년 3월 5일 화요일,8번째 방문,영수증
스타벅스 월계이마트점,카페,4.38,,,muii,https://m.place.naver.com/my/5ca6b212b592936cb74a11e5/review?v=2,1039,4,,굿,,2024년 2월 22일 목요일,2번째 방문,영수증
스타벅스 월계이마트점,카페,4.38,,,천사견꿀,https://m.place.naver.com/my/5d3acdc4563dc1ff01063f00/review?v=2,1539,,,잘먹었습니다.,,2024년 1월 30일 화요일,2번째 방문,영수증
스타벅스 월계이마트점,카페,4.38,,,석훈맘72,https://m.place.naver.com/my/5e6ac1cf8f87a842bc0b9187/review?v=2,1422,10,,커피와 디저트맛잇어요,,2023년 12월 12일 화요일,1번째 방문,영수증
스타벅스 월계이마트점,카페,4.38,,,hacta1,https://m.place.naver.com/my/5ed0c2608f87a842bcaf79e5/review?v=2,201,,,커피 맛나요~,,2024년 2월 10일 토요일,1번째 방문,영수증
스타벅스 월계이마트점,카페,4.38,,,l02****,https://m.place.naver.com/my/5c2b6ea934860319aac1535b/review?v=2,217,,,좋아요,,2024년 3월 9일 토요일,1번째 방문,영수증
스타벅스 월계이마트점,카페,4.38,,,yso****,https://m.place.naver.com/my/5c163fbf51e236bb47f72ed6/review?v=2,2755,,,좋아여,,2024년 1월 29일 월요일,2번째 방문,영수증
스타벅스 월계이마트점,카페,4.38,,,78m****,https://m.place.naver.com/my/5f04032c34554cd50d18732d/review?v=2,702,,,음료 맛있고 파트너님들 친절해요,"일시적인 오류가 발생했습니다
매장이 청결해요",2023년 10월 2일 월요일,2번째 방문,영수증
스타벅스 월계이마트점,카페,4.38,,,acushla,https://m.place.naver.com/my/6028d7916c47852d953b7d70/review?v=2,713,,,ㅣ,,2024년 5월 6일 월요일,2번째 방문,영수증
스타벅스 월계이마트점,카페,4.38,,,럽호린,https://m.place.naver.com/my/5bbc2f84ce7e5713d9bc2e84/review?v=2,168,10,,"미키~ 마카롱으로 먼저 접해봅니당~
엄청 달아용~ 당충전완료","일시적인 오류가 발생했습니다
커피가 맛있어요",2023년 9월 28일 목요일,1번째 방문,영수증
스타벅스 월계이마트점,카페,4.38,,,hjy****,https://m.place.naver.com/my/5cbf0b17558e2aa2225c4f82/review?v=2,870,,,좋아요 ,,2024년 3월 4일 월요일,1번째 방문,영수증
스타벅스 월계이마트점,카페,4.38,,,고양아어흥어흥,https://m.place.naver.com/my/5c2341cc1f65d8906aa2fe34/review?v=2,116,,,마트 장보면서 스벅커피 한잔 좋아요,"일시적인 오류가 발생했습니다
가성비가 좋아요",2023년 11월 11일 토요일,1번째 방문,영수증
스타벅스 월계이마트점,카페,4.38,,,항상 웃음으로,https://m.place.naver.com/my/5bca8b831d2ddc82e7e0813a/review?v=2,1635,1,,좋음,"일시적인 오류가 발생했습니다
커피가 맛있어요",2024년 4월 20일 토요일,7번째 방문,영수증
스타벅스 월계이마트점,카페,4.38,,,koko30,https://m.place.naver.com/my/608dc4b163769b49ed59965c/review?v=2,1374,,,굿,,2024년 1월 22일 월요일,2번째 방문,영수증
스타벅스 월계이마트점,카페,4.38,,,iok0508,https://m.place.naver.com/my/5c99c6b6c92fba4bab4622db/review?v=2,1104,,,굿,,2024년 1월 22일 월요일,2번째 방문,영수증
스타벅스 월계이마트점,카페,4.38,,,yhjh,https://m.place.naver.com/my/5d529b8943ace5441b1fea50/review?v=2,521,,,좋아요!,,2024년 1월 22일 월요일,2번째 방문,영수증
스타벅스 월계이마트점,카페,4.38,,,카라멜초코크런치,https://m.place.naver.com/my/5eb37f5e8f87a842bcdb9b37/review?v=2,821,16,,지점 문제가 아니라 스타벅스는 케이크 상자가 너무 커서 포장하면 항상 케이크가 쓰러져있어요,,2024년 2월 8일 목요일,1번째 방문,영수증
스타벅스 월계이마트점,카페,4.38,,,엔시젤르,https://m.place.naver.com/my/5e3e63728f87a842bc786ca6/review?v=2,1006,1,,좋아용,,2024년 1월 21일 일요일,2번째 방문,영수증
스타벅스 월계이마트점,카페,4.38,,,세꽁맘,https://m.place.naver.com/my/5d8aca638f87a842bcabcef8/review?v=2,401,,,"한정판 밀크티 샀는데..
맛나요~♡ 적당히 달고 ㅎㅎ","일시적인 오류가 발생했습니다
커피가 맛있어요",2023년 12월 7일 목요일,1번째 방문,영수증
스타벅스 월계이마트점,카페,4.38,,,felizjenny,https://m.place.naver.com/my/5c6d452cce4b24ab92c1a969/review?v=2,1152,,,굿,,2024년 1월 20일 토요일,2번째 방문,영수증
스타벅스 월계이마트점,카페,4.38,,,ja5****,https://m.place.naver.com/my/606851bd88c986a86b78fc35/review?v=2,1042,,,굿,"일시적인 오류가 발생했습니다
커피가 맛있어요",2024년 5월 22일 수요일,1번째 방문,영수증
스타벅스 월계이마트점,카페,4.38,,,천사견꿀,https://m.place.naver.com/my/5d3acdc4563dc1ff01063f00/review?v=2,1539,,,잘먹었습니다.,,2024년 1월 24일 수요일,1번째 방문,영수증
스타벅스 월계이마트점,카페,4.38,,,숭8719,https://m.place.naver.com/my/5cad99c25df48b619b48e899/review?v=2,494,13,,블루베리치즈케이크 맛나요 ㅎ,"일시적인 오류가 발생했습니다
커피가 맛있어요",2023년 9월 29일 금요일,1번째 방문,영수증
스타벅스 월계이마트점,카페,4.38,,,샤샤9477,https://m.place.naver.com/my/5e3421e08f87a842bc13ea67/review?v=2,1566,,,커피맛 없어요,,2023년 11월 23일 목요일,1번째 방문,영수증
스타벅스 월계이마트점,카페,4.38,,,Dragon8990,https://m.place.naver.com/my/5e8085548f87a842bcbc3341/review?v=2,1587,,,맹물 아메리카노 ㅎ,,2023년 11월 23일 목요일,1번째 방문,영수증
스타벅스 월계이마트점,카페,4.38,,,jan****,https://m.place.naver.com/my/5f070126d6ec8fd5cc9f1fe5/review?v=2,1076,,,넘 맛있어요,"일시적인 오류가 발생했습니다
커피가 맛있어요",2023년 12월 26일 화요일,1번째 방문,영수증
스타벅스 월계이마트점,카페,4.38,,,꾸러기0,https://m.place.naver.com/my/5c051b129db46b10156fa1bc/review?v=2,244,,,좋아요,,2024년 2월 26일 월요일,2번째 방문,영수증
스타벅스 월계이마트점,카페,4.38,,,항상 웃음으로,https://m.place.naver.com/my/5bca8b831d2ddc82e7e0813a/review?v=2,1635,1,,좋음,,2024년 4월 13일 토요일,6번째 방문,영수증
스타벅스 월계이마트점,카페,4.38,,,희망으로 가득찬,https://m.place.naver.com/my/5fb678cdf12830b3175a3c29/review?v=2,2208,,,맛있어요.,"일시적인 오류가 발생했습니다
커피가 맛있어요",2024년 1월 15일 월요일,2번째 방문,영수증
스타벅스 월계이마트점,카페,4.38,,,luna7867,https://m.place.naver.com/my/5c06add999cf1d518affe0e5/review?v=2,389,4,,친절해요,,2024년 2월 23일 금요일,1번째 방문,영수증
스타벅스 월계이마트점,카페,4.38,,,hasis,https://m.place.naver.com/my/5be177d418475c76c34c4944/review?v=2,1944,,,커피맛있어요~~,,2023년 10월 17일 화요일,3번째 방문,영수증
스타벅스 월계이마트점,카페,4.38,,,smk****,https://m.place.naver.com/my/5f3f124fa602e98f569058d9/review?v=2,1177,17,,사람많아요,,2024년 3월 16일 토요일,3번째 방문,영수증
스타벅스 월계이마트점,카페,4.38,,,하랑55,https://m.place.naver.com/my/5e8112ad8f87a842bc84d161/review?v=2,621,,,good,,2024년 1월 20일 토요일,1번째 방문,영수증
스타벅스 월계이마트점,카페,4.38,,,사악천사77,https://m.place.naver.com/my/5d438cc3c7d88e77faeebb40/review?v=2,684,14,,"플래너 쿠폰 쓰기!
가을메뉴.. 바나나.. 뭐시기ㅋㅋ
찰떡같이 알아듣고 휘핑크림도 많이 올려주신 직원분  많이 감사해요!!",,2023년 9월 8일 금요일,1번째 방문,영수증
스타벅스 월계이마트점,카페,4.38,,,행복하기893,https://m.place.naver.com/my/5d43fb07e45e99785e26a098/review?v=2,2193,,,굿,,2024년 2월 13일 화요일,2번째 방문,영수증
스타벅스 월계이마트점,카페,4.38,,,lol****,https://m.place.naver.com/my/5c0b2ac5ab0a5bac3488e0c1/review?v=2,3108,,,굿,"일시적인 오류가 발생했습니다
디저트가 맛있어요",2024년 1월 30일 화요일,5번째 방문,영수증
스타벅스 월계이마트점,카페,4.38,,,그레4697,https://m.place.naver.com/my/5d71d6768f87a842bca429d5/review?v=2,1028,20,,무난,,2023년 12월 25일 월요일,24번째 방문,영수증
스타벅스 월계이마트점,카페,4.38,,,항상 웃음으로,https://m.place.naver.com/my/5bca8b831d2ddc82e7e0813a/review?v=2,1635,1,,좋음,"일시적인 오류가 발생했습니다
커피가 맛있어요",2024년 4월 6일 토요일,5번째 방문,영수증
스타벅스 월계이마트점,카페,4.38,,,99mrseoul,https://m.place.naver.com/my/5f0b01719ec8258e4a5dd61f/review?v=2,1284,,,very good ,,2024년 1월 20일 토요일,23번째 방문,영수증
스타벅스 월계이마트점,카페,4.38,,,yjy727,https://m.place.naver.com/my/5d28a8fea9df8a4ca6f6d98c/review?v=2,642,1,,친절하고 좋아요.,,2023년 11월 19일 일요일,1번째 방문,영수증
스타벅스 월계이마트점,카페,4.38,,,아치0823,https://m.place.naver.com/my/5e270cd98f87a842bc79c33c/review?v=2,1173,,,친절해요,,2024년 1월 12일 금요일,1번째 방문,영수증
스타벅스 월계이마트점,카페,4.38,,,Cherish0408,https://m.place.naver.com/my/5d35b6aaf4e6a9a1a1a00bc3/review?v=2,474,,,굿,"일시적인 오류가 발생했습니다
커피가 맛있어요",2024년 2월 9일 금요일,2번째 방문,영수증
스타벅스 월계이마트점,카페,4.38,,,딜러38,https://m.place.naver.com/my/5cc7ef158f87a842bce1b3e8/review?v=2,732,1,,공짜 커피 쿠폰 있어서 감,,2024년 1월 17일 수요일,5번째 방문,영수증
스타벅스 월계이마트점,카페,4.38,,,undecan1,https://m.place.naver.com/my/5d3563b338d7175a2a0a78f8/review?v=2,461,,,커피 맛있어요,"일시적인 오류가 발생했습니다
커피가 맛있어요",2023년 12월 15일 금요일,2번째 방문,영수증
스타벅스 월계이마트점,카페,4.38,,,연쇄 팩트범,https://m.place.naver.com/my/5de62fbb9ec8258e4adadc88/review?v=2,888,21,,조아요,,2023년 12월 28일 목요일,3번째 방문,영수증
스타벅스 월계이마트점,카페,4.38,,,gkeofl8077,https://m.place.naver.com/my/61e6d7da99f7ae1e81b290e2/review?v=2,636,7,,"역시 스타벅스는 친절하시고 커피도 맛있고
넘 짱입니당~^^",,2023년 10월 16일 월요일,1번째 방문,영수증
스타벅스 월계이마트점,카페,4.38,,,Choilouis,https://m.place.naver.com/my/5ba1df468fb201c56601e9f4/review?v=2,3264,,,맛있어요,,2024년 3월 28일 목요일,2번째 방문,영수증
스타벅스 월계이마트점,카페,4.38,,,happy0112,https://m.place.naver.com/my/5fe14546ee1ffe982da99896/review?v=2,1072,,,좋아요 ,,2024년 2월 10일 토요일,1번째 방문,영수증
스타벅스 월계이마트점,카페,4.38,,,als****,https://m.place.naver.com/my/61b16a4715e21cc942d23858/review?v=2,484,,,너무좋습니다,,2023년 12월 15일 금요일,1번째 방문,영수증
스타벅스 월계이마트점,카페,4.38,,,핏숏,https://m.place.naver.com/my/5c288f823873d9c9fd3fbb0c/review?v=2,1491,25,,좋아요 : ),"일시적인 오류가 발생했습니다
커피가 맛있어요",2024년 2월 3일 토요일,2번째 방문,영수증
스타벅스 월계이마트점,카페,4.38,,,서울I토끼여우,https://m.place.naver.com/my/5e6750ca8f87a842bcc9bb72/review?v=2,1376,,,좋아요 ,"일시적인 오류가 발생했습니다
커피가 맛있어요",2024년 5월 1일 수요일,1번째 방문,영수증
스타벅스 월계이마트점,카페,4.38,,,Alloydesign,https://m.place.naver.com/my/5faf68ed832177c0cdc4d711/review?v=2,910,12,,더운 여름 kt vip로 무료 커피 마시고 가요.,"일시적인 오류가 발생했습니다
커피가 맛있어요",2023년 8월 5일 토요일,3번째 방문,영수증
스타벅스 월계이마트점,카페,4.38,,,조윤식56,https://m.place.naver.com/my/5fd9fdf8e78d305482bfa6b4/review?v=2,15,,,아이스 캐모마일이 얼음이 너무 빨리 녹기도 하고 미지근해요. 다른 분은 얼음컵 추가로 주시던데 저희는 왜 녹은 상태로 주시나요? ,,2023년 9월 16일 토요일,1번째 방문,영수증
스타벅스 월계이마트점,카페,4.38,,,항상 웃음으로,https://m.place.naver.com/my/5bca8b831d2ddc82e7e0813a/review?v=2,1635,1,,좋음,"일시적인 오류가 발생했습니다
커피가 맛있어요",2024년 3월 30일 토요일,4번째 방문,영수증
스타벅스 월계이마트점,카페,4.38,,,딜러38,https://m.place.naver.com/my/5cc7ef158f87a842bce1b3e8/review?v=2,732,1,,ㄱㄱㄱㄱㄱㄱㄱㄱㄱㄱ,,2024년 2월 18일 일요일,6번째 방문,영수증
스타벅스 월계이마트점,카페,4.38,,,yuvykko,https://m.place.naver.com/my/5c52b4f3fbc3bf9262cd1902/review?v=2,779,42,,"매장은 작은데 손님이 많아서 엄청 바쁘시네요
스타벅스 트레이더스 점에 자리가 없어서 이마트 점에서 먹었어요
신메뉴 라이트 키위 라임 블렌디드 주문해 봤는데 달지 않고 먹을만 하더라구요
직원분들 친절하시고 아메리카노 샷 추가했더니 제 입에 딱이더라구요",,2023년 6월 24일 토요일,1번째 방문,영수증
스타벅스 월계이마트점,카페,4.38,,,꾸러기0,https://m.place.naver.com/my/5c051b129db46b10156fa1bc/review?v=2,244,,,좋아요,,2024년 2월 2일 금요일,1번째 방문,영수증
스타벅스 월계이마트점,카페,4.38,,,99mrseoul,https://m.place.naver.com/my/5f0b01719ec8258e4a5dd61f/review?v=2,1284,,,Very good ,"일시적인 오류가 발생했습니다
친절해요",2023년 12월 3일 일요일,22번째 방문,영수증
스타벅스 월계이마트점,카페,4.38,,,강건석98,https://m.place.naver.com/my/5eb75c928f87a842bcfa53ff/review?v=2,143,,,커피맛있어요~,,2023년 12월 7일 목요일,1번째 방문,영수증
스타벅스 월계이마트점,카페,4.38,,,woo****,https://m.place.naver.com/my/62d3f18195b9130006dbc581/review?v=2,742,5,,좋아요,,2024년 1월 26일 금요일,2번째 방문,영수증
스타벅스 월계이마트점,카페,4.38,,,따행88,https://m.place.naver.com/my/614a8cbb9cacdf76181aa58e/review?v=2,1303,,,분위기가 편안해요~~~,,2023년 12월 29일 금요일,1번째 방문,영수증
스타벅스 월계이마트점,카페,4.38,,,smi****,https://m.place.naver.com/my/5f06f9edd6ec8fd5cc9e6574/review?v=2,1091,,,😆,,2023년 12월 23일 토요일,6번째 방문,영수증
스타벅스 월계이마트점,카페,4.38,,,kus****,https://m.place.naver.com/my/5ba431801f55e77252bd98e3/review?v=2,636,,,좋아요,,2023년 12월 19일 화요일,2번째 방문,영수증
스타벅스 월계이마트점,카페,4.38,,,조이life,https://m.place.naver.com/my/5ed3d1a68f87a842bcdbab7b/review?v=2,292,45,,선물용으로 스벅카드좋아요,"일시적인 오류가 발생했습니다
주차하기 편해요",2023년 9월 26일 화요일,2번째 방문,영수증
스타벅스 월계이마트점,카페,4.38,,,hm07231,https://m.place.naver.com/my/5c4cd8b80dfe972b17099a37/review?v=2,402,3,,"이마트 쇼핑 후 쿨라임 피지오
직원분 엄청 친절하시네요","일시적인 오류가 발생했습니다
커피가 맛있어요",2023년 9월 3일 일요일,1번째 방문,영수증
스타벅스 월계이마트점,카페,4.38,,,ang****,https://m.place.naver.com/my/5eabc88a8f87a842bc0d843f/review?v=2,943,,,민트향 좋아요 ,,2023년 9월 23일 토요일,2번째 방문,영수증
스타벅스 월계이마트점,카페,4.38,,,dlg****,https://m.place.naver.com/my/609a772791a96e93def6960b/review?v=2,1357,,,굿,,2023년 11월 24일 금요일,2번째 방문,영수증
스타벅스 월계이마트점,카페,4.38,,,hasis,https://m.place.naver.com/my/5be177d418475c76c34c4944/review?v=2,1944,,,,,2023년 10월 26일 목요일,4번째 방문,영수증
스타벅스 월계이마트점,카페,4.38,,,iok0508,https://m.place.naver.com/my/5c99c6b6c92fba4bab4622db/review?v=2,1104,,,친절 ,,2023년 12월 18일 월요일,1번째 방문,영수증
스타벅스 월계이마트점,카페,4.38,,,woo****,https://m.place.naver.com/my/62d3f18195b9130006dbc581/review?v=2,742,5,,조아요,,2024년 1월 20일 토요일,1번째 방문,영수증
스타벅스 월계이마트점,카페,4.38,,,ddd4667,https://m.place.naver.com/my/5d7ebbc58f87a842bcf93722/review?v=2,1145,,,테이크아웃 하기 좋은 매장,"일시적인 오류가 발생했습니다
친절해요",2023년 9월 17일 일요일,2번째 방문,영수증
스타벅스 월계이마트점,카페,4.38,,,kus****,https://m.place.naver.com/my/5ba431801f55e77252bd98e3/review?v=2,636,,,좋아요,,2023년 12월 14일 목요일,1번째 방문,영수증
스타벅스 월계이마트점,카페,4.38,,,스마일 마미,https://m.place.naver.com/my/5bcde2763cb60d0e72a98858/review?v=2,621,,,별적립 12개 모아서 마셨어요,,2023년 8월 28일 월요일,2번째 방문,영수증
스타벅스 월계이마트점,카페,4.38,,,SM SYSTEM,https://m.place.naver.com/my/6028935c9de7222cef0ccdf9/review?v=2,810,,,👍 ,,2024년 1월 16일 화요일,1번째 방문,영수증
스타벅스 월계이마트점,카페,4.38,,,둥둥둥3014,https://m.place.naver.com/my/5e0aaf748f87a842bc7b3de3/review?v=2,1614,27,,손님들이 많아서 그런지 일처리가 조금 답답했어요.,,2023년 8월 14일 월요일,5번째 방문,영수증
스타벅스 월계이마트점,카페,4.38,,,눈이부시게90,https://m.place.naver.com/my/5e5e893c8f87a842bc1c0546/review?v=2,990,24,,커피 맛있어요 ,,2024년 1월 3일 수요일,2번째 방문,영수증
스타벅스 월계이마트점,카페,4.38,,,화곡동아이유,https://m.place.naver.com/my/5eff1983a7f1cdd89fef8d11/review?v=2,1213,,,맛나요 바밤바,,2023년 10월 6일 금요일,3번째 방문,영수증
스타벅스 월계이마트점,카페,4.38,,,뽀로롱버스89,https://m.place.naver.com/my/5c47413124a90eb9262ec0d5/review?v=2,780,1,,굿,"일시적인 오류가 발생했습니다
커피가 맛있어요",2024년 1월 13일 토요일,1번째 방문,영수증
스타벅스 월계이마트점,카페,4.38,,,해맑은 피카츄,https://m.place.naver.com/my/5f791ee3ada773014cb96f58/review?v=2,779,11,,맛있어요,"일시적인 오류가 발생했습니다
친절해요",2023년 11월 18일 토요일,1번째 방문,영수증
스타벅스 월계이마트점,카페,4.38,,,촌스런 아저씨,https://m.place.naver.com/my/5e5db0a18f87a842bcd026b2/review?v=2,477,,,젊은 여직원 매우친절했습니다.,"일시적인 오류가 발생했습니다
가성비가 좋아요",2023년 9월 26일 화요일,14번째 방문,영수증
스타벅스 월계이마트점,카페,4.38,,,sun****,https://m.place.naver.com/my/617644f12dfefe84769c3ac1/review?v=2,373,,,여유롭게 커피한잔..,"일시적인 오류가 발생했습니다
커피가 맛있어요",2024년 5월 4일 토요일,1번째 방문,영수증
스타벅스 월계이마트점,카페,4.38,,,초이특별해,https://m.place.naver.com/my/5e6d9e5f8f87a842bcd8693d/review?v=2,2008,,,친절합니다 ,"일시적인 오류가 발생했습니다
커피가 맛있어요",2024년 2월 18일 일요일,3번째 방문,영수증
스타벅스 월계이마트점,카페,4.38,,,ske****,https://m.place.naver.com/my/5b9fa69df249ee6e559971b5/review?v=2,2456,,,새로운것 먹고싶어서 찾음,,2024년 1월 1일 월요일,7번째 방문,영수증
스타벅스 월계이마트점,카페,4.38,,,현경공쥬님24,https://m.place.naver.com/my/5c76904864a00c60b8f9b643/review?v=2,430,,,좋아요,"일시적인 오류가 발생했습니다
커피가 맛있어요",2024년 1월 2일 화요일,2번째 방문,영수증
스타벅스 월계이마트점,카페,4.38,,,제이3049,https://m.place.naver.com/my/5f18202d9ec8258e4a941a78/review?v=2,460,,,"친절하지않은 스벅 직원 처음이였어요
뭔가 당황",,2023년 10월 17일 화요일,1번째 방문,영수증
스타벅스 월계이마트점,카페,4.38,,,pch8445,https://m.place.naver.com/my/6561fae81438fc3a9c3069b0/review?v=2,222,,,맛있어요 ,,2024년 1월 7일 일요일,1번째 방문,영수증
스타벅스 월계이마트점,카페,4.38,,,CoffeeBoy,https://m.place.naver.com/my/5ccceebf7eaaddea1430d06e/review?v=2,1570,18,,굿,,2023년 11월 13일 월요일,5번째 방문,영수증
스타벅스 월계이마트점,카페,4.38,,,웃어요빙그레,https://m.place.naver.com/my/5c0468987db25d4907315ea6/review?v=2,909,45,,바나나도 맛있고 친절해서 좋습니다,"일시적인 오류가 발생했습니다
디저트가 맛있어요",2023년 9월 11일 월요일,1번째 방문,영수증
스타벅스 월계이마트점,카페,4.38,,,skyha,https://m.place.naver.com/my/5f05598834a524e70c5b92d2/review?v=2,483,,,굳,"일시적인 오류가 발생했습니다
커피가 맛있어요",2024년 1월 6일 토요일,1번째 방문,영수증
스타벅스 월계이마트점,카페,4.38,,,승수맘39,https://m.place.naver.com/my/5ca3f540a53f1f54519f1384/review?v=2,902,,,샌드위치가 빵이 퍽퍽했어요,,2024년 2월 18일 일요일,1번째 방문,영수증
스타벅스 월계이마트점,카페,4.38,,,새봄95,https://m.place.naver.com/my/5b9ae640717f391789202a92/review?v=2,619,,,뭐 가끔 마셔요,"일시적인 오류가 발생했습니다
화장실이 깨끗해요",2023년 9월 9일 토요일,1번째 방문,영수증
스타벅스 월계이마트점,카페,4.38,,,돈모리60,https://m.place.naver.com/my/5db960c28f87a842bc2f3b38/review?v=2,1,,,"생각만큼 친절 힙니다. 자주 이용합니다




",,2023년 10월 9일 월요일,1번째 방문,매장주문
스타벅스 월계이마트점,카페,4.38,,,돼지지롱,https://m.place.naver.com/my/5bf0f92b51a36817f136a442/review?v=2,301,53,,좋아요~,"일시적인 오류가 발생했습니다
커피가 맛있어요",2024년 2월 4일 일요일,4번째 방문,영수증
스타벅스 월계이마트점,카페,4.38,,,kogebbang63,https://m.place.naver.com/my/5dc49d878f87a842bce7775d/review?v=2,363,13,,"매장이 작아 원두 판매 상품이 없을줄 알았는데 다른곳 보다 종류가 더 다양했음
",,2023년 9월 5일 화요일,1번째 방문,영수증
스타벅스 월계이마트점,카페,4.38,,,김진미8077,https://m.place.naver.com/my/614d98db82fc750007095ef2/review?v=2,21,,,사람이 너무 많아~ 무조건 거의 테이크 아운,"일시적인 오류가 발생했습니다
화장실이 깨끗해요",2023년 10월 7일 토요일,1번째 방문,영수증
스타벅스 월계이마트점,카페,4.38,,,케루,https://m.place.naver.com/my/5c20abc2b2d7c842dc103c66/review?v=2,592,19,,그냥 그곳,,2023년 11월 4일 토요일,2번째 방문,영수증
스타벅스 월계이마트점,카페,4.38,,,임인숙1793,https://m.place.naver.com/my/5e7f664e8f87a842bca1d348/review?v=2,425,,,친절해요,,2024년 4월 9일 화요일,18번째 방문,영수증
스타벅스 월계이마트점,카페,4.38,,,365일무사히,https://m.place.naver.com/my/5e3950a78f87a842bcd30c37/review?v=2,1736,1,,좋아요,,2023년 11월 7일 화요일,4번째 방문,영수증
스타벅스 월계이마트점,카페,4.38,,,항상 웃음으로,https://m.place.naver.com/my/5bca8b831d2ddc82e7e0813a/review?v=2,1635,1,,좋음,,2024년 3월 9일 토요일,3번째 방문,영수증
스타벅스 월계이마트점,카페,4.38,,,박테리아1,https://m.place.naver.com/my/5d85e0b68f87a842bc31da1c/review?v=2,2387,,,굳,,2023년 12월 23일 토요일,1번째 방문,영수증
스타벅스 월계이마트점,카페,4.38,,,pos****,https://m.place.naver.com/my/6054227df774fa8b3c0c36d6/review?v=2,1288,,,좋아요,"일시적인 오류가 발생했습니다
커피가 맛있어요",2023년 12월 3일 일요일,9번째 방문,영수증
스타벅스 월계이마트점,카페,4.38,,,숙이778,https://m.place.naver.com/my/60518fcd6523f71b8df8761c/review?v=2,1752,,,사람 많아요^^,"일시적인 오류가 발생했습니다
커피가 맛있어요",2023년 11월 19일 일요일,6번째 방문,영수증
스타벅스 월계이마트점,카페,4.38,,,노마드Ri,https://m.place.naver.com/my/5bdfe371878acf24b84bb2b6/review?v=2,1367,19,,☕️,,2024년 1월 25일 목요일,1번째 방문,영수증
스타벅스 월계이마트점,카페,4.38,,,쀼배,https://m.place.naver.com/my/5b9067eef24c3a61ff4a9398/review?v=2,1702,10,,육이중 커피는.꿀,,2023년 9월 3일 일요일,7번째 방문,영수증
스타벅스 월계이마트점,카페,4.38,,,툼이,https://m.place.naver.com/my/5c22bf0693536164076773d1/review?v=2,458,,,"친절해요
",,2023년 12월 23일 토요일,1번째 방문,영수증
스타벅스 월계이마트점,카페,4.38,,,이러지도,https://m.place.naver.com/my/5dd681e59ec8258e4a598966/review?v=2,868,,,굿,,2023년 11월 16일 목요일,1번째 방문,영수증
스타벅스 월계이마트점,카페,4.38,,,illeee,https://m.place.naver.com/my/5e7443bd8f87a842bc40f3be/review?v=2,1165,,,,,2023년 10월 1일 일요일,2번째 방문,영수증
스타벅스 월계이마트점,카페,4.38,,,맛집투어중임,https://m.place.naver.com/my/5b66c18730c02f5501705a94/review?v=2,628,39,,좋아요~,,2024년 2월 1일 목요일,3번째 방문,영수증
스타벅스 월계이마트점,카페,4.38,,,99mrseoul,https://m.place.naver.com/my/5f0b01719ec8258e4a5dd61f/review?v=2,1284,,,Very good ,"일시적인 오류가 발생했습니다
인테리어가 멋져요",2023년 10월 23일 월요일,20번째 방문,영수증
스타벅스 월계이마트점,카페,4.38,,,개구장이1917,https://m.place.naver.com/my/5fe2087f6d612c538f509d6a/review?v=2,569,,,좋아요,,2024년 2월 17일 토요일,6번째 방문,영수증
스타벅스 월계이마트점,카페,4.38,,,귀염둥이사랑둥이재롱둥이맘,https://m.place.naver.com/my/5eb0f0be8f87a842bcb65e4a/review?v=2,2785,21,,커피  맛있어요 ,,2023년 9월 18일 월요일,1번째 방문,영수증
스타벅스 월계이마트점,카페,4.38,,,Alloydesign,https://m.place.naver.com/my/5faf68ed832177c0cdc4d711/review?v=2,910,12,,월계 이마트 내 스타벅스에요. 마트들리면서 무료커피 한잔하고 갑니다.,"일시적인 오류가 발생했습니다
음료가 맛있어요",2023년 6월 3일 토요일,2번째 방문,영수증
스타벅스 월계이마트점,카페,4.38,,,러블리슈슈,https://m.place.naver.com/my/5c01755b134344b179d2c983/review?v=2,1830,30,,트렌타 사이즈 크기도 크고 맛있네요! ,,2023년 8월 16일 수요일,1번째 방문,영수증
스타벅스 월계이마트점,카페,4.38,,,99mrseoul,https://m.place.naver.com/my/5f0b01719ec8258e4a5dd61f/review?v=2,1284,,,Very good ,"일시적인 오류가 발생했습니다
커피가 맛있어요",2023년 11월 13일 월요일,21번째 방문,영수증
스타벅스 월계이마트점,카페,4.38,,,블라썸47,https://m.place.naver.com/my/5e4e04068f87a842bc18c943/review?v=2,1705,,,.,,2024년 2월 13일 화요일,1번째 방문,영수증
스타벅스 월계이마트점,카페,4.38,,,아빠72,https://m.place.naver.com/my/5f0620696c567de863f85959/review?v=2,309,,,커피하면 스벅이죠^^,"일시적인 오류가 발생했습니다
커피가 맛있어요",2023년 7월 27일 목요일,2번째 방문,영수증
스타벅스 월계이마트점,카페,4.38,,,choss3869,https://m.place.naver.com/my/5fa3ed15b79fa8a558a04cab/review?v=2,1366,,,ᆢ,,2023년 10월 13일 금요일,2번째 방문,영수증
스타벅스 월계이마트점,카페,4.38,,,금비753,https://m.place.naver.com/my/660921f573736e3dcf7641c9/review?v=2,60,,,좋아요,,2023년 12월 7일 목요일,1번째 방문,영수증
스타벅스 월계이마트점,카페,4.38,,,78m****,https://m.place.naver.com/my/5f04032c34554cd50d18732d/review?v=2,702,,,"커피.케이크가 맛있어요.
파트너님들도 친절해요","일시적인 오류가 발생했습니다
친절해요",2023년 5월 25일 목요일,1번째 방문,영수증
스타벅스 월계이마트점,카페,4.38,,,ham****,https://m.place.naver.com/my/5c6e6ad04bb61f68d9a4d02c/review?v=2,799,19,,아메리카노가 너무 오래 걸렸어요..ㅜㅜ,,2023년 7월 20일 목요일,1번째 방문,영수증
스타벅스 월계이마트점,카페,4.38,,,m7****,https://m.place.naver.com/my/61a9906c7192e34ed5f1e9e4/review?v=2,715,,,고맙습니다,"일시적인 오류가 발생했습니다
커피가 맛있어요",2024년 2월 29일 목요일,2번째 방문,영수증
스타벅스 월계이마트점,카페,4.38,,,K0823,https://m.place.naver.com/my/5b9b55d5709e4c6ea56ebff4/review?v=2,596,,,"굿굿
","일시적인 오류가 발생했습니다
커피가 맛있어요",2023년 10월 25일 수요일,6번째 방문,영수증
스타벅스 월계이마트점,카페,4.38,,,jsjs884298,https://m.place.naver.com/my/5e0c11a68f87a842bced46e0/review?v=2,540,,,,"일시적인 오류가 발생했습니다
커피가 맛있어요",2023년 10월 24일 화요일,1번째 방문,영수증
스타벅스 월계이마트점,카페,4.38,,,sun****,https://m.place.naver.com/my/60659e68961651617a337d85/review?v=2,416,17,,좋아요,"일시적인 오류가 발생했습니다
음료가 맛있어요",2023년 10월 27일 금요일,1번째 방문,영수증
스타벅스 월계이마트점,카페,4.38,,,여신님,https://m.place.naver.com/my/5efddb27b4dd01caff099284/review?v=2,602,30,,사람많은데도 친절해요,,2023년 11월 18일 토요일,2번째 방문,영수증
스타벅스 월계이마트점,카페,4.38,,,초코파이jjung,https://m.place.naver.com/my/5c01948c82f6e860222cb9b5/review?v=2,1866,10,,커피맛있어요~,"일시적인 오류가 발생했습니다
커피가 맛있어요",2023년 8월 3일 목요일,1번째 방문,영수증
스타벅스 월계이마트점,카페,4.38,,,with49,https://m.place.naver.com/my/5bd45fa3164b6f1668a2ed99/review?v=2,2231,,,친절하시고 좋은데 홀 자리가 넘 좁아 아쉽네요,,2023년 7월 10일 월요일,2번째 방문,영수증
스타벅스 월계이마트점,카페,4.38,,,유니59,https://m.place.naver.com/my/5be1d99e0bfe3da20a137995/review?v=2,843,1,,굿,,2023년 11월 2일 목요일,1번째 방문,영수증
스타벅스 월계이마트점,카페,4.38,,,yhjh,https://m.place.naver.com/my/5d529b8943ace5441b1fea50/review?v=2,521,,,여름엔 아이스아메리카노가 좋아요.,"일시적인 오류가 발생했습니다
커피가 맛있어요",2023년 8월 2일 수요일,1번째 방문,영수증
스타벅스 월계이마트점,카페,4.38,,,닉넴없,https://m.place.naver.com/my/5c4f2646bba012d1e4a8754c/review?v=2,1562,,,.,,2023년 10월 5일 목요일,1번째 방문,영수증
스타벅스 월계이마트점,카페,4.38,,,620926,https://m.place.naver.com/my/5bead23d1990ba13158254a8/review?v=2,360,,,음료 모듀 다 맛있었어오,"일시적인 오류가 발생했습니다
커피가 맛있어요",2023년 9월 26일 화요일,2번째 방문,영수증
스타벅스 월계이마트점,카페,4.38,,,cm****,https://m.place.naver.com/my/5f0613e0c6c911a490bcd017/review?v=2,342,,,좋아여,,2024년 2월 17일 토요일,1번째 방문,영수증
스타벅스 월계이마트점,카페,4.38,,,꼬부기아내,https://m.place.naver.com/my/5be9842452f77d66eef0121c/review?v=2,672,,,좋아요 ,,2024년 5월 5일 일요일,3번째 방문,영수증
스타벅스 월계이마트점,카페,4.38,,,백년 석쌤98,https://m.place.naver.com/my/5f065bcd9127dcb4fc66ef70/review?v=2,636,,,좋습니다,,2024년 3월 26일 화요일,1번째 방문,영수증
스타벅스 월계이마트점,카페,4.38,,,그레4697,https://m.place.naver.com/my/5d71d6768f87a842bca429d5/review?v=2,1028,20,,굿굿,,2023년 9월 26일 화요일,23번째 방문,영수증
스타벅스 월계이마트점,카페,4.38,,,hailey820,https://m.place.naver.com/my/5e3a638b8f87a842bc832862/review?v=2,521,,,맛있어요,,2024년 3월 1일 금요일,6번째 방문,영수증
스타벅스 월계이마트점,카페,4.38,,,콩이166,https://m.place.naver.com/my/5ce8f6b914b194bf9a19efed/review?v=2,358,,,계산하시는 분중 남자 직원분이 정말 친절하세요^^,"일시적인 오류가 발생했습니다
친절해요",2023년 7월 22일 토요일,1번째 방문,영수증
스타벅스 월계이마트점,카페,4.38,,,꽃길도비,https://m.place.naver.com/my/5d29382072e4b10ca3f86add/review?v=2,706,,,급 더워진 날씨에 아아한잔^♡^,"일시적인 오류가 발생했습니다
친절해요",2023년 11월 3일 금요일,1번째 방문,영수증
스타벅스 월계이마트점,카페,4.38,,,kimjang97,https://m.place.naver.com/my/5b893908eda061550df59441/review?v=2,2634,,,좋아요 ,"일시적인 오류가 발생했습니다
커피가 맛있어요",2024년 1월 17일 수요일,4번째 방문,영수증
스타벅스 월계이마트점,카페,4.38,,,CoffeeBoy,https://m.place.naver.com/my/5ccceebf7eaaddea1430d06e/review?v=2,1570,18,,친절하고 좋아요,"일시적인 오류가 발생했습니다
주차하기 편해요",2023년 7월 2일 일요일,3번째 방문,영수증
스타벅스 월계이마트점,카페,4.38,,,흑둥37,https://m.place.naver.com/my/5c8c6d91830c4c472fcfc077/review?v=2,238,9,,굿,,2023년 10월 7일 토요일,1번째 방문,영수증
스타벅스 월계이마트점,카페,4.38,,,pmy53,https://m.place.naver.com/my/5ca32b58b62f01e2b4e93bcd/review?v=2,1486,,,좁고 사람 많음,,2023년 9월 9일 토요일,1번째 방문,영수증
스타벅스 월계이마트점,카페,4.38,,,카카오루루,https://m.place.naver.com/my/5dfed7e48f87a842bc4cb398/review?v=2,544,7,,다양한 상품들이 있네요,"일시적인 오류가 발생했습니다
커피가 맛있어요",2023년 8월 5일 토요일,3번째 방문,영수증
스타벅스 월계이마트점,카페,4.38,,,삼공주83,https://m.place.naver.com/my/5b6e4b679b4998a8399eaec1/review?v=2,934,,,굿,,2023년 12월 27일 수요일,1번째 방문,영수증
스타벅스 월계이마트점,카페,4.38,,,맛집투어중임,https://m.place.naver.com/my/5b66c18730c02f5501705a94/review?v=2,628,39,,좋아요,,2023년 12월 21일 목요일,2번째 방문,영수증
스타벅스 월계이마트점,카페,4.38,,,아리09,https://m.place.naver.com/my/5e6ddc648f87a842bc34c4d9/review?v=2,3593,5,,겨울에 마시기에 좋은 뱅쇼~,"일시적인 오류가 발생했습니다
음료가 맛있어요",2023년 12월 18일 월요일,36번째 방문,영수증
스타벅스 월계이마트점,카페,4.38,,,스컬프쳐,https://m.place.naver.com/my/5b7534788bc0a1ed7455ee38/review?v=2,787,,,좋아요 ,,2024년 1월 30일 화요일,2번째 방문,영수증
스타벅스 월계이마트점,카페,4.38,,,cod****,https://m.place.naver.com/my/5e2d44348f87a842bc36d2b7/review?v=2,969,22,,깔끔해요,"일시적인 오류가 발생했습니다
매장이 청결해요",2023년 10월 1일 일요일,1번째 방문,영수증
스타벅스 월계이마트점,카페,4.38,,,felizjenny,https://m.place.naver.com/my/5c6d452cce4b24ab92c1a969/review?v=2,1152,,,전보다 친절해 지셨어요.,"일시적인 오류가 발생했습니다
친절해요",2023년 7월 8일 토요일,1번째 방문,영수증
스타벅스 월계이마트점,카페,4.38,,,연쇄 팩트범,https://m.place.naver.com/my/5de62fbb9ec8258e4adadc88/review?v=2,888,21,,"친절해요
자리는 많이 없어요
음료 맛있고 빨리 나와요",,2023년 4월 21일 금요일,2번째 방문,영수증
스타벅스 월계이마트점,카페,4.38,,,화곡동아이유,https://m.place.naver.com/my/5eff1983a7f1cdd89fef8d11/review?v=2,1213,,,좋아여,,2023년 9월 25일 월요일,2번째 방문,영수증
스타벅스 월계이마트점,카페,4.38,,,민초몬,https://m.place.naver.com/my/5d90729b8f87a842bc15d9ca/review?v=2,456,24,,주차도 편하고 좋습니다,"일시적인 오류가 발생했습니다
친절해요",2023년 7월 5일 수요일,1번째 방문,영수증
스타벅스 월계이마트점,카페,4.38,,,black07927,https://m.place.naver.com/my/5d5a68cc220adca5c3811886/review?v=2,1048,,,커피,,2023년 9월 18일 월요일,2번째 방문,영수증
스타벅스 월계이마트점,카페,4.38,,,99mrseoul,https://m.place.naver.com/my/5f0b01719ec8258e4a5dd61f/review?v=2,1284,,,Very good ,"일시적인 오류가 발생했습니다
인테리어가 멋져요",2023년 9월 2일 토요일,19번째 방문,영수증
스타벅스 월계이마트점,카페,4.38,,,케루,https://m.place.naver.com/my/5c20abc2b2d7c842dc103c66/review?v=2,592,19,,불친절,,2023년 9월 9일 토요일,1번째 방문,영수증
스타벅스 월계이마트점,카페,4.38,,,qkr****,https://m.place.naver.com/my/632ea8f8a54c6daaee31d8a0/review?v=2,636,,,친절합니다 ,,2023년 10월 27일 금요일,1번째 방문,영수증
스타벅스 월계이마트점,카페,4.38,,,김녕81,https://m.place.naver.com/my/5dad45ee8f87a842bc738234/review?v=2,502,,,굿,"일시적인 오류가 발생했습니다
커피가 맛있어요",2023년 9월 17일 일요일,1번째 방문,영수증
스타벅스 월계이마트점,카페,4.38,,,j8****,https://m.place.naver.com/my/5cbde14c956122d62e48d903/review?v=2,283,14,,비싸지만 마셔요 스벅,"일시적인 오류가 발생했습니다
커피가 맛있어요",2023년 7월 16일 일요일,3번째 방문,영수증
스타벅스 월계이마트점,카페,4.38,,,소리사랑6,https://m.place.naver.com/my/5f070128a36dc5e3fa5f119e/review?v=2,680,,,굿,,2023년 9월 16일 토요일,1번째 방문,영수증
스타벅스 월계이마트점,카페,4.38,,,dos****,https://m.place.naver.com/my/5be946409263270b99656598/review?v=2,1694,,,굿,,2023년 9월 9일 토요일,2번째 방문,영수증
스타벅스 월계이마트점,카페,4.38,,,달해마님,https://m.place.naver.com/my/5db91b1f8f87a842bc598d03/review?v=2,501,,,신메뉴는 빨리 먹어봐야죠~~많이달지않고 곤약씹히는 느낌도 좋고 상큼하니 맛있네요~다른 신메뉴도 도장찍기!!!,"일시적인 오류가 발생했습니다
친절해요",2023년 5월 3일 수요일,1번째 방문,영수증
스타벅스 월계이마트점,카페,4.38,,,얌전한버섯,https://m.place.naver.com/my/5eabbbbf8f87a842bc4f74de/review?v=2,611,,,좋아요,,2023년 10월 2일 월요일,3번째 방문,영수증
스타벅스 월계이마트점,카페,4.38,,,Dragonteacher,https://m.place.naver.com/my/5f062acba33384f6f57eb39a/review?v=2,437,,,"주말엔 사람들이 많아서 이용 못했는데 평일 
오후라 여유있네요
카운터 직원이 물어보는 질문에 친절하게 
답해줘서 도움되고 좋았어요~^^",,2023년 5월 18일 목요일,2번째 방문,영수증
스타벅스 월계이마트점,카페,4.38,,,양진수,https://m.place.naver.com/my/5bd7d0b0e431cf60395c603d/review?v=2,863,,,좋아요,,2023년 12월 25일 월요일,1번째 방문,영수증
스타벅스 월계이마트점,카페,4.38,,,뚜루뚜9257,https://m.place.naver.com/my/5f216b909ec8258e4a73e2fc/review?v=2,2450,,,좋아요,,2023년 12월 20일 수요일,4번째 방문,영수증
스타벅스 월계이마트점,카페,4.38,,,쥴리범,https://m.place.naver.com/my/5dc553408f87a842bc8b788a/review?v=2,1855,,,음료 너무맛나용,"일시적인 오류가 발생했습니다
커피가 맛있어요",2023년 7월 16일 일요일,3번째 방문,영수증
스타벅스 월계이마트점,카페,4.38,,,mkc****,https://m.place.naver.com/my/5cc5314659913462c4779f21/review?v=2,476,,,맛있어요 ,"일시적인 오류가 발생했습니다
커피가 맛있어요",2023년 9월 3일 일요일,2번째 방문,영수증
스타벅스 월계이마트점,카페,4.38,,,아빠72,https://m.place.naver.com/my/5f0620696c567de863f85959/review?v=2,309,,,이마트에 있어서 주차하기 쉽고 맛은 기본 입니다,"일시적인 오류가 발생했습니다
커피가 맛있어요",2023년 7월 20일 목요일,1번째 방문,영수증
스타벅스 월계이마트점,카페,4.38,,,pos****,https://m.place.naver.com/my/6054227df774fa8b3c0c36d6/review?v=2,1288,,,좋아요,"일시적인 오류가 발생했습니다
커피가 맛있어요",2023년 9월 18일 월요일,8번째 방문,영수증
스타벅스 월계이마트점,카페,4.38,,,ang****,https://m.place.naver.com/my/5e772aec8f87a842bc140ac6/review?v=2,339,1,,좋아요,"일시적인 오류가 발생했습니다
대화하기 좋아요",2023년 9월 20일 수요일,1번째 방문,영수증
스타벅스 월계이마트점,카페,4.38,,,깅깅임,https://m.place.naver.com/my/5f0548599ad2f286040db9c1/review?v=2,958,28,,"얼그레이바닐라티 먹었는데 ㅋㅋㅋ
짱맛있다😁",,2023년 6월 12일 월요일,1번째 방문,영수증
스타벅스 월계이마트점,카페,4.38,,,서윤 맘,https://m.place.naver.com/my/5e2a4ed48f87a842bc41cdb0/review?v=2,364,,,굿,,2023년 12월 30일 토요일,1번째 방문,영수증
스타벅스 월계이마트점,카페,4.38,,,레몬바나나타르트,https://m.place.naver.com/my/5eff2e59ee06165e651db52d/review?v=2,657,,,돌체굿굿,"일시적인 오류가 발생했습니다
음료가 맛있어요",2023년 10월 7일 토요일,1번째 방문,영수증
스타벅스 월계이마트점,카페,4.38,,,베매,https://m.place.naver.com/my/5baef372fa36c889c61893ae/review?v=2,1349,89,,친절해요,,2023년 9월 2일 토요일,1번째 방문,영수증
스타벅스 월계이마트점,카페,4.38,,,hermesspear,https://m.place.naver.com/my/5f01ab4b8f87a842bc958bdd/review?v=2,97,1,,맛있어요,"일시적인 오류가 발생했습니다
커피가 맛있어요",2023년 9월 28일 목요일,1번째 방문,영수증
스타벅스 월계이마트점,카페,4.38,,,핑크윤미,https://m.place.naver.com/my/5d2f71a37e8b908fce253397/review?v=2,529,2,,배달빠르고 맛나요 ,,2023년 5월 31일 수요일,2번째 방문,영수증
스타벅스 월계이마트점,카페,4.38,,,jksoon,https://m.place.naver.com/my/5eb977528f87a842bc0ce67d/review?v=2,1406,13,,조아요,,2023년 7월 21일 금요일,4번째 방문,영수증
스타벅스 월계이마트점,카페,4.38,,,해피바이러스0903,https://m.place.naver.com/my/5eacf1528f87a842bcfc1975/review?v=2,2643,49,,"월미도 출발전에 테이크아웃
친절","일시적인 오류가 발생했습니다
커피가 맛있어요",2023년 6월 6일 화요일,1번째 방문,영수증
스타벅스 월계이마트점,카페,4.38,,,me융,https://m.place.naver.com/my/5bfcf15e6d422fd30056ac6f/review?v=2,941,,,ㆍ,"일시적인 오류가 발생했습니다
커피가 맛있어요",2023년 8월 8일 화요일,9번째 방문,영수증
스타벅스 월계이마트점,카페,4.38,,,곰아57,https://m.place.naver.com/my/5c20ef1333d2b4aa69ad577f/review?v=2,87,,,맛있게 먹었습니다!!!!,"일시적인 오류가 발생했습니다
커피가 맛있어요",2023년 7월 12일 수요일,1번째 방문,영수증
스타벅스 월계이마트점,카페,4.38,,,미식가콩순,https://m.place.naver.com/my/5f063804ace692ef62419005/review?v=2,2247,50,,매장은 좁고 마트안에 있어서 사람두 항상 많아요.,"일시적인 오류가 발생했습니다
디저트가 맛있어요",2023년 6월 4일 일요일,2번째 방문,영수증
스타벅스 월계이마트점,카페,4.38,,,높은강,https://m.place.naver.com/my/5e007b4c8f87a842bce5d1b9/review?v=2,880,,,커피 맛있고 직원들 친절해요~~,"일시적인 오류가 발생했습니다
친절해요",2023년 6월 2일 금요일,9번째 방문,영수증
스타벅스 월계이마트점,카페,4.38,,,프로필사진별로,https://m.place.naver.com/my/5c1adbe003a3ce8bc156b7cf/review?v=2,654,,,"장보고 시원한 요거트 슬러시 ~
만나요",,2023년 8월 4일 금요일,1번째 방문,영수증
스타벅스 월계이마트점,카페,4.38,,,rud****,https://m.place.naver.com/my/60629ccce4c4ddaae5bcb2e5/review?v=2,326,,,친절해요~~,"일시적인 오류가 발생했습니다
커피가 맛있어요",2023년 10월 23일 월요일,15번째 방문,영수증
스타벅스 월계이마트점,카페,4.38,,,토깽이8647,https://m.place.naver.com/my/5dbd38dc8f87a842bce10ee7/review?v=2,868,,,좋아요,,2023년 12월 15일 금요일,3번째 방문,영수증
스타벅스 월계이마트점,카페,4.38,,,juy****,https://m.place.naver.com/my/61e7c80b83e7dea600b1df1d/review?v=2,691,,,굿,,2023년 11월 25일 토요일,5번째 방문,영수증
스타벅스 월계이마트점,카페,4.38,,,ok****,https://m.place.naver.com/my/5efff3862a6e9b34b3834264/review?v=2,1122,3,,굳,,2023년 9월 2일 토요일,5번째 방문,영수증
스타벅스 월계이마트점,카페,4.38,,,pk****,https://m.place.naver.com/my/5cde1e6af0eeb31d29228e2e/review?v=2,1157,,,굿,,2023년 9월 1일 금요일,8번째 방문,영수증
스타벅스 월계이마트점,카페,4.38,,,99mrseoul,https://m.place.naver.com/my/5f0b01719ec8258e4a5dd61f/review?v=2,1284,,,Very good ,,2023년 7월 29일 토요일,18번째 방문,영수증
스타벅스 월계이마트점,카페,4.38,,,010****,https://m.place.naver.com/my/5cc6a7b0beb4c1d7c72b136a/review?v=2,29,,,좋습니다~,,2023년 9월 22일 금요일,1번째 방문,영수증
스타벅스 월계이마트점,카페,4.38,,,엘모98,https://m.place.naver.com/my/613a0a4a7bebf53682146f4d/review?v=2,378,1,,아메가 최고,,2023년 7월 22일 토요일,1번째 방문,영수증
스타벅스 월계이마트점,카페,4.38,,,한울타리29,https://m.place.naver.com/my/5f329fed9ec8258e4a8b8737/review?v=2,1460,,,"샷 추가를 잘못하여 추가 금액이 발생하여 문의
직원이 친절하게 취소해주고 다시 주문하게 해줌","일시적인 오류가 발생했습니다
가성비가 좋아요",2023년 11월 27일 월요일,7번째 방문,영수증
스타벅스 월계이마트점,카페,4.38,,,은경6972,https://m.place.naver.com/my/5dfa4ce88f87a842bc59e37a/review?v=2,903,9,,굿,,2023년 9월 21일 목요일,1번째 방문,영수증
스타벅스 월계이마트점,카페,4.38,,,하울S,https://m.place.naver.com/my/5e1b24238f87a842bc89d069/review?v=2,642,22,,굿,,2023년 9월 15일 금요일,2번째 방문,영수증
스타벅스 월계이마트점,카페,4.38,,,kjbkys,https://m.place.naver.com/my/62bc32f49dcfa9f935bc4246/review?v=2,606,,,굿,,2023년 8월 26일 토요일,41번째 방문,영수증
스타벅스 월계이마트점,카페,4.38,,,CoffeeBoy,https://m.place.naver.com/my/5ccceebf7eaaddea1430d06e/review?v=2,1570,18,,친절해서 참 좋아요,"일시적인 오류가 발생했습니다
디저트가 맛있어요",2023년 6월 19일 월요일,2번째 방문,영수증
스타벅스 월계이마트점,카페,4.38,,,lem****,https://m.place.naver.com/my/5e3534358f87a842bce8ed27/review?v=2,861,,,좋아요,,2023년 9월 16일 토요일,1번째 방문,영수증
스타벅스 월계이마트점,카페,4.38,,,달해마님,https://m.place.naver.com/my/5db91b1f8f87a842bc598d03/review?v=2,501,,,앉아서 마실곳은 부족하지만 마트장보면서 들르기 좋아요,"일시적인 오류가 발생했습니다
커피가 맛있어요",2023년 5월 29일 월요일,2번째 방문,영수증
스타벅스 월계이마트점,카페,4.38,,,Alloydesign,https://m.place.naver.com/my/5faf68ed832177c0cdc4d711/review?v=2,910,12,,이마트 쇼핑 후 커피 한잔 좋아요. 매장이 넓지는 않아서 종종 테이크아웃 해요.,"일시적인 오류가 발생했습니다
친절해요",2023년 4월 16일 일요일,1번째 방문,영수증
스타벅스 월계이마트점,카페,4.38,,,you****,https://m.place.naver.com/my/5beb8fa9ccc8350ee86a26dd/review?v=2,1766,,,좋아요,"일시적인 오류가 발생했습니다
커피가 맛있어요",2023년 8월 8일 화요일,4번째 방문,영수증
스타벅스 월계이마트점,카페,4.38,,,black07927,https://m.place.naver.com/my/5d5a68cc220adca5c3811886/review?v=2,1048,,,커피,,2023년 8월 19일 토요일,1번째 방문,영수증
스타벅스 월계이마트점,카페,4.38,,,촌스런 아저씨,https://m.place.naver.com/my/5e5db0a18f87a842bcd026b2/review?v=2,477,,,매우친절해요,"일시적인 오류가 발생했습니다
가성비가 좋아요",2023년 7월 16일 일요일,13번째 방문,영수증
스타벅스 월계이마트점,카페,4.38,,,이터니티32,https://m.place.naver.com/my/5efe4ce415c4bcd43059062d/review?v=2,34,,,"이마트 갈때마다 한잔씩 태이크아웃해요.
스벅커피는 어디든 믿고 마시니깐요 ㅎㅎ","일시적인 오류가 발생했습니다
주차하기 편해요",2023년 6월 4일 일요일,1번째 방문,영수증
스타벅스 월계이마트점,카페,4.38,,,밥죠6,https://m.place.naver.com/my/5cdec424b627945cd774e57d/review?v=2,995,2,,굿굿,,2023년 7월 2일 일요일,2번째 방문,영수증
스타벅스 월계이마트점,카페,4.38,,,hy****,https://m.place.naver.com/my/5d34157d04aa3731613892c4/review?v=2,669,,,,"일시적인 오류가 발생했습니다
커피가 맛있어요",2023년 7월 1일 토요일,2번째 방문,영수증
스타벅스 월계이마트점,카페,4.38,,,you****,https://m.place.naver.com/my/5beb8fa9ccc8350ee86a26dd/review?v=2,1766,,,친절해요 ,,2023년 8월 3일 목요일,3번째 방문,영수증
스타벅스 월계이마트점,카페,4.38,,,hoy****,https://m.place.naver.com/my/5c84c3cbb41023aa4d9c9572/review?v=2,745,,,굿,"일시적인 오류가 발생했습니다
커피가 맛있어요",2023년 9월 5일 화요일,1번째 방문,영수증
스타벅스 월계이마트점,카페,4.38,,,맛집 멋집 좋은집,https://m.place.naver.com/my/607909ce6cf9a8e969202cd4/review?v=2,116,2,,직원들이 친절하고 빠르게 준비해주세요.,,2023년 5월 10일 수요일,3번째 방문,영수증
스타벅스 월계이마트점,카페,4.38,,,DAPHNE,https://m.place.naver.com/my/5f8348a76c3d7f733435d775/review?v=2,1266,,,좋아요,,2023년 8월 1일 화요일,1번째 방문,영수증
스타벅스 월계이마트점,카페,4.38,,,자몽에이드02,https://m.place.naver.com/my/5b7e24df56b6936a9f0cd61e/review?v=2,1955,,,굳굳,"일시적인 오류가 발생했습니다
친절해요",2023년 7월 30일 일요일,4번째 방문,영수증
스타벅스 월계이마트점,카페,4.38,,,신지원68,https://m.place.naver.com/my/5bf016809c0fad523ac64eea/review?v=2,112,1,,빠르게 음료가 나와요~  커피는 늘 맛있어요~,"일시적인 오류가 발생했습니다
주차하기 편해요",2023년 5월 7일 일요일,1번째 방문,영수증
스타벅스 월계이마트점,카페,4.38,,,희망으로 가득찬,https://m.place.naver.com/my/5fb678cdf12830b3175a3c29/review?v=2,2208,,,맛있어요.,"일시적인 오류가 발생했습니다
커피가 맛있어요",2023년 7월 29일 토요일,1번째 방문,영수증
스타벅스 월계이마트점,카페,4.38,,,뽀글콩,https://m.place.naver.com/my/5df87fe78f87a842bcc26d69/review?v=2,1441,,,맛있어요,,2023년 7월 26일 수요일,1번째 방문,영수증
스타벅스 월계이마트점,카페,4.38,,,아리09,https://m.place.naver.com/my/5e6ddc648f87a842bc34c4d9/review?v=2,3593,5,,여유있는 커피한잔~~,"일시적인 오류가 발생했습니다
커피가 맛있어요",2023년 12월 5일 화요일,35번째 방문,영수증
스타벅스 월계이마트점,카페,4.38,,,smi****,https://m.place.naver.com/my/5f06f9edd6ec8fd5cc9e6574/review?v=2,1091,,,💕,,2023년 7월 22일 토요일,5번째 방문,영수증
스타벅스 월계이마트점,카페,4.38,,,june27,https://m.place.naver.com/my/5f0684e6ace692ef6245b611/review?v=2,540,,,굿,,2023년 8월 5일 토요일,2번째 방문,영수증
스타벅스 월계이마트점,카페,4.38,,,Winsome1,https://m.place.naver.com/my/5dd691de9ec8258e4a9d3378/review?v=2,729,,,굿,,2023년 11월 19일 일요일,1번째 방문,영수증
스타벅스 월계이마트점,카페,4.38,,,csm****,https://m.place.naver.com/my/60b59ac9aa305099f563cf36/review?v=2,898,,,굿,,2023년 11월 19일 일요일,1번째 방문,영수증
스타벅스 월계이마트점,카페,4.38,,,99mrseoul,https://m.place.naver.com/my/5f0b01719ec8258e4a5dd61f/review?v=2,1284,,,Very good ,"일시적인 오류가 발생했습니다
주차하기 편해요",2023년 5월 20일 토요일,17번째 방문,영수증
스타벅스 월계이마트점,카페,4.38,,,먹부림 행복맘,https://m.place.naver.com/my/5e216a9c8f87a842bc98f67c/review?v=2,642,1,,스벅 텀블러로 한잔 ㅎ,"일시적인 오류가 발생했습니다
매장이 청결해요",2023년 4월 29일 토요일,1번째 방문,영수증
스타벅스 월계이마트점,카페,4.38,,,새콤달콤 좋아,https://m.place.naver.com/my/5ec9bc8b8f87a842bcaf4e23/review?v=2,287,,,마트 올 때  스벅 장보기 전 카페라테 한 잔 마시며 기분 좋아지는 시간이네요,"일시적인 오류가 발생했습니다
음료가 맛있어요",2023년 3월 27일 월요일,1번째 방문,영수증
스타벅스 월계이마트점,카페,4.38,,,jmj****,https://m.place.naver.com/my/5bfd24b218ae205dfc34548b/review?v=2,1344,,,👍 👍 👍 ,"일시적인 오류가 발생했습니다
커피가 맛있어요",2023년 8월 24일 목요일,1번째 방문,영수증
스타벅스 월계이마트점,카페,4.38,,,ton****,https://m.place.naver.com/my/5dde2b079ec8258e4aa3e356/review?v=2,835,,,좋아요^^,"일시적인 오류가 발생했습니다
커피가 맛있어요",2023년 8월 15일 화요일,2번째 방문,영수증
스타벅스 월계이마트점,카페,4.38,,,먹는게제일좋아7677,https://m.place.naver.com/my/5bb18b04cec5083148783416/review?v=2,94,,,"매장이 진짜 작네요. 케이크도 쇼케이스없이 화면으로 보고 선택해야되는 곳이더라구요. 
직원분들은 친절하시고 음료도 맛있었어요",,2023년 5월 7일 일요일,1번째 방문,영수증
스타벅스 월계이마트점,카페,4.38,,,gooopgg76,https://m.place.naver.com/my/5efde31515c4bcd4305863eb/review?v=2,1099,10,,항상 애용해요,"일시적인 오류가 발생했습니다
커피가 맛있어요",2023년 6월 20일 화요일,3번째 방문,영수증
스타벅스 월계이마트점,카페,4.38,,,아리09,https://m.place.naver.com/my/5e6ddc648f87a842bc34c4d9/review?v=2,3593,5,,혼자 편안하게 커피한잔,"일시적인 오류가 발생했습니다
커피가 맛있어요",2023년 10월 29일 일요일,33번째 방문,영수증
스타벅스 월계이마트점,카페,4.38,,,쓰누88,https://m.place.naver.com/my/5eff4bda80dd0fa8cd65a2be/review?v=2,599,,,,,2023년 6월 6일 화요일,1번째 방문,영수증
스타벅스 월계이마트점,카페,4.38,,,tai****,https://m.place.naver.com/my/5c00d873c5a23eb828e8502b/review?v=2,927,,,굳,,2023년 7월 16일 일요일,1번째 방문,영수증
스타벅스 월계이마트점,카페,4.38,,,활력소83,https://m.place.naver.com/my/60dae6ee6d15eb4a264b328e/review?v=2,1045,1,,친절하게 응대해주셔서 감사합니다.,"일시적인 오류가 발생했습니다
커피가 맛있어요",2023년 4월 21일 금요일,2번째 방문,영수증
스타벅스 월계이마트점,카페,4.38,,,자유를위해,https://m.place.naver.com/my/5f040702ee4be03dee2525fc/review?v=2,106,,,"쇼핑하고 스벅 아아~~~
쇼핑하니 덥더라고요
맛나게 시원하게 한잔하기 죠아요.","일시적인 오류가 발생했습니다
음료가 맛있어요",2023년 3월 10일 금요일,1번째 방문,영수증
스타벅스 월계이마트점,카페,4.38,,,행복동간다,https://m.place.naver.com/my/5c4d9b46ef09c534bbc1a002/review?v=2,1472,7,,아이들이 맛있다는데  전 달아요,,2023년 4월 1일 토요일,1번째 방문,영수증
스타벅스 월계이마트점,카페,4.38,,,gooopgg76,https://m.place.naver.com/my/5efde31515c4bcd4305863eb/review?v=2,1099,10,,굿굿,"일시적인 오류가 발생했습니다
커피가 맛있어요",2023년 8월 16일 수요일,4번째 방문,영수증
스타벅스 월계이마트점,카페,4.38,,,insgc,https://m.place.naver.com/my/5ef587cf8f87a842bc09c58d/review?v=2,1579,,,굿,,2023년 8월 15일 화요일,1번째 방문,영수증
스타벅스 월계이마트점,카페,4.38,,,높은강,https://m.place.naver.com/my/5e007b4c8f87a842bce5d1b9/review?v=2,880,,,커피 맛있어요,"일시적인 오류가 발생했습니다
친절해요",2023년 5월 17일 수요일,8번째 방문,영수증
스타벅스 월계이마트점,카페,4.38,,,화곡동아이유,https://m.place.naver.com/my/5eff1983a7f1cdd89fef8d11/review?v=2,1213,,,좋아여,,2023년 7월 14일 금요일,1번째 방문,영수증
스타벅스 월계이마트점,카페,4.38,,,CoffeeBoy,https://m.place.naver.com/my/5ccceebf7eaaddea1430d06e/review?v=2,1570,18,,좋아요,"일시적인 오류가 발생했습니다
커피가 맛있어요",2023년 7월 11일 화요일,4번째 방문,영수증
스타벅스 월계이마트점,카페,4.38,,,my****,https://m.place.naver.com/my/5bfd49abf940ed0cd8203a85/review?v=2,983,,,커피맛있네요,,2023년 6월 18일 일요일,1번째 방문,영수증
스타벅스 월계이마트점,카페,4.38,,,차돌이네,https://m.place.naver.com/my/5d4617feb5993272bd8f023c/review?v=2,999,,,좋아요 ,,2023년 11월 13일 월요일,1번째 방문,영수증
스타벅스 월계이마트점,카페,4.38,,,아리09,https://m.place.naver.com/my/5e6ddc648f87a842bc34c4d9/review?v=2,3593,5,,매장이 작지만 깔끔,"일시적인 오류가 발생했습니다
음료가 맛있어요",2023년 11월 17일 금요일,34번째 방문,영수증
스타벅스 월계이마트점,카페,4.38,,,백구65,https://m.place.naver.com/my/5f06306f649bf957592e598f/review?v=2,17,,,"오늘 오후에 계셨던 직원분들께 감사인사 드리고 싶습니다! 옆 손님의 아기가 엎지른 음료가 제 옷에 조금 묻었는데, 직원분들께서 상황을 매우 신속하고 친절한 태도로 대응, 대처 해주셔서 놀랐고 감사했습니다!  :)
그리고 오늘 마셔본 브라운 슈가 오트 에스프레소 맛있었습니다!",,2023년 3월 15일 수요일,1번째 방문,영수증
스타벅스 월계이마트점,카페,4.38,,,bb****,https://m.place.naver.com/my/5b6549d774c17c6cbefeaaa9/review?v=2,796,,,좋아요,,2023년 8월 10일 목요일,1번째 방문,영수증
스타벅스 월계이마트점,카페,4.38,,,마을의 천연비타민,https://m.place.naver.com/my/61b073304f4bb2ae0b85b50a/review?v=2,1129,12,,커피는 역쉬 스벅이다,"일시적인 오류가 발생했습니다
화장실이 깨끗해요",2023년 5월 5일 금요일,1번째 방문,영수증
스타벅스 월계이마트점,카페,4.38,,,흑기사6040,https://m.place.naver.com/my/5c258d41bf9f462edcfd70cb/review?v=2,2005,,,ㅇ,,2023년 7월 19일 수요일,1번째 방문,영수증
스타벅스 월계이마트점,카페,4.38,,,ㅋ6416,https://m.place.naver.com/my/5d33e683e25063fb147314bb/review?v=2,195,,,쿨라임 존맛이었어용,,2023년 5월 10일 수요일,2번째 방문,영수증
스타벅스 월계이마트점,카페,4.38,,,꼬부기아내,https://m.place.naver.com/my/5be9842452f77d66eef0121c/review?v=2,672,,,좋아요 ,"일시적인 오류가 발생했습니다
커피가 맛있어요",2024년 1월 25일 목요일,2번째 방문,영수증
스타벅스 월계이마트점,카페,4.38,,,한울타리29,https://m.place.naver.com/my/5f329fed9ec8258e4a8b8737/review?v=2,1460,,,"친절한 직원의 행동에 고마움을 느낀다
어설프게 주문하면 헤매지 않도록 설명과 함께
기다려주는 배려가 고맙다","일시적인 오류가 발생했습니다
커피가 맛있어요",2023년 8월 16일 수요일,5번째 방문,영수증
스타벅스 월계이마트점,카페,4.38,,,무상무념16,https://m.place.naver.com/my/5dd8c8e59ec8258e4a3f3a83/review?v=2,1037,15,,좋아요 ,"일시적인 오류가 발생했습니다
커피가 맛있어요",2023년 7월 1일 토요일,1번째 방문,영수증
스타벅스 월계이마트점,카페,4.38,,,실버미러57,https://m.place.naver.com/my/5e10936d8f87a842bc82d705/review?v=2,420,,,작지만 필요한 곳에 딱 있으니 편하게 이용했어요,,2023년 4월 8일 토요일,1번째 방문,영수증
스타벅스 월계이마트점,카페,4.38,,,smi****,https://m.place.naver.com/my/5f06f9edd6ec8fd5cc9e6574/review?v=2,1091,,,😊,,2023년 7월 2일 일요일,4번째 방문,영수증
스타벅스 월계이마트점,카페,4.38,,,qlv****,https://m.place.naver.com/my/621cc727cd0e69677d981f40/review?v=2,774,4,,맛있어요,,2023년 7월 12일 수요일,1번째 방문,영수증
스타벅스 월계이마트점,카페,4.38,,,유니아이니,https://m.place.naver.com/my/5e1c79868f87a842bc6987b0/review?v=2,111,,,,,2023년 6월 1일 목요일,1번째 방문,영수증
스타벅스 월계이마트점,카페,4.38,,,Soulfree,https://m.place.naver.com/my/5b7e4d006962120a44a3e4f0/review?v=2,1098,21,,굿,,2023년 6월 28일 수요일,8번째 방문,영수증
스타벅스 월계이마트점,카페,4.38,,,헬조선222,https://m.place.naver.com/my/6152a94999f7aefadeac5099/review?v=2,827,,,ㅊ,,2023년 6월 8일 목요일,2번째 방문,영수증
스타벅스 월계이마트점,카페,4.38,,,aji****,https://m.place.naver.com/my/5f04d20cad3c22327acc06c9/review?v=2,1150,6,,굿,"일시적인 오류가 발생했습니다
사진이 잘 나와요",2024년 1월 1일 월요일,9번째 방문,영수증
스타벅스 월계이마트점,카페,4.38,,,아라 엄마,https://m.place.naver.com/my/5c9a2bb43a8b5ad1d901ccf7/review?v=2,2797,,,맛나게 마셨어요.,"일시적인 오류가 발생했습니다
커피가 맛있어요",2023년 5월 1일 월요일,1번째 방문,영수증
스타벅스 월계이마트점,카페,4.38,,,min****,https://m.place.naver.com/my/5dc556838f87a842bc9e1f14/review?v=2,471,,,"맛있네요 
",,2023년 10월 21일 토요일,1번째 방문,영수증
스타벅스 월계이마트점,카페,4.38,,,감사5885,https://m.place.naver.com/my/5c9338e6974bab653640bbee/review?v=2,860,,,좋아요,,2023년 7월 29일 토요일,3번째 방문,영수증
스타벅스 월계이마트점,카페,4.38,,,dja****,https://m.place.naver.com/my/62bb916d44db5cf87aed7408/review?v=2,1104,,,조아요 ,,2023년 7월 16일 일요일,1번째 방문,영수증
스타벅스 월계이마트점,카페,4.38,,,ruy1123,https://m.place.naver.com/my/5cfced232e029537e2363595/review?v=2,666,,,마트보고 음료마시고 좋아요,,2023년 4월 2일 일요일,1번째 방문,영수증
스타벅스 월계이마트점,카페,4.38,,,어몽어미,https://m.place.naver.com/my/5c0be9a4c10cb6f19ebe9556/review?v=2,170,,,슈크림라떼 너무 기대가 컸나봐요 ㅜ,"일시적인 오류가 발생했습니다
친절해요",2023년 4월 3일 월요일,2번째 방문,영수증
스타벅스 월계이마트점,카페,4.38,,,ok****,https://m.place.naver.com/my/5efff3862a6e9b34b3834264/review?v=2,1122,3,,굳,,2023년 7월 28일 금요일,4번째 방문,영수증
스타벅스 월계이마트점,카페,4.38,,,th****,https://m.place.naver.com/my/5e1ea0858f87a842bc7a116c/review?v=2,1260,,,자리는 좁지만 커피는 맛있ㅔ요,,2023년 5월 1일 월요일,1번째 방문,영수증
스타벅스 월계이마트점,카페,4.38,,,Nopss,https://m.place.naver.com/my/5ef0198a8f87a842bc718c4d/review?v=2,351,,,트레이더스 안에 있음,,2023년 4월 22일 토요일,1번째 방문,영수증
스타벅스 월계이마트점,카페,4.38,,,cse****,https://m.place.naver.com/my/5cea9885aaa79677bd253241/review?v=2,1060,8,,"비싼ㅔ맛은있음
중독ㅎㅎ",,2023년 4월 22일 토요일,2번째 방문,영수증
스타벅스 월계이마트점,카페,4.38,,,돼지지롱,https://m.place.naver.com/my/5bf0f92b51a36817f136a442/review?v=2,301,53,,맛있어요,"일시적인 오류가 발생했습니다
커피가 맛있어요",2023년 9월 3일 일요일,3번째 방문,영수증
스타벅스 월계이마트점,카페,4.38,,,shi****,https://m.place.naver.com/my/5f4da5416c3d7f733444b60f/review?v=2,323,,,디카페인 커피가 맛있어요 ,"일시적인 오류가 발생했습니다
매장이 청결해요",2023년 4월 10일 월요일,2번째 방문,영수증
스타벅스 월계이마트점,카페,4.38,,,huhshe,https://m.place.naver.com/my/5ddb9c229ec8258e4ac1cc0e/review?v=2,99,,,주변에서 가장 늦은시간까지 하는 영업점,"일시적인 오류가 발생했습니다
주차하기 편해요",2023년 3월 31일 금요일,1번째 방문,영수증
스타벅스 월계이마트점,카페,4.38,,,Soulfree,https://m.place.naver.com/my/5b7e4d006962120a44a3e4f0/review?v=2,1098,21,,굿,,2023년 6월 20일 화요일,7번째 방문,영수증
스타벅스 월계이마트점,카페,4.38,,,hjs071850,https://m.place.naver.com/my/5df4d0208f87a842bc789a37/review?v=2,228,,,"카라멜 마키아또:달기만하고 커피맛은 하나도 안남.
돈이 아까웠다.
",,2023년 5월 2일 화요일,1번째 방문,영수증
스타벅스 월계이마트점,카페,4.38,,,가짠이,https://m.place.naver.com/my/5b9c8cc7f28595e6b5809d43/review?v=2,243,,,아아 좋아요,,2023년 5월 29일 월요일,1번째 방문,영수증
스타벅스 월계이마트점,카페,4.38,,,bao****,https://m.place.naver.com/my/5e27e8aa8f87a842bccb38cf/review?v=2,1710,,,좋아요 ,,2023년 6월 17일 토요일,2번째 방문,영수증
스타벅스 월계이마트점,카페,4.38,,,밥죠6,https://m.place.naver.com/my/5cdec424b627945cd774e57d/review?v=2,995,2,,굿굿,,2023년 6월 17일 토요일,1번째 방문,영수증
스타벅스 월계이마트점,카페,4.38,,,so3449,https://m.place.naver.com/my/5dee190e8f87a842bc085747/review?v=2,907,,,굳,"일시적인 오류가 발생했습니다
친절해요",2023년 7월 20일 목요일,1번째 방문,영수증
스타벅스 월계이마트점,카페,4.38,,,연쇄 팩트범,https://m.place.naver.com/my/5de62fbb9ec8258e4adadc88/review?v=2,888,21,,매번 친절하시구 맛있어요,"일시적인 오류가 발생했습니다
친절해요",2023년 3월 20일 월요일,1번째 방문,영수증
스타벅스 월계이마트점,카페,4.38,,,Apricot92,https://m.place.naver.com/my/5c2387f826832f22285a2052/review?v=2,1049,,,용과🥰,"일시적인 오류가 발생했습니다
음료가 맛있어요",2023년 5월 23일 화요일,1번째 방문,영수증
스타벅스 월계이마트점,카페,4.38,,,kjbkys,https://m.place.naver.com/my/62bc32f49dcfa9f935bc4246/review?v=2,606,,,굿,,2023년 7월 16일 일요일,40번째 방문,영수증
스타벅스 월계이마트점,카페,4.38,,,juy****,https://m.place.naver.com/my/61e7c80b83e7dea600b1df1d/review?v=2,691,,,굿,,2023년 9월 20일 수요일,4번째 방문,영수증
스타벅스 월계이마트점,카페,4.38,,,밍쓰이,https://m.place.naver.com/my/5d4f7b463d42bb3d76e13b7a/review?v=2,299,,,카페가 조금 작아요,"일시적인 오류가 발생했습니다
친절해요",2023년 8월 6일 일요일,1번째 방문,영수증
스타벅스 월계이마트점,카페,4.38,,,2KIL 2KH,https://m.place.naver.com/my/5cf81950a382f4d4c8d33039/review?v=2,957,28,,맛있음,"일시적인 오류가 발생했습니다
커피가 맛있어요",2023년 9월 16일 토요일,1번째 방문,영수증
스타벅스 월계이마트점,카페,4.38,,,어퍼펙트데이,https://m.place.naver.com/my/5c856b90b06e69aae1ca2fe2/review?v=2,2471,,,굿,,2023년 6월 10일 토요일,1번째 방문,영수증
스타벅스 월계이마트점,카페,4.38,,,ly1602,https://m.place.naver.com/my/5e47f4878f87a842bc57a294/review?v=2,656,,,내가 좋아하는 커피 오늘도 좋아요,"일시적인 오류가 발생했습니다
가성비가 좋아요",2023년 5월 8일 월요일,1번째 방문,영수증
스타벅스 월계이마트점,카페,4.38,,,아리09,https://m.place.naver.com/my/5e6ddc648f87a842bc34c4d9/review?v=2,3593,5,,비가 많이내려서 따뜻한 커피한잔이 더 생각나서 차끌고가서 마시고 왔어요,"일시적인 오류가 발생했습니다
커피가 맛있어요",2023년 8월 10일 목요일,32번째 방문,영수증
스타벅스 월계이마트점,카페,4.38,,,sin****,https://m.place.naver.com/my/5fe2033ccfb5399864ae1cda/review?v=2,588,,,유자민트티는 역쉬 별입니다,,2023년 5월 1일 월요일,3번째 방문,영수증
스타벅스 월계이마트점,카페,4.38,,,ㅇㅎ드,https://m.place.naver.com/my/5c833d15c2326e8acfd22bdb/review?v=2,420,2,,좋아요,,2023년 7월 12일 수요일,4번째 방문,영수증
스타벅스 월계이마트점,카페,4.38,,,0000002492,https://m.place.naver.com/my/5ef6800a8f87a842bcacb2b1/review?v=2,181,,,좋아요 ,,2023년 7월 12일 수요일,1번째 방문,영수증
스타벅스 월계이마트점,카페,4.38,,,syr****,https://m.place.naver.com/my/5efe35ba97c2663e9347ea47/review?v=2,1183,,,굿,,2023년 6월 24일 토요일,2번째 방문,영수증
스타벅스 월계이마트점,카페,4.38,,,s2557117,https://m.place.naver.com/my/5ee9e1ed8f87a842bccf7053/review?v=2,764,,,맛있어요 ,"일시적인 오류가 발생했습니다
커피가 맛있어요",2023년 8월 3일 목요일,1번째 방문,영수증
스타벅스 월계이마트점,카페,4.38,,,Soulfree,https://m.place.naver.com/my/5b7e4d006962120a44a3e4f0/review?v=2,1098,21,,스벅 커피 굿,,2023년 6월 8일 목요일,6번째 방문,영수증
스타벅스 월계이마트점,카페,4.38,,,mhy****,https://m.place.naver.com/my/5c446aa17e7f516b227321aa/review?v=2,430,,,맛있어요 가까워서 자주 이용해요,"일시적인 오류가 발생했습니다
친절해요",2023년 3월 15일 수요일,4번째 방문,영수증
스타벅스 월계이마트점,카페,4.38,,,책벌레20,https://m.place.naver.com/my/5d7b5cb08f87a842bcb83dcb/review?v=2,439,,,좋아요,,2023년 6월 7일 수요일,1번째 방문,영수증
스타벅스 월계이마트점,카페,4.38,,,엔냥,https://m.place.naver.com/my/5e568d668f87a842bc777bd2/review?v=2,1070,,,스타벅스👍,,2023년 6월 6일 화요일,1번째 방문,영수증
스타벅스 월계이마트점,카페,4.38,,,미누킴,https://m.place.naver.com/my/5c6b97ccb77aba5e5cba9985/review?v=2,140,13,,자몽허니블랙티는 진리,,2023년 4월 10일 월요일,1번째 방문,영수증
스타벅스 월계이마트점,카페,4.38,,,jmpuppy,https://m.place.naver.com/my/5d071cdb1d0191fd81b4ff93/review?v=2,2768,,,맛있어요,,2023년 7월 8일 토요일,3번째 방문,영수증
스타벅스 월계이마트점,카페,4.38,,,xhswls,https://m.place.naver.com/my/5e5b91dc8f87a842bc0eb162/review?v=2,866,,,굿,"일시적인 오류가 발생했습니다
음료가 맛있어요",2023년 9월 4일 월요일,5번째 방문,영수증
스타벅스 월계이마트점,카페,4.38,,,애플0318,https://m.place.naver.com/my/5b647b6ca1bfc1284d2adb47/review?v=2,402,,,좁지만 알찬곳 스타벅스♡♡,"일시적인 오류가 발생했습니다
커피가 맛있어요",2023년 10월 4일 수요일,1번째 방문,영수증
스타벅스 월계이마트점,카페,4.38,,,임인숙1793,https://m.place.naver.com/my/5e7f664e8f87a842bca1d348/review?v=2,425,,,친절해요,,2023년 10월 13일 금요일,17번째 방문,영수증
스타벅스 월계이마트점,카페,4.38,,,아로파96,https://m.place.naver.com/my/5f055c9634a524e70c5b9ef9/review?v=2,576,,,좋아요,"일시적인 오류가 발생했습니다
특별한 메뉴가 있어요",2023년 6월 28일 수요일,2번째 방문,영수증
스타벅스 월계이마트점,카페,4.38,,,ok****,https://m.place.naver.com/my/5efff3862a6e9b34b3834264/review?v=2,1122,3,,매장직원이 불친절하네여,,2023년 4월 8일 토요일,2번째 방문,영수증
스타벅스 월계이마트점,카페,4.38,,,soda91,https://m.place.naver.com/my/5ecbb2868f87a842bcabee2e/review?v=2,1148,,,스타벅스 직원 분들 친절하다고 느꼈던 적이 거의 없었거든요 그런데 웃으면서 응대해주시고 계산할때 카드가 잘 안됐을때도 천천히 해도 된다며 이해해주시고 월계이마트점 스타벅스 직원분들 바쁘신데도 너무 친절하십니다! 앉을 공간은 거의 없어요^^,,2023년 2월 25일 토요일,1번째 방문,영수증
스타벅스 월계이마트점,카페,4.38,,,멍뭉미0428,https://m.place.naver.com/my/6145e9ed7e285f531bfacd9a/review?v=2,850,2,,피곤했는데 스벅 커피먹으면서 피로풀고있어요 ㅎ항상갈때마다 친절하세요,"일시적인 오류가 발생했습니다
사진이 잘 나와요",2023년 3월 6일 월요일,14번째 방문,영수증
스타벅스 월계이마트점,카페,4.38,,,chl****,https://m.place.naver.com/my/5ebfb41b8f87a842bc305af2/review?v=2,331,3,,맛있어요. 친절해서 좋아요,"일시적인 오류가 발생했습니다
음료가 맛있어요",2023년 3월 3일 금요일,1번째 방문,영수증
스타벅스 월계이마트점,카페,4.38,,,aig****,https://m.place.naver.com/my/5f04c84d92c132301ca07306/review?v=2,258,,,좋아요,,2023년 6월 28일 수요일,1번째 방문,영수증
스타벅스 월계이마트점,카페,4.38,,,다영이21,https://m.place.naver.com/my/5f5b8ff56c3d7f7334b33d48/review?v=2,297,3,,맛있어용,,2023년 4월 24일 월요일,2번째 방문,영수증
스타벅스 월계이마트점,카페,4.38,,,라일락038,https://m.place.naver.com/my/5c3006dda407222c307a77a9/review?v=2,1909,,,유기농 말차라테가 특히 맛있어요,"일시적인 오류가 발생했습니다
매장이 청결해요",2023년 6월 1일 목요일,1번째 방문,영수증
스타벅스 월계이마트점,카페,4.38,,,undecan1,https://m.place.naver.com/my/5d3563b338d7175a2a0a78f8/review?v=2,461,,,맛있어요,"일시적인 오류가 발생했습니다
커피가 맛있어요",2023년 6월 22일 목요일,1번째 방문,영수증
스타벅스 월계이마트점,카페,4.38,,,리아츄3,https://m.place.naver.com/my/5f05894cb2804547b1885236/review?v=2,262,,,"토끼 텀블러 예쁘다! 53,000원 넘 비싸지만.. 카드할인 받아서 구매 가능 흑흑","일시적인 오류가 발생했습니다
디저트가 맛있어요",2023년 1월 5일 목요일,3번째 방문,영수증
스타벅스 월계이마트점,카페,4.38,,,juy****,https://m.place.naver.com/my/61e7c80b83e7dea600b1df1d/review?v=2,691,,,굿,,2023년 9월 2일 토요일,3번째 방문,영수증
스타벅스 월계이마트점,카페,4.38,,,꾸23,https://m.place.naver.com/my/5b7b4ae71de6a45b9d4ff697/review?v=2,222,,,매장은 좁지만 테카웃이 편해요,,2023년 2월 23일 목요일,1번째 방문,영수증
스타벅스 월계이마트점,카페,4.38,,,맛집 멋집 좋은집,https://m.place.naver.com/my/607909ce6cf9a8e969202cd4/review?v=2,116,2,,직원이 친절해요~,,2023년 3월 21일 화요일,2번째 방문,영수증
스타벅스 월계이마트점,카페,4.38,,,ok****,https://m.place.naver.com/my/5efff3862a6e9b34b3834264/review?v=2,1122,3,,굳,"일시적인 오류가 발생했습니다
커피가 맛있어요",2023년 6월 17일 토요일,3번째 방문,영수증
스타벅스 월계이마트점,카페,4.38,,,jwj****,https://m.place.naver.com/my/5f980cc6c494f0298282f8d2/review?v=2,686,,,굿,"일시적인 오류가 발생했습니다
커피가 맛있어요",2023년 8월 5일 토요일,1번째 방문,영수증
스타벅스 월계이마트점,카페,4.38,,,CoffeeBoy,https://m.place.naver.com/my/5ccceebf7eaaddea1430d06e/review?v=2,1570,18,,Good,"일시적인 오류가 발생했습니다
친절해요",2023년 5월 12일 금요일,1번째 방문,영수증
스타벅스 월계이마트점,카페,4.38,,,HenryMom,https://m.place.naver.com/my/5c24da4e2dbbe78e319fc68e/review?v=2,96,,,바닐라크림 콜드브루 맛나요 ,,2023년 1월 15일 일요일,1번째 방문,영수증
스타벅스 월계이마트점,카페,4.38,,,한울타리29,https://m.place.naver.com/my/5f329fed9ec8258e4a8b8737/review?v=2,1460,,,"좁은 매장이지만
친절하고 음악도 좋다","일시적인 오류가 발생했습니다
커피가 맛있어요",2023년 8월 23일 수요일,6번째 방문,영수증
스타벅스 월계이마트점,카페,4.38,,,yu****,https://m.place.naver.com/my/5dd8dabf9ec8258e4aa27a9d/review?v=2,310,,,굿굿,,2023년 6월 10일 토요일,1번째 방문,영수증
스타벅스 월계이마트점,카페,4.38,,,dos****,https://m.place.naver.com/my/5be946409263270b99656598/review?v=2,1694,,,굿,,2023년 6월 10일 토요일,1번째 방문,영수증
스타벅스 월계이마트점,카페,4.38,,,th****,https://m.place.naver.com/my/5e1ea0858f87a842bc7a116c/review?v=2,1260,,,좋아요,,2023년 6월 7일 수요일,2번째 방문,영수증
스타벅스 월계이마트점,카페,4.38,,,숙이778,https://m.place.naver.com/my/60518fcd6523f71b8df8761c/review?v=2,1752,,,^^,"일시적인 오류가 발생했습니다
친절해요",2023년 5월 21일 일요일,5번째 방문,영수증
스타벅스 월계이마트점,카페,4.38,,,me융,https://m.place.naver.com/my/5bfcf15e6d422fd30056ac6f/review?v=2,941,,,ㆍ,,2023년 4월 17일 월요일,8번째 방문,영수증
스타벅스 월계이마트점,카페,4.38,,,hee****,https://m.place.naver.com/my/5ddcd9489ec8258e4ae60bd9/review?v=2,1456,,,ㄱㄷ,,2023년 4월 17일 월요일,1번째 방문,영수증
스타벅스 월계이마트점,카페,4.38,,,청학뺀돌,https://m.place.naver.com/my/5f5b80826c3d7f7334b262e6/review?v=2,1194,,,ㄱㄷ,,2023년 4월 17일 월요일,1번째 방문,영수증
스타벅스 월계이마트점,카페,4.38,,,hey****,https://m.place.naver.com/my/5bf5d319e08ec3601f3f7183/review?v=2,779,,,맛나여,,2023년 9월 2일 토요일,43번째 방문,영수증
스타벅스 월계이마트점,카페,4.38,,,비스114,https://m.place.naver.com/my/5da2cd2f8f87a842bcb36b31/review?v=2,110,9,,"스벅커피 쿠폰이 생길 때 시간이 안되어서 대부분 디저트로 교환해서 먹는데요, 생크림 카스테라 커피가격과 같아서 추가 결제없이 교환할 수 있고 부드럽게 맛도 좋아요. 오늘도 테이크아웃해서 집에서 디저트로 맛있게 먹었어요",,2022년 11월 5일 토요일,1번째 방문,영수증
스타벅스 월계이마트점,카페,4.38,,,ㅋ6416,https://m.place.naver.com/my/5d33e683e25063fb147314bb/review?v=2,195,,,스타벅스 콜드브루가 맛있어요! ,"일시적인 오류가 발생했습니다
음료가 맛있어요",2023년 2월 10일 금요일,1번째 방문,영수증
스타벅스 월계이마트점,카페,4.38,,,jhy****,https://m.place.naver.com/my/5e5cfa268f87a842bcffce5d/review?v=2,515,,,ㅁㅁ,,2023년 8월 10일 목요일,1번째 방문,영수증
스타벅스 월계이마트점,카페,4.38,,,뀨뀨뀨뀨961,https://m.place.naver.com/my/5e2ad4a68f87a842bc8a0cf1/review?v=2,419,,,직원분께서 너무너무 친절하세요🥳,"일시적인 오류가 발생했습니다
친절해요",2023년 2월 9일 목요일,2번째 방문,영수증
스타벅스 월계이마트점,카페,4.38,,,Ghost9861,https://m.place.naver.com/my/5efe000f854ca9293112fd23/review?v=2,173,,,테이크아웃하기 편해요,,2023년 3월 7일 화요일,1번째 방문,영수증
스타벅스 월계이마트점,카페,4.38,,,최고아부지,https://m.place.naver.com/my/5e5bb7138f87a842bc0d46d1/review?v=2,1024,16,,오 좋아욤^^,"일시적인 오류가 발생했습니다
디저트가 맛있어요",2023년 6월 4일 일요일,1번째 방문,영수증
스타벅스 월계이마트점,카페,4.38,,,슈리쥬쥬,https://m.place.naver.com/my/5c6e6ac54bb61f68d9a4c883/review?v=2,1709,,,,"일시적인 오류가 발생했습니다
주차하기 편해요",2023년 4월 3일 월요일,1번째 방문,영수증
스타벅스 월계이마트점,카페,4.38,,,rle****,https://m.place.naver.com/my/5c34322063971332f1e8552b/review?v=2,378,,,좋아요 ,,2023년 6월 3일 토요일,1번째 방문,영수증
스타벅스 월계이마트점,카페,4.38,,,kyr0831,https://m.place.naver.com/my/5be3f422c53e22e827913ae3/review?v=2,875,,,친절하고 좋아요~^^ 맛있어요~^^ ,"일시적인 오류가 발생했습니다
디저트가 맛있어요",2022년 12월 24일 토요일,2번째 방문,영수증
스타벅스 월계이마트점,카페,4.38,,,Ihateonion,https://m.place.naver.com/my/5be9020b1c90aaa774d2240b/review?v=2,1479,,,굿,,2023년 4월 30일 일요일,1번째 방문,영수증
스타벅스 월계이마트점,카페,4.38,,,naj****,https://m.place.naver.com/my/5caa24eb26250e978dba7767/review?v=2,640,,,굿굿,"일시적인 오류가 발생했습니다
커피가 맛있어요",2023년 6월 2일 금요일,1번째 방문,영수증
스타벅스 월계이마트점,카페,4.38,,,나름미인20,https://m.place.naver.com/my/5c5e0fd6dd9c60a65c22ee76/review?v=2,794,,,조아요 ,"일시적인 오류가 발생했습니다
친절해요",2023년 4월 29일 토요일,1번째 방문,영수증
스타벅스 월계이마트점,카페,4.38,,,넌나또,https://m.place.naver.com/my/5dc7696c8f87a842bcca2792/review?v=2,70,,,#넘처 터진다튜메릭🧡,,2023년 2월 5일 일요일,1번째 방문,영수증
스타벅스 월계이마트점,카페,4.38,,,차칸캔디,https://m.place.naver.com/my/5f98f0059bf34004667eea0c/review?v=2,1386,,,친절해요 ^^  커피도 맛있답니당,"일시적인 오류가 발생했습니다
주차하기 편해요",2022년 12월 7일 수요일,16번째 방문,영수증
스타벅스 월계이마트점,카페,4.38,,,rud****,https://m.place.naver.com/my/60629ccce4c4ddaae5bcb2e5/review?v=2,326,,,,"일시적인 오류가 발생했습니다
화장실이 깨끗해요",2023년 6월 1일 목요일,14번째 방문,영수증
스타벅스 월계이마트점,카페,4.38,,,딜러38,https://m.place.naver.com/my/5cc7ef158f87a842bce1b3e8/review?v=2,732,1,,ㄱㄱㄱㄱㄱㄱㄱㄱㄱㄱ,"일시적인 오류가 발생했습니다
집중하기 좋아요",2023년 7월 1일 토요일,3번째 방문,영수증
스타벅스 월계이마트점,카페,4.38,,,mhy****,https://m.place.naver.com/my/5c446aa17e7f516b227321aa/review?v=2,430,,,커피가 맛있어요,"일시적인 오류가 발생했습니다
가성비가 좋아요",2023년 3월 3일 금요일,3번째 방문,영수증
스타벅스 월계이마트점,카페,4.38,,,me융,https://m.place.naver.com/my/5bfcf15e6d422fd30056ac6f/review?v=2,941,,,ㆍ,,2023년 2월 28일 화요일,6번째 방문,영수증
스타벅스 월계이마트점,카페,4.38,,,sin****,https://m.place.naver.com/my/5fe2033ccfb5399864ae1cda/review?v=2,588,,,,,2023년 6월 4일 일요일,4번째 방문,영수증
스타벅스 월계이마트점,카페,4.38,,,eye****,https://m.place.naver.com/my/5cd666b36a89af6e70a46769/review?v=2,463,,,좋아요,,2023년 5월 29일 월요일,1번째 방문,영수증
스타벅스 월계이마트점,카페,4.38,,,rho****,https://m.place.naver.com/my/604bfe85683da340b4755d2a/review?v=2,2096,,,맛있어요,,2023년 9월 26일 화요일,2번째 방문,영수증
스타벅스 월계이마트점,카페,4.38,,,99mrseoul,https://m.place.naver.com/my/5f0b01719ec8258e4a5dd61f/review?v=2,1284,,,Very good ,"일시적인 오류가 발생했습니다
음료가 맛있어요",2023년 4월 2일 일요일,16번째 방문,영수증
스타벅스 월계이마트점,카페,4.38,,,11y****,https://m.place.naver.com/my/5f4849faa602e98f565778f8/review?v=2,641,,,,"일시적인 오류가 발생했습니다
커피가 맛있어요",2023년 6월 6일 화요일,1번째 방문,영수증
스타벅스 월계이마트점,카페,4.38,,,룰루랄라6461,https://m.place.naver.com/my/5e73553e8f87a842bc047fcd/review?v=2,1135,,,리모델링해서 깨끗해요. 앉아서 마실 공간은 좁아요. ,"일시적인 오류가 발생했습니다
대화하기 좋아요",2023년 1월 31일 화요일,1번째 방문,영수증
스타벅스 월계이마트점,카페,4.38,,,ysy****,https://m.place.naver.com/my/5eb51d538f87a842bcb51677/review?v=2,2349,,,좋아요 ,,2023년 8월 19일 토요일,1번째 방문,영수증
스타벅스 월계이마트점,카페,4.38,,,하울S,https://m.place.naver.com/my/5e1b24238f87a842bc89d069/review?v=2,642,22,,굿,,2023년 5월 27일 토요일,1번째 방문,영수증
스타벅스 월계이마트점,카페,4.38,,,따봉61,https://m.place.naver.com/my/5b73e964e60e2761b3ce0920/review?v=2,604,2,,친절하시고 커피 너무 맛있어요,"일시적인 오류가 발생했습니다
친절해요",2023년 1월 29일 일요일,1번째 방문,영수증
스타벅스 월계이마트점,카페,4.38,,,12월망고,https://m.place.naver.com/my/5b63c259ff9ebb54ba9ed0e6/review?v=2,328,2,,"테이크아웃이 좋을듯합니다 
2인석 4테이블 밖에 없어요ㅠ",,2023년 1월 30일 월요일,1번째 방문,영수증
스타벅스 월계이마트점,카페,4.38,,,123409876,https://m.place.naver.com/my/5d597d29b257b4630f931343/review?v=2,456,,,Good,,2023년 5월 26일 금요일,1번째 방문,영수증
스타벅스 월계이마트점,카페,4.38,,,맛집 멋집 좋은집,https://m.place.naver.com/my/607909ce6cf9a8e969202cd4/review?v=2,116,2,,직원들이 친절해요.,,2023년 2월 25일 토요일,1번째 방문,영수증
스타벅스 월계이마트점,카페,4.38,,,웃음마녀77,https://m.place.naver.com/my/5c41b562b3d121b72d54a539/review?v=2,1675,22,,"이마트안 스벅.
좌석은 적지만 깔끔한곳","일시적인 오류가 발생했습니다
커피가 맛있어요",2023년 1월 26일 목요일,5번째 방문,영수증
스타벅스 월계이마트점,카페,4.38,,,Kyuuli,https://m.place.naver.com/my/5d063d9ac81b6104f634b9bc/review?v=2,943,35,,기존에 마셨던 다른지점의 동일음료보다 맛이 없었어요. 역시나 조제 음료는 지점마다 맛이 고르지가 않네요.,,2023년 1월 16일 월요일,1번째 방문,영수증
스타벅스 월계이마트점,카페,4.38,,,퍼플리안6317,https://m.place.naver.com/my/5dcd14418f87a842bc56a0a6/review?v=2,476,6,,유자민트티 맛있어요~,,2023년 1월 24일 화요일,1번째 방문,영수증
스타벅스 월계이마트점,카페,4.38,,,소중한사람3346,https://m.place.naver.com/my/5d3bd47124c4a32f5f49c4fd/review?v=2,667,,,매장도 깔끔하고 커피도 맛있어요,,2023년 2월 25일 토요일,2번째 방문,영수증
스타벅스 월계이마트점,카페,4.38,,,nan****,https://m.place.naver.com/my/5f38834f09e8048c416bf059/review?v=2,945,,,친절^^,,2023년 4월 16일 일요일,1번째 방문,영수증
스타벅스 월계이마트점,카페,4.38,,,alw****,https://m.place.naver.com/my/602a69fb41e9a7601d7a42d7/review?v=2,920,,,비싸요,"일시적인 오류가 발생했습니다
디저트가 맛있어요",2023년 4월 27일 목요일,1번째 방문,영수증
스타벅스 월계이마트점,카페,4.38,,,곰곰073,https://m.place.naver.com/my/5cc203ab2f53ceac7c971aaf/review?v=2,65,,,매장이 작지만 마트안에 있어 편리해요,"일시적인 오류가 발생했습니다
음료가 맛있어요",2023년 2월 8일 수요일,1번째 방문,영수증
스타벅스 월계이마트점,카페,4.38,,,me융,https://m.place.naver.com/my/5bfcf15e6d422fd30056ac6f/review?v=2,941,,,ㆍ,"일시적인 오류가 발생했습니다
친절해요",2023년 3월 23일 목요일,7번째 방문,영수증
스타벅스 월계이마트점,카페,4.38,,,kyr0831,https://m.place.naver.com/my/5be3f422c53e22e827913ae3/review?v=2,875,,,,"일시적인 오류가 발생했습니다
친절해요",2023년 2월 25일 토요일,4번째 방문,영수증
스타벅스 월계이마트점,카페,4.38,,,자몽에이드02,https://m.place.naver.com/my/5b7e24df56b6936a9f0cd61e/review?v=2,1955,,,굿굿,"일시적인 오류가 발생했습니다
음료가 맛있어요",2023년 4월 11일 화요일,3번째 방문,영수증
스타벅스 월계이마트점,카페,4.38,,,리아츄3,https://m.place.naver.com/my/5f05894cb2804547b1885236/review?v=2,262,,,"”그… 그.. 바닐라 …!! 뭐시긴데…!!“
“바닐라크림콜드부르 맞으세요?“
”어 맞아요! 그거주세요 ㅋㅋ“
.
개떡같이 말해도 찰떡같이 알아들어 주셔서 감사했습니다🙏🏼",,2022년 12월 22일 목요일,2번째 방문,영수증
스타벅스 월계이마트점,카페,4.38,,,dud****,https://m.place.naver.com/my/5fa1365efcc2ab21bca408a0/review?v=2,2480,,,맛나용 ㅎㅎ ,,2023년 5월 13일 토요일,5번째 방문,영수증
스타벅스 월계이마트점,카페,4.38,,,cha****,https://m.place.naver.com/my/627f3a70766f3807d64ca013/review?v=2,1263,,,책 보기가 조아요,,2023년 3월 18일 토요일,1번째 방문,영수증
스타벅스 월계이마트점,카페,4.38,,,ske****,https://m.place.naver.com/my/5b9fa69df249ee6e559971b5/review?v=2,2456,,,편하게 마실수있어 종아요,,2023년 5월 21일 일요일,6번째 방문,영수증
스타벅스 월계이마트점,카페,4.38,,,멍뭉미0428,https://m.place.naver.com/my/6145e9ed7e285f531bfacd9a/review?v=2,850,2,,말차라떼는 매번시켜서 먹는편인데 맛있고.오늘같이 추운날 꼭먹어야될음료!,"일시적인 오류가 발생했습니다
친절해요",2023년 1월 24일 화요일,13번째 방문,영수증
스타벅스 월계이마트점,카페,4.38,,,새날이밝음,https://m.place.naver.com/my/5e0460ec8f87a842bca5add8/review?v=2,3119,,,굳,,2023년 4월 29일 토요일,1번째 방문,영수증
스타벅스 월계이마트점,카페,4.38,,,닉넴어렵네,https://m.place.naver.com/my/5c6fc8129b90dc048b43bdb8/review?v=2,577,49,,조아요 조아요 조아요 친절해요~,,2023년 1월 13일 금요일,3번째 방문,영수증
스타벅스 월계이마트점,카페,4.38,,,한울타리29,https://m.place.naver.com/my/5f329fed9ec8258e4a8b8737/review?v=2,1460,,,"자주 이용하는 매장으로
대형할인마트 내 라서 장보러 나와서 들리는 곳
직원들도 친절하고 빨리 나오지만
테이블이 몇개 안되어 장소가 좁다는 아쉬움이..
장소가 넓은곳으로 가려면 정문 나가
트레이더스내 스벅으로..",,2023년 5월 8일 월요일,4번째 방문,영수증
스타벅스 월계이마트점,카페,4.38,,,똔이98,https://m.place.naver.com/my/5c3ca6fedd3fb953699d31a2/review?v=2,403,,,"원두 구매했어요~~
친절해요.😊","일시적인 오류가 발생했습니다
친절해요",2023년 1월 13일 금요일,1번째 방문,영수증
스타벅스 월계이마트점,카페,4.38,,,버섯걸,https://m.place.naver.com/my/5c132a89f9ab796a70cd7acf/review?v=2,344,1,,짱..친절하심..👍 ,"일시적인 오류가 발생했습니다
커피가 맛있어요",2023년 7월 19일 수요일,2번째 방문,영수증
스타벅스 월계이마트점,카페,4.38,,,lej****,https://m.place.naver.com/my/5f309c069ec8258e4ae05148/review?v=2,485,2,,매장이 어수선하고 불편하네요..,,2023년 1월 13일 금요일,1번째 방문,영수증
스타벅스 월계이마트점,카페,4.38,,,촌스런 아저씨,https://m.place.naver.com/my/5e5db0a18f87a842bcd026b2/review?v=2,477,,,직원 아주친절했습니다.몇 번을 물어도 싫어하지 안아요!,"일시적인 오류가 발생했습니다
가성비가 좋아요",2023년 2월 14일 화요일,10번째 방문,영수증
스타벅스 월계이마트점,카페,4.38,,,j_b****,https://m.place.naver.com/my/63097e7716c51dd6d52f0418/review?v=2,152,,,친절해서 좋아요~,"일시적인 오류가 발생했습니다
매장이 청결해요",2023년 3월 13일 월요일,2번째 방문,영수증
스타벅스 월계이마트점,카페,4.38,,,ehdal90,https://m.place.naver.com/my/5f04e18592c132301ca0851b/review?v=2,1182,,,좋아요,,2023년 4월 4일 화요일,2번째 방문,영수증
스타벅스 월계이마트점,카페,4.38,,,부르르45,https://m.place.naver.com/my/5b9df875a47a0ddf839ab04f/review?v=2,1617,,,좋아요,"일시적인 오류가 발생했습니다
커피가 맛있어요",2023년 6월 30일 금요일,2번째 방문,영수증
스타벅스 월계이마트점,카페,4.38,,,차칸캔디,https://m.place.naver.com/my/5f98f0059bf34004667eea0c/review?v=2,1386,,,마트가면서 자주 편하게 들리는 곳이네요.,"일시적인 오류가 발생했습니다
커피가 맛있어요",2022년 11월 12일 토요일,15번째 방문,영수증
스타벅스 월계이마트점,카페,4.38,,,SOO2361,https://m.place.naver.com/my/5ceeadf21daecfebeee6c98b/review?v=2,287,2,,신메뉴먹었는데 맛있었어요~,"일시적인 오류가 발생했습니다
음료가 맛있어요",2023년 1월 13일 금요일,1번째 방문,영수증
스타벅스 월계이마트점,카페,4.38,,,브라vo,https://m.place.naver.com/my/5ba7273d6a7d08e77aeeff8c/review?v=2,557,2,,굿,,2023년 4월 1일 토요일,1번째 방문,영수증
스타벅스 월계이마트점,카페,4.38,,,아리09,https://m.place.naver.com/my/5e6ddc648f87a842bc34c4d9/review?v=2,3593,5,,달달하고 짠맛의 지긋함,"일시적인 오류가 발생했습니다
커피가 맛있어요",2023년 7월 13일 목요일,31번째 방문,영수증
스타벅스 월계이마트점,카페,4.38,,,pos****,https://m.place.naver.com/my/6054227df774fa8b3c0c36d6/review?v=2,1288,,,좋아요,"일시적인 오류가 발생했습니다
대화하기 좋아요",2023년 5월 4일 목요일,7번째 방문,영수증
스타벅스 월계이마트점,카페,4.38,,,라이꾸,https://m.place.naver.com/my/5f059527b2804547b1888d0d/review?v=2,543,,,장보고 테이크아웃 하기 좋아요,"일시적인 오류가 발생했습니다
커피가 맛있어요",2023년 2월 9일 목요일,1번째 방문,영수증
스타벅스 월계이마트점,카페,4.38,,,바나나맛 코딱지,https://m.place.naver.com/my/5b9cf4e1f2b63c0ea10076bf/review?v=2,204,1,,좋아요,,2023년 5월 1일 월요일,1번째 방문,영수증
스타벅스 월계이마트점,카페,4.38,,,kjbkys,https://m.place.naver.com/my/62bc32f49dcfa9f935bc4246/review?v=2,606,,,굿,,2023년 5월 1일 월요일,39번째 방문,영수증
스타벅스 월계이마트점,카페,4.38,,,초이특별해,https://m.place.naver.com/my/5e6d9e5f8f87a842bcd8693d/review?v=2,2008,,,좋아요 ,"일시적인 오류가 발생했습니다
커피가 맛있어요",2023년 7월 15일 토요일,2번째 방문,영수증
스타벅스 월계이마트점,카페,4.38,,,뉴목생활,https://m.place.naver.com/my/5dd68a449ec8258e4a7e6ce8/review?v=2,504,,,"명불허전 스타벅스
장보고 집에 가는길에 자주 마샤요","일시적인 오류가 발생했습니다
주차하기 편해요",2023년 1월 3일 화요일,1번째 방문,영수증
스타벅스 월계이마트점,카페,4.38,,,미미7,https://m.place.naver.com/my/5efdfe56b4dd01caff09d91c/review?v=2,1093,10,,좋아여 마트안.,,2023년 1월 29일 일요일,1번째 방문,영수증
스타벅스 월계이마트점,카페,4.38,,,쩡이5263,https://m.place.naver.com/my/5c1f92ea29887506d0d77f35/review?v=2,64,,,장보고 커피 마시기 좋아요,"일시적인 오류가 발생했습니다
인테리어가 멋져요",2023년 1월 21일 토요일,1번째 방문,영수증
스타벅스 월계이마트점,카페,4.38,,,Yuriel,https://m.place.naver.com/my/5dc273348f87a842bcf7dace/review?v=2,539,18,,"친절하고 음료도 맛있어요
매장 깔끔하고 좋아요^^","일시적인 오류가 발생했습니다
커피가 맛있어요",2022년 12월 29일 목요일,1번째 방문,영수증
스타벅스 월계이마트점,카페,4.38,,,del****,https://m.place.naver.com/my/5efe65fb35e32560edaad462/review?v=2,136,,,ㄱ,,2023년 4월 6일 목요일,3번째 방문,영수증
스타벅스 월계이마트점,카페,4.38,,,육형,https://m.place.naver.com/my/5e7ca2668f87a842bc1d5c58/review?v=2,890,,,매장이 조금 더 넓었으면 좋겠어요. ,"일시적인 오류가 발생했습니다
음료가 맛있어요",2023년 1월 24일 화요일,1번째 방문,영수증
스타벅스 월계이마트점,카페,4.38,,,포비왕국,https://m.place.naver.com/my/5daf83198f87a842bc37e58e/review?v=2,672,,,요즘  맛나게  먹고 있는  메뉴,,2022년 12월 26일 월요일,1번째 방문,영수증
스타벅스 월계이마트점,카페,4.38,,,yongtak0806,https://m.place.naver.com/my/5f2e77119ec8258e4abc2a02/review?v=2,1297,,,좋아요,,2023년 7월 15일 토요일,1번째 방문,영수증
스타벅스 월계이마트점,카페,4.38,,,몽이817,https://m.place.naver.com/my/5bf899764be873c11255eb01/review?v=2,1197,12,,굿,,2023년 7월 15일 토요일,1번째 방문,영수증
스타벅스 월계이마트점,카페,4.38,,,kjbkys,https://m.place.naver.com/my/62bc32f49dcfa9f935bc4246/review?v=2,606,,,굿,,2023년 4월 22일 토요일,38번째 방문,영수증
스타벅스 월계이마트점,카페,4.38,,,haniw12,https://m.place.naver.com/my/5f06831aee1ece9f4a6a7355/review?v=2,1430,,,토피피넛라떼~  좀 달지만 기분전환을 위해  ㅎㅎ  (실은 프리퀀시 땜시 ㅋ),"일시적인 오류가 발생했습니다
좌석이 편해요",2022년 12월 26일 월요일,1번째 방문,영수증
스타벅스 월계이마트점,카페,4.38,,,kjbkys,https://m.place.naver.com/my/62bc32f49dcfa9f935bc4246/review?v=2,606,,,굿,,2023년 4월 21일 금요일,37번째 방문,영수증
스타벅스 월계이마트점,카페,4.38,,,ㅇㅎ드,https://m.place.naver.com/my/5c833d15c2326e8acfd22bdb/review?v=2,420,2,,좋아요,,2023년 4월 20일 목요일,3번째 방문,영수증
스타벅스 월계이마트점,카페,4.38,,,촌스런 아저씨,https://m.place.naver.com/my/5e5db0a18f87a842bcd026b2/review?v=2,477,,,사람구경 좋아해요!,"일시적인 오류가 발생했습니다
좌석이 편해요",2023년 2월 23일 목요일,11번째 방문,영수증
스타벅스 월계이마트점,카페,4.38,,,조이아루,https://m.place.naver.com/my/5e0288fa8f87a842bc4f8642/review?v=2,233,19,,정신없이 바쁘시지만 친절함,,2022년 12월 23일 금요일,1번째 방문,영수증
스타벅스 월계이마트점,카페,4.38,,,cub****,https://m.place.naver.com/my/5f040588ee4be03dee24ea5c/review?v=2,153,,,쇼핑할때 커피한잔 여유가 좋네요,"일시적인 오류가 발생했습니다
음료가 맛있어요",2022년 11월 20일 일요일,1번째 방문,영수증
스타벅스 월계이마트점,카페,4.38,,,th****,https://m.place.naver.com/my/604778005d682b3e3a95817f/review?v=2,480,,,좋아요 ,"일시적인 오류가 발생했습니다
친절해요",2023년 7월 11일 화요일,3번째 방문,영수증
스타벅스 월계이마트점,카페,4.38,,,kjbkys,https://m.place.naver.com/my/62bc32f49dcfa9f935bc4246/review?v=2,606,,,굿,,2023년 4월 18일 화요일,36번째 방문,영수증
스타벅스 월계이마트점,카페,4.38,,,aprilqeen,https://m.place.naver.com/my/5d01a630b42deb542d25b68b/review?v=2,839,,,친절해요,"일시적인 오류가 발생했습니다
커피가 맛있어요",2023년 9월 14일 목요일,2번째 방문,영수증
스타벅스 월계이마트점,카페,4.38,,,mhy****,https://m.place.naver.com/my/5c446aa17e7f516b227321aa/review?v=2,430,,,좋아요ㅠ다음에 또 방문할께요,"일시적인 오류가 발생했습니다
친절해요",2022년 12월 20일 화요일,2번째 방문,영수증
스타벅스 월계이마트점,카페,4.38,,,Yuriel,https://m.place.naver.com/my/5dc273348f87a842bcf7dace/review?v=2,539,18,,좋아요^^,"일시적인 오류가 발생했습니다
디저트가 맛있어요",2023년 3월 13일 월요일,2번째 방문,영수증
스타벅스 월계이마트점,카페,4.38,,,롤롤78,https://m.place.naver.com/my/5c1f1959449af104280db1d1/review?v=2,777,,,친절하고 좋아요,"일시적인 오류가 발생했습니다
음료가 맛있어요",2023년 2월 18일 토요일,1번째 방문,영수증
스타벅스 월계이마트점,카페,4.38,,,jae727,https://m.place.naver.com/my/5d7627a68f87a842bcb36151/review?v=2,371,,,이마트이용하면서 편하게 스벅 즐겨서 좋아요,"일시적인 오류가 발생했습니다
커피가 맛있어요",2022년 11월 7일 월요일,2번째 방문,영수증
스타벅스 월계이마트점,카페,4.38,,,doctorkb,https://m.place.naver.com/my/612e212540e31822804eca51/review?v=2,56,,,좋아요. 가끔 콜드브루 품절인게 아쉬워요,,2023년 1월 21일 토요일,1번째 방문,영수증
스타벅스 월계이마트점,카페,4.38,,,sopia420kr,https://m.place.naver.com/my/5e5b1efb8f87a842bc38ed9c/review?v=2,762,,,"스타벅스 기프티콘이 생겨서 이마트에서 장 볼 겸
나가서 교환해왔어요","일시적인 오류가 발생했습니다
음료가 맛있어요",2023년 1월 18일 수요일,5번째 방문,영수증
스타벅스 월계이마트점,카페,4.38,,,qkr****,https://m.place.naver.com/my/603b6bfba818876dc7a659f6/review?v=2,695,,,,,2023년 1월 27일 금요일,1번째 방문,영수증
스타벅스 월계이마트점,카페,4.38,,,아리09,https://m.place.naver.com/my/5e6ddc648f87a842bc34c4d9/review?v=2,3593,5,,매장은 작지만 친절해요,"일시적인 오류가 발생했습니다
커피가 맛있어요",2023년 6월 16일 금요일,30번째 방문,영수증
스타벅스 월계이마트점,카페,4.38,,,빵그레dh,https://m.place.naver.com/my/5c66e1a8a150b6d05ed47fba/review?v=2,490,17,,굳,,2023년 3월 8일 수요일,1번째 방문,영수증
스타벅스 월계이마트점,카페,4.38,,,미소천사349,https://m.place.naver.com/my/6141eb44964b5a772282fdbe/review?v=2,588,,,라떼 너뭊ㆍㅎ아요,,2023년 1월 4일 수요일,1번째 방문,영수증
스타벅스 월계이마트점,카페,4.38,,,최지윤elisabeth,https://m.place.naver.com/my/5e4fb2bf8f87a842bc31eec3/review?v=2,1009,,,매장이 깨끗하고 빨리나와요,"일시적인 오류가 발생했습니다
매장이 청결해요",2023년 1월 15일 일요일,2번째 방문,영수증
스타벅스 월계이마트점,카페,4.38,,,poloworld11,https://m.place.naver.com/my/5c9186ce0c3f64b1c43a602d/review?v=2,240,2,,이마트에 있어서 좋아요,"일시적인 오류가 발생했습니다
친절해요",2023년 5월 6일 토요일,1번째 방문,영수증
스타벅스 월계이마트점,카페,4.38,,,HhhhhHK,https://m.place.naver.com/my/5e6705128f87a842bccc1e9f/review?v=2,67,,,쇼핑하고 커피한잔하기 딱 좋아요,"일시적인 오류가 발생했습니다
주차하기 편해요",2023년 1월 14일 토요일,1번째 방문,영수증
스타벅스 월계이마트점,카페,4.38,,,분홍다람쥐,https://m.place.naver.com/my/5e71b0b38f87a842bc091b28/review?v=2,1929,,,ㄱ,"일시적인 오류가 발생했습니다
커피가 맛있어요",2023년 3월 19일 일요일,1번째 방문,영수증
스타벅스 월계이마트점,카페,4.38,,,del****,https://m.place.naver.com/my/5efe65fb35e32560edaad462/review?v=2,136,,,ㄱㄱ,,2023년 3월 19일 일요일,2번째 방문,영수증
스타벅스 월계이마트점,카페,4.38,,,0192607099,https://m.place.naver.com/my/5ce31543d392cafeeefee253/review?v=2,1729,1,,좋아용,"일시적인 오류가 발생했습니다
디저트가 맛있어요",2023년 3월 5일 일요일,1번째 방문,영수증
스타벅스 월계이마트점,카페,4.38,,,chs7463,https://m.place.naver.com/my/5bcc0c350127fb9c2f72e23d/review?v=2,1051,7,,좋아요,,2023년 4월 7일 금요일,2번째 방문,영수증
스타벅스 월계이마트점,카페,4.38,,,sopia420kr,https://m.place.naver.com/my/5e5b1efb8f87a842bc38ed9c/review?v=2,762,,,기프티콘이 있어서 교환해 마시려고 다녀왔어요~^^,"일시적인 오류가 발생했습니다
매장이 청결해요",2022년 12월 2일 금요일,4번째 방문,영수증
스타벅스 월계이마트점,카페,4.38,,,gooopgg76,https://m.place.naver.com/my/5efde31515c4bcd4305863eb/review?v=2,1099,10,,애용합니니,,2023년 3월 18일 토요일,2번째 방문,영수증
스타벅스 월계이마트점,카페,4.38,,,del****,https://m.place.naver.com/my/5efe65fb35e32560edaad462/review?v=2,136,,,ㄱㅅ,,2023년 3월 17일 금요일,1번째 방문,영수증
스타벅스 월계이마트점,카페,4.38,,,dadpack,https://m.place.naver.com/my/5e48b26a8f87a842bc683964/review?v=2,397,40,,커피 맛있었습니다!,"일시적인 오류가 발생했습니다
커피가 맛있어요",2023년 1월 6일 금요일,1번째 방문,영수증
스타벅스 월계이마트점,카페,4.38,,,다영이21,https://m.place.naver.com/my/5f5b8ff56c3d7f7334b33d48/review?v=2,297,3,,좋아용 ,"일시적인 오류가 발생했습니다
주차하기 편해요",2023년 3월 2일 목요일,1번째 방문,영수증
스타벅스 월계이마트점,카페,4.38,,,wot****,https://m.place.naver.com/my/5b8df13c97a71642e5013e53/review?v=2,868,,,,,2023년 8월 12일 토요일,2번째 방문,영수증
스타벅스 월계이마트점,카페,4.38,,,me융,https://m.place.naver.com/my/5bfcf15e6d422fd30056ac6f/review?v=2,941,,,ㆍ,,2023년 2월 8일 수요일,5번째 방문,영수증
스타벅스 월계이마트점,카페,4.38,,,bee****,https://m.place.naver.com/my/5fd79de5b212cd5d78c7eb06/review?v=2,448,,,좋아요,"일시적인 오류가 발생했습니다
커피가 맛있어요",2023년 6월 24일 토요일,3번째 방문,영수증
스타벅스 월계이마트점,카페,4.38,,,ab1226ha77,https://m.place.naver.com/my/5ec3b0fa8f87a842bce77395/review?v=2,888,,,좋아요,,2023년 4월 1일 토요일,1번째 방문,영수증
스타벅스 월계이마트점,카페,4.38,,,크장녀,https://m.place.naver.com/my/5cd124ea7bba9ce8cc79f1a4/review?v=2,2213,,,굿,"일시적인 오류가 발생했습니다
디저트가 맛있어요",2023년 2월 25일 토요일,1번째 방문,영수증
스타벅스 월계이마트점,카페,4.38,,,비비3389,https://m.place.naver.com/my/5bc497248291127e2bb38edc/review?v=2,665,,,주말아침 장보기전에 커피한잔,,2023년 1월 7일 토요일,2번째 방문,영수증
스타벅스 월계이마트점,카페,4.38,,,kyr0831,https://m.place.naver.com/my/5be3f422c53e22e827913ae3/review?v=2,875,,,친절하고 음료 맛있어요~^^,"일시적인 오류가 발생했습니다
친절해요",2022년 12월 31일 토요일,3번째 방문,영수증
스타벅스 월계이마트점,카페,4.38,,,스컬프쳐,https://m.place.naver.com/my/5b7534788bc0a1ed7455ee38/review?v=2,787,,,좋아요 ,,2023년 8월 3일 목요일,1번째 방문,영수증
스타벅스 월계이마트점,카페,4.38,,,thw****,https://m.place.naver.com/my/5c83dde2a89da29c34b6ba58/review?v=2,256,,,좋아요,"일시적인 오류가 발생했습니다
친절해요",2023년 3월 30일 목요일,1번째 방문,영수증
스타벅스 월계이마트점,카페,4.38,,,OHNEE,https://m.place.naver.com/my/5e1044248f87a842bc81a7e9/review?v=2,287,,,커피 맛있어요,"일시적인 오류가 발생했습니다
커피가 맛있어요",2023년 1월 7일 토요일,1번째 방문,영수증
스타벅스 월계이마트점,카페,4.38,,,lee****,https://m.place.naver.com/my/5f73155b6c3d7f7334a38736/review?v=2,872,,,스벅  커피 항상 믿고 먹어요,,2023년 1월 4일 수요일,1번째 방문,영수증
스타벅스 월계이마트점,카페,4.38,,,qor****,https://m.place.naver.com/my/613c32935839bc7e1fdde233/review?v=2,851,,,크리스마스 분위내기 딱 좋은 접시네요 너무 이뻐서 샀어요,"일시적인 오류가 발생했습니다
커피가 맛있어요",2022년 12월 21일 수요일,8번째 방문,영수증
스타벅스 월계이마트점,카페,4.38,,,ddd4667,https://m.place.naver.com/my/5d7ebbc58f87a842bcf93722/review?v=2,1145,,,쇼핑하다 지칠때 당충전을 ,"일시적인 오류가 발생했습니다
친절해요",2022년 12월 2일 금요일,1번째 방문,영수증
스타벅스 월계이마트점,카페,4.38,,,aji****,https://m.place.naver.com/my/5f04d20cad3c22327acc06c9/review?v=2,1150,6,,굿,,2023년 9월 5일 화요일,8번째 방문,영수증
스타벅스 월계이마트점,카페,4.38,,,불량주부522,https://m.place.naver.com/my/5feea31cdfd0c12bfa42cd20/review?v=2,353,,,굿,,2023년 3월 27일 월요일,1번째 방문,영수증
스타벅스 월계이마트점,카페,4.38,,,qwerty372,https://m.place.naver.com/my/5ebfd0bc8f87a842bc135a43/review?v=2,812,27,,좋아요,,2023년 1월 29일 일요일,1번째 방문,영수증
스타벅스 월계이마트점,카페,4.38,,,mzifjsk,https://m.place.naver.com/my/5efe14e2854ca92931131cea/review?v=2,1067,,,목요일 저녁 7시쯤 알바 여자분 친절하심,,2022년 12월 29일 목요일,1번째 방문,영수증
스타벅스 월계이마트점,카페,4.38,,,MLHBee,https://m.place.naver.com/my/5cc2d23dca33c39a5a1b0d36/review?v=2,919,,,항상 친절한 매장💚,"일시적인 오류가 발생했습니다
친절해요",2022년 12월 22일 목요일,2번째 방문,영수증
스타벅스 월계이마트점,카페,4.38,,,ㅇㅎ드,https://m.place.naver.com/my/5c833d15c2326e8acfd22bdb/review?v=2,420,2,,좋아요,,2023년 3월 21일 화요일,2번째 방문,영수증
스타벅스 월계이마트점,카페,4.38,,,짱좋은날,https://m.place.naver.com/my/5bed409c7dd0e89d3bd7471a/review?v=2,398,,,공부하기 좋아요,"일시적인 오류가 발생했습니다
음료가 맛있어요",2023년 1월 24일 화요일,1번째 방문,영수증
스타벅스 월계이마트점,카페,4.38,,,강가에 나룻배,https://m.place.naver.com/my/608552f0afb65fe9a4eaf62b/review?v=2,1999,,,😁😁😁,,2023년 3월 1일 수요일,2번째 방문,영수증
스타벅스 월계이마트점,카페,4.38,,,cho****,https://m.place.naver.com/my/5d295a72e7f6ec8b4a45a577/review?v=2,220,,,좋아요,,2023년 3월 20일 월요일,3번째 방문,영수증
스타벅스 월계이마트점,카페,4.38,,,맛집은바로여기,https://m.place.naver.com/my/5c5027c06d86261da2b36762/review?v=2,628,,,,"일시적인 오류가 발생했습니다
음료가 맛있어요",2023년 1월 17일 화요일,1번째 방문,영수증
스타벅스 월계이마트점,카페,4.38,,,320561,https://m.place.naver.com/my/5c0d0a002d1a1bac3e7fef16/review?v=2,103,,,장보고 사가기 좋아요,,2022년 11월 20일 일요일,1번째 방문,영수증
스타벅스 월계이마트점,카페,4.38,,,활력소83,https://m.place.naver.com/my/60dae6ee6d15eb4a264b328e/review?v=2,1045,1,,향이 좋아요.,"일시적인 오류가 발생했습니다
주차하기 편해요",2023년 1월 23일 월요일,1번째 방문,영수증
스타벅스 월계이마트점,카페,4.38,,,대유아범43,https://m.place.naver.com/my/5d03a95cd0136012c1ca9f10/review?v=2,823,,,좋아요,,2023년 3월 18일 토요일,1번째 방문,영수증
스타벅스 월계이마트점,카페,4.38,,,레볼루션48,https://m.place.naver.com/my/5f063eca3f64550bfae68e96/review?v=2,699,,,스벅좋아요,"일시적인 오류가 발생했습니다
커피가 맛있어요",2023년 3월 18일 토요일,1번째 방문,영수증
스타벅스 월계이마트점,카페,4.38,,,몽테뉴86,https://m.place.naver.com/my/5c42a11697e36fe91162af0b/review?v=2,727,,,조아요!,"일시적인 오류가 발생했습니다
커피가 맛있어요",2023년 3월 18일 토요일,11번째 방문,영수증
스타벅스 월계이마트점,카페,4.38,,,로니베베,https://m.place.naver.com/my/5e72fc708f87a842bc30e746/review?v=2,786,,,직원분글 다친절하고 메뉴도 맛있게 만들어줘요,"일시적인 오류가 발생했습니다
주차하기 편해요",2022년 11월 19일 토요일,1번째 방문,영수증
스타벅스 월계이마트점,카페,4.38,,,MLHBee,https://m.place.naver.com/my/5cc2d23dca33c39a5a1b0d36/review?v=2,919,,,장보고 나와 커피와 디저트 사오기 딱 좋아용❤️💚,,2022년 11월 19일 토요일,1번째 방문,영수증
스타벅스 월계이마트점,카페,4.38,,,kjbkys,https://m.place.naver.com/my/62bc32f49dcfa9f935bc4246/review?v=2,606,,,굿,,2023년 3월 16일 목요일,35번째 방문,영수증
스타벅스 월계이마트점,카페,4.38,,,ske****,https://m.place.naver.com/my/5b9fa69df249ee6e559971b5/review?v=2,2456,,,요즘 행사기간이라 별도쌓이고  맛난것도 먹고 좋아요,,2023년 3월 24일 금요일,5번째 방문,영수증
스타벅스 월계이마트점,카페,4.38,,,가을이좋아92,https://m.place.naver.com/my/5e4f54c78f87a842bc3ac33b/review?v=2,869,,,좋아요 ,,2023년 9월 23일 토요일,2번째 방문,영수증
스타벅스 월계이마트점,카페,4.38,,,뽀요오니이,https://m.place.naver.com/my/5ffc1a48614ac716a07570d2/review?v=2,390,2,,전반적으로 다른 매장에 비해 그닥..,,2022년 11월 19일 토요일,1번째 방문,영수증
스타벅스 월계이마트점,카페,4.38,,,wre****,https://m.place.naver.com/my/5d5e6c328f87a842bcd6720c/review?v=2,898,,,장보다 목 마를 때 음료 마셔요. 좌석이 별로 없어서 주로 테이크 아웃합니다,,2022년 11월 19일 토요일,3번째 방문,영수증
스타벅스 월계이마트점,카페,4.38,,,chs7463,https://m.place.naver.com/my/5bcc0c350127fb9c2f72e23d/review?v=2,1051,7,,좋아요^^,,2023년 3월 15일 수요일,1번째 방문,영수증
스타벅스 월계이마트점,카페,4.38,,,luvliyong,https://m.place.naver.com/my/5c6fc8139b90dc048b43be17/review?v=2,2163,,,마트 안에 있어서 들르기 좋아요 마트라 사람이 많을 땐 사이렌오더가 좀 늦게 승인되는데 그래도 편합니다,"일시적인 오류가 발생했습니다
매장이 청결해요",2022년 10월 31일 월요일,5번째 방문,영수증
스타벅스 월계이마트점,카페,4.38,,,비처럼42,https://m.place.naver.com/my/5bf3c5dce14ff93c88f756dc/review?v=2,378,,,좋아요 ,,2023년 2월 8일 수요일,2번째 방문,영수증
스타벅스 월계이마트점,카페,4.38,,,나비잠25,https://m.place.naver.com/my/5c39cdf560eae7e37ced2147/review?v=2,371,,,좋아요 ,,2023년 2월 8일 수요일,2번째 방문,영수증
스타벅스 월계이마트점,카페,4.38,,,me융,https://m.place.naver.com/my/5bfcf15e6d422fd30056ac6f/review?v=2,941,,,친절하시고 따뜻하게 잘 마셨습니다,"일시적인 오류가 발생했습니다
음료가 맛있어요",2022년 11월 16일 수요일,4번째 방문,영수증
스타벅스 월계이마트점,카페,4.38,,,푸른하늘3713,https://m.place.naver.com/my/5e337ff68f87a842bc4cf767/review?v=2,2217,,,커피맛났어요,"일시적인 오류가 발생했습니다
커피가 맛있어요",2022년 12월 13일 화요일,5번째 방문,영수증
스타벅스 월계이마트점,카페,4.38,,,En1996,https://m.place.naver.com/my/5b706856439d435e911cc1fc/review?v=2,323,6,,"직원분들 모두 친절하시구 음료도 빠르게 나와서 좋았습니다 
공간은 작아서 테이크아웃해서 나와서 마트보면서 드시는게 좋아요😊",,2022년 10월 25일 화요일,1번째 방문,영수증
스타벅스 월계이마트점,카페,4.38,,,sj파란이,https://m.place.naver.com/my/5b9c63156907acb352d27fe8/review?v=2,1020,,,굿,,2023년 3월 11일 토요일,1번째 방문,영수증
스타벅스 월계이마트점,카페,4.38,,,숙이778,https://m.place.naver.com/my/60518fcd6523f71b8df8761c/review?v=2,1752,,,좋아요,"일시적인 오류가 발생했습니다
친절해요",2023년 3월 11일 토요일,4번째 방문,영수증
스타벅스 월계이마트점,카페,4.38,,,Cupi,https://m.place.naver.com/my/5e2bea3c8f87a842bc0fcbcc/review?v=2,106,,,,"일시적인 오류가 발생했습니다
사진이 잘 나와요",2022년 12월 26일 월요일,1번째 방문,영수증
스타벅스 월계이마트점,카페,4.38,,,jy790710,https://m.place.naver.com/my/5ef819138f87a842bc0f3669/review?v=2,792,,,친절합니다.,,2023년 3월 10일 금요일,1번째 방문,영수증
스타벅스 월계이마트점,카페,4.38,,,smi****,https://m.place.naver.com/my/5f06f9edd6ec8fd5cc9e6574/review?v=2,1091,,,😄,"일시적인 오류가 발생했습니다
주차하기 편해요",2023년 2월 18일 토요일,3번째 방문,영수증
스타벅스 월계이마트점,카페,4.38,,,프로리뷰어99,https://m.place.naver.com/my/5b9a313b1e770b237690c293/review?v=2,프로어99,6,,굿굿,"일시적인 오류가 발생했습니다
주차하기 편해요",2023년 2월 3일 금요일,4번째 방문,영수증
스타벅스 월계이마트점,카페,4.38,,,Hanni88,https://m.place.naver.com/my/5da334638f87a842bc054ef4/review?v=2,3118,30,,ㅇㅇ,"일시적인 오류가 발생했습니다
친절해요",2023년 1월 14일 토요일,1번째 방문,영수증
스타벅스 월계이마트점,카페,4.38,,,kjbkys,https://m.place.naver.com/my/62bc32f49dcfa9f935bc4246/review?v=2,606,,,굿,,2023년 3월 8일 수요일,34번째 방문,영수증
스타벅스 월계이마트점,카페,4.38,,,글쎄712,https://m.place.naver.com/my/60a1ef7373e31329413e3ed6/review?v=2,389,,,Good,,2023년 5월 30일 화요일,2번째 방문,영수증
스타벅스 월계이마트점,카페,4.38,,,gis****,https://m.place.naver.com/my/5c80be3d539c3cccff09682a/review?v=2,764,,,좋아요,,2023년 3월 7일 화요일,1번째 방문,영수증
스타벅스 월계이마트점,카페,4.38,,,ksr****,https://m.place.naver.com/my/5e69cb318f87a842bc1f95dc/review?v=2,297,,,알바생이 친절해요,"일시적인 오류가 발생했습니다
친절해요",2023년 1월 10일 화요일,1번째 방문,영수증
스타벅스 월계이마트점,카페,4.38,,,kjbkys,https://m.place.naver.com/my/62bc32f49dcfa9f935bc4246/review?v=2,606,,,굿,,2023년 3월 6일 월요일,33번째 방문,영수증
스타벅스 월계이마트점,카페,4.38,,,nay****,https://m.place.naver.com/my/5f2a59969ec8258e4aa2354a/review?v=2,119,,,이쁜 텀블러가 많아요,,2022년 11월 14일 월요일,1번째 방문,영수증
스타벅스 월계이마트점,카페,4.38,,,kjbkys,https://m.place.naver.com/my/62bc32f49dcfa9f935bc4246/review?v=2,606,,,굿,,2023년 3월 4일 토요일,32번째 방문,영수증
스타벅스 월계이마트점,카페,4.38,,,lsh****,https://m.place.naver.com/my/5d5541747d534cc7d1bf9d19/review?v=2,48,,,역시 뜨아입니다~,"일시적인 오류가 발생했습니다
매장이 청결해요",2023년 1월 7일 토요일,1번째 방문,영수증
스타벅스 월계이마트점,카페,4.38,,,god****,https://m.place.naver.com/my/6214b4da9dc842d0aed6393f/review?v=2,967,,,ㅇ,,2023년 1월 9일 월요일,1번째 방문,영수증
스타벅스 월계이마트점,카페,4.38,,,꼬맹이네,https://m.place.naver.com/my/5bea91423f1803e86015dce7/review?v=2,333,1,,좋아요,,2023년 1월 29일 일요일,1번째 방문,영수증
스타벅스 월계이마트점,카페,4.38,,,gil****,https://m.place.naver.com/my/5f64be0b6c3d7f73343b3b54/review?v=2,701,,,좋아요 ,,2023년 9월 23일 토요일,2번째 방문,영수증
스타벅스 월계이마트점,카페,4.38,,,나비잠25,https://m.place.naver.com/my/5c39cdf560eae7e37ced2147/review?v=2,371,,,좋아요,,2022년 12월 31일 토요일,1번째 방문,영수증
스타벅스 월계이마트점,카페,4.38,,,kjbkys,https://m.place.naver.com/my/62bc32f49dcfa9f935bc4246/review?v=2,606,,,굿,,2023년 3월 2일 목요일,31번째 방문,영수증
스타벅스 월계이마트점,카페,4.38,,,MLHBee,https://m.place.naver.com/my/5cc2d23dca33c39a5a1b0d36/review?v=2,919,,,라떼라떼😊,,2023년 1월 7일 토요일,3번째 방문,영수증
스타벅스 월계이마트점,카페,4.38,,,kjbkys,https://m.place.naver.com/my/62bc32f49dcfa9f935bc4246/review?v=2,606,,,굿,,2023년 3월 1일 수요일,30번째 방문,영수증
스타벅스 월계이마트점,카페,4.38,,,그대품으로,https://m.place.naver.com/my/5e88535d8f87a842bc96f80a/review?v=2,343,,,좋아요 ,"일시적인 오류가 발생했습니다
주차하기 편해요",2023년 3월 1일 수요일,1번째 방문,영수증
스타벅스 월계이마트점,카페,4.38,,,하양이92,https://m.place.naver.com/my/5eff77b2a1b6a107c6e2c503/review?v=2,119,,,"마트갔을 때 들러 마셔요
",,2022년 11월 6일 일요일,1번째 방문,영수증
스타벅스 월계이마트점,카페,4.38,,,hys****,https://m.place.naver.com/my/5bf641e39ae1191d94544c19/review?v=2,119,,,케익맛집~^^,"일시적인 오류가 발생했습니다
매장이 청결해요",2023년 1월 26일 목요일,1번째 방문,영수증
스타벅스 월계이마트점,카페,4.38,,,리리고우고우,https://m.place.naver.com/my/5c377869e8c86a45a130a542/review?v=2,824,72,,친절하시고 좋아요😊,"일시적인 오류가 발생했습니다
커피가 맛있어요",2022년 9월 6일 화요일,4번째 방문,영수증
스타벅스 월계이마트점,카페,4.38,,,찡이1976,https://m.place.naver.com/my/5d8aca848f87a842bcac3cd7/review?v=2,446,,,쇼핑도 하고 맛난 커피도 마시기 좋아요,,2022년 11월 2일 수요일,1번째 방문,영수증
스타벅스 월계이마트점,카페,4.38,,,kjbkys,https://m.place.naver.com/my/62bc32f49dcfa9f935bc4246/review?v=2,606,,,굿,,2023년 2월 27일 월요일,29번째 방문,영수증
스타벅스 월계이마트점,카페,4.38,,,비니와니맘맘,https://m.place.naver.com/my/5f183b969ec8258e4ae41f41/review?v=2,1790,,,구,,2023년 2월 7일 화요일,2번째 방문,영수증
스타벅스 월계이마트점,카페,4.38,,,소나무2573,https://m.place.naver.com/my/5ddcbe759ec8258e4a6b2722/review?v=2,897,,,굿,,2023년 5월 21일 일요일,2번째 방문,영수증
스타벅스 월계이마트점,카페,4.38,,,yal****,https://m.place.naver.com/my/5dc3d0478f87a842bca5b7d3/review?v=2,1143,,,좋아요,,2023년 5월 21일 일요일,1번째 방문,영수증
스타벅스 월계이마트점,카페,4.38,,,kjbkys,https://m.place.naver.com/my/62bc32f49dcfa9f935bc4246/review?v=2,606,,,굿,,2023년 2월 25일 토요일,28번째 방문,영수증
스타벅스 월계이마트점,카페,4.38,,,1020또치맘,https://m.place.naver.com/my/5f5f5fd56c3d7f733406b51b/review?v=2,899,,,좋아요 ,,2023년 1월 21일 토요일,1번째 방문,영수증
스타벅스 월계이마트점,카페,4.38,,,kim****,https://m.place.naver.com/my/615d26967df62000068fa9f6/review?v=2,641,,,친절해요,"일시적인 오류가 발생했습니다
인테리어가 멋져요",2023년 1월 21일 토요일,1번째 방문,영수증
스타벅스 월계이마트점,카페,4.38,,,아리09,https://m.place.naver.com/my/5e6ddc648f87a842bc34c4d9/review?v=2,3593,5,,대기없이 바로받아서 좋읏ㄴ,"일시적인 오류가 발생했습니다
디저트가 맛있어요",2023년 4월 6일 목요일,29번째 방문,영수증
스타벅스 월계이마트점,카페,4.38,,,kjbkys,https://m.place.naver.com/my/62bc32f49dcfa9f935bc4246/review?v=2,606,,,굿,,2023년 2월 23일 목요일,27번째 방문,영수증
스타벅스 월계이마트점,카페,4.38,,,모나셀라89,https://m.place.naver.com/my/5c4f0f8e36f5fd2025d6e7ee/review?v=2,63,,,굿,"일시적인 오류가 발생했습니다
매장이 청결해요",2023년 1월 23일 월요일,1번째 방문,영수증
스타벅스 월계이마트점,카페,4.38,,,까만별47,https://m.place.naver.com/my/5c4ed7faeb85ae34608b3863/review?v=2,52,7,,,,2022년 12월 23일 금요일,1번째 방문,영수증
스타벅스 월계이마트점,카페,4.38,,,kjbkys,https://m.place.naver.com/my/62bc32f49dcfa9f935bc4246/review?v=2,606,,,굿,,2023년 2월 22일 수요일,26번째 방문,영수증
스타벅스 월계이마트점,카페,4.38,,,kjbkys,https://m.place.naver.com/my/62bc32f49dcfa9f935bc4246/review?v=2,606,,,굿,,2023년 2월 21일 화요일,25번째 방문,영수증
스타벅스 월계이마트점,카페,4.38,,,프로리뷰어99,https://m.place.naver.com/my/5b9a313b1e770b237690c293/review?v=2,프로어99,6,,앉아서 마실자리는 부족하지만 이마트 입구에 있어 테이크아웃하기 좋아요,"일시적인 오류가 발생했습니다
매장이 청결해요",2022년 10월 12일 수요일,3번째 방문,영수증
스타벅스 월계이마트점,카페,4.38,,,j2osi,https://m.place.naver.com/my/5dbc4b608f87a842bc2dc5ec/review?v=2,2480,,,커피 맛있어요,"일시적인 오류가 발생했습니다
주차하기 편해요",2022년 11월 21일 월요일,6번째 방문,영수증
스타벅스 월계이마트점,카페,4.38,,,kjbkys,https://m.place.naver.com/my/62bc32f49dcfa9f935bc4246/review?v=2,606,,,굿,,2023년 2월 18일 토요일,24번째 방문,영수증
스타벅스 월계이마트점,카페,4.38,,,yamm,https://m.place.naver.com/my/5bd52356b780090369ca8fd1/review?v=2,1329,7,,굿,,2023년 2월 18일 토요일,2번째 방문,영수증
스타벅스 월계이마트점,카페,4.38,,,헬조선222,https://m.place.naver.com/my/6152a94999f7aefadeac5099/review?v=2,827,,,ㅊㅊ,,2022년 12월 28일 수요일,1번째 방문,영수증
스타벅스 월계이마트점,카페,4.38,,,엄지S,https://m.place.naver.com/my/5f0fb8949ec8258e4a0c1830/review?v=2,1853,,,올만에 바닐라라떼 먹었습니다요~~,,2022년 10월 24일 월요일,1번째 방문,영수증
스타벅스 월계이마트점,카페,4.38,,,kjbkys,https://m.place.naver.com/my/62bc32f49dcfa9f935bc4246/review?v=2,606,,,굿,,2023년 2월 17일 금요일,23번째 방문,영수증
스타벅스 월계이마트점,카페,4.38,,,강코룽짱,https://m.place.naver.com/my/5eff7889de5d1e6a342aec73/review?v=2,648,,,"매장은 작지만 친절하고
이마트에 주차하고 밥 먹고 쇼핑하기 좋아요","일시적인 오류가 발생했습니다
커피가 맛있어요",2022년 11월 25일 금요일,1번째 방문,영수증
스타벅스 월계이마트점,카페,4.38,,,행복지기지기,https://m.place.naver.com/my/5b9bb33ed6f8667c7cf52658/review?v=2,879,,,맛있어요~~,"일시적인 오류가 발생했습니다
커피가 맛있어요",2023년 1월 14일 토요일,1번째 방문,영수증
스타벅스 월계이마트점,카페,4.38,,,슈가6246,https://m.place.naver.com/my/5bf97e6b4be873c11255ec05/review?v=2,118,,,커피 맛있어서 자주가요,"일시적인 오류가 발생했습니다
커피가 맛있어요",2022년 11월 19일 토요일,1번째 방문,영수증
스타벅스 월계이마트점,카페,4.38,,,상냥한니킥,https://m.place.naver.com/my/5b9b20f12fd4220ca2eb7f13/review?v=2,1956,75,,2022년 9월 3일 토요일(맑음). 월계 이마트 추석 선물 구입하러 방문 1층 스타벅스🧋🌻늘 건강하고 행복하게🙏🌞🙋‍♂️,"일시적인 오류가 발생했습니다
커피가 맛있어요",2022년 9월 3일 토요일,1번째 방문,영수증
스타벅스 월계이마트점,카페,4.38,,,hee****,https://m.place.naver.com/my/5d8db86b8f87a842bc0e99f2/review?v=2,543,7,,이마트갈때 좋아요,"일시적인 오류가 발생했습니다
친절해요",2022년 11월 19일 토요일,1번째 방문,영수증
스타벅스 월계이마트점,카페,4.38,,,qor****,https://m.place.naver.com/my/613c32935839bc7e1fdde233/review?v=2,851,,,디카페인 아메리카노 맛있어요,,2022년 11월 16일 수요일,7번째 방문,영수증
스타벅스 월계이마트점,카페,4.38,,,토레기40,https://m.place.naver.com/my/5dc11af68f87a842bc61ce5c/review?v=2,447,,,주차 편해서 자주이용,,2023년 7월 20일 목요일,2번째 방문,영수증
스타벅스 월계이마트점,카페,4.38,,,촌스런 아저씨,https://m.place.naver.com/my/5e5db0a18f87a842bcd026b2/review?v=2,477,,,참친절해요! 즐거웠습니다.,"일시적인 오류가 발생했습니다
집중하기 좋아요",2022년 11월 23일 수요일,9번째 방문,영수증
스타벅스 월계이마트점,카페,4.38,,,구또짱,https://m.place.naver.com/my/5e3fbeed8f87a842bc705fcc/review?v=2,516,,,친절하고 맛있어요,"일시적인 오류가 발생했습니다
커피가 맛있어요",2022년 12월 21일 수요일,1번째 방문,영수증
스타벅스 월계이마트점,카페,4.38,,,리아츄3,https://m.place.naver.com/my/5f05894cb2804547b1885236/review?v=2,262,,,할로윈 음료 .. 알콜 없는 복분자 소주 느낌 ㅎㅎ,"일시적인 오류가 발생했습니다
특별한 메뉴가 있어요",2022년 10월 24일 월요일,1번째 방문,영수증
스타벅스 월계이마트점,카페,4.38,,,둥두루두루둥,https://m.place.naver.com/my/5d426c95734cb16f787d014a/review?v=2,349,9,,좋아요,"일시적인 오류가 발생했습니다
친절해요",2023년 1월 11일 수요일,1번째 방문,영수증
스타벅스 월계이마트점,카페,4.38,,,KADE31,https://m.place.naver.com/my/5eb4f4468f87a842bc878782/review?v=2,680,46,,스타벅스 커피 맛있죠. 제 스탈입니다.,"일시적인 오류가 발생했습니다
매장이 청결해요",2022년 10월 16일 일요일,1번째 방문,영수증
스타벅스 월계이마트점,카페,4.38,,,kjbkys,https://m.place.naver.com/my/62bc32f49dcfa9f935bc4246/review?v=2,606,,,굿,,2023년 2월 11일 토요일,22번째 방문,영수증
스타벅스 월계이마트점,카페,4.38,,,또뜌띠,https://m.place.naver.com/my/5b752f896393fdd1baf997a6/review?v=2,577,,,쓱세일 짱짱맨,,2022년 10월 16일 일요일,1번째 방문,영수증
스타벅스 월계이마트점,카페,4.38,,,kjbkys,https://m.place.naver.com/my/62bc32f49dcfa9f935bc4246/review?v=2,606,,,굿,,2023년 2월 10일 금요일,21번째 방문,영수증
스타벅스 월계이마트점,카페,4.38,,,반달2141,https://m.place.naver.com/my/5b9b3558c4724c6e05c96838/review?v=2,1193,,,토피넛라떼굿,,2022년 11월 13일 일요일,4번째 방문,영수증
스타벅스 월계이마트점,카페,4.38,,,세븐데이즈39,https://m.place.naver.com/my/5d44bbdaf939a7e62e06f366/review?v=2,771,5,,맛나요,,2023년 1월 7일 토요일,1번째 방문,영수증
스타벅스 월계이마트점,카페,4.38,,,yami yami,https://m.place.naver.com/my/5e9eafae8f87a842bc71a987/review?v=2,814,2,,,,2022년 12월 10일 토요일,1번째 방문,영수증
스타벅스 월계이마트점,카페,4.38,,,여우별1453,https://m.place.naver.com/my/5cafb6aa01686a5ca7c99db7/review?v=2,2413,17,,카페라떼에 바닐라시럽 추가해서 먹음 더맛나용~!,"일시적인 오류가 발생했습니다
커피가 맛있어요",2022년 9월 12일 월요일,1번째 방문,영수증
스타벅스 월계이마트점,카페,4.38,,,부자고모,https://m.place.naver.com/my/5ba192aa2b3b1e7b891334c7/review?v=2,602,,,친절해요.매장은 좁네요.,"일시적인 오류가 발생했습니다
주차하기 편해요",2023년 4월 14일 금요일,2번째 방문,영수증
스타벅스 월계이마트점,카페,4.38,,,달링앤유,https://m.place.naver.com/my/5c6f804652c7f17e4e83c108/review?v=2,1549,,,맛있어요,,2023년 2월 8일 수요일,28번째 방문,영수증
스타벅스 월계이마트점,카페,4.38,,,choss3869,https://m.place.naver.com/my/5fa3ed15b79fa8a558a04cab/review?v=2,1366,,,ᆢ,,2022년 12월 7일 수요일,1번째 방문,영수증
스타벅스 월계이마트점,카페,4.38,,,qor****,https://m.place.naver.com/my/613c32935839bc7e1fdde233/review?v=2,851,,,스타벅스커피 맛있어요,"일시적인 오류가 발생했습니다
커피가 맛있어요",2023년 1월 31일 화요일,9번째 방문,영수증
스타벅스 월계이마트점,카페,4.38,,,kjbkys,https://m.place.naver.com/my/62bc32f49dcfa9f935bc4246/review?v=2,606,,,굿,,2023년 2월 4일 토요일,20번째 방문,영수증
스타벅스 월계이마트점,카페,4.38,,,omggg,https://m.place.naver.com/my/5cf15112bfb5535858cdaf52/review?v=2,589,,,.,,2023년 1월 15일 일요일,1번째 방문,영수증
스타벅스 월계이마트점,카페,4.38,,,nau****,https://m.place.naver.com/my/5df49bab8f87a842bcbfe24e/review?v=2,400,,,스,,2023년 1월 15일 일요일,2번째 방문,영수증
스타벅스 월계이마트점,카페,4.38,,,서울촌놈인걸요,https://m.place.naver.com/my/60377b598e9de61aff00fa64/review?v=2,1571,3,,굿,,2023년 1월 1일 일요일,2번째 방문,영수증
스타벅스 월계이마트점,카페,4.38,,,호빵냥이,https://m.place.naver.com/my/5c73bdb3178fd2532c2533d2/review?v=2,3058,,,좋아요^^,,2023년 1월 1일 일요일,2번째 방문,영수증
스타벅스 월계이마트점,카페,4.38,,,희망키움46,https://m.place.naver.com/my/61432e25e36e85814746a1b3/review?v=2,409,,,직원분들 친절하셔서 기분 좋아요,"일시적인 오류가 발생했습니다
음료가 맛있어요",2022년 11월 11일 금요일,6번째 방문,영수증
스타벅스 월계이마트점,카페,4.38,,,비처럼42,https://m.place.naver.com/my/5bf3c5dce14ff93c88f756dc/review?v=2,378,,,좋아요 ,,2022년 12월 31일 토요일,1번째 방문,영수증
스타벅스 월계이마트점,카페,4.38,,,달링앤유,https://m.place.naver.com/my/5c6f804652c7f17e4e83c108/review?v=2,1549,,,굿:),"일시적인 오류가 발생했습니다
매장이 청결해요",2023년 2월 2일 목요일,27번째 방문,영수증
스타벅스 월계이마트점,카페,4.38,,,kjbkys,https://m.place.naver.com/my/62bc32f49dcfa9f935bc4246/review?v=2,606,,,굿,,2023년 2월 1일 수요일,19번째 방문,영수증
스타벅스 월계이마트점,카페,4.38,,,똘군9094,https://m.place.naver.com/my/5fcf54def7ff071f459a0a4c/review?v=2,931,6,,굿,,2022년 12월 29일 목요일,3번째 방문,영수증
스타벅스 월계이마트점,카페,4.38,,,ttyy9160,https://m.place.naver.com/my/5e76269a8f87a842bceeaf5f/review?v=2,575,,,월계이마트,"일시적인 오류가 발생했습니다
친절해요",2023년 1월 11일 수요일,1번째 방문,영수증
스타벅스 월계이마트점,카페,4.38,,,범블대디,https://m.place.naver.com/my/5f6061626c3d7f7334a3db8d/review?v=2,1576,19,,좋아요^^,"일시적인 오류가 발생했습니다
주차하기 편해요",2023년 1월 2일 월요일,6번째 방문,영수증
스타벅스 월계이마트점,카페,4.38,,,free0753,https://m.place.naver.com/my/5d7da5d68f87a842bc98bea8/review?v=2,867,,,직원들이 너무 친절하십니다. 특히남자스탭분이신가 정말 완전 친절하세요 스벅 다니면서 최고로 친절하심요!,"일시적인 오류가 발생했습니다
친절해요",2023년 1월 21일 토요일,2번째 방문,영수증
스타벅스 월계이마트점,카페,4.38,,,628****,https://m.place.naver.com/my/5c14d305c4e7a88d4bc440af/review?v=2,241,47,,퇴근하면서 마시는 커피 맛있어요,,2022년 8월 31일 수요일,1번째 방문,영수증
스타벅스 월계이마트점,카페,4.38,,,zan****,https://m.place.naver.com/my/5fc4e7e5be3497f33158d16b/review?v=2,548,,,굿 ,,2023년 4월 22일 토요일,5번째 방문,영수증
스타벅스 월계이마트점,카페,4.38,,,dorothy6171,https://m.place.naver.com/my/5ccbb34161e7ed66daabd502/review?v=2,300,,,좋아요,,2023년 1월 28일 토요일,2번째 방문,영수증
스타벅스 월계이마트점,카페,4.38,,,juy****,https://m.place.naver.com/my/61e7c80b83e7dea600b1df1d/review?v=2,691,,,굿,,2023년 4월 21일 금요일,2번째 방문,영수증
스타벅스 월계이마트점,카페,4.38,,,외로운골퍼,https://m.place.naver.com/my/5e0303cc8f87a842bc3fee74/review?v=2,736,3,,스벅스벅이즈스벅,,2022년 11월 26일 토요일,2번째 방문,영수증
스타벅스 월계이마트점,카페,4.38,,,이쁘니맘 71,https://m.place.naver.com/my/5e0f16278f87a842bca86eef/review?v=2,672,,,자바칩 사이즈 업해서 시원하게 먹었네요. 앉아서 먹으려면  트레이더스 매장이 넓어요.,"일시적인 오류가 발생했습니다
음료가 맛있어요",2022년 8월 7일 일요일,1번째 방문,영수증
스타벅스 월계이마트점,카페,4.38,,,아로미33,https://m.place.naver.com/my/5e8dd3448f87a842bcb5115a/review?v=2,483,31,,맛있어요,"일시적인 오류가 발생했습니다
주차하기 편해요",2022년 12월 1일 목요일,1번째 방문,영수증
스타벅스 월계이마트점,카페,4.38,,,눈이부시게90,https://m.place.naver.com/my/5e5e893c8f87a842bc1c0546/review?v=2,990,24,,맛있음!!,,2023년 3월 15일 수요일,1번째 방문,영수증
스타벅스 월계이마트점,카페,4.38,,,kyh****,https://m.place.naver.com/my/5b87ae1ae8effe4236ee2805/review?v=2,1461,22,,좋아요,,2022년 12월 26일 월요일,1번째 방문,영수증
스타벅스 월계이마트점,카페,4.38,,,ㅇㅇㅇ4433,https://m.place.naver.com/my/5dce0e8b8f87a842bc1da7b8/review?v=2,1978,,,귯,"일시적인 오류가 발생했습니다
매장이 청결해요",2022년 12월 1일 목요일,1번째 방문,영수증
스타벅스 월계이마트점,카페,4.38,,,범블대디,https://m.place.naver.com/my/5f6061626c3d7f7334a3db8d/review?v=2,1576,19,,좋아요^^,,2022년 12월 23일 금요일,5번째 방문,영수증
스타벅스 월계이마트점,카페,4.38,,,ok****,https://m.place.naver.com/my/5efff3862a6e9b34b3834264/review?v=2,1122,3,,굳,,2023년 1월 20일 금요일,1번째 방문,영수증
스타벅스 월계이마트점,카페,4.38,,,kyr0831,https://m.place.naver.com/my/5be3f422c53e22e827913ae3/review?v=2,875,,,친절하고 글레이즈드 달달하니 맛있어요~^^,"일시적인 오류가 발생했습니다
친절해요",2022년 9월 24일 토요일,1번째 방문,영수증
스타벅스 월계이마트점,카페,4.38,,,Ina,https://m.place.naver.com/my/5bec42368cf916251dbe438a/review?v=2,127,9,,라떼가 엄청 싱거웠음,,2022년 10월 16일 일요일,1번째 방문,영수증
스타벅스 월계이마트점,카페,4.38,,,cro****,https://m.place.naver.com/my/5c1bb2f9acf6db1d13f60bf7/review?v=2,1233,,,굿,,2023년 5월 25일 목요일,1번째 방문,영수증
스타벅스 월계이마트점,카페,4.38,,,sopia420kr,https://m.place.naver.com/my/5e5b1efb8f87a842bc38ed9c/review?v=2,762,,,아침에 장보러 갔다가 아침 겸 먹었어요~,"일시적인 오류가 발생했습니다
음료가 맛있어요",2022년 11월 6일 일요일,3번째 방문,영수증
스타벅스 월계이마트점,카페,4.38,,,한울타리29,https://m.place.naver.com/my/5f329fed9ec8258e4a8b8737/review?v=2,1460,,,이마트 입구에. 위치해서 자리가 좁고시끄러운편이지만 직원들은 참친절해요,"일시적인 오류가 발생했습니다
특별한 메뉴가 있어요",2023년 4월 5일 수요일,3번째 방문,영수증
스타벅스 월계이마트점,카페,4.38,,,nim****,https://m.place.naver.com/my/5ee2aeb78f87a842bce14ca5/review?v=2,432,,,굿,,2023년 4월 10일 월요일,1번째 방문,영수증
스타벅스 월계이마트점,카페,4.38,,,moneJo,https://m.place.naver.com/my/5ddb8ad29ec8258e4a56fb06/review?v=2,6,,,우유도 못먹고 커피도 못먹는 저에게 메뉴 보여주시며 정확한 정보를 주시고 친절히 안내해주셔서 스타벅스에서 음료를 먹어보았습니다. 설명 너무 감동이었습니다. 매우 일잘러십니다. 👍👍👍👍,,2022년 9월 21일 수요일,1번째 방문,영수증
스타벅스 월계이마트점,카페,4.38,,,yso****,https://m.place.naver.com/my/5c163fbf51e236bb47f72ed6/review?v=2,2755,,,좋아요,,2022년 12월 13일 화요일,1번째 방문,영수증
스타벅스 월계이마트점,카페,4.38,,,zan****,https://m.place.naver.com/my/5fc4e7e5be3497f33158d16b/review?v=2,548,,,굿 ,,2023년 4월 8일 토요일,4번째 방문,영수증
스타벅스 월계이마트점,카페,4.38,,,eehh0626,https://m.place.naver.com/my/5d88474a8f87a842bc3f0da3/review?v=2,949,7,,굿,"일시적인 오류가 발생했습니다
매장이 청결해요",2023년 1월 1일 일요일,1번째 방문,영수증
스타벅스 월계이마트점,카페,4.38,,,hye****,https://m.place.naver.com/my/5eeb63c38f87a842bc683139/review?v=2,2276,,,오더 편해요,,2022년 11월 20일 일요일,1번째 방문,영수증
스타벅스 월계이마트점,카페,4.38,,,낼님,https://m.place.naver.com/my/5d9588928f87a842bc86ba8c/review?v=2,280,,,대파스콘 맛있네요,,2023년 1월 7일 토요일,1번째 방문,영수증
스타벅스 월계이마트점,카페,4.38,,,JnB7777,https://m.place.naver.com/my/5d9b5b4f8f87a842bc949780/review?v=2,150,3,,"좌석은 적지만, 테이크아웃하기 좋아요","일시적인 오류가 발생했습니다
음료가 맛있어요",2022년 9월 17일 토요일,1번째 방문,영수증
스타벅스 월계이마트점,카페,4.38,,,dev****,https://m.place.naver.com/my/5e0828278f87a842bc5dcf4a/review?v=2,1449,43,,굿,,2023년 3월 3일 금요일,1번째 방문,영수증
스타벅스 월계이마트점,카페,4.38,,,최지윤elisabeth,https://m.place.naver.com/my/5e4fb2bf8f87a842bc31eec3/review?v=2,1009,,,좋아요,"일시적인 오류가 발생했습니다
친절해요",2023년 1월 11일 수요일,1번째 방문,영수증
스타벅스 월계이마트점,카페,4.38,,,호원당,https://m.place.naver.com/my/5be8f1d4ac465a23848164e6/review?v=2,528,10,,친절해요,"일시적인 오류가 발생했습니다
매장이 청결해요",2022년 11월 11일 금요일,2번째 방문,영수증
스타벅스 월계이마트점,카페,4.38,,,똘2017,https://m.place.naver.com/my/5c4bb2f13fbf472a810f88c7/review?v=2,1043,,,,,2023년 5월 26일 금요일,1번째 방문,영수증
스타벅스 월계이마트점,카페,4.38,,,공릉덩불주먹,https://m.place.naver.com/my/5e1bcf248f87a842bc7fafaa/review?v=2,683,,,굳,,2022년 12월 8일 목요일,1번째 방문,영수증
스타벅스 월계이마트점,카페,4.38,,,통돼지40,https://m.place.naver.com/my/5eff30aba7f1cdd89fefc880/review?v=2,527,,,고구마 ,,2023년 3월 15일 수요일,2번째 방문,영수증
스타벅스 월계이마트점,카페,4.38,,,어몽어미,https://m.place.naver.com/my/5c0be9a4c10cb6f19ebe9556/review?v=2,170,,,블랙 글레이즈드 라떼 너무 맛있어요,"일시적인 오류가 발생했습니다
커피가 맛있어요",2022년 9월 14일 수요일,1번째 방문,영수증
스타벅스 월계이마트점,카페,4.38,,,ABOUT17,https://m.place.naver.com/my/5efe5008bf28894a92885519/review?v=2,1647,,,좋아요,"일시적인 오류가 발생했습니다
디저트가 맛있어요",2023년 1월 6일 금요일,1번째 방문,영수증
스타벅스 월계이마트점,카페,4.38,,,kjbkys,https://m.place.naver.com/my/62bc32f49dcfa9f935bc4246/review?v=2,606,,,굿,,2023년 1월 5일 목요일,17번째 방문,영수증
스타벅스 월계이마트점,카페,4.38,,,작은여우1,https://m.place.naver.com/my/5d8c6f1d8f87a842bce649b1/review?v=2,1508,,,친절합니다 ,"일시적인 오류가 발생했습니다
친절해요",2023년 2월 24일 금요일,1번째 방문,영수증
스타벅스 월계이마트점,카페,4.38,,,j2osi,https://m.place.naver.com/my/5dbc4b608f87a842bc2dc5ec/review?v=2,2480,,,좋아요,"일시적인 오류가 발생했습니다
커피가 맛있어요",2022년 12월 2일 금요일,7번째 방문,영수증
스타벅스 월계이마트점,카페,4.38,,,ado****,https://m.place.naver.com/my/5f1fe9af9ec8258e4a7dad7b/review?v=2,1886,4,,굳,"일시적인 오류가 발생했습니다
커피가 맛있어요",2022년 11월 30일 수요일,2번째 방문,영수증
스타벅스 월계이마트점,카페,4.38,,,jwlove,https://m.place.naver.com/my/5bb19f0dffbe916d3b11ffc2/review?v=2,468,,,ㅎ,,2022년 12월 12일 월요일,1번째 방문,영수증
스타벅스 월계이마트점,카페,4.38,,,짱22,https://m.place.naver.com/my/5f062d8cde46936b6739fb10/review?v=2,361,,,좋아요.,"일시적인 오류가 발생했습니다
화장실이 깨끗해요",2022년 12월 31일 토요일,1번째 방문,영수증
스타벅스 월계이마트점,카페,4.38,,,juhara,https://m.place.naver.com/my/5baf52f91e317c05e710b3b1/review?v=2,675,,,굿,,2022년 12월 30일 금요일,1번째 방문,영수증
스타벅스 월계이마트점,카페,4.38,,,SSPAPA,https://m.place.naver.com/my/5c83ff4811e4dd52e2932056/review?v=2,210,,,역시 스벅은 관장라떼,,2022년 10월 2일 일요일,1번째 방문,영수증
스타벅스 월계이마트점,카페,4.38,,,free0753,https://m.place.naver.com/my/5d7da5d68f87a842bc98bea8/review?v=2,867,,,좌석이 거의 없네요 좁아요,"일시적인 오류가 발생했습니다
커피가 맛있어요",2023년 1월 7일 토요일,1번째 방문,영수증
스타벅스 월계이마트점,카페,4.38,,,진호맘60,https://m.place.naver.com/my/5dfd65d18f87a842bc58792a/review?v=2,837,,,굿,,2022년 11월 25일 금요일,1번째 방문,영수증
스타벅스 월계이마트점,카페,4.38,,,엠줴클라스,https://m.place.naver.com/my/5e0990a68f87a842bca00943/review?v=2,346,,,자리가 넓었으면,"일시적인 오류가 발생했습니다
주차하기 편해요",2022년 10월 26일 수요일,1번째 방문,영수증
스타벅스 월계이마트점,카페,4.38,,,아리09,https://m.place.naver.com/my/5e6ddc648f87a842bc34c4d9/review?v=2,3593,5,,빠른음료준비 좋아요,"일시적인 오류가 발생했습니다
커피가 맛있어요",2023년 3월 2일 목요일,27번째 방문,영수증
스타벅스 월계이마트점,카페,4.38,,,lov****,https://m.place.naver.com/my/5d059fb61d62ad9cc234f926/review?v=2,319,,,과연 스벅은 진리,"일시적인 오류가 발생했습니다
좌석이 편해요",2022년 10월 27일 목요일,1번째 방문,영수증
스타벅스 월계이마트점,카페,4.38,,,똘군9094,https://m.place.naver.com/my/5fcf54def7ff071f459a0a4c/review?v=2,931,6,,커피는 역시!!,"일시적인 오류가 발생했습니다
음료가 맛있어요",2022년 11월 21일 월요일,2번째 방문,영수증
스타벅스 월계이마트점,카페,4.38,,,en****,https://m.place.naver.com/my/5d9df50d8f87a842bcd10f6c/review?v=2,626,1,,너무 친절하셔오,,2022년 10월 29일 토요일,1번째 방문,영수증
스타벅스 월계이마트점,카페,4.38,,,acushla,https://m.place.naver.com/my/6028d7916c47852d953b7d70/review?v=2,713,,,1,,2023년 2월 26일 일요일,1번째 방문,영수증
스타벅스 월계이마트점,카페,4.38,,,오리궁뎅이2,https://m.place.naver.com/my/5bf6a894f02e5568912ba38b/review?v=2,1109,20,,자주가요,"일시적인 오류가 발생했습니다
커피가 맛있어요",2022년 11월 19일 토요일,11번째 방문,영수증
스타벅스 월계이마트점,카페,4.38,,,dud****,https://m.place.naver.com/my/5fa1365efcc2ab21bca408a0/review?v=2,2480,,,맛나용 ㅎㅎ ,,2022년 12월 22일 목요일,4번째 방문,영수증
스타벅스 월계이마트점,카페,4.38,,,예영아사랑해,https://m.place.naver.com/my/5cbef18097c81d1bc30048ad/review?v=2,776,27,,좋아요,,2022년 11월 18일 금요일,1번째 방문,영수증
스타벅스 월계이마트점,카페,4.38,,,여신님,https://m.place.naver.com/my/5efddb27b4dd01caff099284/review?v=2,602,30,,이마트갈때마다 이용중인데 좋아요,,2022년 11월 18일 금요일,1번째 방문,영수증
스타벅스 월계이마트점,카페,4.38,,,ehd****,https://m.place.naver.com/my/5d08d6cc251c57c6d79299db/review?v=2,718,,,맛있어요,"일시적인 오류가 발생했습니다
디저트가 맛있어요",2022년 11월 18일 금요일,1번째 방문,영수증
스타벅스 월계이마트점,카페,4.38,,,ㅇㅇ89,https://m.place.naver.com/my/5d9761a48f87a842bc6a745b/review?v=2,88,1,,굿,,2022년 12월 21일 수요일,1번째 방문,영수증
스타벅스 월계이마트점,카페,4.38,,,kd****,https://m.place.naver.com/my/5e38458b8f87a842bcde0666/review?v=2,540,,,굿,,2022년 12월 21일 수요일,1번째 방문,영수증
스타벅스 월계이마트점,카페,4.38,,,pyh****,https://m.place.naver.com/my/5da7de3d8f87a842bc759718/review?v=2,2396,,,좋아요,,2022년 12월 21일 수요일,7번째 방문,영수증
스타벅스 월계이마트점,카페,4.38,,,지채정,https://m.place.naver.com/my/5b68d45974c17c6cbefeab8a/review?v=2,1049,,,굿,,2022년 11월 19일 토요일,4번째 방문,영수증
스타벅스 월계이마트점,카페,4.38,,,mhy****,https://m.place.naver.com/my/5c446aa17e7f516b227321aa/review?v=2,430,,,커피가 맛있어요,"일시적인 오류가 발생했습니다
친절해요",2022년 9월 21일 수요일,1번째 방문,영수증
스타벅스 월계이마트점,카페,4.38,,,shi****,https://m.place.naver.com/my/5e0223628f87a842bc4867e6/review?v=2,1585,,,ㆍ,,2022년 11월 28일 월요일,1번째 방문,영수증
스타벅스 월계이마트점,카페,4.38,,,hey****,https://m.place.naver.com/my/5bf5d319e08ec3601f3f7183/review?v=2,779,,,국,,2023년 3월 31일 금요일,41번째 방문,영수증
스타벅스 월계이마트점,카페,4.38,,,ghghdkwnaak3,https://m.place.naver.com/my/5d2b4264cd378e53dd458850/review?v=2,283,,,,,2022년 9월 29일 목요일,4번째 방문,영수증
스타벅스 월계이마트점,카페,4.38,,,pos****,https://m.place.naver.com/my/6054227df774fa8b3c0c36d6/review?v=2,1288,,,맛있어요,"일시적인 오류가 발생했습니다
커피가 맛있어요",2022년 12월 16일 금요일,6번째 방문,영수증
스타벅스 월계이마트점,카페,4.38,,,예호29,https://m.place.naver.com/my/5d7b2b8f8f87a842bca3f40f/review?v=2,1056,,,굿,"일시적인 오류가 발생했습니다
친절해요",2022년 12월 16일 금요일,2번째 방문,영수증
스타벅스 월계이마트점,카페,4.38,,,뚱탐정,https://m.place.naver.com/my/5b9ceea0c6edd3e33bc3daf5/review?v=2,231,,,이마트 쇼핑후 종종 방문합니다. 감사합니다^^,"일시적인 오류가 발생했습니다
좌석이 편해요",2022년 9월 23일 금요일,1번째 방문,영수증
스타벅스 월계이마트점,카페,4.38,,,윌감독,https://m.place.naver.com/my/5c237648b933d9f977aabb4c/review?v=2,815,,,ㄱㆍㅅ,,2023년 2월 18일 토요일,2번째 방문,영수증
스타벅스 월계이마트점,카페,4.38,,,kim****,https://m.place.naver.com/my/5fb468a3dbf1da753eb48126/review?v=2,186,,,커피 맛이 좋고직원들이 친절해요,"일시적인 오류가 발생했습니다
주차하기 편해요",2022년 9월 15일 목요일,1번째 방문,영수증
스타벅스 월계이마트점,카페,4.38,,,kiw****,https://m.place.naver.com/my/5eeb49428f87a842bcdfd9f1/review?v=2,673,,,커피가 맛나요,,2023년 1월 19일 목요일,1번째 방문,영수증
스타벅스 월계이마트점,카페,4.38,,,소망냠냠16,https://m.place.naver.com/my/5c065f1ebbae9184ebd84c6a/review?v=2,347,,,기본은하네요,,2022년 9월 9일 금요일,1번째 방문,영수증
스타벅스 월계이마트점,카페,4.38,,,SQRA,https://m.place.naver.com/my/5ef4bc5b8f87a842bcadaf05/review?v=2,422,57,,"포멜로 그린티 벤티사이즈 구매
스벅 장난하십니까???
내가 얼컵 벤티 구매한것도 아니고...
찐 어이엄꼬 킹킹킹받네
얼음 꽉꽉 채워서 네모금 만에 얼음만 남음
아놔...신고하고싶다!!!!!
여기 스벅 월계 트래이더스!!!!
",,2022년 6월 11일 토요일,2번째 방문,영수증
스타벅스 월계이마트점,카페,4.38,,,호두까기17,https://m.place.naver.com/my/5c5631124543c362412964a2/review?v=2,1338,,,좋아요 ,,2022년 11월 6일 일요일,1번째 방문,영수증
스타벅스 월계이마트점,카페,4.38,,,강가에 나룻배,https://m.place.naver.com/my/608552f0afb65fe9a4eaf62b/review?v=2,1999,,,😄😄😄,,2022년 11월 19일 토요일,1번째 방문,영수증
스타벅스 월계이마트점,카페,4.38,,,me융,https://m.place.naver.com/my/5bfcf15e6d422fd30056ac6f/review?v=2,941,,,굿,,2022년 11월 5일 토요일,3번째 방문,영수증
스타벅스 월계이마트점,카페,4.38,,,smile059,https://m.place.naver.com/my/5b66764abcabea3f843c6b94/review?v=2,826,2,,굿,,2022년 12월 7일 수요일,2번째 방문,영수증
스타벅스 월계이마트점,카페,4.38,,,핑크64,https://m.place.naver.com/my/5efe7e9468401871104eb6ac/review?v=2,197,,,굿,,2022년 12월 7일 수요일,6번째 방문,영수증
스타벅스 월계이마트점,카페,4.38,,,스트레칭걸,https://m.place.naver.com/my/5e6ca37b8f87a842bce7253b/review?v=2,715,1,,커피사러 왔어요,,2022년 10월 6일 목요일,1번째 방문,영수증
스타벅스 월계이마트점,카페,4.38,,,pk****,https://m.place.naver.com/my/5cde1e6af0eeb31d29228e2e/review?v=2,1157,,,굿,,2022년 12월 6일 화요일,7번째 방문,영수증
스타벅스 월계이마트점,카페,4.38,,,kjbkys,https://m.place.naver.com/my/62bc32f49dcfa9f935bc4246/review?v=2,606,,,굿,,2022년 12월 5일 월요일,16번째 방문,영수증
스타벅스 월계이마트점,카페,4.38,,,박준규9753,https://m.place.naver.com/my/5e55c3bf8f87a842bc872dfd/review?v=2,692,,,좋아요,,2022년 11월 6일 일요일,1번째 방문,영수증
스타벅스 월계이마트점,카페,4.38,,,예질질이,https://m.place.naver.com/my/5ef371318f87a842bc7d7fc7/review?v=2,295,,,굿,,2023년 2월 26일 일요일,2번째 방문,영수증
스타벅스 월계이마트점,카페,4.38,,,다람쥐2332,https://m.place.naver.com/my/5d68f7928f87a842bcae1161/review?v=2,2216,,,좋아요,,2022년 11월 1일 화요일,3번째 방문,영수증
스타벅스 월계이마트점,카페,4.38,,,짜벙,https://m.place.naver.com/my/5e95efc08f87a842bc18c76f/review?v=2,271,,,굿,,2022년 10월 31일 월요일,1번째 방문,영수증
스타벅스 월계이마트점,카페,4.38,,,lol****,https://m.place.naver.com/my/5c0b2ac5ab0a5bac3488e0c1/review?v=2,3108,,,굿,,2022년 12월 3일 토요일,4번째 방문,영수증
스타벅스 월계이마트점,카페,4.38,,,rnl****,https://m.place.naver.com/my/62e25c2e80c3cb6fad8faa56/review?v=2,181,,,"혼자 조용히 차 한잔 하고싶을때 쇼핑도 할검
종종이용해요","일시적인 오류가 발생했습니다
주차하기 편해요",2022년 12월 3일 토요일,2번째 방문,영수증
스타벅스 월계이마트점,카페,4.38,,,shi****,https://m.place.naver.com/my/5f4da5416c3d7f733444b60f/review?v=2,323,,,디카페인 커피 맛있어요 ,"일시적인 오류가 발생했습니다
커피가 맛있어요",2022년 9월 14일 수요일,1번째 방문,영수증
스타벅스 월계이마트점,카페,4.38,,,Yerimoo,https://m.place.naver.com/my/5bb2e8a34c3e9148af37e460/review?v=2,833,4,,음료가 빠르게나오네용ㅎㅎ,,2022년 11월 25일 금요일,7번째 방문,영수증
스타벅스 월계이마트점,카페,4.38,,,ㅇㅎ드,https://m.place.naver.com/my/5c833d15c2326e8acfd22bdb/review?v=2,420,2,,넓고 좋아요,,2022년 12월 1일 목요일,1번째 방문,영수증
스타벅스 월계이마트점,카페,4.38,,,hey****,https://m.place.naver.com/my/5bf5d319e08ec3601f3f7183/review?v=2,779,,,조아여,,2023년 4월 1일 토요일,42번째 방문,영수증
스타벅스 월계이마트점,카페,4.38,,,범블대디,https://m.place.naver.com/my/5f6061626c3d7f7334a3db8d/review?v=2,1576,19,,좋아요^^,,2022년 10월 31일 월요일,4번째 방문,영수증
스타벅스 월계이마트점,카페,4.38,,,쓰리6756,https://m.place.naver.com/my/5f6745de6c3d7f733480e3cf/review?v=2,247,,,굿,,2023년 2월 20일 월요일,2번째 방문,영수증
스타벅스 월계이마트점,카페,4.38,,,튼튼이네p935432,https://m.place.naver.com/my/5b8e023e6107b523b2185e91/review?v=2,48,,,쉬고가기편해요,,2022년 10월 2일 일요일,1번째 방문,영수증
스타벅스 월계이마트점,카페,4.38,,,럭럭23,https://m.place.naver.com/my/5d4e121349d7f40274d3abc5/review?v=2,198,,,"마감 30분 전부터 나가라고 눈치 주던데...
영업시간을 단축하던지 30분이나 남았는데 왜 그렇게 쿵쾅쿵쾅 시끄럽게 해대는지; 청소도 정리도 너무 시끄럽네요 마감 10분전도 아니고 ... 이러면 또 가고 싶겠어요? 엉망이네요",,2022년 6월 21일 화요일,2번째 방문,영수증
스타벅스 월계이마트점,카페,4.38,,,호빵맨5163,https://m.place.naver.com/my/5c407674312e39275c492887/review?v=2,268,,,굿,,2023년 6월 24일 토요일,3번째 방문,영수증
스타벅스 월계이마트점,카페,4.38,,,smi****,https://m.place.naver.com/my/5f06f9edd6ec8fd5cc9e6574/review?v=2,1091,,,커피😊👍,,2022년 11월 26일 토요일,2번째 방문,영수증
스타벅스 월계이마트점,카페,4.38,,,러브비타,https://m.place.naver.com/my/5d8397a38f87a842bc352d43/review?v=2,2383,,,매장이 넓어요,"일시적인 오류가 발생했습니다
가성비가 좋아요",2023년 2월 3일 금요일,1번째 방문,영수증
스타벅스 월계이마트점,카페,4.38,,,ay****,https://m.place.naver.com/my/5ca09bcbc82d523b640b4e9b/review?v=2,250,,,편하게 잘 이용했어요,,2022년 12월 23일 금요일,1번째 방문,영수증
스타벅스 월계이마트점,카페,4.38,,,깽팽이,https://m.place.naver.com/my/619dbda2f8e88942029cd202/review?v=2,798,,,싸요 싸,,2022년 11월 25일 금요일,1번째 방문,영수증
스타벅스 월계이마트점,카페,4.38,,,ni****,https://m.place.naver.com/my/604ae6924fa7806681ef99ff/review?v=2,105,,,,"일시적인 오류가 발생했습니다
음료가 맛있어요",2023년 1월 14일 토요일,2번째 방문,영수증
스타벅스 월계이마트점,카페,4.38,,,아리09,https://m.place.naver.com/my/5e6ddc648f87a842bc34c4d9/review?v=2,3593,5,,,"일시적인 오류가 발생했습니다
친절해요",2023년 3월 23일 목요일,28번째 방문,영수증
스타벅스 월계이마트점,카페,4.38,,,맹이2233,https://m.place.naver.com/my/5ce5ea2037d7f456038c473a/review?v=2,48,6,,너무 친절하셔서 좋아요 ,"일시적인 오류가 발생했습니다
커피가 맛있어요",2022년 9월 3일 토요일,1번째 방문,영수증
스타벅스 월계이마트점,카페,4.38,,,아자비3,https://m.place.naver.com/my/5fb08cd5eee54eaaac41334c/review?v=2,1109,15,,좋아요,,2023년 5월 18일 목요일,1번째 방문,영수증
스타벅스 월계이마트점,카페,4.38,,,부현47,https://m.place.naver.com/my/5eff786a80dd0fa8cd660cab/review?v=2,849,,,좋아요 ,,2022년 10월 20일 목요일,1번째 방문,영수증
스타벅스 월계이마트점,카페,4.38,,,혁이아빠47,https://m.place.naver.com/my/5ec0ba538f87a842bc13e24a/review?v=2,1116,1,,이마트 계산대 바로 옆에 있어서 마트에서 장 보고 음료 한 잔 마시기에 적합한 곳입니다,"일시적인 오류가 발생했습니다
커피가 맛있어요",2022년 7월 14일 목요일,1번째 방문,영수증
스타벅스 월계이마트점,카페,4.38,,,seu****,https://m.place.naver.com/my/5dc95e348f87a842bcc52603/review?v=2,414,7,,쇼핑하고,"일시적인 오류가 발생했습니다
음료가 맛있어요",2022년 12월 23일 금요일,1번째 방문,영수증
스타벅스 월계이마트점,카페,4.38,,,소소한행복행,https://m.place.naver.com/my/5bfe2e68d6e61325990c3ebc/review?v=2,2307,2,,굿,,2022년 10월 20일 목요일,1번째 방문,영수증
스타벅스 월계이마트점,카페,4.38,,,Tasanee,https://m.place.naver.com/my/5c34a36b5739a7b80a9e372f/review?v=2,1032,,,굿,"일시적인 오류가 발생했습니다
친절해요",2022년 10월 19일 수요일,1번째 방문,영수증
스타벅스 월계이마트점,카페,4.38,,,쥴리범,https://m.place.naver.com/my/5dc553408f87a842bc8b788a/review?v=2,1855,,,사람항상많음,,2022년 8월 20일 토요일,2번째 방문,영수증
스타벅스 월계이마트점,카페,4.38,,,yun****,https://m.place.naver.com/my/60ac8123b82939abd24af6c3/review?v=2,433,,,좋아요,,2022년 11월 21일 월요일,1번째 방문,영수증
스타벅스 월계이마트점,카페,4.38,,,연꽃과  물,https://m.place.naver.com/my/5d4e86c1b61d6e8077ceb8b2/review?v=2,960,,,조아요,,2022년 11월 20일 일요일,1번째 방문,영수증
스타벅스 월계이마트점,카페,4.38,,,Missoni85,https://m.place.naver.com/my/5cc08db620001f5b7b1a262e/review?v=2,51,,,장보고 갈때마다 커피 한잔 테이크아웃하기 좋아요,"일시적인 오류가 발생했습니다
주차하기 편해요",2022년 8월 25일 목요일,1번째 방문,영수증
스타벅스 월계이마트점,카페,4.38,,,뚜뚜가,https://m.place.naver.com/my/5e707e638f87a842bc823907/review?v=2,498,,,좋아요,"일시적인 오류가 발생했습니다
친절해요",2022년 11월 19일 토요일,1번째 방문,영수증
스타벅스 월계이마트점,카페,4.38,,,namanhae,https://m.place.naver.com/my/5c75cbfd1a3edb10d42da62e/review?v=2,528,7,,좋아요.,"일시적인 오류가 발생했습니다
친절해요",2022년 11월 19일 토요일,2번째 방문,영수증
스타벅스 월계이마트점,카페,4.38,,,밍1433,https://m.place.naver.com/my/5c85032a342e01f755e968ca/review?v=2,1012,,,굿,,2022년 11월 6일 일요일,1번째 방문,영수증
스타벅스 월계이마트점,카페,4.38,,,hey****,https://m.place.naver.com/my/5bf5d319e08ec3601f3f7183/review?v=2,779,,,굿,,2023년 3월 21일 화요일,40번째 방문,영수증
스타벅스 월계이마트점,카페,4.38,,,ann****,https://m.place.naver.com/my/5f0572c434a524e70c5bf3a6/review?v=2,534,,,마트안에있어서 좋아요,,2022년 11월 12일 토요일,3번째 방문,영수증
스타벅스 월계이마트점,카페,4.38,,,popo777,https://m.place.naver.com/my/5edee2de8f87a842bcce54d2/review?v=2,203,4,,"자리가 협소한거빼고는,,마트 장보고 시원하게  한잔하니 좋네요 ","일시적인 오류가 발생했습니다
커피가 맛있어요",2022년 6월 20일 월요일,1번째 방문,영수증
스타벅스 월계이마트점,카페,4.38,,,wot****,https://m.place.naver.com/my/5b8df13c97a71642e5013e53/review?v=2,868,,,,"일시적인 오류가 발생했습니다
친절해요",2023년 4월 2일 일요일,1번째 방문,영수증
스타벅스 월계이마트점,카페,4.38,,,피곤한데 심심해,https://m.place.naver.com/my/5d9fb1568f87a842bccfaf85/review?v=2,1099,3,,앉을공간이 협소하네요,,2022년 8월 13일 토요일,1번째 방문,영수증
스타벅스 월계이마트점,카페,4.38,,,인연14,https://m.place.naver.com/my/5c5ac7d68b584c0ead4ab335/review?v=2,438,,,맛있어요 ~,"일시적인 오류가 발생했습니다
친절해요",2023년 3월 22일 수요일,1번째 방문,영수증
스타벅스 월계이마트점,카페,4.38,,,뿌리깊은 나무,https://m.place.naver.com/my/5ba0cc4981c57ed144879c6b/review?v=2,225,,,좋아요 ,"일시적인 오류가 발생했습니다
음료가 맛있어요",2022년 11월 16일 수요일,1번째 방문,영수증
스타벅스 월계이마트점,카페,4.38,,,hey****,https://m.place.naver.com/my/5bf5d319e08ec3601f3f7183/review?v=2,779,,,굿,,2023년 3월 19일 일요일,39번째 방문,영수증
스타벅스 월계이마트점,카페,4.38,,,jae727,https://m.place.naver.com/my/5d7627a68f87a842bcb36151/review?v=2,371,,,,,2022년 9월 15일 목요일,1번째 방문,영수증
스타벅스 월계이마트점,카페,4.38,,,핑크64,https://m.place.naver.com/my/5efe7e9468401871104eb6ac/review?v=2,197,,,굿,,2022년 11월 14일 월요일,5번째 방문,영수증
스타벅스 월계이마트점,카페,4.38,,,야옹쮸,https://m.place.naver.com/my/6102122f2060e8e51e11029f/review?v=2,641,3,,맛있어요,"일시적인 오류가 발생했습니다
주차하기 편해요",2022년 12월 12일 월요일,1번째 방문,영수증
스타벅스 월계이마트점,카페,4.38,,,뜨거운 비빔면,https://m.place.naver.com/my/5ef70edd8f87a842bc88e891/review?v=2,131,,,좋아요,,2023년 2월 4일 토요일,1번째 방문,영수증
스타벅스 월계이마트점,카페,4.38,,,june27,https://m.place.naver.com/my/5f0684e6ace692ef6245b611/review?v=2,540,,,굿,,2022년 10월 20일 목요일,1번째 방문,영수증
스타벅스 월계이마트점,카페,4.38,,,jih****,https://m.place.naver.com/my/5d5f93298f87a842bcb71236/review?v=2,1016,,,굿 ,"일시적인 오류가 발생했습니다
커피가 맛있어요",2022년 12월 30일 금요일,1번째 방문,영수증
스타벅스 월계이마트점,카페,4.38,,,reinadayo,https://m.place.naver.com/my/5b9b878d25205de2e195368c/review?v=2,1829,48,,좋아요,,2022년 10월 7일 금요일,3번째 방문,영수증
스타벅스 월계이마트점,카페,4.38,,,yg86,https://m.place.naver.com/my/5fec167c5bae1bbb8a81d8b9/review?v=2,467,,,굿,,2022년 11월 9일 수요일,1번째 방문,영수증
스타벅스 월계이마트점,카페,4.38,,,토깽이8647,https://m.place.naver.com/my/5dbd38dc8f87a842bce10ee7/review?v=2,868,,,스타벅스 컵사이즈가 작아졌네요 ,,2022년 11월 18일 금요일,2번째 방문,영수증
스타벅스 월계이마트점,카페,4.38,,,웃기는날,https://m.place.naver.com/my/5f211c529ec8258e4a891fce/review?v=2,523,,,굿!  ,"일시적인 오류가 발생했습니다
친절해요",2023년 6월 6일 화요일,3번째 방문,영수증
스타벅스 월계이마트점,카페,4.38,,,kjbkys,https://m.place.naver.com/my/62bc32f49dcfa9f935bc4246/review?v=2,606,,,굿,,2022년 11월 6일 일요일,15번째 방문,영수증
스타벅스 월계이마트점,카페,4.38,,,chd****,https://m.place.naver.com/my/5deb08ec9ec8258e4a9b0461/review?v=2,1722,,,굿굿굿 ,"일시적인 오류가 발생했습니다
음료가 맛있어요",2022년 10월 3일 월요일,1번째 방문,영수증
스타벅스 월계이마트점,카페,4.38,,,hey****,https://m.place.naver.com/my/5bf5d319e08ec3601f3f7183/review?v=2,779,,,국,,2023년 2월 18일 토요일,35번째 방문,영수증
스타벅스 월계이마트점,카페,4.38,,,꿈꾸는달님29,https://m.place.naver.com/my/5efe55fabf28894a92885d56/review?v=2,760,,,좋아요,"일시적인 오류가 발생했습니다
친절해요",2022년 11월 5일 토요일,2번째 방문,영수증
스타벅스 월계이마트점,카페,4.38,,,yub****,https://m.place.naver.com/my/5f14794a9ec8258e4a4e7449/review?v=2,776,,,굿,,2022년 11월 5일 토요일,2번째 방문,영수증
스타벅스 월계이마트점,카페,4.38,,,SQRA,https://m.place.naver.com/my/5ef4bc5b8f87a842bcadaf05/review?v=2,422,57,,"매장이 넘 협소해서 항상 테익아웃만 이용함
요즘 자주 마시는 펀치 그래피티ㅋㅋ
알록달록 이뿌당",,2022년 5월 29일 일요일,1번째 방문,영수증
스타벅스 월계이마트점,카페,4.38,,,슬픈거짓,https://m.place.naver.com/my/5be199b118808d38d4ae0e67/review?v=2,258,,,궁,,2022년 10월 15일 토요일,1번째 방문,영수증
스타벅스 월계이마트점,카페,4.38,,,dwd****,https://m.place.naver.com/my/5dc61adf8f87a842bc95f3df/review?v=2,1061,2,,굿,,2022년 11월 3일 목요일,1번째 방문,영수증
스타벅스 월계이마트점,카페,4.38,,,hey****,https://m.place.naver.com/my/5bf5d319e08ec3601f3f7183/review?v=2,779,,,조아요,,2023년 3월 6일 월요일,38번째 방문,영수증
스타벅스 월계이마트점,카페,4.38,,,한울타리29,https://m.place.naver.com/my/5f329fed9ec8258e4a8b8737/review?v=2,1460,,,"주차공간은 넓으나
홀이 좁아 테이크 아웃을 자주 이용하는곳","일시적인 오류가 발생했습니다
음료가 맛있어요",2023년 2월 3일 금요일,2번째 방문,영수증
스타벅스 월계이마트점,카페,4.38,,,kjbkys,https://m.place.naver.com/my/62bc32f49dcfa9f935bc4246/review?v=2,606,,,굿,,2022년 11월 1일 화요일,14번째 방문,영수증
스타벅스 월계이마트점,카페,4.38,,,ske****,https://m.place.naver.com/my/5b9fa69df249ee6e559971b5/review?v=2,2456,,,수따떨기에 맛난커피가 딱이죠,,2022년 11월 7일 월요일,3번째 방문,영수증
스타벅스 월계이마트점,카페,4.38,,,healing익자삼우,https://m.place.naver.com/my/5bec0c7b6ddfb65e6ca2fbf5/review?v=2,992,,,친절합니다 ,,2022년 10월 29일 토요일,1번째 방문,영수증
스타벅스 월계이마트점,카페,4.38,,,woonjungi40,https://m.place.naver.com/my/5ef354628f87a842bc329830/review?v=2,22,,,굿,,2022년 10월 29일 토요일,1번째 방문,영수증
스타벅스 월계이마트점,카페,4.38,,,구니구니90,https://m.place.naver.com/my/5c19a231fb5b606ab386b723/review?v=2,39,1,,친절해용 커피맛이야 뭐 당연이구용 😙,"일시적인 오류가 발생했습니다
커피가 맛있어요",2022년 8월 6일 토요일,1번째 방문,영수증
스타벅스 월계이마트점,카페,4.38,,,hey****,https://m.place.naver.com/my/5bf5d319e08ec3601f3f7183/review?v=2,779,,,굿,,2023년 3월 1일 수요일,37번째 방문,영수증
스타벅스 월계이마트점,카페,4.38,,,bbminah,https://m.place.naver.com/my/5e75aa968f87a842bc484458/review?v=2,211,2,,맛있어요~,"일시적인 오류가 발생했습니다
커피가 맛있어요",2022년 9월 24일 토요일,1번째 방문,영수증
스타벅스 월계이마트점,카페,4.38,,,Dragonteacher,https://m.place.naver.com/my/5f062acba33384f6f57eb39a/review?v=2,437,,,"이마트 장보기전 아이스아메리카노 한 잔 후 
충전되네요","일시적인 오류가 발생했습니다
커피가 맛있어요",2022년 7월 3일 일요일,1번째 방문,영수증
스타벅스 월계이마트점,카페,4.38,,,좋은것만39,https://m.place.naver.com/my/5e5f7a118f87a842bc47a0d8/review?v=2,99,1,,굿,"일시적인 오류가 발생했습니다
특별한 메뉴가 있어요",2023년 1월 19일 목요일,1번째 방문,영수증
스타벅스 월계이마트점,카페,4.38,,,거북이와빵순이,https://m.place.naver.com/my/607007327997b9862c7de325/review?v=2,123,,,😀😘😋😁,"일시적인 오류가 발생했습니다
커피가 맛있어요",2022년 9월 4일 일요일,1번째 방문,영수증
스타벅스 월계이마트점,카페,4.38,,,cmggoo,https://m.place.naver.com/my/5dfc7ebb8f87a842bcf32821/review?v=2,503,,,굳,,2022년 10월 2일 일요일,1번째 방문,영수증
스타벅스 월계이마트점,카페,4.38,,,아하하하91,https://m.place.naver.com/my/5eff0ec71c9b02e1ea3c4dbc/review?v=2,431,,,좋아요❤️,,2022년 10월 24일 월요일,1번째 방문,영수증
스타벅스 월계이마트점,카페,4.38,,,hey****,https://m.place.naver.com/my/5bf5d319e08ec3601f3f7183/review?v=2,779,,,조아오,,2023년 2월 24일 금요일,36번째 방문,영수증
스타벅스 월계이마트점,카페,4.38,,,cte****,https://m.place.naver.com/my/629b2ed841a4e493c675b226/review?v=2,852,,,좋아요,,2023년 1월 27일 금요일,2번째 방문,영수증
스타벅스 월계이마트점,카페,4.38,,,Yerimoo,https://m.place.naver.com/my/5bb2e8a34c3e9148af37e460/review?v=2,833,4,,친절하시구 죠아욤,"일시적인 오류가 발생했습니다
친절해요",2022년 10월 17일 월요일,6번째 방문,영수증
스타벅스 월계이마트점,카페,4.38,,,cut****,https://m.place.naver.com/my/5dc7f7008f87a842bc2488fe/review?v=2,873,,,좋아요 ,,2022년 10월 22일 토요일,1번째 방문,영수증
스타벅스 월계이마트점,카페,4.38,,,rnal9329,https://m.place.naver.com/my/5f061ca405022b66f9624ee1/review?v=2,339,,,굿,,2022년 9월 18일 일요일,1번째 방문,영수증
스타벅스 월계이마트점,카페,4.38,,,nina77834,https://m.place.naver.com/my/5c1465eaea70e33f197a1dce/review?v=2,240,,,블론드 카페라떼 처음 마셔봤는데 맛있었어요. 매장 직원분이 굉장히 친절하셨어요.,,2022년 6월 9일 목요일,1번째 방문,영수증
스타벅스 월계이마트점,카페,4.38,,,마쉬벤,https://m.place.naver.com/my/5c2ca2941e0e315c83faec02/review?v=2,420,,,좋아요,"일시적인 오류가 발생했습니다
친절해요",2023년 1월 21일 토요일,2번째 방문,영수증
스타벅스 월계이마트점,카페,4.38,,,꿈꾸는달님29,https://m.place.naver.com/my/5efe55fabf28894a92885d56/review?v=2,760,,,좋아요,"일시적인 오류가 발생했습니다
친절해요",2022년 10월 20일 목요일,1번째 방문,영수증
스타벅스 월계이마트점,카페,4.38,,,sm0723,https://m.place.naver.com/my/5d2b243bf85f6642fae98729/review?v=2,299,,,굿굿,,2022년 9월 16일 금요일,1번째 방문,영수증
스타벅스 월계이마트점,카페,4.38,,,펭구당,https://m.place.naver.com/my/5e58bb9d8f87a842bc2e5ecf/review?v=2,1633,,,ㅈㅇㅇ,"일시적인 오류가 발생했습니다
커피가 맛있어요",2022년 8월 27일 토요일,1번째 방문,영수증
스타벅스 월계이마트점,카페,4.38,,,phj****,https://m.place.naver.com/my/5efe24e14473224acd54704d/review?v=2,396,,,굿,,2022년 10월 16일 일요일,1번째 방문,영수증
스타벅스 월계이마트점,카페,4.38,,,미식가콩순,https://m.place.naver.com/my/5f063804ace692ef62419005/review?v=2,2247,50,,친절해용,,2022년 9월 15일 목요일,1번째 방문,영수증
스타벅스 월계이마트점,카페,4.38,,,dongnama68,https://m.place.naver.com/my/5ea974c88f87a842bc8592e6/review?v=2,1913,,,굿~~~,"일시적인 오류가 발생했습니다
주차하기 편해요",2022년 10월 18일 화요일,1번째 방문,영수증
스타벅스 월계이마트점,카페,4.38,,,쪼심이,https://m.place.naver.com/my/5b89f4fc18e8266c5c5d54c5/review?v=2,356,25,,굿굿,"일시적인 오류가 발생했습니다
커피가 맛있어요",2022년 9월 14일 수요일,1번째 방문,영수증
스타벅스 월계이마트점,카페,4.38,,,lhm****,https://m.place.naver.com/my/62fec421f7788d02dd1a44b0/review?v=2,260,,,굿,,2022년 10월 16일 일요일,1번째 방문,영수증
스타벅스 월계이마트점,카페,4.38,,,라라7736,https://m.place.naver.com/my/5d81e8db8f87a842bceaf917/review?v=2,377,7,,"이곳 스타벅스..맛있어요~
직원분들도 친절하구여~^^♡","일시적인 오류가 발생했습니다
커피가 맛있어요",2022년 7월 16일 토요일,3번째 방문,영수증
스타벅스 월계이마트점,카페,4.38,,,1tr****,https://m.place.naver.com/my/5dc9323c8f87a842bce9d16e/review?v=2,483,4,,좋아요,"일시적인 오류가 발생했습니다
커피가 맛있어요",2022년 10월 15일 토요일,1번째 방문,영수증
스타벅스 월계이마트점,카페,4.38,,,Keun,https://m.place.naver.com/my/5c4861b93f2a13c4a0b7faa2/review?v=2,688,8,,좋아요,"일시적인 오류가 발생했습니다
특별한 메뉴가 있어요",2022년 10월 15일 토요일,1번째 방문,영수증
스타벅스 월계이마트점,카페,4.38,,,보라카이 호핑,https://m.place.naver.com/my/5f0662ac9127dcb4fc674f8f/review?v=2,2569,,,좋아요 ,"일시적인 오류가 발생했습니다
커피가 맛있어요",2022년 10월 15일 토요일,1번째 방문,영수증
스타벅스 월계이마트점,카페,4.38,,,cte****,https://m.place.naver.com/my/629b2ed841a4e493c675b226/review?v=2,852,,,좋아요,,2023년 1월 18일 수요일,1번째 방문,영수증
스타벅스 월계이마트점,카페,4.38,,,kjbkys,https://m.place.naver.com/my/62bc32f49dcfa9f935bc4246/review?v=2,606,,,굿,,2022년 10월 14일 금요일,13번째 방문,영수증
스타벅스 월계이마트점,카페,4.38,,,아리09,https://m.place.naver.com/my/5e6ddc648f87a842bc34c4d9/review?v=2,3593,5,,,"일시적인 오류가 발생했습니다
친절해요",2023년 2월 16일 목요일,26번째 방문,영수증
스타벅스 월계이마트점,카페,4.38,,,id****,https://m.place.naver.com/my/6104451c6bef7d084eaebff9/review?v=2,619,,,좋아요,,2022년 10월 12일 수요일,1번째 방문,영수증
스타벅스 월계이마트점,카페,4.38,,,예지맘5164,https://m.place.naver.com/my/5e02fc748f87a842bcede3d7/review?v=2,61,,,즐겨 찾는 카페,"일시적인 오류가 발생했습니다
주차하기 편해요",2022년 11월 3일 목요일,7번째 방문,영수증
스타벅스 월계이마트점,카페,4.38,,,pyh****,https://m.place.naver.com/my/5da7de3d8f87a842bc759718/review?v=2,2396,,,좋아요,,2022년 10월 11일 화요일,6번째 방문,영수증
스타벅스 월계이마트점,카페,4.38,,,해피써니7,https://m.place.naver.com/my/5d9a0f4d8f87a842bc5b9d00/review?v=2,408,10,,더워서 아아,,2022년 7월 20일 수요일,3번째 방문,영수증
스타벅스 월계이마트점,카페,4.38,,,kjbkys,https://m.place.naver.com/my/62bc32f49dcfa9f935bc4246/review?v=2,606,,,굿,,2022년 9월 16일 금요일,9번째 방문,영수증
스타벅스 월계이마트점,카페,4.38,,,auddmsdl22,https://m.place.naver.com/my/5bb9c85e22c782d56b4daca0/review?v=2,192,,,굿,,2022년 9월 16일 금요일,6번째 방문,영수증
스타벅스 월계이마트점,카페,4.38,,,James7443,https://m.place.naver.com/my/5c4c53d6860e0160b974f06c/review?v=2,326,,,자리가 편해요,,2022년 8월 13일 토요일,1번째 방문,영수증
스타벅스 월계이마트점,카페,4.38,,,dbs****,https://m.place.naver.com/my/5b9ba41511772b6e87eef5ef/review?v=2,567,,,좋아요,,2022년 10월 7일 금요일,1번째 방문,영수증
스타벅스 월계이마트점,카페,4.38,,,조이life,https://m.place.naver.com/my/5ed3d1a68f87a842bcdbab7b/review?v=2,292,45,,커피맛있어요,,2022년 7월 9일 토요일,1번째 방문,영수증
스타벅스 월계이마트점,카페,4.38,,,Jessicat,https://m.place.naver.com/my/5d2ee6b201033191bca332d3/review?v=2,1037,,,좋아요!,,2022년 12월 4일 일요일,3번째 방문,영수증
스타벅스 월계이마트점,카페,4.38,,,slo****,https://m.place.naver.com/my/5c7865743154f51c40e0b6c3/review?v=2,1177,,,굿,,2022년 10월 5일 수요일,1번째 방문,영수증
스타벅스 월계이마트점,카페,4.38,,,kjbkys,https://m.place.naver.com/my/62bc32f49dcfa9f935bc4246/review?v=2,606,,,굿,,2022년 10월 5일 수요일,12번째 방문,영수증
스타벅스 월계이마트점,카페,4.38,,,촌스런 아저씨,https://m.place.naver.com/my/5e5db0a18f87a842bcd026b2/review?v=2,477,,,컨디션이 안좋은가?,,2022년 7월 26일 화요일,3번째 방문,영수증
스타벅스 월계이마트점,카페,4.38,,,hey****,https://m.place.naver.com/my/5bf5d319e08ec3601f3f7183/review?v=2,779,,,조아,,2023년 2월 3일 금요일,34번째 방문,영수증
스타벅스 월계이마트점,카페,4.38,,,031****,https://m.place.naver.com/my/5be908eae8c4c78c59252313/review?v=2,61,,,넘 좁아요,,2022년 9월 12일 월요일,1번째 방문,영수증
스타벅스 월계이마트점,카페,4.38,,,호빵맨5163,https://m.place.naver.com/my/5c407674312e39275c492887/review?v=2,268,,,굿,,2023년 4월 29일 토요일,2번째 방문,영수증
스타벅스 월계이마트점,카페,4.38,,,말순97,https://m.place.naver.com/my/60f4e7ffcd706d0b9f586353/review?v=2,168,,,조아요,,2022년 10월 1일 토요일,1번째 방문,영수증
스타벅스 월계이마트점,카페,4.38,,,2umin55,https://m.place.naver.com/my/6288a69669fb9c77671e22e3/review?v=2,298,,,맛있어요,,2022년 10월 1일 토요일,1번째 방문,영수증
스타벅스 월계이마트점,카페,4.38,,,yub****,https://m.place.naver.com/my/5f14794a9ec8258e4a4e7449/review?v=2,776,,,굿,,2022년 10월 1일 토요일,1번째 방문,영수증
스타벅스 월계이마트점,카페,4.38,,,숙이778,https://m.place.naver.com/my/60518fcd6523f71b8df8761c/review?v=2,1752,,,좋아요,"일시적인 오류가 발생했습니다
음료가 맛있어요",2022년 10월 1일 토요일,3번째 방문,영수증
스타벅스 월계이마트점,카페,4.38,,,Life is once,https://m.place.naver.com/my/5b8e805696dbff423be2d3ff/review?v=2,684,24,,굿,"일시적인 오류가 발생했습니다
대화하기 좋아요",2022년 11월 19일 토요일,1번째 방문,영수증
스타벅스 월계이마트점,카페,4.38,,,kjbkys,https://m.place.naver.com/my/62bc32f49dcfa9f935bc4246/review?v=2,606,,,굿,,2022년 9월 29일 목요일,11번째 방문,영수증
스타벅스 월계이마트점,카페,4.38,,,ske****,https://m.place.naver.com/my/5b9fa69df249ee6e559971b5/review?v=2,2456,,,스콘맛나요,"일시적인 오류가 발생했습니다
커피가 맛있어요",2022년 11월 20일 일요일,4번째 방문,영수증
스타벅스 월계이마트점,카페,4.38,,,kjbkys,https://m.place.naver.com/my/62bc32f49dcfa9f935bc4246/review?v=2,606,,,굿,,2022년 9월 7일 수요일,8번째 방문,영수증
스타벅스 월계이마트점,카페,4.38,,,jgs916,https://m.place.naver.com/my/5c1f53b358e31a95a8b6858d/review?v=2,1633,,,굿,"일시적인 오류가 발생했습니다
커피가 맛있어요",2022년 8월 25일 목요일,1번째 방문,영수증
스타벅스 월계이마트점,카페,4.38,,,알록달록33,https://m.place.naver.com/my/5f2374769ec8258e4af65150/review?v=2,573,5,,좋아요,"일시적인 오류가 발생했습니다
친절해요",2022년 8월 23일 화요일,1번째 방문,영수증
스타벅스 월계이마트점,카페,4.38,,,촌스런 아저씨,https://m.place.naver.com/my/5e5db0a18f87a842bcd026b2/review?v=2,477,,,자주와요,"일시적인 오류가 발생했습니다
매장이 청결해요",2022년 8월 19일 금요일,5번째 방문,영수증
스타벅스 월계이마트점,카페,4.38,,,naeyoo,https://m.place.naver.com/my/5c5f050e88170c517899af55/review?v=2,926,30,,여기는 실내가 좁네요.,,2022년 6월 21일 화요일,1번째 방문,영수증
스타벅스 월계이마트점,카페,4.38,,,YESH,https://m.place.naver.com/my/5efe3a7dbf28894a928836f0/review?v=2,990,,,좋아요,"일시적인 오류가 발생했습니다
디저트가 맛있어요",2022년 9월 18일 일요일,2번째 방문,영수증
스타벅스 월계이마트점,카페,4.38,,,곰탱이61,https://m.place.naver.com/my/5e34dd8e8f87a842bcd30243/review?v=2,19,,,^^,,2022년 9월 4일 일요일,1번째 방문,영수증
스타벅스 월계이마트점,카페,4.38,,,kjbkys,https://m.place.naver.com/my/62bc32f49dcfa9f935bc4246/review?v=2,606,,,굿,,2022년 9월 1일 목요일,7번째 방문,영수증
스타벅스 월계이마트점,카페,4.38,,,swelfish,https://m.place.naver.com/my/5c172197634d2afbfe548da0/review?v=2,1326,,,라떼가 맛있어요.,"일시적인 오류가 발생했습니다
좌석이 편해요",2022년 10월 21일 금요일,1번째 방문,영수증
스타벅스 월계이마트점,카페,4.38,,,kjbkys,https://m.place.naver.com/my/62bc32f49dcfa9f935bc4246/review?v=2,606,,,굿,,2022년 9월 22일 목요일,10번째 방문,영수증
스타벅스 월계이마트점,카페,4.38,,,syr****,https://m.place.naver.com/my/5efe35ba97c2663e9347ea47/review?v=2,1183,,,굿,,2022년 9월 14일 수요일,1번째 방문,영수증
스타벅스 월계이마트점,카페,4.38,,,행복이네4,https://m.place.naver.com/my/5b6544eaa89885a19872a47b/review?v=2,520,18,,굳,,2022년 8월 17일 수요일,1번째 방문,영수증
스타벅스 월계이마트점,카페,4.38,,,kjbkys,https://m.place.naver.com/my/62bc32f49dcfa9f935bc4246/review?v=2,606,,,굿,,2022년 8월 28일 일요일,6번째 방문,영수증
스타벅스 월계이마트점,카페,4.38,,,예질질이,https://m.place.naver.com/my/5ef371318f87a842bc7d7fc7/review?v=2,295,,,굿,,2022년 12월 12일 월요일,1번째 방문,영수증
스타벅스 월계이마트점,카페,4.38,,,epg****,https://m.place.naver.com/my/5d11cf585868d438fb1f4365/review?v=2,1765,,,문센갓다가 항상들려요,,2023년 1월 14일 토요일,5번째 방문,영수증
스타벅스 월계이마트점,카페,4.38,,,대박꾼,https://m.place.naver.com/my/5d17ef418ce28ec97e52801c/review?v=2,835,21,,친절해요,"일시적인 오류가 발생했습니다
음료가 맛있어요",2022년 8월 15일 월요일,1번째 방문,영수증
스타벅스 월계이마트점,카페,4.38,,,jh99999,https://m.place.naver.com/my/5efeaf5dafcca6e20afdb1f1/review?v=2,1903,,,굿,,2022년 12월 10일 토요일,3번째 방문,영수증
스타벅스 월계이마트점,카페,4.38,,,forever8632334,https://m.place.naver.com/my/5ebe84ea8f87a842bccb0678/review?v=2,124,,,좋아요,"일시적인 오류가 발생했습니다
커피가 맛있어요",2022년 9월 17일 토요일,1번째 방문,영수증
스타벅스 월계이마트점,카페,4.38,,,kjbkys,https://m.place.naver.com/my/62bc32f49dcfa9f935bc4246/review?v=2,606,,,굿,,2022년 8월 25일 목요일,5번째 방문,영수증
스타벅스 월계이마트점,카페,4.38,,,lol****,https://m.place.naver.com/my/5c0b2ac5ab0a5bac3488e0c1/review?v=2,3108,,,굿,,2022년 9월 3일 토요일,3번째 방문,영수증
스타벅스 월계이마트점,카페,4.38,,,sar****,https://m.place.naver.com/my/5cdd7c8b05c85f067a40bca0/review?v=2,1057,,,굿,"일시적인 오류가 발생했습니다
커피가 맛있어요",2022년 9월 14일 수요일,1번째 방문,영수증
스타벅스 월계이마트점,카페,4.38,,,지채정,https://m.place.naver.com/my/5b68d45974c17c6cbefeab8a/review?v=2,1049,,,굿,,2022년 8월 13일 토요일,3번째 방문,영수증
스타벅스 월계이마트점,카페,4.38,,,dlg****,https://m.place.naver.com/my/609a772791a96e93def6960b/review?v=2,1357,,,굿,"일시적인 오류가 발생했습니다
커피가 맛있어요",2022년 8월 15일 월요일,1번째 방문,영수증
스타벅스 월계이마트점,카페,4.38,,,웃음마녀77,https://m.place.naver.com/my/5c41b562b3d121b72d54a539/review?v=2,1675,22,,스벅,"일시적인 오류가 발생했습니다
커피가 맛있어요",2022년 7월 20일 수요일,4번째 방문,영수증
스타벅스 월계이마트점,카페,4.38,,,zan****,https://m.place.naver.com/my/5fc4e7e5be3497f33158d16b/review?v=2,548,,,굿 ,,2022년 12월 4일 일요일,3번째 방문,영수증
스타벅스 월계이마트점,카페,4.38,,,in****,https://m.place.naver.com/my/62183d95edc8260006430035/review?v=2,1016,,,굿,"일시적인 오류가 발생했습니다
매장이 청결해요",2022년 9월 10일 토요일,1번째 방문,영수증
스타벅스 월계이마트점,카페,4.38,,,혜철잇,https://m.place.naver.com/my/5eb677458f87a842bc9e8d80/review?v=2,96,4,,마시쪙,,2022년 7월 19일 화요일,1번째 방문,영수증
스타벅스 월계이마트점,카페,4.38,,,소소한행복28,https://m.place.naver.com/my/5e8009628f87a842bc79af4b/review?v=2,1050,11,,^^,,2022년 7월 18일 월요일,4번째 방문,영수증
스타벅스 월계이마트점,카페,4.38,,,형통단비맘,https://m.place.naver.com/my/5c971925467c6769832ee151/review?v=2,244,,,좋아요,,2022년 9월 9일 금요일,1번째 방문,영수증
스타벅스 월계이마트점,카페,4.38,,,pin****,https://m.place.naver.com/my/5efeeb342b86491bc1c7a640/review?v=2,198,,,친절해요 ,"일시적인 오류가 발생했습니다
음료가 맛있어요",2022년 9월 9일 금요일,1번째 방문,영수증
스타벅스 월계이마트점,카페,4.38,,,with49,https://m.place.naver.com/my/5bd45fa3164b6f1668a2ed99/review?v=2,2231,,,굳,,2022년 8월 6일 토요일,1번째 방문,영수증
스타벅스 월계이마트점,카페,4.38,,,son****,https://m.place.naver.com/my/5b9cb8c36bddbab76b123388/review?v=2,564,,,ㅇ.ㅇ,,2022년 8월 19일 금요일,1번째 방문,영수증
스타벅스 월계이마트점,카페,4.38,,,sse****,https://m.place.naver.com/my/5c20d8f78d7ed4e617d7cbd2/review?v=2,104,,,좋아요 ,"일시적인 오류가 발생했습니다
디저트가 맛있어요",2022년 9월 7일 수요일,1번째 방문,영수증
스타벅스 월계이마트점,카페,4.38,,,쇼원이네,https://m.place.naver.com/my/5e26231e8f87a842bc7f5d75/review?v=2,2778,,,오늘도 프리퀀시 성공!,"일시적인 오류가 발생했습니다
커피가 맛있어요",2022년 6월 3일 금요일,1번째 방문,영수증
스타벅스 월계이마트점,카페,4.38,,,푸르미잉,https://m.place.naver.com/my/5bfaa9b47f7b60a431e7dc4b/review?v=2,471,,,ㆍ,"일시적인 오류가 발생했습니다
커피가 맛있어요",2022년 7월 14일 목요일,1번째 방문,영수증
스타벅스 월계이마트점,카페,4.38,,,see****,https://m.place.naver.com/my/5fa8ab2e953a8a4410b8931b/review?v=2,958,,,맛있어요 ,"일시적인 오류가 발생했습니다
커피가 맛있어요",2022년 8월 30일 화요일,2번째 방문,영수증
스타벅스 월계이마트점,카페,4.38,,,sep****,https://m.place.naver.com/my/618a44ef7bac1959545ddd50/review?v=2,247,,,굿,,2022년 9월 4일 일요일,1번째 방문,영수증
스타벅스 월계이마트점,카페,4.38,,,아이슬란드26,https://m.place.naver.com/my/5e365cec8f87a842bc787e65/review?v=2,569,2,,좋아요,"일시적인 오류가 발생했습니다
커피가 맛있어요",2022년 9월 4일 일요일,1번째 방문,영수증
스타벅스 월계이마트점,카페,4.38,,,Cherish0408,https://m.place.naver.com/my/5d35b6aaf4e6a9a1a1a00bc3/review?v=2,474,,,굿,,2022년 9월 4일 일요일,1번째 방문,영수증
스타벅스 월계이마트점,카페,4.38,,,see****,https://m.place.naver.com/my/5fa8ab2e953a8a4410b8931b/review?v=2,958,,,좋아요  맛있어요 ,"일시적인 오류가 발생했습니다
음료가 맛있어요",2022년 7월 13일 수요일,1번째 방문,영수증
스타벅스 월계이마트점,카페,4.38,,,kyj****,https://m.place.naver.com/my/5f0175688f87a842bc4eddd3/review?v=2,3420,,,호두당근케잌 정말 맛있어여~~,"일시적인 오류가 발생했습니다
커피가 맛있어요",2022년 12월 5일 월요일,2번째 방문,영수증
스타벅스 월계이마트점,카페,4.38,,,gkgkgkgk31,https://m.place.naver.com/my/5badd391d2f2bdd04db1bfa2/review?v=2,421,8,,직원분이 친절하시고 음료도 맛있어요,"일시적인 오류가 발생했습니다
친절해요",2022년 4월 5일 화요일,1번째 방문,영수증
스타벅스 월계이마트점,카페,4.38,,,rwg****,https://m.place.naver.com/my/5d62b0958f87a842bc178c91/review?v=2,20,,,너무 너무 친절하셔서 주문하는 내내 기분이 좋았답니다 감사해요!💛,"일시적인 오류가 발생했습니다
친절해요",2022년 6월 9일 목요일,1번째 방문,영수증
스타벅스 월계이마트점,카페,4.38,,,지니19772,https://m.place.naver.com/my/5ca080a3e545c5fb264f81a8/review?v=2,1193,25,,굿,,2022년 11월 29일 화요일,23번째 방문,영수증
스타벅스 월계이마트점,카페,4.38,,,도도 캐서린,https://m.place.naver.com/my/5c14b3094823a888a2e80eb9/review?v=2,424,4,,굿,,2022년 7월 26일 화요일,1번째 방문,영수증
스타벅스 월계이마트점,카페,4.38,,,MK2141,https://m.place.naver.com/my/5e3b4d568f87a842bced5463/review?v=2,221,,,"리모델링 한게 훨씬좋네요!
유자민트티 맛있어요…",,2022년 9월 8일 목요일,1번째 방문,영수증
스타벅스 월계이마트점,카페,4.38,,,kjbkys,https://m.place.naver.com/my/62bc32f49dcfa9f935bc4246/review?v=2,606,,,굿,,2022년 8월 11일 목요일,4번째 방문,영수증
스타벅스 월계이마트점,카페,4.38,,,소소한행복28,https://m.place.naver.com/my/5e8009628f87a842bc79af4b/review?v=2,1050,11,,^^,,2022년 7월 4일 월요일,3번째 방문,영수증
스타벅스 월계이마트점,카페,4.38,,,짭쪼름30,https://m.place.naver.com/my/5dec2a9c8f87a842bcb34b79/review?v=2,1295,,,좋아요,,2022년 8월 26일 금요일,1번째 방문,영수증
스타벅스 월계이마트점,카페,4.38,,,먹고먹고또먹고또먹고,https://m.place.naver.com/my/5efe4faebf28894a92885487/review?v=2,1486,,,굿,,2022년 11월 26일 토요일,1번째 방문,영수증
스타벅스 월계이마트점,카페,4.38,,,00****,https://m.place.naver.com/my/5c84c00ee49dbf37daca6617/review?v=2,925,,,구,,2022년 8월 6일 토요일,5번째 방문,영수증
스타벅스 월계이마트점,카페,4.38,,,bri****,https://m.place.naver.com/my/5b90de63ba851542a9f942a6/review?v=2,489,,,친절하세요,"일시적인 오류가 발생했습니다
커피가 맛있어요",2022년 7월 22일 금요일,1번째 방문,영수증
스타벅스 월계이마트점,카페,4.38,,,요리의세계,https://m.place.naver.com/my/5f05c2030a91396a976e5ff8/review?v=2,1655,87,,"굿굿
딜리버스이용","일시적인 오류가 발생했습니다
커피가 맛있어요",2022년 5월 27일 금요일,1번째 방문,영수증
스타벅스 월계이마트점,카페,4.38,,,유리3223,https://m.place.naver.com/my/5e512c628f87a842bc11ccc4/review?v=2,583,1,,굿,,2022년 8월 11일 목요일,2번째 방문,영수증
스타벅스 월계이마트점,카페,4.38,,,연시라마미,https://m.place.naver.com/my/60716a3307656786fe771909/review?v=2,167,,,좋아요 ,,2022년 8월 24일 수요일,1번째 방문,영수증
스타벅스 월계이마트점,카페,4.38,,,해피써니7,https://m.place.naver.com/my/5d9a0f4d8f87a842bc5b9d00/review?v=2,408,10,,굿,,2022년 7월 20일 수요일,1번째 방문,영수증
스타벅스 월계이마트점,카페,4.38,,,ggongdol,https://m.place.naver.com/my/5e09b3768f87a842bcb1f242/review?v=2,184,,,공간을 늘렸으면 좋겠어요 ㅠㅠ,,2022년 5월 31일 화요일,1번째 방문,영수증
스타벅스 월계이마트점,카페,4.38,,,홍냥19,https://m.place.naver.com/my/60bc56a27834cfa79fdfffdc/review?v=2,198,,,좋아요 ,,2022년 7월 17일 일요일,1번째 방문,영수증
스타벅스 월계이마트점,카페,4.38,,,오렌지빛96,https://m.place.naver.com/my/5bf27ac2c0517ce077847fcc/review?v=2,676,,,네,,2022년 7월 5일 화요일,1번째 방문,영수증
스타벅스 월계이마트점,카페,4.38,,,hey****,https://m.place.naver.com/my/5bf5d319e08ec3601f3f7183/review?v=2,779,,,조아요,"일시적인 오류가 발생했습니다
좌석이 편해요",2022년 12월 20일 화요일,33번째 방문,영수증
스타벅스 월계이마트점,카페,4.38,,,맑은하늘16,https://m.place.naver.com/my/5cc3d9169118442d8bfba177/review?v=2,993,,,좋아요,"일시적인 오류가 발생했습니다
커피가 맛있어요",2022년 8월 18일 목요일,1번째 방문,영수증
스타벅스 월계이마트점,카페,4.38,,,Hyung2,https://m.place.naver.com/my/5c32a2c4c4355d346b0af18d/review?v=2,551,,,굿,,2022년 7월 31일 일요일,1번째 방문,영수증
스타벅스 월계이마트점,카페,4.38,,,kyo****,https://m.place.naver.com/my/5cfb2c57d775223742a429d9/review?v=2,724,,,친절해요,"일시적인 오류가 발생했습니다
디저트가 맛있어요",2022년 6월 17일 금요일,1번째 방문,영수증
스타벅스 월계이마트점,카페,4.38,,,포송맘,https://m.place.naver.com/my/5b9a6768623d7e413c0c9916/review?v=2,278,1,,굿,,2022년 7월 15일 금요일,1번째 방문,영수증
스타벅스 월계이마트점,카페,4.38,,,다람이언니,https://m.place.naver.com/my/5ba07621a47a0ddf839ab909/review?v=2,205,10,,말해뭐해~ 믿고먹는 스벅이쥐,,2022년 4월 23일 토요일,1번째 방문,영수증
스타벅스 월계이마트점,카페,4.38,,,바나낭,https://m.place.naver.com/my/5b65b74c0bffdc122dc70187/review?v=2,166,,,디카페인 있어서 좋네요,,2022년 9월 14일 수요일,1번째 방문,영수증
스타벅스 월계이마트점,카페,4.38,,,tla****,https://m.place.naver.com/my/60bd8f83b1624a11f9434b1b/review?v=2,1168,,,굿,,2022년 7월 16일 토요일,2번째 방문,영수증
스타벅스 월계이마트점,카페,4.38,,,월영지의민,https://m.place.naver.com/my/5dfdf91d8f87a842bc9da620/review?v=2,240,20,,이마트월계점에 장보러가면 가끔 들려서 음료를 구입해서 마시곤 합니다.,,2022년 3월 24일 목요일,1번째 방문,영수증
스타벅스 월계이마트점,카페,4.38,,,지채정,https://m.place.naver.com/my/5b68d45974c17c6cbefeab8a/review?v=2,1049,,,굿,,2022년 7월 9일 토요일,2번째 방문,영수증
스타벅스 월계이마트점,카페,4.38,,,몽살통통,https://m.place.naver.com/my/5e05d46f8f87a842bc040d51/review?v=2,633,,,조아요,"일시적인 오류가 발생했습니다
매장이 청결해요",2022년 8월 15일 월요일,1번째 방문,영수증
스타벅스 월계이마트점,카페,4.38,,,hey****,https://m.place.naver.com/my/5bf5d319e08ec3601f3f7183/review?v=2,779,,,굿,,2022년 12월 15일 목요일,32번째 방문,영수증
스타벅스 월계이마트점,카페,4.38,,,미키사랑해,https://m.place.naver.com/my/5efe01a30765f4dd1bac1dca/review?v=2,198,9,,굿,,2022년 8월 13일 토요일,1번째 방문,영수증
스타벅스 월계이마트점,카페,4.38,,,gos****,https://m.place.naver.com/my/61441757e36e85120046babb/review?v=2,127,,,굿,,2022년 8월 7일 일요일,2번째 방문,영수증
스타벅스 월계이마트점,카페,4.38,,,kjbkys,https://m.place.naver.com/my/62bc32f49dcfa9f935bc4246/review?v=2,606,,,굿,,2022년 8월 1일 월요일,3번째 방문,영수증
스타벅스 월계이마트점,카페,4.38,,,오징어아찌,https://m.place.naver.com/my/5cb48616d6bfb3374cd4d6d8/review?v=2,1119,,,굿,,2022년 11월 4일 금요일,7번째 방문,영수증
스타벅스 월계이마트점,카페,4.38,,,zza****,https://m.place.naver.com/my/5f06f5c1200ffc9fb667ae4c/review?v=2,24,,,맛나요,,2022년 8월 12일 금요일,1번째 방문,영수증
스타벅스 월계이마트점,카페,4.38,,,aji****,https://m.place.naver.com/my/5f04d20cad3c22327acc06c9/review?v=2,1150,6,,굿,,2023년 2월 20일 월요일,7번째 방문,영수증
스타벅스 월계이마트점,카페,4.38,,,두근두근9727,https://m.place.naver.com/my/5b9f5861d2588602241be365/review?v=2,926,16,,굿,,2022년 7월 2일 토요일,3번째 방문,영수증
스타벅스 월계이마트점,카페,4.38,,,황금사과1793,https://m.place.naver.com/my/5efdd96f15c4bcd430584ce3/review?v=2,273,,,"매번 먹습니다
짱 맛있어요~~~~~~~~","일시적인 오류가 발생했습니다
친절해요",2022년 3월 21일 월요일,11번째 방문,포장주문
스타벅스 월계이마트점,카페,4.38,,,ann****,https://m.place.naver.com/my/5f0572c434a524e70c5bf3a6/review?v=2,534,,,마트갔다가 자주 들려요,,2022년 7월 26일 화요일,2번째 방문,영수증
스타벅스 월계이마트점,카페,4.38,,,me융,https://m.place.naver.com/my/5bfcf15e6d422fd30056ac6f/review?v=2,941,,,세심한 안내서비스가 부족한것같네요,,2022년 4월 16일 토요일,1번째 방문,영수증
스타벅스 월계이마트점,카페,4.38,,,차돌이50,https://m.place.naver.com/my/5f05b32e699d39675d9e2992/review?v=2,1402,,,.,,2022년 7월 17일 일요일,2번째 방문,영수증
스타벅스 월계이마트점,카페,4.38,,,틴디온,https://m.place.naver.com/my/5c9dab38eb814cd4096a1385/review?v=2,200,,,굿,"일시적인 오류가 발생했습니다
커피가 맛있어요",2022년 8월 3일 수요일,2번째 방문,영수증
스타벅스 월계이마트점,카페,4.38,,,YESH,https://m.place.naver.com/my/5efe3a7dbf28894a928836f0/review?v=2,990,,,좋아용,,2022년 8월 8일 월요일,1번째 방문,영수증
스타벅스 월계이마트점,카페,4.38,,,kso****,https://m.place.naver.com/my/5cd79367197b0518ee5b2f04/review?v=2,560,,,친절해요,,2022년 7월 4일 월요일,2번째 방문,영수증
스타벅스 월계이마트점,카페,4.38,,,쒀니투,https://m.place.naver.com/my/5f055558425190b39b95791b/review?v=2,739,,,굿,"일시적인 오류가 발생했습니다
커피가 맛있어요",2022년 8월 7일 일요일,1번째 방문,영수증
스타벅스 월계이마트점,카페,4.38,,,pgm****,https://m.place.naver.com/my/5f058c41425190b39b9637cf/review?v=2,55,,,굿,,2022년 8월 7일 일요일,1번째 방문,영수증
스타벅스 월계이마트점,카페,4.38,,,이정순80,https://m.place.naver.com/my/5f54450c6c3d7f733416d5ca/review?v=2,90,,,굿,"일시적인 오류가 발생했습니다
디저트가 맛있어요",2022년 8월 7일 일요일,1번째 방문,영수증
스타벅스 월계이마트점,카페,4.38,,,sds****,https://m.place.naver.com/my/5fe081caaaa627983f7774ad/review?v=2,712,,,좋아요 ,"일시적인 오류가 발생했습니다
커피가 맛있어요",2022년 8월 6일 토요일,1번째 방문,영수증
스타벅스 월계이마트점,카페,4.38,,,rqdx3,https://m.place.naver.com/my/5e5621fb8f87a842bcb3c6d1/review?v=2,444,,,조아요,"일시적인 오류가 발생했습니다
커피가 맛있어요",2022년 8월 6일 토요일,1번째 방문,영수증
스타벅스 월계이마트점,카페,4.38,,,me융,https://m.place.naver.com/my/5bfcf15e6d422fd30056ac6f/review?v=2,941,,,굿,,2022년 7월 3일 일요일,2번째 방문,영수증
스타벅스 월계이마트점,카페,4.38,,,돌근2,https://m.place.naver.com/my/5bf01808e72d62f493fccc4d/review?v=2,1862,,,텀블러사용해구입했어요,,2022년 7월 16일 토요일,1번째 방문,영수증
스타벅스 월계이마트점,카페,4.38,,,J moon,https://m.place.naver.com/my/5b68dc8b80ef8184a384048a/review?v=2,1583,,,스벅 딜리버리 서비스가 잘 되어 있어요. 꼼꼼하게 포장해 주셔서 감사하지만 약간 포장이 과한 느낌은 있네요. 잘 먹었습니다.,,2022년 2월 19일 토요일,1번째 방문,영수증
스타벅스 월계이마트점,카페,4.38,,,ㅡㅂㅡㅎ,https://m.place.naver.com/my/5ee70ef18f87a842bc491ff1/review?v=2,1257,,,굿,,2022년 8월 4일 목요일,1번째 방문,영수증
스타벅스 월계이마트점,카페,4.38,,,yoo****,https://m.place.naver.com/my/60f13a2abc45fc201006851c/review?v=2,850,4,,좋아요,,2022년 7월 9일 토요일,1번째 방문,영수증
스타벅스 월계이마트점,카페,4.38,,,hey****,https://m.place.naver.com/my/5bf5d319e08ec3601f3f7183/review?v=2,779,,,굿,,2022년 12월 5일 월요일,31번째 방문,영수증
스타벅스 월계이마트점,카페,4.38,,,아로파96,https://m.place.naver.com/my/5f055c9634a524e70c5b9ef9/review?v=2,576,,,좋아요,,2022년 8월 1일 월요일,1번째 방문,영수증
스타벅스 월계이마트점,카페,4.38,,,리비유모온스터무난구기,https://m.place.naver.com/my/5c06924bbb256c4c5f8b2cb1/review?v=2,2302,101,,맛있어요.,,2022년 6월 30일 목요일,3번째 방문,영수증
스타벅스 월계이마트점,카페,4.38,,,hey****,https://m.place.naver.com/my/5bf5d319e08ec3601f3f7183/review?v=2,779,,,굿,"일시적인 오류가 발생했습니다
인테리어가 멋져요",2022년 12월 3일 토요일,30번째 방문,영수증
스타벅스 월계이마트점,카페,4.38,,,kimfkdl38,https://m.place.naver.com/my/5c4a09e72f8faa545e244c61/review?v=2,212,,,굿,,2022년 6월 29일 수요일,1번째 방문,영수증
스타벅스 월계이마트점,카페,4.38,,,핏숏,https://m.place.naver.com/my/5c288f823873d9c9fd3fbb0c/review?v=2,1491,25,,좋아요 : ),,2022년 7월 31일 일요일,1번째 방문,영수증
스타벅스 월계이마트점,카페,4.38,,,코알라48,https://m.place.naver.com/my/5d8beb178f87a842bc2b4ab7/review?v=2,463,,,직원이 친절해요,"일시적인 오류가 발생했습니다
커피가 맛있어요",2022년 6월 5일 일요일,1번째 방문,영수증
스타벅스 월계이마트점,카페,4.38,,,heaeun79,https://m.place.naver.com/my/5d0fa35fc55353110df36ba4/review?v=2,86,,,좋아요,,2022년 9월 19일 월요일,1번째 방문,영수증
스타벅스 월계이마트점,카페,4.38,,,Renerato,https://m.place.naver.com/my/5c188721cc18bf912d74d577/review?v=2,30,,,굿,,2022년 10월 22일 토요일,1번째 방문,영수증
스타벅스 월계이마트점,카페,4.38,,,00****,https://m.place.naver.com/my/5c84c00ee49dbf37daca6617/review?v=2,925,,,굿,,2022년 7월 30일 토요일,4번째 방문,영수증
스타벅스 월계이마트점,카페,4.38,,,어항95,https://m.place.naver.com/my/5befa9d2fbe0b557c9bea5ea/review?v=2,155,,,굿~,,2022년 7월 30일 토요일,1번째 방문,영수증
스타벅스 월계이마트점,카페,4.38,,,jh99999,https://m.place.naver.com/my/5efeaf5dafcca6e20afdb1f1/review?v=2,1903,,,구,,2022년 10월 2일 일요일,2번째 방문,영수증
스타벅스 월계이마트점,카페,4.38,,,깽이9055,https://m.place.naver.com/my/5ebe890e8f87a842bc0523ab/review?v=2,581,7,,좋아요 좋아요,,2022년 5월 4일 수요일,3번째 방문,영수증
스타벅스 월계이마트점,카페,4.38,,,처음처럼678,https://m.place.naver.com/my/5f58780b6c3d7f7334f607a6/review?v=2,2295,,,굿,,2022년 11월 29일 화요일,3번째 방문,영수증
스타벅스 월계이마트점,카페,4.38,,,츄츄쨔츄,https://m.place.naver.com/my/5e5c5a1d8f87a842bcda2312/review?v=2,297,23,,친절하다,"일시적인 오류가 발생했습니다
음료가 맛있어요",2022년 6월 25일 토요일,1번째 방문,영수증
스타벅스 월계이마트점,카페,4.38,,,lnd****,https://m.place.naver.com/my/5eff6a2d54eca45f153daa24/review?v=2,1188,,,맛있어요 ,,2022년 10월 20일 목요일,10번째 방문,영수증
스타벅스 월계이마트점,카페,4.38,,,하트숑숑70,https://m.place.naver.com/my/5c2c9b6abd20c3bebfb445dd/review?v=2,144,8,,대기도 없고 좋아요.,,2022년 6월 2일 목요일,1번째 방문,영수증
스타벅스 월계이마트점,카페,4.38,,,쭈니도늬말랑이촉촉이,https://m.place.naver.com/my/5e1af5ce8f87a842bc3f30ed/review?v=2,1233,,,ㄴ,,2022년 7월 8일 금요일,1번째 방문,영수증
스타벅스 월계이마트점,카페,4.38,,,yh_****,https://m.place.naver.com/my/5ea179438f87a842bc7dc8d7/review?v=2,807,,,좋아요 ,,2022년 6월 24일 금요일,1번째 방문,영수증
스타벅스 월계이마트점,카페,4.38,,,기쁨808,https://m.place.naver.com/my/5e2e4eb68f87a842bc1888d6/review?v=2,489,,,굿,,2022년 10월 19일 수요일,1번째 방문,영수증
스타벅스 월계이마트점,카페,4.38,,,slrmi,https://m.place.naver.com/my/5e607baa8f87a842bc8a34e6/review?v=2,1633,,,굿,,2022년 7월 27일 수요일,1번째 방문,영수증
스타벅스 월계이마트점,카페,4.38,,,tu****,https://m.place.naver.com/my/5ce465e943e4a805535ac282/review?v=2,421,,,굿,"일시적인 오류가 발생했습니다
음료가 맛있어요",2022년 7월 26일 화요일,1번째 방문,영수증
스타벅스 월계이마트점,카페,4.38,,,포도9464,https://m.place.naver.com/my/5e65eaab8f87a842bc984f71/review?v=2,149,,,커피값이 후덜덜..,,2022년 5월 24일 화요일,1번째 방문,영수증
스타벅스 월계이마트점,카페,4.38,,,졍이졍이졍이졍이,https://m.place.naver.com/my/5ccd6ef94d79a325e5b08974/review?v=2,103,3,,굿,,2022년 6월 24일 금요일,1번째 방문,영수증
스타벅스 월계이마트점,카페,4.38,,,epg****,https://m.place.naver.com/my/5d11cf585868d438fb1f4365/review?v=2,1765,,,조어요,,2022년 12월 31일 토요일,4번째 방문,영수증
스타벅스 월계이마트점,카페,4.38,,,lhm****,https://m.place.naver.com/my/6198734b077a3511f625a6a6/review?v=2,117,,,굿,,2022년 10월 16일 일요일,1번째 방문,영수증
스타벅스 월계이마트점,카페,4.38,,,kwondosa,https://m.place.naver.com/my/5d7e1d808f87a842bc25956f/review?v=2,157,,,굿,,2022년 10월 16일 일요일,1번째 방문,영수증
스타벅스 월계이마트점,카페,4.38,,,윌감독,https://m.place.naver.com/my/5c237648b933d9f977aabb4c/review?v=2,815,,,굳굳,,2022년 10월 16일 일요일,1번째 방문,영수증
스타벅스 월계이마트점,카페,4.38,,,hoi****,https://m.place.naver.com/my/5cf878d1487de179dc74561e/review?v=2,13,,,맛있어요,"일시적인 오류가 발생했습니다
음료가 맛있어요",2022년 7월 23일 토요일,1번째 방문,영수증
스타벅스 월계이마트점,카페,4.38,,,kjbkys,https://m.place.naver.com/my/62bc32f49dcfa9f935bc4246/review?v=2,606,,,굿,,2022년 7월 18일 월요일,2번째 방문,영수증
스타벅스 월계이마트점,카페,4.38,,,ㅋ35,https://m.place.naver.com/my/5f060d97c6c911a490bc7011/review?v=2,613,,,굿,,2022년 10월 15일 토요일,2번째 방문,영수증
스타벅스 월계이마트점,카페,4.38,,,냠냠쩝쩝25,https://m.place.naver.com/my/5bc3413fb0bb761fe4cf00a1/review?v=2,243,,,굿,,2022년 10월 14일 금요일,4번째 방문,영수증
스타벅스 월계이마트점,카페,4.38,,,애니393,https://m.place.naver.com/my/5d438644fdbce3a1de7a46b1/review?v=2,811,,,굿,,2022년 6월 18일 토요일,1번째 방문,영수증
스타벅스 월계이마트점,카페,4.38,,,아리09,https://m.place.naver.com/my/5e6ddc648f87a842bc34c4d9/review?v=2,3593,5,,,"일시적인 오류가 발생했습니다
친절해요",2022년 11월 24일 목요일,25번째 방문,영수증
스타벅스 월계이마트점,카페,4.38,,,hey****,https://m.place.naver.com/my/5bf5d319e08ec3601f3f7183/review?v=2,779,,,굿,,2022년 11월 21일 월요일,29번째 방문,영수증
스타벅스 월계이마트점,카페,4.38,,,for****,https://m.place.naver.com/my/5ce35a92c840b25bf31d4e45/review?v=2,43,,,맛있어요,,2022년 7월 15일 금요일,2번째 방문,영수증
스타벅스 월계이마트점,카페,4.38,,,pk****,https://m.place.naver.com/my/5cde1e6af0eeb31d29228e2e/review?v=2,1157,,,굿,,2022년 7월 20일 수요일,6번째 방문,영수증
스타벅스 월계이마트점,카페,4.38,,,띠잉1,https://m.place.naver.com/my/5efc99008f87a842bcfbf0b9/review?v=2,481,,,친절해요,,2022년 7월 19일 화요일,1번째 방문,영수증
스타벅스 월계이마트점,카페,4.38,,,pk****,https://m.place.naver.com/my/5cde1e6af0eeb31d29228e2e/review?v=2,1157,,,굿,,2022년 7월 18일 월요일,5번째 방문,영수증
스타벅스 월계이마트점,카페,4.38,,,pk****,https://m.place.naver.com/my/5cde1e6af0eeb31d29228e2e/review?v=2,1157,,,굿,,2022년 7월 18일 월요일,4번째 방문,영수증
스타벅스 월계이마트점,카페,4.38,,,pk****,https://m.place.naver.com/my/5cde1e6af0eeb31d29228e2e/review?v=2,1157,,,굿,,2022년 7월 18일 월요일,3번째 방문,영수증
스타벅스 월계이마트점,카페,4.38,,,아리09,https://m.place.naver.com/my/5e6ddc648f87a842bc34c4d9/review?v=2,3593,5,,,"일시적인 오류가 발생했습니다
커피가 맛있어요",2022년 11월 20일 일요일,24번째 방문,영수증
스타벅스 월계이마트점,카페,4.38,,,늘푸른새싹,https://m.place.naver.com/my/5dc532ce8f87a842bcadcc61/review?v=2,421,,,굿,"일시적인 오류가 발생했습니다
커피가 맛있어요",2022년 7월 17일 일요일,1번째 방문,영수증
스타벅스 월계이마트점,카페,4.38,,,zi****,https://m.place.naver.com/my/5bea613b59fa917beade5bf7/review?v=2,112,,,좋아요,"일시적인 오류가 발생했습니다
커피가 맛있어요",2022년 7월 11일 월요일,2번째 방문,영수증
스타벅스 월계이마트점,카페,4.38,,,dta****,https://m.place.naver.com/my/5f420f26a602e98f565d5047/review?v=2,735,,,굳,,2022년 7월 16일 토요일,1번째 방문,영수증
스타벅스 월계이마트점,카페,4.38,,,두근두근9727,https://m.place.naver.com/my/5b9f5861d2588602241be365/review?v=2,926,16,,굿,,2022년 6월 11일 토요일,2번째 방문,영수증
스타벅스 월계이마트점,카페,4.38,,,DA75,https://m.place.naver.com/my/5cda74c21128c767e8dd8897/review?v=2,1701,,,좋아요,,2022년 7월 15일 금요일,2번째 방문,영수증
스타벅스 월계이마트점,카페,4.38,,,지니19772,https://m.place.naver.com/my/5ca080a3e545c5fb264f81a8/review?v=2,1193,25,,굿,,2022년 10월 15일 토요일,22번째 방문,영수증
스타벅스 월계이마트점,카페,4.38,,,dud****,https://m.place.naver.com/my/5fa1365efcc2ab21bca408a0/review?v=2,2480,,,좋아요 ㅎㅎ ,,2022년 7월 2일 토요일,3번째 방문,영수증
스타벅스 월계이마트점,카페,4.38,,,당돌2,https://m.place.naver.com/my/5cb85a83776b173abf633209/review?v=2,3108,73,,플랫화이트는 언제나 진리,"일시적인 오류가 발생했습니다
커피가 맛있어요",2022년 3월 17일 목요일,1번째 방문,영수증
스타벅스 월계이마트점,카페,4.38,,,울빵86,https://m.place.naver.com/my/5e21b5798f87a842bc587507/review?v=2,833,,,굿,,2022년 7월 12일 화요일,2번째 방문,영수증
스타벅스 월계이마트점,카페,4.38,,,촌스런 아저씨,https://m.place.naver.com/my/5e5db0a18f87a842bcd026b2/review?v=2,477,,,사람많아요!,"일시적인 오류가 발생했습니다
디저트가 맛있어요",2022년 6월 22일 수요일,1번째 방문,영수증
스타벅스 월계이마트점,카페,4.38,,,365일무사히,https://m.place.naver.com/my/5e3950a78f87a842bcd30c37/review?v=2,1736,1,,좋아요,,2022년 6월 7일 화요일,3번째 방문,영수증
스타벅스 월계이마트점,카페,4.38,,,ddd4992,https://m.place.naver.com/my/5e4ebafc8f87a842bc23ece2/review?v=2,331,,,좋아요,,2022년 6월 28일 화요일,3번째 방문,영수증
스타벅스 월계이마트점,카페,4.38,,,원자10,https://m.place.naver.com/my/5f06611e9127dcb4fc67369a/review?v=2,438,,,좋아요,,2022년 7월 9일 토요일,1번째 방문,영수증
스타벅스 월계이마트점,카페,4.38,,,cho****,https://m.place.naver.com/my/5d295a72e7f6ec8b4a45a577/review?v=2,220,,,좋아요,,2022년 7월 3일 일요일,2번째 방문,영수증
스타벅스 월계이마트점,카페,4.38,,,koko30,https://m.place.naver.com/my/608dc4b163769b49ed59965c/review?v=2,1374,,,굿,,2022년 6월 4일 토요일,1번째 방문,영수증
스타벅스 월계이마트점,카페,4.38,,,ou****,https://m.place.naver.com/my/5e70fc3a8f87a842bc14da3c/review?v=2,175,,,굳,,2022년 7월 7일 목요일,1번째 방문,영수증
스타벅스 월계이마트점,카페,4.38,,,JJCY,https://m.place.naver.com/my/5c21b9aa5b0bfb32cb8c57e4/review?v=2,841,,,굿,"일시적인 오류가 발생했습니다
커피가 맛있어요",2022년 6월 3일 금요일,2번째 방문,영수증
스타벅스 월계이마트점,카페,4.38,,,yay****,https://m.place.naver.com/my/5ef6ae788f87a842bc121188/review?v=2,331,,,굿,"일시적인 오류가 발생했습니다
커피가 맛있어요",2022년 7월 5일 화요일,1번째 방문,영수증
스타벅스 월계이마트점,카페,4.38,,,aji****,https://m.place.naver.com/my/5f04d20cad3c22327acc06c9/review?v=2,1150,6,,굿,,2023년 1월 13일 금요일,6번째 방문,영수증
스타벅스 월계이마트점,카페,4.38,,,언더프린,https://m.place.naver.com/my/5ba42930cf38f5637ce843ba/review?v=2,94,,,음료가 빨리 준비되요,,2022년 7월 27일 수요일,2번째 방문,영수증
스타벅스 월계이마트점,카페,4.38,,,eykim423,https://m.place.naver.com/my/5efdcc00c8819e06c65f1ca3/review?v=2,245,,,친절해요,,2022년 7월 3일 일요일,1번째 방문,영수증
스타벅스 월계이마트점,카페,4.38,,,쭈뽕67,https://m.place.naver.com/my/5d2149719a7f73182cf790e9/review?v=2,288,,,굿,,2022년 7월 2일 토요일,1번째 방문,영수증
스타벅스 월계이마트점,카페,4.38,,,00****,https://m.place.naver.com/my/5c84c00ee49dbf37daca6617/review?v=2,925,,,굿,,2022년 7월 2일 토요일,3번째 방문,영수증
스타벅스 월계이마트점,카페,4.38,,,모범택시62,https://m.place.naver.com/my/5ef928638f87a842bceb0d41/review?v=2,473,21,,굿,,2022년 5월 29일 일요일,3번째 방문,영수증
스타벅스 월계이마트점,카페,4.38,,,juy****,https://m.place.naver.com/my/61e7c80b83e7dea600b1df1d/review?v=2,691,,,굿,,2022년 9월 23일 금요일,1번째 방문,영수증
스타벅스 월계이마트점,카페,4.38,,,ims****,https://m.place.naver.com/my/622d94a7616db0dd6eec3a5e/review?v=2,435,,,굿굿,"일시적인 오류가 발생했습니다
커피가 맛있어요",2022년 7월 1일 금요일,1번째 방문,영수증
스타벅스 월계이마트점,카페,4.38,,,dur****,https://m.place.naver.com/my/5db85cab8f87a842bc1375f1/review?v=2,1122,,,맛있어요 ,,2022년 6월 28일 화요일,1번째 방문,영수증
스타벅스 월계이마트점,카페,4.38,,,Jejzxc,https://m.place.naver.com/my/5c2a3807d3d42519dc3ad8db/review?v=2,1186,28,,조아요,,2022년 5월 28일 토요일,1번째 방문,영수증
스타벅스 월계이마트점,카페,4.38,,,닥스훈트,https://m.place.naver.com/my/5b9b873a19c72ce313b0e526/review?v=2,939,15,,굿,"일시적인 오류가 발생했습니다
커피가 맛있어요",2022년 5월 27일 금요일,1번째 방문,영수증
스타벅스 월계이마트점,카페,4.38,,,even8636,https://m.place.naver.com/my/5d1c1234412b2a2bad5f4dae/review?v=2,91,,,굿,,2022년 6월 29일 수요일,1번째 방문,영수증
스타벅스 월계이마트점,카페,4.38,,,kjbkys,https://m.place.naver.com/my/62bc32f49dcfa9f935bc4246/review?v=2,606,,,굿,,2022년 6월 28일 화요일,1번째 방문,영수증
스타벅스 월계이마트점,카페,4.38,,,달링앤유,https://m.place.naver.com/my/5c6f804652c7f17e4e83c108/review?v=2,1549,,,좋아요,,2022년 6월 28일 화요일,24번째 방문,영수증
스타벅스 월계이마트점,카페,4.38,,,챔챔43,https://m.place.naver.com/my/5c20f35262a2c33bf503f550/review?v=2,859,24,,맛잇음,,2022년 5월 25일 수요일,1번째 방문,영수증
스타벅스 월계이마트점,카페,4.38,,,유지현3071,https://m.place.naver.com/my/5ffc76726246de1e53f2f88e/review?v=2,244,,,친절합니다 케이쿠종류가 없어서 아쉽,"일시적인 오류가 발생했습니다
디저트가 맛있어요",2022년 6월 28일 화요일,2번째 방문,영수증
스타벅스 월계이마트점,카페,4.38,,,ddd4992,https://m.place.naver.com/my/5e4ebafc8f87a842bc23ece2/review?v=2,331,,,좋아요,,2022년 6월 20일 월요일,2번째 방문,영수증
스타벅스 월계이마트점,카페,4.38,,,365일무사히,https://m.place.naver.com/my/5e3950a78f87a842bcd30c37/review?v=2,1736,1,,좋아요,,2022년 5월 23일 월요일,2번째 방문,영수증
스타벅스 월계이마트점,카페,4.38,,,dod****,https://m.place.naver.com/my/5ee4921c8f87a842bc703518/review?v=2,1193,,,ㅕ굿,,2022년 5월 23일 월요일,1번째 방문,영수증
스타벅스 월계이마트점,카페,4.38,,,kok****,https://m.place.naver.com/my/5f9bdf565d209d4456765364/review?v=2,90,,,굿굿,,2022년 6월 25일 토요일,1번째 방문,영수증
스타벅스 월계이마트점,카페,4.38,,,공간속미로,https://m.place.naver.com/my/5e230b358f87a842bc0ba58f/review?v=2,115,,,굿,,2022년 6월 13일 월요일,3번째 방문,영수증
스타벅스 월계이마트점,카페,4.38,,,zi****,https://m.place.naver.com/my/5bea613b59fa917beade5bf7/review?v=2,112,,,좋아요,"일시적인 오류가 발생했습니다
커피가 맛있어요",2022년 6월 24일 금요일,1번째 방문,영수증
스타벅스 월계이마트점,카페,4.38,,,hey****,https://m.place.naver.com/my/5bf5d319e08ec3601f3f7183/review?v=2,779,,,조아요,,2022년 10월 25일 화요일,28번째 방문,영수증
스타벅스 월계이마트점,카페,4.38,,,jih****,https://m.place.naver.com/my/5f1bdd549ec8258e4a8b7716/review?v=2,2068,24,,앉을자린 거의 없어요,"일시적인 오류가 발생했습니다
친절해요",2022년 3월 19일 토요일,2번째 방문,영수증
스타벅스 월계이마트점,카페,4.38,,,jdu****,https://m.place.naver.com/my/5d4acbdabd934c9c601637a5/review?v=2,712,,,굿,,2022년 9월 14일 수요일,1번째 방문,영수증
스타벅스 월계이마트점,카페,4.38,,,달링앤유,https://m.place.naver.com/my/5c6f804652c7f17e4e83c108/review?v=2,1549,,,맛있어요,,2022년 6월 22일 수요일,23번째 방문,영수증
스타벅스 월계이마트점,카페,4.38,,,Hi1234,https://m.place.naver.com/my/5eb2a13d8f87a842bc18c3fa/review?v=2,8,,,G,,2022년 6월 2일 목요일,1번째 방문,영수증
스타벅스 월계이마트점,카페,4.38,,,365일무사히,https://m.place.naver.com/my/5e3950a78f87a842bcd30c37/review?v=2,1736,1,,좋아요,,2022년 5월 17일 화요일,1번째 방문,영수증
스타벅스 월계이마트점,카페,4.38,,,미미3358,https://m.place.naver.com/my/5bdd11af06e0500e87d894c0/review?v=2,1945,,,점원 분들 친절해요,"일시적인 오류가 발생했습니다
친절해요",2022년 3월 22일 화요일,1번째 방문,영수증
스타벅스 월계이마트점,카페,4.38,,,뼈다구39,https://m.place.naver.com/my/5d047182c0b44653831d6fd2/review?v=2,106,,,굿,"일시적인 오류가 발생했습니다
커피가 맛있어요",2022년 6월 19일 일요일,1번째 방문,영수증
스타벅스 월계이마트점,카페,4.38,,,레고3D로봇항공90,https://m.place.naver.com/my/5cb90e4eb2a8b8853a6d1e9c/review?v=2,101,2,,좋아요~,"일시적인 오류가 발생했습니다
디저트가 맛있어요",2022년 6월 17일 금요일,1번째 방문,영수증
스타벅스 월계이마트점,카페,4.38,,,숙이778,https://m.place.naver.com/my/60518fcd6523f71b8df8761c/review?v=2,1752,,,좋아요,"일시적인 오류가 발생했습니다
커피가 맛있어요",2022년 6월 11일 토요일,2번째 방문,영수증
스타벅스 월계이마트점,카페,4.38,,,ddd4992,https://m.place.naver.com/my/5e4ebafc8f87a842bc23ece2/review?v=2,331,,,좋아요,,2022년 6월 16일 목요일,1번째 방문,영수증
스타벅스 월계이마트점,카페,4.38,,,죤맘v86v신창82,https://m.place.naver.com/my/5ba9a5357143e6746b5a3233/review?v=2,468,,,굳,"일시적인 오류가 발생했습니다
디저트가 맛있어요",2022년 6월 13일 월요일,1번째 방문,영수증
스타벅스 월계이마트점,카페,4.38,,,제임스010,https://m.place.naver.com/my/5cfdfa3f822066655ed3f1aa/review?v=2,1591,46,,좋아요~^,"일시적인 오류가 발생했습니다
디저트가 맛있어요",2022년 5월 13일 금요일,1번째 방문,영수증
스타벅스 월계이마트점,카페,4.38,,,라블리민,https://m.place.naver.com/my/5c034be68847177c05295ef2/review?v=2,924,,,굳굳,,2022년 8월 6일 토요일,1번째 방문,영수증
스타벅스 월계이마트점,카페,4.38,,,lnd****,https://m.place.naver.com/my/5eff6a2d54eca45f153daa24/review?v=2,1188,,,맛있어요 ,,2022년 8월 15일 월요일,9번째 방문,영수증
스타벅스 월계이마트점,카페,4.38,,,yeong1120,https://m.place.naver.com/my/5e5b43b98f87a842bc5a7436/review?v=2,848,,,♡♡,,2022년 4월 27일 수요일,1번째 방문,영수증
스타벅스 월계이마트점,카페,4.38,,,ysp****,https://m.place.naver.com/my/5f1194c99ec8258e4af8ad3b/review?v=2,1642,,,좋아요,,2022년 10월 4일 화요일,4번째 방문,영수증
스타벅스 월계이마트점,카페,4.38,,,ya****,https://m.place.naver.com/my/5bdfcdd9c41efb9ec4c644b6/review?v=2,314,,,맛있어요 ,"일시적인 오류가 발생했습니다
커피가 맛있어요",2022년 6월 11일 토요일,1번째 방문,영수증
스타벅스 월계이마트점,카페,4.38,,,ori****,https://m.place.naver.com/my/5c0f61bd8ef14b30b9c28ad5/review?v=2,181,3,,좋아요 ^^,"일시적인 오류가 발생했습니다
친절해요",2022년 9월 2일 금요일,1번째 방문,영수증
스타벅스 월계이마트점,카페,4.38,,,이음자리,https://m.place.naver.com/my/5f8e9cf45bf350f6d09fe162/review?v=2,262,,,굿,,2022년 9월 1일 목요일,1번째 방문,영수증
스타벅스 월계이마트점,카페,4.38,,,rsh****,https://m.place.naver.com/my/5dabffd48f87a842bcecd195/review?v=2,151,,,맛있어요,"일시적인 오류가 발생했습니다
커피가 맛있어요",2022년 6월 9일 목요일,1번째 방문,영수증
스타벅스 월계이마트점,카페,4.38,,,이쁘니536,https://m.place.naver.com/my/5eee1b418f87a842bcc23555/review?v=2,780,,,굿,,2023년 1월 4일 수요일,2번째 방문,영수증
스타벅스 월계이마트점,카페,4.38,,,공간속미로,https://m.place.naver.com/my/5e230b358f87a842bc0ba58f/review?v=2,115,,,굿,,2022년 6월 8일 수요일,1번째 방문,영수증
스타벅스 월계이마트점,카페,4.38,,,epg****,https://m.place.naver.com/my/5d11cf585868d438fb1f4365/review?v=2,1765,,,조아요,,2022년 12월 4일 일요일,3번째 방문,영수증
스타벅스 월계이마트점,카페,4.38,,,원이2022,https://m.place.naver.com/my/60b4e1708b3b0277427532f3/review?v=2,113,,,굿,,2022년 6월 7일 화요일,1번째 방문,영수증
스타벅스 월계이마트점,카페,4.38,,,myy****,https://m.place.naver.com/my/5effa3c5598cfed34e18b30e/review?v=2,138,,,좋아요,,2022년 6월 5일 일요일,1번째 방문,영수증
스타벅스 월계이마트점,카페,4.38,,,sosuji030667,https://m.place.naver.com/my/5eff7c8ba1b6a107c6e2d616/review?v=2,30,,,굿,,2022년 6월 5일 일요일,1번째 방문,영수증
스타벅스 월계이마트점,카페,4.38,,,울빵86,https://m.place.naver.com/my/5e21b5798f87a842bc587507/review?v=2,833,,,굿,,2022년 6월 5일 일요일,1번째 방문,영수증
스타벅스 월계이마트점,카페,4.38,,,냠냠쩝쩝25,https://m.place.naver.com/my/5bc3413fb0bb761fe4cf00a1/review?v=2,243,,,굿,,2022년 8월 16일 화요일,3번째 방문,영수증
스타벅스 월계이마트점,카페,4.38,,,yamm,https://m.place.naver.com/my/5bd52356b780090369ca8fd1/review?v=2,1329,7,,굿,,2022년 6월 3일 금요일,1번째 방문,영수증
스타벅스 월계이마트점,카페,4.38,,,Soulfree,https://m.place.naver.com/my/5b7e4d006962120a44a3e4f0/review?v=2,1098,21,,굿,,2022년 4월 30일 토요일,5번째 방문,영수증
스타벅스 월계이마트점,카페,4.38,,,ejk****,https://m.place.naver.com/my/617f28df004deb4adbcfb3af/review?v=2,193,,,,,2022년 5월 5일 목요일,1번째 방문,영수증
스타벅스 월계이마트점,카페,4.38,,,lil****,https://m.place.naver.com/my/613c0304c6e9570006abffea/review?v=2,191,,,남자직원이3명씩되어.동작이빨라.좋았어요.,,2022년 1월 8일 토요일,1번째 방문,영수증
스타벅스 월계이마트점,카페,4.38,,,꽃님8977,https://m.place.naver.com/my/5dd56ad98f87a842bc577041/review?v=2,428,,,굿,,2022년 6월 1일 수요일,1번째 방문,영수증
스타벅스 월계이마트점,카페,4.38,,,dorothy6171,https://m.place.naver.com/my/5ccbb34161e7ed66daabd502/review?v=2,300,,,좋아요,,2022년 6월 1일 수요일,1번째 방문,영수증
스타벅스 월계이마트점,카페,4.38,,,MEEE81,https://m.place.naver.com/my/5cde7c6db9e34605ee6561a4/review?v=2,911,,,좋아요~!,,2022년 5월 31일 화요일,2번째 방문,영수증
스타벅스 월계이마트점,카페,4.38,,,한밭한량,https://m.place.naver.com/my/6295c8ed5dc46700065ad95a/review?v=2,1381,48,,매장 깨끗하고 친절합니다~,"일시적인 오류가 발생했습니다
커피가 맛있어요",2022년 2월 1일 화요일,1번째 방문,영수증
스타벅스 월계이마트점,카페,4.38,,,jksoon,https://m.place.naver.com/my/5eb977528f87a842bc0ce67d/review?v=2,1406,13,,조아요,,2022년 4월 23일 토요일,3번째 방문,영수증
스타벅스 월계이마트점,카페,4.38,,,mjg****,https://m.place.naver.com/my/5b64ed3e3522b06cd85d2f8a/review?v=2,18,,,쿳,"일시적인 오류가 발생했습니다
커피가 맛있어요",2022년 5월 5일 목요일,1번째 방문,영수증
스타벅스 월계이마트점,카페,4.38,,,m7****,https://m.place.naver.com/my/61a9906c7192e34ed5f1e9e4/review?v=2,715,,,좋아요,,2022년 9월 4일 일요일,1번째 방문,영수증
스타벅스 월계이마트점,카페,4.38,,,wa15,https://m.place.naver.com/my/61075d3142bfe254b99fad62/review?v=2,412,,,굿,,2022년 5월 23일 월요일,1번째 방문,영수증
스타벅스 월계이마트점,카페,4.38,,,달링앤유,https://m.place.naver.com/my/5c6f804652c7f17e4e83c108/review?v=2,1549,,,굿,,2022년 5월 19일 목요일,22번째 방문,영수증
스타벅스 월계이마트점,카페,4.38,,,Dontcry,https://m.place.naver.com/my/5cae6bae64da92d46b4fe213/review?v=2,1226,19,,레모네이드 블랙티 피지오 👍강추,"일시적인 오류가 발생했습니다
음료가 맛있어요",2022년 1월 22일 토요일,6번째 방문,영수증
스타벅스 월계이마트점,카페,4.38,,,새달매콤 좋아좋아,https://m.place.naver.com/my/5ea231ec8f87a842bccbf751/review?v=2,397,14,,2021크리스마스 블렌드 원두는 맛나네요,,2021년 11월 26일 금요일,1번째 방문,영수증
스타벅스 월계이마트점,카페,4.38,,,쮸탱이,https://m.place.naver.com/my/5c2097882cf45c0378870d68/review?v=2,712,,,굿,,2022년 4월 30일 토요일,2번째 방문,영수증
스타벅스 월계이마트점,카페,4.38,,,럭럭23,https://m.place.naver.com/my/5d4e121349d7f40274d3abc5/review?v=2,198,,,매장 작아요,,2022년 3월 5일 토요일,1번째 방문,영수증
스타벅스 월계이마트점,카페,4.38,,,별명없음868,https://m.place.naver.com/my/5c5873bf6fa6e6c08c407bcb/review?v=2,382,,,맛있었어요!,"일시적인 오류가 발생했습니다
디저트가 맛있어요",2022년 5월 18일 수요일,1번째 방문,영수증
스타벅스 월계이마트점,카페,4.38,,,틴디온,https://m.place.naver.com/my/5c9dab38eb814cd4096a1385/review?v=2,200,,,굿,,2022년 5월 18일 수요일,1번째 방문,영수증
스타벅스 월계이마트점,카페,4.38,,,달링앤유,https://m.place.naver.com/my/5c6f804652c7f17e4e83c108/review?v=2,1549,,,맛있어요,,2022년 5월 17일 화요일,21번째 방문,영수증
스타벅스 월계이마트점,카페,4.38,,,K0823,https://m.place.naver.com/my/5b9b55d5709e4c6ea56ebff4/review?v=2,596,,,굿,,2022년 5월 4일 수요일,5번째 방문,영수증
스타벅스 월계이마트점,카페,4.38,,,hyl****,https://m.place.naver.com/my/5efe7e8e493ad9a9a0ebcde7/review?v=2,506,,,사람이 많아요,,2022년 3월 16일 수요일,1번째 방문,영수증
스타벅스 월계이마트점,카페,4.38,,,jih****,https://m.place.naver.com/my/5f1bdd549ec8258e4a8b7716/review?v=2,2068,24,,좋아요,"일시적인 오류가 발생했습니다
커피가 맛있어요",2022년 4월 12일 화요일,4번째 방문,영수증
스타벅스 월계이마트점,카페,4.38,,,jbong6264,https://m.place.naver.com/my/60408821d0801b915ece62a1/review?v=2,2124,15,,좋아요,"일시적인 오류가 발생했습니다
커피가 맛있어요",2022년 9월 18일 일요일,2번째 방문,영수증
스타벅스 월계이마트점,카페,4.38,,,sin****,https://m.place.naver.com/my/5d3c2425c6fb38b941f25559/review?v=2,3211,,,조아요,,2022년 8월 7일 일요일,1번째 방문,영수증
스타벅스 월계이마트점,카페,4.38,,,꿈트리74,https://m.place.naver.com/my/5ffbadad155cf8290c497cbf/review?v=2,382,,,굿,,2022년 5월 15일 일요일,1번째 방문,영수증
스타벅스 월계이마트점,카페,4.38,,,mbv****,https://m.place.naver.com/my/61779cf08e26557ee0a448df/review?v=2,855,,,굿,,2022년 4월 27일 수요일,2번째 방문,영수증
스타벅스 월계이마트점,카페,4.38,,,날마다 새롭게4,https://m.place.naver.com/my/60ee7182e9ee3c39eb432449/review?v=2,1023,,,좋아요,,2022년 4월 18일 월요일,1번째 방문,영수증
스타벅스 월계이마트점,카페,4.38,,,mbv****,https://m.place.naver.com/my/61779cf08e26557ee0a448df/review?v=2,855,,,굿,"일시적인 오류가 발생했습니다
가성비가 좋아요",2022년 4월 26일 화요일,1번째 방문,영수증
스타벅스 월계이마트점,카페,4.38,,,autumnok0219,https://m.place.naver.com/my/5be4c706fa31ce32c293d946/review?v=2,25,,,커피가 진짜로 맛있는 곳,,2022년 3월 18일 금요일,1번째 방문,영수증
스타벅스 월계이마트점,카페,4.38,,,RaPoseidon,https://m.place.naver.com/my/5d8ac6d68f87a842bca04582/review?v=2,2618,36,,좋아요,,2022년 4월 9일 토요일,2번째 방문,영수증
스타벅스 월계이마트점,카페,4.38,,,방토14,https://m.place.naver.com/my/5c4b36fe3fede8860a4b9ba3/review?v=2,466,,,주문도 음료도 빨리 나와서 좋아요,"일시적인 오류가 발생했습니다
친절해요",2022년 2월 6일 일요일,3번째 방문,영수증
스타벅스 월계이마트점,카페,4.38,,,KC4,https://m.place.naver.com/my/5e6473368f87a842bc63746b/review?v=2,237,,,굿,,2022년 5월 11일 수요일,1번째 방문,영수증
스타벅스 월계이마트점,카페,4.38,,,안달란 졸리,https://m.place.naver.com/my/5e9981038f87a842bcbeb00d/review?v=2,1226,37,,"ㅇ마트 안에 있어요
자리는 협소해요-.-","일시적인 오류가 발생했습니다
커피가 맛있어요",2022년 1월 26일 수요일,1번째 방문,영수증
스타벅스 월계이마트점,카페,4.38,,,통돼지40,https://m.place.naver.com/my/5eff30aba7f1cdd89fefc880/review?v=2,527,,,좋아요!!,,2022년 8월 2일 화요일,1번째 방문,영수증
스타벅스 월계이마트점,카페,4.38,,,kmk****,https://m.place.naver.com/my/5ed56ff28f87a842bcc7cd67/review?v=2,428,,,굿,"일시적인 오류가 발생했습니다
커피가 맛있어요",2022년 5월 3일 화요일,2번째 방문,영수증
스타벅스 월계이마트점,카페,4.38,,,kit****,https://m.place.naver.com/my/5c357641f4c91e10d29aa3fb/review?v=2,78,4,,자주 이용하고 있어요!,"일시적인 오류가 발생했습니다
음료가 맛있어요",2022년 2월 15일 화요일,1번째 방문,영수증
스타벅스 월계이마트점,카페,4.38,,,kong1075,https://m.place.naver.com/my/5be67c967d8f4a53138858b1/review?v=2,481,4,,굿,"일시적인 오류가 발생했습니다
커피가 맛있어요",2022년 5월 1일 일요일,2번째 방문,영수증
스타벅스 월계이마트점,카페,4.38,,,kan****,https://m.place.naver.com/my/5fc8d7ee22717abc66cfc533/review?v=2,737,,,ㅈᆢㅎ아요,"일시적인 오류가 발생했습니다
가성비가 좋아요",2022년 4월 17일 일요일,1번째 방문,영수증
스타벅스 월계이마트점,카페,4.38,,,빨간모자54,https://m.place.naver.com/my/5d8229798f87a842bcf1ec81/review?v=2,94,,,좋아요,"일시적인 오류가 발생했습니다
음료가 맛있어요",2022년 4월 3일 일요일,1번째 방문,영수증
스타벅스 월계이마트점,카페,4.38,,,lnd****,https://m.place.naver.com/my/5eff6a2d54eca45f153daa24/review?v=2,1188,,,맛있어요 ,,2022년 7월 7일 목요일,8번째 방문,영수증
스타벅스 월계이마트점,카페,4.38,,,달링앤유,https://m.place.naver.com/my/5c6f804652c7f17e4e83c108/review?v=2,1549,,,좋아요,,2022년 5월 6일 금요일,20번째 방문,영수증
스타벅스 월계이마트점,카페,4.38,,,Park9885,https://m.place.naver.com/my/5dc09ac98f87a842bc4a5297/review?v=2,764,,,굿 ,,2022년 5월 6일 금요일,1번째 방문,영수증
스타벅스 월계이마트점,카페,4.38,,,Mmmws,https://m.place.naver.com/my/5f284bdf9ec8258e4a44fa45/review?v=2,404,9,,좋아요,,2022년 5월 4일 수요일,1번째 방문,영수증
스타벅스 월계이마트점,카페,4.38,,,kmk****,https://m.place.naver.com/my/5ed56ff28f87a842bcc7cd67/review?v=2,428,,,굿,,2022년 5월 3일 화요일,1번째 방문,영수증
스타벅스 월계이마트점,카페,4.38,,,유리3223,https://m.place.naver.com/my/5e512c628f87a842bc11ccc4/review?v=2,583,1,,좋아요 ,"일시적인 오류가 발생했습니다
커피가 맛있어요",2022년 4월 25일 월요일,1번째 방문,영수증
스타벅스 월계이마트점,카페,4.38,,,Dontcry,https://m.place.naver.com/my/5cae6bae64da92d46b4fe213/review?v=2,1226,19,,네~😃스타벅스입니다,"일시적인 오류가 발생했습니다
주차하기 편해요",2022년 1월 28일 금요일,7번째 방문,영수증
스타벅스 월계이마트점,카페,4.38,,,블루블랙님,https://m.place.naver.com/my/5ca335b6f7f2d0803816ca6c/review?v=2,559,,,굿,,2022년 9월 4일 일요일,1번째 방문,영수증
스타벅스 월계이마트점,카페,4.38,,,nsy****,https://m.place.naver.com/my/5c7f3435aa0b41cf3f286637/review?v=2,21,,,친절하고좋아요,"일시적인 오류가 발생했습니다
친절해요",2022년 3월 6일 일요일,1번째 방문,영수증
스타벅스 월계이마트점,카페,4.38,,,jmpuppy,https://m.place.naver.com/my/5d071cdb1d0191fd81b4ff93/review?v=2,2768,,,좋아요,,2022년 4월 30일 토요일,2번째 방문,영수증
스타벅스 월계이마트점,카페,4.38,,,hyejin0824,https://m.place.naver.com/my/613e2aee0480c8fede7695ef/review?v=2,889,,,친절하고 좋아요~~^^,"일시적인 오류가 발생했습니다
화장실이 깨끗해요",2022년 3월 5일 토요일,1번째 방문,영수증
스타벅스 월계이마트점,카페,4.38,,,처음처럼678,https://m.place.naver.com/my/5f58780b6c3d7f7334f607a6/review?v=2,2295,,,굿,,2022년 8월 30일 화요일,2번째 방문,영수증
스타벅스 월계이마트점,카페,4.38,,,로이맘a,https://m.place.naver.com/my/5cd409d98f87a842bcdb8730/review?v=2,201,3,,바쁘셔서 그런지 다들 지쳐보이심 ㅠㅠ,,2022년 1월 2일 일요일,2번째 방문,영수증
스타벅스 월계이마트점,카페,4.38,,,서울ll도봉봉,https://m.place.naver.com/my/5cd7fd8e2ee03665279f93e0/review?v=2,1304,,,좋아요,,2022년 7월 15일 금요일,3번째 방문,영수증
스타벅스 월계이마트점,카페,4.38,,,jungkm02,https://m.place.naver.com/my/5fb87d17e4ade6242bed83d3/review?v=2,479,6,,좋아요,"일시적인 오류가 발생했습니다
음료가 맛있어요",2022년 4월 22일 금요일,2번째 방문,영수증
스타벅스 월계이마트점,카페,4.38,,,lol****,https://m.place.naver.com/my/5c0b2ac5ab0a5bac3488e0c1/review?v=2,3108,,,굿,,2022년 4월 22일 금요일,2번째 방문,영수증
스타벅스 월계이마트점,카페,4.38,,,땅콩5084,https://m.place.naver.com/my/5fdaea2226c8395e51ab6762/review?v=2,819,,,굳,,2022년 6월 18일 토요일,1번째 방문,영수증
스타벅스 월계이마트점,카페,4.38,,,gooopgg76,https://m.place.naver.com/my/5efde31515c4bcd4305863eb/review?v=2,1099,10,,커피,"일시적인 오류가 발생했습니다
특별한 메뉴가 있어요",2022년 4월 6일 수요일,1번째 방문,영수증
스타벅스 월계이마트점,카페,4.38,,,언제나 널 사랑해,https://m.place.naver.com/my/5e132f518f87a842bccde454/review?v=2,192,1,,너무너무 친절하세요,"일시적인 오류가 발생했습니다
친절해요",2022년 1월 26일 수요일,3번째 방문,영수증
스타벅스 월계이마트점,카페,4.38,,,iop****,https://m.place.naver.com/my/5bebf5d1d96bcd256db9f155/review?v=2,1020,,,굳,"일시적인 오류가 발생했습니다
커피가 맛있어요",2022년 4월 25일 월요일,1번째 방문,영수증
스타벅스 월계이마트점,카페,4.38,,,박아영6878,https://m.place.naver.com/my/5bd9c06107ace77d3fa78211/review?v=2,15,,,이용하기 편하다,"일시적인 오류가 발생했습니다
친절해요",2022년 2월 28일 월요일,1번째 방문,영수증
스타벅스 월계이마트점,카페,4.38,,,aji****,https://m.place.naver.com/my/5f04d20cad3c22327acc06c9/review?v=2,1150,6,,굿,,2022년 11월 3일 목요일,5번째 방문,영수증
스타벅스 월계이마트점,카페,4.38,,,자몽이 쓰다,https://m.place.naver.com/my/5eff6f1280dd0fa8cd65ee0e/review?v=2,59,,,사진으로 케이크 선택 가능해요,,2022년 2월 1일 화요일,1번째 방문,영수증
스타벅스 월계이마트점,카페,4.38,,,리리고우고우,https://m.place.naver.com/my/5c377869e8c86a45a130a542/review?v=2,824,72,,가까워서 카페인 충전 필요할따 자주가요.,"일시적인 오류가 발생했습니다
음료가 맛있어요",2021년 11월 11일 목요일,3번째 방문,영수증
스타벅스 월계이마트점,카페,4.38,,,kateK,https://m.place.naver.com/my/5ba6d8aa549508514b1fa104/review?v=2,930,,,"리모델링후 음료받는 곳 뒤 소음이 울리는 구조
(이마트 직원 두분 분쟁해결하는? 대화가 너무 크게들려 머리아픈ㅠ)",,2021년 12월 31일 금요일,5번째 방문,영수증
스타벅스 월계이마트점,카페,4.38,,,kan****,https://m.place.naver.com/my/5fc8d7ee22717abc66cfc533/review?v=2,737,,,좋아요,,2022년 4월 17일 일요일,2번째 방문,영수증
스타벅스 월계이마트점,카페,4.38,,,jih****,https://m.place.naver.com/my/5f1bdd549ec8258e4a8b7716/review?v=2,2068,24,,좋아요,"일시적인 오류가 발생했습니다
커피가 맛있어요",2022년 3월 19일 토요일,3번째 방문,영수증
스타벅스 월계이마트점,카페,4.38,,,y2****,https://m.place.naver.com/my/5de278e99ec8258e4a8530d5/review?v=2,1083,,,맛있어요,"일시적인 오류가 발생했습니다
친절해요",2022년 3월 19일 토요일,1번째 방문,영수증
스타벅스 월계이마트점,카페,4.38,,,벨도담,https://m.place.naver.com/my/5e170c298f87a842bc7644f7/review?v=2,33,,,네이비색 빵모자 앞머리 꼬물꼬물하게 몇가닥 내린 직원분이요 주문받으실때 친절하게 좀 받으셨으면 좋겠네요 몇번째가도 목소리 작아서 잘안들린다 말씀드리면 표정 확 안좋아지고 .. 자주가는 매장인데 그분 있으면 주문하기싫어요,,2021년 12월 15일 수요일,5번째 방문,영수증
스타벅스 월계이마트점,카페,4.38,,,서울ll도봉봉,https://m.place.naver.com/my/5cd7fd8e2ee03665279f93e0/review?v=2,1304,,,좋아요,,2022년 7월 7일 목요일,2번째 방문,영수증
스타벅스 월계이마트점,카페,4.38,,,달링앤유,https://m.place.naver.com/my/5c6f804652c7f17e4e83c108/review?v=2,1549,,,맛있어요,,2022년 4월 19일 화요일,19번째 방문,영수증
스타벅스 월계이마트점,카페,4.38,,,lk****,https://m.place.naver.com/my/5e9c6f008f87a842bcd2c6be/review?v=2,1494,,,좋아요,"일시적인 오류가 발생했습니다
주차하기 편해요",2022년 4월 16일 토요일,1번째 방문,영수증
스타벅스 월계이마트점,카페,4.38,,,nhm****,https://m.place.naver.com/my/60a2581e37ef382021a68aa7/review?v=2,239,,,굳,"일시적인 오류가 발생했습니다
커피가 맛있어요",2022년 4월 17일 일요일,1번째 방문,영수증
스타벅스 월계이마트점,카페,4.38,,,mj5****,https://m.place.naver.com/my/5be9b42a676475db4e2ccba2/review?v=2,1476,,,맛있어요,,2022년 4월 17일 일요일,1번째 방문,영수증
스타벅스 월계이마트점,카페,4.38,,,jjam8008,https://m.place.naver.com/my/5cf232773d8771f55bafe958/review?v=2,1952,,,좋아요,,2022년 7월 8일 금요일,1번째 방문,영수증
스타벅스 월계이마트점,카페,4.38,,,Dontcry,https://m.place.naver.com/my/5cae6bae64da92d46b4fe213/review?v=2,1226,19,,일관된 레시피지만 약간씩 다른데 다른지점 많이 먹어보니 여기가 레모네이드는 맛잇더라구요 ㅠ ,"일시적인 오류가 발생했습니다
화장실이 깨끗해요",2021년 12월 5일 일요일,1번째 방문,영수증
스타벅스 월계이마트점,카페,4.38,,,바균정,https://m.place.naver.com/my/5dceb1908f87a842bc6fe7cb/review?v=2,190,3,,굳뜨,,2022년 3월 12일 토요일,1번째 방문,영수증
스타벅스 월계이마트점,카페,4.38,,,소나무2573,https://m.place.naver.com/my/5ddcbe759ec8258e4a6b2722/review?v=2,897,,,좋아요,,2022년 7월 3일 일요일,1번째 방문,영수증
스타벅스 월계이마트점,카페,4.38,,,뉴뉴77,https://m.place.naver.com/my/6328e5a5008d1eb86c46c2ec/review?v=2,23,,,좋아요,"일시적인 오류가 발생했습니다
커피가 맛있어요",2022년 4월 9일 토요일,1번째 방문,영수증
스타벅스 월계이마트점,카페,4.38,,,나님93,https://m.place.naver.com/my/5efe5f55670bd5c7e120b8a3/review?v=2,1443,,,굿,,2022년 3월 10일 목요일,1번째 방문,영수증
스타벅스 월계이마트점,카페,4.38,,,smk****,https://m.place.naver.com/my/5f3f124fa602e98f569058d9/review?v=2,1177,17,,굿,,2022년 5월 27일 금요일,2번째 방문,영수증
스타벅스 월계이마트점,카페,4.38,,,토토 맘,https://m.place.naver.com/my/5fe1aa96fb354063d058f415/review?v=2,610,,,굿,,2022년 3월 31일 목요일,2번째 방문,영수증
스타벅스 월계이마트점,카페,4.38,,,처음처럼678,https://m.place.naver.com/my/5f58780b6c3d7f7334f607a6/review?v=2,2295,,,굿,,2022년 8월 4일 목요일,1번째 방문,영수증
스타벅스 월계이마트점,카페,4.38,,,abc0561,https://m.place.naver.com/my/60ca9e1c765506121b711ddb/review?v=2,1252,,,굿,,2022년 8월 6일 토요일,1번째 방문,영수증
스타벅스 월계이마트점,카페,4.38,,,깨죽72,https://m.place.naver.com/my/5bf10bf8b8355bf47fc2ec0c/review?v=2,111,,,맛있ㅇ니요,,2022년 6월 25일 토요일,1번째 방문,영수증
스타벅스 월계이마트점,카페,4.38,,,TheoChoi,https://m.place.naver.com/my/5eff2fa6a7f1cdd89fefc615/review?v=2,588,10,,좋아요.,"일시적인 오류가 발생했습니다
커피가 맛있어요",2022년 2월 6일 일요일,1번째 방문,영수증
스타벅스 월계이마트점,카페,4.38,,,SOHA98,https://m.place.naver.com/my/5ed72aac8f87a842bc278a74/review?v=2,1279,25,,맛있어요.,,2022년 5월 21일 토요일,2번째 방문,영수증
스타벅스 월계이마트점,카페,4.38,,,yje****,https://m.place.naver.com/my/5c7c774d5ff12643637c53b7/review?v=2,1003,,,굿,,2022년 7월 16일 토요일,4번째 방문,영수증
스타벅스 월계이마트점,카페,4.38,,,로이맘a,https://m.place.naver.com/my/5cd409d98f87a842bcdb8730/review?v=2,201,3,,"인테리어 다시하고 뭔가 좁아진 느낌이지만
사실 앉아서 먹는 경우가 많지않아 크게 불편하진 않아요. 
음료한잔 사는데 30분이상 걸린대서 그건 좀 불편한거같아요.",,2021년 11월 11일 목요일,1번째 방문,영수증
스타벅스 월계이마트점,카페,4.38,,,MS미디어세상,https://m.place.naver.com/my/5f05ae6c82d9f26c95ef38c2/review?v=2,731,,,편하고 맛있어요😀,"일시적인 오류가 발생했습니다
특별한 메뉴가 있어요",2022년 3월 19일 토요일,1번째 방문,영수증
스타벅스 월계이마트점,카페,4.38,,,쑤니416,https://m.place.naver.com/my/5e4d66d28f87a842bcf21a8f/review?v=2,923,12,,.,"일시적인 오류가 발생했습니다
매장이 청결해요",2022년 1월 30일 일요일,1번째 방문,영수증
스타벅스 월계이마트점,카페,4.38,,,준짱15,https://m.place.naver.com/my/5da305278f87a842bca3d024/review?v=2,268,,,굿,"일시적인 오류가 발생했습니다
주차하기 편해요",2022년 3월 6일 일요일,1번째 방문,영수증
스타벅스 월계이마트점,카페,4.38,,,pap****,https://m.place.naver.com/my/6093a77c4e9a3c9f67887a59/review?v=2,146,,,좋아요,,2022년 1월 15일 토요일,2번째 방문,영수증
스타벅스 월계이마트점,카페,4.38,,,오징어아찌,https://m.place.naver.com/my/5cb48616d6bfb3374cd4d6d8/review?v=2,1119,,,굿,,2022년 6월 15일 수요일,5번째 방문,영수증
스타벅스 월계이마트점,카페,4.38,,,guki,https://m.place.naver.com/my/5c974acd43962e70da9d252f/review?v=2,1838,28,,친절합니다,,2022년 3월 23일 수요일,1번째 방문,영수증
스타벅스 월계이마트점,카페,4.38,,,리리고우고우,https://m.place.naver.com/my/5c377869e8c86a45a130a542/review?v=2,824,72,,이마트 올때마다 자주 오네요,"일시적인 오류가 발생했습니다
친절해요",2021년 9월 13일 월요일,2번째 방문,영수증
스타벅스 월계이마트점,카페,4.38,,,Nasya,https://m.place.naver.com/my/5f0679159127dcb4fc6875b8/review?v=2,779,22,,그냥그냥,,2022년 3월 1일 화요일,1번째 방문,영수증
스타벅스 월계이마트점,카페,4.38,,,lol****,https://m.place.naver.com/my/5c0b2ac5ab0a5bac3488e0c1/review?v=2,3108,,,굿,,2022년 3월 20일 일요일,1번째 방문,영수증
스타벅스 월계이마트점,카페,4.38,,,K0823,https://m.place.naver.com/my/5b9b55d5709e4c6ea56ebff4/review?v=2,596,,,굿,,2022년 3월 7일 월요일,4번째 방문,영수증
스타벅스 월계이마트점,카페,4.38,,,kyu****,https://m.place.naver.com/my/5e5501708f87a842bc0830ef/review?v=2,1939,,,좋아요,,2022년 3월 16일 수요일,1번째 방문,영수증
스타벅스 월계이마트점,카페,4.38,,,언제나 널 사랑해,https://m.place.naver.com/my/5e132f518f87a842bccde454/review?v=2,192,1,,"계산대 남자직원분 너무 친절하시고 설명도 너무 잘해주셔요...ㅎ
자주 가고 싶네요...",,2021년 9월 21일 화요일,2번째 방문,영수증
스타벅스 월계이마트점,카페,4.38,,,별짱마미0124,https://m.place.naver.com/my/5c2494fb3e1cb5ca6bd38e73/review?v=2,1685,16,,맛있어요.,,2022년 2월 12일 토요일,1번째 방문,영수증
스타벅스 월계이마트점,카페,4.38,,,달링앤유,https://m.place.naver.com/my/5c6f804652c7f17e4e83c108/review?v=2,1549,,,맛있어요,,2022년 3월 17일 목요일,18번째 방문,영수증
스타벅스 월계이마트점,카페,4.38,,,hjyoond,https://m.place.naver.com/my/5c0ce41dd1868b480b017480/review?v=2,1418,,,좋아요,,2022년 2월 12일 토요일,2번째 방문,영수증
스타벅스 월계이마트점,카페,4.38,,,똥근녀,https://m.place.naver.com/my/5c35da14b61ed43e708cc91c/review?v=2,192,,,"좌석이 많지는 않아요.
친절합니다.","일시적인 오류가 발생했습니다
커피가 맛있어요",2021년 12월 24일 금요일,1번째 방문,영수증
스타벅스 월계이마트점,카페,4.38,,,달링앤유,https://m.place.naver.com/my/5c6f804652c7f17e4e83c108/review?v=2,1549,,,맛있어요,,2022년 3월 15일 화요일,17번째 방문,영수증
스타벅스 월계이마트점,카페,4.38,,,jhe****,https://m.place.naver.com/my/5c5acd7149fda86bb4c01895/review?v=2,341,,,커피 맛있어요,,2022년 1월 16일 일요일,1번째 방문,영수증
스타벅스 월계이마트점,카페,4.38,,,큐큐3274,https://m.place.naver.com/my/5ea050608f87a842bc797589/review?v=2,244,,,ㅡ,,2022년 5월 16일 월요일,1번째 방문,영수증
스타벅스 월계이마트점,카페,4.38,,,pyh****,https://m.place.naver.com/my/5da7de3d8f87a842bc759718/review?v=2,2396,,,좋아요,,2022년 2월 18일 금요일,5번째 방문,영수증
스타벅스 월계이마트점,카페,4.38,,,cho****,https://m.place.naver.com/my/5d295a72e7f6ec8b4a45a577/review?v=2,220,,,좋아요,,2022년 3월 12일 토요일,1번째 방문,영수증
스타벅스 월계이마트점,카페,4.38,,,00****,https://m.place.naver.com/my/5c84c00ee49dbf37daca6617/review?v=2,925,,,굿,,2022년 3월 12일 토요일,2번째 방문,영수증
스타벅스 월계이마트점,카페,4.38,,,qwer64,https://m.place.naver.com/my/5d52aa0775c5e6364316ebe8/review?v=2,85,,,프리퀀시 교환 감사합니다,,2021년 12월 18일 토요일,1번째 방문,영수증
스타벅스 월계이마트점,카페,4.38,,,ㅇㅅㅇ8572,https://m.place.naver.com/my/5c2cb1117e0118165a347947/review?v=2,385,,,쾌적한 스벅,"일시적인 오류가 발생했습니다
친절해요",2022년 2월 5일 토요일,1번째 방문,영수증
스타벅스 월계이마트점,카페,4.38,,,moni62,https://m.place.naver.com/my/5d9eee138f87a842bcf702b2/review?v=2,610,,,굿,,2022년 7월 14일 목요일,5번째 방문,영수증
스타벅스 월계이마트점,카페,4.38,,,다람쥐2332,https://m.place.naver.com/my/5d68f7928f87a842bcae1161/review?v=2,2216,,,맛있고좋아요,,2021년 12월 11일 토요일,2번째 방문,영수증
스타벅스 월계이마트점,카페,4.38,,,달링앤유,https://m.place.naver.com/my/5c6f804652c7f17e4e83c108/review?v=2,1549,,,좋아요,,2022년 3월 10일 목요일,16번째 방문,영수증
스타벅스 월계이마트점,카페,4.38,,,냠냠쩝쩝25,https://m.place.naver.com/my/5bc3413fb0bb761fe4cf00a1/review?v=2,243,,,굿,,2022년 5월 26일 목요일,2번째 방문,영수증
스타벅스 월계이마트점,카페,4.38,,,lnd****,https://m.place.naver.com/my/5eff6a2d54eca45f153daa24/review?v=2,1188,,,맛있어요 ,,2022년 5월 31일 화요일,7번째 방문,영수증
스타벅스 월계이마트점,카페,4.38,,,오리궁뎅이2,https://m.place.naver.com/my/5bf6a894f02e5568912ba38b/review?v=2,1109,20,,친절하고 쇼핑 후 한잔하기 좋아요,"일시적인 오류가 발생했습니다
매장이 청결해요",2021년 11월 10일 수요일,2번째 방문,영수증
스타벅스 월계이마트점,카페,4.38,,,홀리몰리ㅇ,https://m.place.naver.com/my/5d4f412c87950a559417bed8/review?v=2,386,,,좋아요,,2022년 4월 21일 목요일,2번째 방문,영수증
스타벅스 월계이마트점,카페,4.38,,,yoo****,https://m.place.naver.com/my/5c2f798d5a67318ec3b26337/review?v=2,623,15,,굿,,2022년 3월 6일 일요일,1번째 방문,영수증
스타벅스 월계이마트점,카페,4.38,,,오리궁뎅이2,https://m.place.naver.com/my/5bf6a894f02e5568912ba38b/review?v=2,1109,20,,맛있어요,"일시적인 오류가 발생했습니다
친절해요",2022년 1월 31일 월요일,10번째 방문,영수증
스타벅스 월계이마트점,카페,4.38,,,오리궁뎅이2,https://m.place.naver.com/my/5bf6a894f02e5568912ba38b/review?v=2,1109,20,,좋아요,"일시적인 오류가 발생했습니다
음료가 맛있어요",2022년 1월 30일 일요일,9번째 방문,영수증
스타벅스 월계이마트점,카페,4.38,,,까만이49,https://m.place.naver.com/my/5fbdd24f8d30519e5e76db54/review?v=2,313,,,굿,,2022년 3월 4일 금요일,1번째 방문,영수증
스타벅스 월계이마트점,카페,4.38,,,달링앤유,https://m.place.naver.com/my/5c6f804652c7f17e4e83c108/review?v=2,1549,,,맛있어요,,2022년 3월 4일 금요일,15번째 방문,영수증
스타벅스 월계이마트점,카페,4.38,,,Annnnna45,https://m.place.naver.com/my/5efe03c815c4bcd43058a058/review?v=2,851,,,맛있어요,,2022년 1월 27일 목요일,1번째 방문,영수증
스타벅스 월계이마트점,카페,4.38,,,냠냠쩝쩝25,https://m.place.naver.com/my/5bc3413fb0bb761fe4cf00a1/review?v=2,243,,,굿,,2022년 5월 21일 토요일,1번째 방문,영수증
스타벅스 월계이마트점,카페,4.38,,,kel****,https://m.place.naver.com/my/5d9595608f87a842bcb0fbea/review?v=2,409,,,굿,,2022년 2월 26일 토요일,1번째 방문,영수증
스타벅스 월계이마트점,카페,4.38,,,kkkkk2727,https://m.place.naver.com/my/5b9b71356f49170274dde9ab/review?v=2,1452,2,,맛이없어요,,2022년 2월 6일 일요일,1번째 방문,영수증
스타벅스 월계이마트점,카페,4.38,,,yoo****,https://m.place.naver.com/my/5dc50ff88f87a842bcd6d544/review?v=2,1404,,,역시 스타벅스!,,2021년 11월 28일 일요일,1번째 방문,영수증
스타벅스 월계이마트점,카페,4.38,,,달려비야,https://m.place.naver.com/my/5da70edc8f87a842bccfdb9f/review?v=2,1086,9,,친절하세요 ,"일시적인 오류가 발생했습니다
매장이 청결해요",2022년 5월 28일 토요일,1번째 방문,영수증
스타벅스 월계이마트점,카페,4.38,,,얜맘,https://m.place.naver.com/my/5d6f51158f87a842bc31e5bc/review?v=2,57,,,좋아요,,2022년 2월 24일 목요일,1번째 방문,영수증
스타벅스 월계이마트점,카페,4.38,,,뚜루뚜9257,https://m.place.naver.com/my/5f216b909ec8258e4a73e2fc/review?v=2,2450,,,좋아요,"일시적인 오류가 발생했습니다
커피가 맛있어요",2022년 5월 11일 수요일,2번째 방문,영수증
스타벅스 월계이마트점,카페,4.38,,,mkc****,https://m.place.naver.com/my/5cc5314659913462c4779f21/review?v=2,476,,,,"일시적인 오류가 발생했습니다
주차하기 편해요",2021년 12월 22일 수요일,1번째 방문,영수증
스타벅스 월계이마트점,카페,4.38,,,더 프렌즈60,https://m.place.naver.com/my/5d85e1298f87a842bc34d023/review?v=2,1096,,,좋아요,,2022년 2월 21일 월요일,1번째 방문,영수증
스타벅스 월계이마트점,카페,4.38,,,모든배우자,https://m.place.naver.com/my/5db0381b8f87a842bc4af752/review?v=2,912,,,굿,,2022년 2월 21일 월요일,1번째 방문,영수증
스타벅스 월계이마트점,카페,4.38,,,Jihye48,https://m.place.naver.com/my/5efe0a5197c2663e9347ae3f/review?v=2,85,,,좋아요,,2022년 2월 2일 수요일,1번째 방문,영수증
스타벅스 월계이마트점,카페,4.38,,,바이올라89,https://m.place.naver.com/my/5d92ee4a8f87a842bc61a7c0/review?v=2,1144,,,¹,,2022년 1월 31일 월요일,3번째 방문,영수증
스타벅스 월계이마트점,카페,4.38,,,87lovely,https://m.place.naver.com/my/5dc517488f87a842bcfc4018/review?v=2,587,,,좋라료,,2022년 4월 21일 목요일,1번째 방문,영수증
스타벅스 월계이마트점,카페,4.38,,,K0823,https://m.place.naver.com/my/5b9b55d5709e4c6ea56ebff4/review?v=2,596,,,리뉴얼하고 새로워진게 너무 많아요!신기합니당 ㅎㅎ,,2021년 11월 9일 화요일,2번째 방문,영수증
스타벅스 월계이마트점,카페,4.38,,,딩딩385,https://m.place.naver.com/my/5c6159d8e491064263aba74b/review?v=2,68,,,"카톡선물 없는메뉴라 변경부분에 너무친절하게 
설명까지 기분좋은 커피한잔했네요","일시적인 오류가 발생했습니다
친절해요",2021년 10월 25일 월요일,1번째 방문,영수증
스타벅스 월계이마트점,카페,4.38,,,미코,https://m.place.naver.com/my/5bce6a859d14d409f69c76c8/review?v=2,1821,,,케익 좋류가 다양하지 않네요,,2021년 11월 13일 토요일,3번째 방문,영수증
스타벅스 월계이마트점,카페,4.38,,,K0823,https://m.place.naver.com/my/5b9b55d5709e4c6ea56ebff4/review?v=2,596,,,리뉴얼하고 샌드위치 고르는게 신기해요,,2021년 11월 8일 월요일,1번째 방문,영수증
스타벅스 월계이마트점,카페,4.38,,,고라니2894,https://m.place.naver.com/my/5efdcf78041be3dc257ae336/review?v=2,501,,,맛있게 잘 먹었어요,,2021년 11월 13일 토요일,1번째 방문,영수증
스타벅스 월계이마트점,카페,4.38,,,luvliyong,https://m.place.naver.com/my/5c6fc8139b90dc048b43be17/review?v=2,2163,,,맛있게 먹었어요,"일시적인 오류가 발생했습니다
매장이 청결해요",2021년 11월 13일 토요일,3번째 방문,영수증
스타벅스 월계이마트점,카페,4.38,,,둡76,https://m.place.naver.com/my/61893089b4fe434da53a4658/review?v=2,1494,,,주차하기 좋아요,,2022년 3월 5일 토요일,1번째 방문,영수증
스타벅스 월계이마트점,카페,4.38,,,영맨95,https://m.place.naver.com/my/5d4a888db375190722df80b2/review?v=2,44,,,커피 맛있어요.,,2021년 12월 10일 금요일,1번째 방문,영수증
스타벅스 월계이마트점,카페,4.38,,,warm40,https://m.place.naver.com/my/5eb3f9908f87a842bc2fb7b1/review?v=2,228,,,사람이 너무 많아요 ㅎㅎ,,2021년 11월 7일 일요일,1번째 방문,영수증
스타벅스 월계이마트점,카페,4.38,,,sym****,https://m.place.naver.com/my/5d8096248f87a842bcc618f5/review?v=2,107,,,좋아요~~~~~,"일시적인 오류가 발생했습니다
매장이 청결해요",2022년 2월 2일 수요일,1번째 방문,영수증
스타벅스 월계이마트점,카페,4.38,,,jungkm02,https://m.place.naver.com/my/5fb87d17e4ade6242bed83d3/review?v=2,479,6,,좋아요,"일시적인 오류가 발생했습니다
매장이 청결해요",2022년 1월 31일 월요일,1번째 방문,영수증
스타벅스 월계이마트점,카페,4.38,,,뚜이8583,https://m.place.naver.com/my/5e3d16dd8f87a842bc9d84fa/review?v=2,319,,,좋아요,,2022년 6월 5일 일요일,1번째 방문,영수증
스타벅스 월계이마트점,카페,4.38,,,뷔러버,https://m.place.naver.com/my/5cd92117e11c7b4bcb1b34f2/review?v=2,1098,,,좋아요,"일시적인 오류가 발생했습니다
친절해요",2021년 12월 27일 월요일,1번째 방문,영수증
스타벅스 월계이마트점,카페,4.38,,,오리궁뎅이2,https://m.place.naver.com/my/5bf6a894f02e5568912ba38b/review?v=2,1109,20,,자주가요,"일시적인 오류가 발생했습니다
주차하기 편해요",2021년 12월 6일 월요일,6번째 방문,영수증
스타벅스 월계이마트점,카페,4.38,,,dms****,https://m.place.naver.com/my/5c26d1f99d3dd72aa13f12cc/review?v=2,579,,,좋아요,,2022년 1월 28일 금요일,1번째 방문,영수증
스타벅스 월계이마트점,카페,4.38,,,상큼이198,https://m.place.naver.com/my/5cce9c35bf33b72635b30e83/review?v=2,113,,,굿,,2022년 4월 16일 토요일,2번째 방문,영수증
스타벅스 월계이마트점,카페,4.38,,,mel****,https://m.place.naver.com/my/5ed8ed938f87a842bcbe94b2/review?v=2,11,,,잘바꿔왔구요,,2021년 11월 27일 토요일,1번째 방문,영수증
스타벅스 월계이마트점,카페,4.38,,,0912chj,https://m.place.naver.com/my/5ca36a7387d6b77b6f9cdab8/review?v=2,1115,,,좋아요,,2021년 12월 25일 토요일,1번째 방문,영수증
스타벅스 월계이마트점,카페,4.38,,,use****,https://m.place.naver.com/my/5ee63fa08f87a842bce85a1e/review?v=2,458,,,굿,,2022년 1월 8일 토요일,1번째 방문,영수증
스타벅스 월계이마트점,카페,4.38,,,dbs****,https://m.place.naver.com/my/5baa0f283a2c11cada5a3372/review?v=2,1135,4,,ㄴ,,2022년 1월 6일 목요일,1번째 방문,영수증
스타벅스 월계이마트점,카페,4.38,,,kso****,https://m.place.naver.com/my/5cd79367197b0518ee5b2f04/review?v=2,560,,,"커피는 역시 스타벅스 
향도 맛도 좋아요",,2021년 10월 5일 화요일,1번째 방문,영수증
스타벅스 월계이마트점,카페,4.38,,,그레4697,https://m.place.naver.com/my/5d71d6768f87a842bca429d5/review?v=2,1028,20,,굿,,2021년 12월 23일 목요일,16번째 방문,영수증
스타벅스 월계이마트점,카페,4.38,,,hjyoon22,https://m.place.naver.com/my/5f0476c40b8c7a1cdb6f7eb0/review?v=2,206,1,,굿,,2022년 1월 24일 월요일,1번째 방문,영수증
스타벅스 월계이마트점,카페,4.38,,,오리궁뎅이2,https://m.place.naver.com/my/5bf6a894f02e5568912ba38b/review?v=2,1109,20,,좋아요,"일시적인 오류가 발생했습니다
커피가 맛있어요",2021년 12월 21일 화요일,8번째 방문,영수증
스타벅스 월계이마트점,카페,4.38,,,Soulfree,https://m.place.naver.com/my/5b7e4d006962120a44a3e4f0/review?v=2,1098,21,,굿,,2021년 12월 18일 토요일,1번째 방문,영수증
스타벅스 월계이마트점,카페,4.38,,,월광7224,https://m.place.naver.com/my/5f7584bf6c3d7f7334c94b2a/review?v=2,43,,,장보면서 커피 한잔 할 수 있어서 좋아요~,"일시적인 오류가 발생했습니다
친절해요",2021년 10월 28일 목요일,1번째 방문,영수증
스타벅스 월계이마트점,카페,4.38,,,hjyoond,https://m.place.naver.com/my/5c0ce41dd1868b480b017480/review?v=2,1418,,,맛있어요,,2021년 12월 18일 토요일,1번째 방문,영수증
스타벅스 월계이마트점,카페,4.38,,,지우419,https://m.place.naver.com/my/61984acc9cacdf7618391992/review?v=2,169,,,ㆍ,"일시적인 오류가 발생했습니다
매장이 청결해요",2021년 12월 31일 금요일,1번째 방문,영수증
스타벅스 월계이마트점,카페,4.38,,,세나3619,https://m.place.naver.com/my/5d7c28a68f87a842bc75a621/review?v=2,308,,,사람이많네요,"일시적인 오류가 발생했습니다
주차하기 편해요",2021년 11월 6일 토요일,1번째 방문,영수증
스타벅스 월계이마트점,카페,4.38,,,그레4697,https://m.place.naver.com/my/5d71d6768f87a842bca429d5/review?v=2,1028,20,,굿,"일시적인 오류가 발생했습니다
친절해요",2021년 12월 16일 목요일,15번째 방문,영수증
스타벅스 월계이마트점,카페,4.38,,,DA75,https://m.place.naver.com/my/5cda74c21128c767e8dd8897/review?v=2,1701,,,좋아요,,2022년 1월 18일 화요일,1번째 방문,영수증
스타벅스 월계이마트점,카페,4.38,,,TraiN,https://m.place.naver.com/my/5efe550ab233a2a96ec43e3f/review?v=2,1686,31,,"커피 맛있어요
다만 가격이 올랐어요",,2022년 1월 16일 일요일,1번째 방문,영수증
스타벅스 월계이마트점,카페,4.38,,,오리궁뎅이2,https://m.place.naver.com/my/5bf6a894f02e5568912ba38b/review?v=2,1109,20,,좋아요,"일시적인 오류가 발생했습니다
주차하기 편해요",2021년 12월 13일 월요일,7번째 방문,영수증
스타벅스 월계이마트점,카페,4.38,,,갑돌누님,https://m.place.naver.com/my/5da440978f87a842bcb7c5c2/review?v=2,1469,,,코로나로 좌석은 없앴지만 커피주문이 빨라서 좋아요,,2021년 9월 18일 토요일,1번째 방문,영수증
스타벅스 월계이마트점,카페,4.38,,,호원당,https://m.place.naver.com/my/5be8f1d4ac465a23848164e6/review?v=2,528,10,,친절합니자,"일시적인 오류가 발생했습니다
매장이 청결해요",2021년 11월 20일 토요일,1번째 방문,영수증
스타벅스 월계이마트점,카페,4.38,,,그레4697,https://m.place.naver.com/my/5d71d6768f87a842bca429d5/review?v=2,1028,20,,굿,,2021년 12월 10일 금요일,14번째 방문,영수증
스타벅스 월계이마트점,카페,4.38,,,오리궁뎅이2,https://m.place.naver.com/my/5bf6a894f02e5568912ba38b/review?v=2,1109,20,,자주 가요,"일시적인 오류가 발생했습니다
주차하기 편해요",2021년 11월 19일 금요일,4번째 방문,영수증
스타벅스 월계이마트점,카페,4.38,,,y1****,https://m.place.naver.com/my/5b9ba9acc52e32e6abab3878/review?v=2,971,,,굿,,2021년 12월 29일 수요일,1번째 방문,영수증
스타벅스 월계이마트점,카페,4.38,,,최은주3675,https://m.place.naver.com/my/5cff2e5edd37ce6594e4e1b1/review?v=2,59,,,굿,,2022년 1월 10일 월요일,1번째 방문,영수증
스타벅스 월계이마트점,카페,4.38,,,두근두근9727,https://m.place.naver.com/my/5b9f5861d2588602241be365/review?v=2,926,16,,굿,,2021년 12월 10일 금요일,1번째 방문,영수증
스타벅스 월계이마트점,카페,4.38,,,얍얍266,https://m.place.naver.com/my/5d12f2c1121111390f2b75e6/review?v=2,1077,,,굿,,2022년 1월 7일 금요일,2번째 방문,영수증
스타벅스 월계이마트점,카페,4.38,,,얍얍266,https://m.place.naver.com/my/5d12f2c1121111390f2b75e6/review?v=2,1077,,,굿,,2022년 1월 7일 금요일,1번째 방문,영수증
스타벅스 월계이마트점,카페,4.38,,,그레4697,https://m.place.naver.com/my/5d71d6768f87a842bca429d5/review?v=2,1028,20,,굿,,2021년 12월 4일 토요일,13번째 방문,영수증
스타벅스 월계이마트점,카페,4.38,,,vlw****,https://m.place.naver.com/my/6102401d027bf56d36bd6287/review?v=2,767,,,굿,,2022년 1월 6일 목요일,1번째 방문,영수증
스타벅스 월계이마트점,카페,4.38,,,라이니스,https://m.place.naver.com/my/5efe1feab4dd01caff0a0b88/review?v=2,1612,22,,역시 스벅,"일시적인 오류가 발생했습니다
커피가 맛있어요",2022년 4월 7일 목요일,1번째 방문,영수증
스타벅스 월계이마트점,카페,4.38,,,파랑앤홍,https://m.place.naver.com/my/5f05713734a524e70c5bee77/review?v=2,1753,25,,굿,,2021년 12월 2일 목요일,2번째 방문,영수증
스타벅스 월계이마트점,카페,4.38,,,파랑앤홍,https://m.place.naver.com/my/5f05713734a524e70c5bee77/review?v=2,1753,25,,굿,,2021년 12월 2일 목요일,3번째 방문,영수증
스타벅스 월계이마트점,카페,4.38,,,바이올라89,https://m.place.naver.com/my/5d92ee4a8f87a842bc61a7c0/review?v=2,1144,,,1,,2021년 12월 16일 목요일,2번째 방문,영수증
스타벅스 월계이마트점,카페,4.38,,,우지66,https://m.place.naver.com/my/5c96511c5a3bdab1be0ae232/review?v=2,82,,,굿,,2022년 1월 2일 일요일,2번째 방문,영수증
스타벅스 월계이마트점,카페,4.38,,,우지66,https://m.place.naver.com/my/5c96511c5a3bdab1be0ae232/review?v=2,82,,,굿,"일시적인 오류가 발생했습니다
뷰가 좋아요",2022년 1월 2일 일요일,4번째 방문,영수증
스타벅스 월계이마트점,카페,4.38,,,우지66,https://m.place.naver.com/my/5c96511c5a3bdab1be0ae232/review?v=2,82,,,굿굿,"일시적인 오류가 발생했습니다
커피가 맛있어요",2022년 1월 2일 일요일,3번째 방문,영수증
스타벅스 월계이마트점,카페,4.38,,,우지66,https://m.place.naver.com/my/5c96511c5a3bdab1be0ae232/review?v=2,82,,,굿,"일시적인 오류가 발생했습니다
커피가 맛있어요",2022년 1월 2일 일요일,1번째 방문,영수증
스타벅스 월계이마트점,카페,4.38,,,그레4697,https://m.place.naver.com/my/5d71d6768f87a842bca429d5/review?v=2,1028,20,,굿,,2021년 11월 29일 월요일,12번째 방문,영수증
스타벅스 월계이마트점,카페,4.38,,,이쁜미소2,https://m.place.naver.com/my/5f8e930e8396b054f7696475/review?v=2,2156,,,마트안에 점포라서 그런가...그다지 친절한건 잘못느꼈어요.,"일시적인 오류가 발생했습니다
음료가 맛있어요",2021년 9월 7일 화요일,1번째 방문,영수증
스타벅스 월계이마트점,카페,4.38,,,그레4697,https://m.place.naver.com/my/5d71d6768f87a842bca429d5/review?v=2,1028,20,,굿,,2021년 11월 27일 토요일,11번째 방문,영수증
스타벅스 월계이마트점,카페,4.38,,,라라7736,https://m.place.naver.com/my/5d81e8db8f87a842bceaf917/review?v=2,377,7,,Good,"일시적인 오류가 발생했습니다
커피가 맛있어요",2021년 12월 24일 금요일,2번째 방문,영수증
스타벅스 월계이마트점,카페,4.38,,,김퉹,https://m.place.naver.com/my/5f5c14326c3d7f733444fa62/review?v=2,505,,,굿,,2021년 11월 26일 금요일,1번째 방문,영수증
스타벅스 월계이마트점,카페,4.38,,,반달2141,https://m.place.naver.com/my/5b9b3558c4724c6e05c96838/review?v=2,1193,,,빠르게 제조해서 줘요,,2021년 10월 2일 토요일,3번째 방문,영수증
스타벅스 월계이마트점,카페,4.38,,,오리궁뎅이2,https://m.place.naver.com/my/5bf6a894f02e5568912ba38b/review?v=2,1109,20,,굿,"일시적인 오류가 발생했습니다
주차하기 편해요",2021년 11월 25일 목요일,5번째 방문,영수증
스타벅스 월계이마트점,카페,4.38,,,그레4697,https://m.place.naver.com/my/5d71d6768f87a842bca429d5/review?v=2,1028,20,,굿,,2021년 11월 23일 화요일,10번째 방문,영수증
스타벅스 월계이마트점,카페,4.38,,,더욱더행복하자,https://m.place.naver.com/my/5fd038df80823c6f3da76cfb/review?v=2,1908,,,좋아요,,2021년 11월 21일 일요일,1번째 방문,영수증
스타벅스 월계이마트점,카페,4.38,,,지나가는설치류,https://m.place.naver.com/my/5ccd86fed18a820e9138309e/review?v=2,333,9,,빨리나와서 좋습니다 친절하세요,,2021년 8월 29일 일요일,1번째 방문,영수증
스타벅스 월계이마트점,카페,4.38,,,키라7270,https://m.place.naver.com/my/5fba335c91e87c6ea5d0a8e0/review?v=2,314,,,ㅇ,,2021년 12월 4일 토요일,1번째 방문,영수증
스타벅스 월계이마트점,카페,4.38,,,옹주,https://m.place.naver.com/my/5bfffc492ac0eb9a7fc47c3d/review?v=2,906,,,맛나요,,2021년 11월 20일 토요일,1번째 방문,영수증
스타벅스 월계이마트점,카페,4.38,,,서울촌놈인걸요,https://m.place.naver.com/my/60377b598e9de61aff00fa64/review?v=2,1571,3,,리뉴얼!,,2021년 10월 31일 일요일,1번째 방문,영수증
스타벅스 월계이마트점,카페,4.38,,,치즈케익68,https://m.place.naver.com/my/5c945abc3ace34715c52b228/review?v=2,533,,,굿,,2021년 11월 19일 금요일,1번째 방문,영수증
스타벅스 월계이마트점,카페,4.38,,,그레4697,https://m.place.naver.com/my/5d71d6768f87a842bca429d5/review?v=2,1028,20,,굿,,2021년 11월 19일 금요일,9번째 방문,영수증
스타벅스 월계이마트점,카페,4.38,,,잡이요,https://m.place.naver.com/my/5c2a11b6710c14ed71ad5c80/review?v=2,1003,14,,쓱-,,2021년 10월 30일 토요일,1번째 방문,영수증
스타벅스 월계이마트점,카페,4.38,,,RaPoseidon,https://m.place.naver.com/my/5d8ac6d68f87a842bca04582/review?v=2,2618,36,,좋아요,,2021년 11월 17일 수요일,1번째 방문,영수증
스타벅스 월계이마트점,카페,4.38,,,K0823,https://m.place.naver.com/my/5b9b55d5709e4c6ea56ebff4/review?v=2,596,,,굿굿,,2021년 12월 6일 월요일,3번째 방문,영수증
스타벅스 월계이마트점,카페,4.38,,,사과같이 둥근달,https://m.place.naver.com/my/5db8e72e8f87a842bcd8949f/review?v=2,2485,,,굿,,2021년 12월 18일 토요일,1번째 방문,영수증
스타벅스 월계이마트점,카페,4.38,,,sdafg3425,https://m.place.naver.com/my/5e6f42ee8f87a842bc4e3c95/review?v=2,462,,,맛있어요,,2021년 12월 11일 토요일,2번째 방문,영수증
스타벅스 월계이마트점,카페,4.38,,,오징어아찌,https://m.place.naver.com/my/5cb48616d6bfb3374cd4d6d8/review?v=2,1119,,,편하게 이용 가능 매장,"일시적인 오류가 발생했습니다
매장이 청결해요",2022년 1월 13일 목요일,2번째 방문,포장주문
스타벅스 월계이마트점,카페,4.38,,,오리궁뎅이2,https://m.place.naver.com/my/5bf6a894f02e5568912ba38b/review?v=2,1109,20,,좋아요,"일시적인 오류가 발생했습니다
커피가 맛있어요",2021년 11월 12일 금요일,3번째 방문,영수증
스타벅스 월계이마트점,카페,4.38,,,starba99,https://m.place.naver.com/my/5e2ebe4f8f87a842bc87c4a1/review?v=2,5197,,,#아이스아메리카노V 샷을 줄이면 확실히 맛이 엄청 순하네요 시원해서 좋습니다,,2021년 9월 13일 월요일,2번째 방문,영수증
스타벅스 월계이마트점,카페,4.38,,,mindang2,https://m.place.naver.com/my/5b6311b00b5ab383b95b91b2/review?v=2,1970,29,,굿,,2021년 11월 11일 목요일,1번째 방문,영수증
스타벅스 월계이마트점,카페,4.38,,,둥이네2014,https://m.place.naver.com/my/5c7feaba95e9f5e5fb9a7ed0/review?v=2,4283,42,,좋아요,,2021년 11월 10일 수요일,3번째 방문,영수증
스타벅스 월계이마트점,카페,4.38,,,ji****,https://m.place.naver.com/my/5d738d2f8f87a842bc4856e8/review?v=2,157,4,,"이런 리뷰 잘 안 남기는데 직원분 응대에 기분이 좋지 않아서 남겨요.
쿠폰 바코드를 사진으로 찍어서 가져갔고 혹시나 안될까 해서 사용가능한지 먼저 여쭤보니
찍어보지도 않고 안된다고 딱 잘라 말하셔서 기분 안좋았는데 다른지점에선 되네요..? ㅎ
주문 받아주신 여자 직원분은 친절했는데 쿠폰에 대해 대신 답변해주신 남자직원분 응대는 좀 아쉬웠어요 
다음부턴 좀 더 친절하게 설명해주시고 정확하게 안내해주시면 좋을 것 같아요^^",,2021년 7월 8일 목요일,2번째 방문,영수증
스타벅스 월계이마트점,카페,4.38,,,모범택시62,https://m.place.naver.com/my/5ef928638f87a842bceb0d41/review?v=2,473,21,,굿,,2021년 11월 9일 화요일,2번째 방문,영수증
스타벅스 월계이마트점,카페,4.38,,,secimi74,https://m.place.naver.com/my/5e19c8c18f87a842bc0a462e/review?v=2,1379,54,,친절해요,,2021년 11월 9일 화요일,1번째 방문,영수증
스타벅스 월계이마트점,카페,4.38,,,입장바꿔생각,https://m.place.naver.com/my/5c5aec80bd7f1f350344faac/review?v=2,529,,,역시나!!!!!맛있어여!!!!!!!,"일시적인 오류가 발생했습니다
화장실이 깨끗해요",2021년 7월 8일 목요일,1번째 방문,영수증
스타벅스 월계이마트점,카페,4.38,,,soo****,https://m.place.naver.com/my/5e61ad1e8f87a842bc1f1eff/review?v=2,682,,,맛있어요,,2021년 12월 11일 토요일,1번째 방문,영수증
스타벅스 월계이마트점,카페,4.38,,,찐이쌤,https://m.place.naver.com/my/5c78e3fab9c37e9c6e8aa036/review?v=2,16,,,친절하셨어요. 근데 연휴라 사람이 많아서 15분 웨이팅이 있었습니다.,,2021년 9월 19일 일요일,1번째 방문,영수증
스타벅스 월계이마트점,카페,4.38,,,lnd****,https://m.place.naver.com/my/5eff6a2d54eca45f153daa24/review?v=2,1188,,,맛있어요,,2022년 2월 10일 목요일,6번째 방문,영수증
스타벅스 월계이마트점,카페,4.38,,,ㅇ쫑이ㅇ,https://m.place.naver.com/my/5d7b04d08f87a842bcec62e4/review?v=2,702,,,굿,,2021년 12월 10일 금요일,1번째 방문,영수증
스타벅스 월계이마트점,카페,4.38,,,진이4596,https://m.place.naver.com/my/5fcc5dd69bb527317f01f8a9/review?v=2,866,,,좋아요,,2021년 12월 10일 금요일,1번째 방문,영수증
스타벅스 월계이마트점,카페,4.38,,,파랑앤홍,https://m.place.naver.com/my/5f05713734a524e70c5bee77/review?v=2,1753,25,,굿,,2021년 11월 6일 토요일,1번째 방문,영수증
스타벅스 월계이마트점,카페,4.38,,,달링앤유,https://m.place.naver.com/my/5c6f804652c7f17e4e83c108/review?v=2,1549,,,굿,,2021년 12월 7일 화요일,14번째 방문,영수증
스타벅스 월계이마트점,카페,4.38,,,행복하기893,https://m.place.naver.com/my/5d43fb07e45e99785e26a098/review?v=2,2193,,,가끔 들립니다. 친절하고 좋아요,"일시적인 오류가 발생했습니다
주차하기 편해요",2021년 9월 13일 월요일,1번째 방문,영수증
스타벅스 월계이마트점,카페,4.38,,,topstarsm,https://m.place.naver.com/my/5ccfa0a8f03e91f1f0c05c6c/review?v=2,176,1,,젤 기본인 아메리카노가 안된대서 황당쓰.. 어차피 다른 메뉴에도 다 에스프레소 샷은 들어갈텐데,,2021년 8월 1일 일요일,1번째 방문,영수증
스타벅스 월계이마트점,카페,4.38,,,00****,https://m.place.naver.com/my/5c84c00ee49dbf37daca6617/review?v=2,925,,,굿,,2021년 12월 4일 토요일,1번째 방문,영수증
스타벅스 월계이마트점,카페,4.38,,,쌩유맘28,https://m.place.naver.com/my/5eb94a638f87a842bcd5af29/review?v=2,2022,26,,지금 잘 되고 있다,,2021년 9월 10일 금요일,7번째 방문,영수증
스타벅스 월계이마트점,카페,4.38,,,범블대디,https://m.place.naver.com/my/5f6061626c3d7f7334a3db8d/review?v=2,1576,19,,딸기 요거트 너무 좋아요,,2021년 9월 4일 토요일,2번째 방문,영수증
스타벅스 월계이마트점,카페,4.38,,,방토14,https://m.place.naver.com/my/5c4b36fe3fede8860a4b9ba3/review?v=2,466,,,커피가 빨리 나와서 좋았어요,"일시적인 오류가 발생했습니다
커피가 맛있어요",2021년 9월 5일 일요일,2번째 방문,영수증
스타벅스 월계이마트점,카페,4.38,,,달링앤유,https://m.place.naver.com/my/5c6f804652c7f17e4e83c108/review?v=2,1549,,,좋아요,,2021년 12월 2일 목요일,13번째 방문,영수증
스타벅스 월계이마트점,카페,4.38,,,솜사탕GOOD,https://m.place.naver.com/my/610bef96d7131d0960a8f6a4/review?v=2,2208,5,,좋아요,,2022년 1월 21일 금요일,1번째 방문,영수증
스타벅스 월계이마트점,카페,4.38,,,whwodls5600,https://m.place.naver.com/my/5efadb428f87a842bc9d35a9/review?v=2,140,,,맛있어요~,"일시적인 오류가 발생했습니다
주차하기 편해요",2021년 11월 29일 월요일,2번째 방문,영수증
스타벅스 월계이마트점,카페,4.38,,,미이10,https://m.place.naver.com/my/5ec1daa58f87a842bc3fb9e5/review?v=2,268,,,좋아요,,2021년 10월 26일 화요일,1번째 방문,영수증
스타벅스 월계이마트점,카페,4.38,,,pk****,https://m.place.naver.com/my/5cde1e6af0eeb31d29228e2e/review?v=2,1157,,,굿,,2021년 11월 27일 토요일,2번째 방문,영수증
스타벅스 월계이마트점,카페,4.38,,,범블대디,https://m.place.naver.com/my/5f6061626c3d7f7334a3db8d/review?v=2,1576,19,,좋아요^^,,2021년 10월 18일 월요일,3번째 방문,영수증
스타벅스 월계이마트점,카페,4.38,,,결코,https://m.place.naver.com/my/5f0a611d9ec8258e4a3f25d8/review?v=2,380,,,좋아요,,2021년 11월 26일 금요일,1번째 방문,영수증
스타벅스 월계이마트점,카페,4.38,,,달링앤유,https://m.place.naver.com/my/5c6f804652c7f17e4e83c108/review?v=2,1549,,,굿!,,2021년 11월 26일 금요일,12번째 방문,영수증
스타벅스 월계이마트점,카페,4.38,,,hyo****,https://m.place.naver.com/my/5f7fe6b4e9ae1b301ba8b17a/review?v=2,124,,,.,,2021년 11월 7일 일요일,1번째 방문,영수증
스타벅스 월계이마트점,카페,4.38,,,자유롭게10,https://m.place.naver.com/my/60d4112125ee6e574fa0956b/review?v=2,267,,,좋아요,,2021년 11월 25일 목요일,1번째 방문,영수증
스타벅스 월계이마트점,카페,4.38,,,달링앤유,https://m.place.naver.com/my/5c6f804652c7f17e4e83c108/review?v=2,1549,,,굿!,,2021년 11월 25일 목요일,11번째 방문,영수증
스타벅스 월계이마트점,카페,4.38,,,잰잰6534,https://m.place.naver.com/my/5e8165c28f87a842bcc63e47/review?v=2,1444,,,ㅂ,,2021년 10월 30일 토요일,2번째 방문,영수증
스타벅스 월계이마트점,카페,4.38,,,oking,https://m.place.naver.com/my/5f47292ba602e98f5616dd53/review?v=2,1160,,,맛있어요,"일시적인 오류가 발생했습니다
대화하기 좋아요",2021년 11월 18일 목요일,1번째 방문,영수증
스타벅스 월계이마트점,카페,4.38,,,moni62,https://m.place.naver.com/my/5d9eee138f87a842bcf702b2/review?v=2,610,,,굿,,2022년 3월 10일 목요일,4번째 방문,영수증
스타벅스 월계이마트점,카페,4.38,,,lek****,https://m.place.naver.com/my/5ca6fd3b4f0af4a6505eb7e9/review?v=2,1473,,,좋아요,"일시적인 오류가 발생했습니다
커피가 맛있어요",2021년 11월 19일 금요일,1번째 방문,영수증
스타벅스 월계이마트점,카페,4.38,,,터프가이7258,https://m.place.naver.com/my/5cf85c4725eae6b8b411ff14/review?v=2,391,2,,굿,,2021년 10월 15일 금요일,1번째 방문,영수증
스타벅스 월계이마트점,카페,4.38,,,낙천거인,https://m.place.naver.com/my/5b9533daafdbabd8f6562420/review?v=2,208,,,좋아요,,2021년 11월 17일 수요일,1번째 방문,영수증
스타벅스 월계이마트점,카페,4.38,,,두두경경,https://m.place.naver.com/my/5b6bc552caed6aa6d066c2a7/review?v=2,1551,8,,매장이 작아져서 아쉽 ㅠㅠ,,2021년 11월 3일 수요일,1번째 방문,영수증
스타벅스 월계이마트점,카페,4.38,,,JJCY,https://m.place.naver.com/my/5c21b9aa5b0bfb32cb8c57e4/review?v=2,841,,,작은 매장이라 늘 복잡한...,,2021년 8월 11일 수요일,1번째 방문,영수증
스타벅스 월계이마트점,카페,4.38,,,102****,https://m.place.naver.com/my/6063d94fec15917a7be9ff66/review?v=2,749,,,친절하고 맛있어요,"일시적인 오류가 발생했습니다
친절해요",2021년 8월 14일 토요일,1번째 방문,영수증
스타벅스 월계이마트점,카페,4.38,,,jugaya80,https://m.place.naver.com/my/5cd829fe555e0a5ca280e35d/review?v=2,211,,,굿,"일시적인 오류가 발생했습니다
음료가 맛있어요",2021년 11월 11일 목요일,1번째 방문,영수증
스타벅스 월계이마트점,카페,4.38,,,아연맘52,https://m.place.naver.com/my/5e10221b8f87a842bc311adf/review?v=2,1937,,,이매장이 전 더. 맛있는것같네요..,,2021년 7월 16일 금요일,1번째 방문,영수증
스타벅스 월계이마트점,카페,4.38,,,s me,https://m.place.naver.com/my/5d3ff8d8bd64cf41e13a6280/review?v=2,154,,,좋아요,,2021년 11월 9일 화요일,1번째 방문,영수증
스타벅스 월계이마트점,카페,4.38,,,200****,https://m.place.naver.com/my/5f86df46d3aa01898b982f18/review?v=2,171,,,굿,,2021년 11월 9일 화요일,1번째 방문,영수증
스타벅스 월계이마트점,카페,4.38,,,lnd****,https://m.place.naver.com/my/5eff6a2d54eca45f153daa24/review?v=2,1188,,,맛있어요,,2022년 1월 15일 토요일,5번째 방문,영수증
스타벅스 월계이마트점,카페,4.38,,,pyh****,https://m.place.naver.com/my/5da7de3d8f87a842bc759718/review?v=2,2396,,,좋아요,,2021년 10월 23일 토요일,4번째 방문,영수증
스타벅스 월계이마트점,카페,4.38,,,juliakim1208,https://m.place.naver.com/my/5ccdc2b7c76ca8f27c5681d7/review?v=2,16,,,조아요주차편하구요,,2021년 9월 17일 금요일,2번째 방문,영수증
스타벅스 월계이마트점,카페,4.38,,,200****,https://m.place.naver.com/my/5f266a4f9ec8258e4a778b43/review?v=2,322,,,바쁜데도 직원분들이 친절해요,"일시적인 오류가 발생했습니다
친절해요",2021년 8월 16일 월요일,1번째 방문,영수증
스타벅스 월계이마트점,카페,4.38,,,pap****,https://m.place.naver.com/my/6093a77c4e9a3c9f67887a59/review?v=2,146,,,좋아요,,2021년 9월 7일 화요일,1번째 방문,영수증
스타벅스 월계이마트점,카페,4.38,,,곰돌이젤리츄,https://m.place.naver.com/my/5de058159ec8258e4a0f41e3/review?v=2,4258,1,,굿~,,2022년 1월 18일 화요일,3번째 방문,영수증
스타벅스 월계이마트점,카페,4.38,,,jablum2,https://m.place.naver.com/my/5f06effed6ec8fd5cc9d8f20/review?v=2,578,,,좋아요,,2021년 11월 6일 토요일,1번째 방문,영수증
스타벅스 월계이마트점,카페,4.38,,,이승주6423,https://m.place.naver.com/my/5f04439a7681c6a89256a83b/review?v=2,114,,,좋아요,,2021년 11월 6일 토요일,1번째 방문,영수증
스타벅스 월계이마트점,카페,4.38,,,Mmwoopi9,https://m.place.naver.com/my/5d15b6fbaf0ccae81be4158a/review?v=2,970,11,,Good,,2021년 11월 6일 토요일,1번째 방문,영수증
스타벅스 월계이마트점,카페,4.38,,,sky****,https://m.place.naver.com/my/5d20a988ac73c30a6c114425/review?v=2,1165,,,ㅇㅇ,,2021년 10월 17일 일요일,1번째 방문,영수증
스타벅스 월계이마트점,카페,4.38,,,Oo마녀oO,https://m.place.naver.com/my/5f086ef08f87a842bc2ccd90/review?v=2,1190,,,"시끄러워서 주문 제대로 넣으려면 샤우팅 배워야 함. 그리고 주문 잘못 받아놓고 손님탓.
결국 사이렌오더를 이용안한 내 잘못 ㅎㅎ",,2021년 6월 21일 월요일,1번째 방문,영수증
스타벅스 월계이마트점,카페,4.38,,,juliakim1208,https://m.place.naver.com/my/5ccdc2b7c76ca8f27c5681d7/review?v=2,16,,,조아요맛있구요,,2021년 9월 13일 월요일,1번째 방문,영수증
스타벅스 월계이마트점,카페,4.38,,,황금사과1793,https://m.place.naver.com/my/5efdd96f15c4bcd430584ce3/review?v=2,273,,,자주 애용하고 맛있어요,"일시적인 오류가 발생했습니다
인테리어가 멋져요",2021년 8월 17일 화요일,10번째 방문,포장주문
스타벅스 월계이마트점,카페,4.38,,,bew****,https://m.place.naver.com/my/5e23ef598f87a842bc65966d/review?v=2,1579,,,굿,,2021년 10월 25일 월요일,1번째 방문,영수증
스타벅스 월계이마트점,카페,4.38,,,아이스크림7344,https://m.place.naver.com/my/5ea055db8f87a842bcabe434/review?v=2,1545,27,,굿,,2022년 3월 5일 토요일,1번째 방문,영수증
스타벅스 월계이마트점,카페,4.38,,,lovewlsl,https://m.place.naver.com/my/60dd6eeb1ab1095e7831f813/review?v=2,394,,,좋아요,,2021년 10월 30일 토요일,1번째 방문,영수증
스타벅스 월계이마트점,카페,4.38,,,곰돌이젤리츄,https://m.place.naver.com/my/5de058159ec8258e4a0f41e3/review?v=2,4258,1,,친절해요~,,2022년 1월 16일 일요일,2번째 방문,영수증
스타벅스 월계이마트점,카페,4.38,,,해별39,https://m.place.naver.com/my/5b9b2f1b79102f6ea8186c3f/review?v=2,787,21,,자리는.몇개 없지만 좋아요~!,,2021년 7월 4일 일요일,1번째 방문,영수증
스타벅스 월계이마트점,카페,4.38,,,yeo****,https://m.place.naver.com/my/5e69d5f98f87a842bc6a9074/review?v=2,1259,3,,이마트 갈때면 들리는곳이예요,"일시적인 오류가 발생했습니다
주차하기 편해요",2022년 1월 31일 월요일,2번째 방문,영수증
스타벅스 월계이마트점,카페,4.38,,,금매달,https://m.place.naver.com/my/5fac8502edf088113fbbf8b7/review?v=2,1320,,,좋아요,,2021년 10월 28일 목요일,1번째 방문,영수증
스타벅스 월계이마트점,카페,4.38,,,dud****,https://m.place.naver.com/my/5fa1365efcc2ab21bca408a0/review?v=2,2480,,,맛나용 ㅎㅎ,,2021년 10월 22일 금요일,2번째 방문,영수증
스타벅스 월계이마트점,카페,4.38,,,긍정조이,https://m.place.naver.com/my/5b854783d6d660412742054b/review?v=2,35,,,"디카페인 아이스 아메리카노 그란데 테이크 아웃 주문 함. 음료 받으면서 빨대 달라하니 안주심.. 다시 물어봤더니.  전국매장 다 빨대 안 준다함..

근데 좀 전 내 앞에 텀블러 2개로 음료 사시분은 빨대 줬음.. 뭐지??",,2021년 5월 22일 토요일,1번째 방문,영수증
스타벅스 월계이마트점,카페,4.38,,,서울ll도봉봉,https://m.place.naver.com/my/5cd7fd8e2ee03665279f93e0/review?v=2,1304,,,좋아요,,2022년 1월 18일 화요일,1번째 방문,영수증
스타벅스 월계이마트점,카페,4.38,,,gereon1001,https://m.place.naver.com/my/5f5eeb1e6c3d7f733473ea7b/review?v=2,1058,,,굿,,2021년 10월 26일 화요일,1번째 방문,영수증
스타벅스 월계이마트점,카페,4.38,,,곰돌이젤리츄,https://m.place.naver.com/my/5de058159ec8258e4a0f41e3/review?v=2,4258,1,,친절해요~,,2022년 1월 16일 일요일,1번째 방문,영수증
스타벅스 월계이마트점,카페,4.38,,,감동,https://m.place.naver.com/my/5baf6c27c82a1c95e2450d33/review?v=2,367,,,장보고 들리기 딱좋은 곳이죠,"일시적인 오류가 발생했습니다
주차하기 편해요",2021년 7월 30일 금요일,1번째 방문,영수증
스타벅스 월계이마트점,카페,4.38,,,정규맘62,https://m.place.naver.com/my/5e4dc4888f87a842bc981870/review?v=2,13,,,케이크 2개 주문했는데 집에와서 보니 1개밖에 없어서 다시 가서 받아왔네요. 케이크 2개이상 사실때 꼭 확인하세요. 4시간 정도 지난후라 내 말을 안믿을까 걱정했지만 친절히 다시 챙겨주셨어요.,,2021년 7월 2일 금요일,1번째 방문,영수증
스타벅스 월계이마트점,카페,4.38,,,SOHA98,https://m.place.naver.com/my/5ed72aac8f87a842bc278a74/review?v=2,1279,25,,매장은 좁고 테이크아웃 위주. 커피 맛있어요.,"일시적인 오류가 발생했습니다
음료가 맛있어요",2021년 9월 19일 일요일,1번째 방문,영수증
스타벅스 월계이마트점,카페,4.38,,,aji****,https://m.place.naver.com/my/5f04d20cad3c22327acc06c9/review?v=2,1150,6,,굿,,2022년 5월 1일 일요일,4번째 방문,영수증
스타벅스 월계이마트점,카페,4.38,,,Seungyeon88,https://m.place.naver.com/my/5cc3f48c60a70d2ca99e4751/review?v=2,63,,,다른 지점이랑 똑같은 맛이에요 좋아요,,2021년 7월 28일 수요일,1번째 방문,영수증
스타벅스 월계이마트점,카페,4.38,,,김상복16,https://m.place.naver.com/my/605a906c75e271e18051f05b/review?v=2,445,,,굿,,2021년 9월 15일 수요일,1번째 방문,영수증
스타벅스 월계이마트점,카페,4.38,,,8125s,https://m.place.naver.com/my/60740435cd48a062ae0a9a4e/review?v=2,538,,,굿,,2021년 9월 15일 수요일,1번째 방문,영수증
스타벅스 월계이마트점,카페,4.38,,,Gosaree Marlin,https://m.place.naver.com/my/5e06382e8f87a842bc362b34/review?v=2,206,7,,좋아요,,2021년 9월 14일 화요일,1번째 방문,영수증
스타벅스 월계이마트점,카페,4.38,,,원투킥,https://m.place.naver.com/my/61417e85159676dda01e488b/review?v=2,221,,,굿,,2021년 10월 17일 일요일,1번째 방문,영수증
스타벅스 월계이마트점,카페,4.38,,,K3토킹이,https://m.place.naver.com/my/5c366a6c83c3aa8e3c566a0b/review?v=2,1696,1,,좋아요,,2021년 9월 13일 월요일,1번째 방문,영수증
스타벅스 월계이마트점,카페,4.38,,,HS6474,https://m.place.naver.com/my/5e049f868f87a842bcc692e4/review?v=2,215,,,좋아요,,2021년 9월 21일 화요일,1번째 방문,영수증
스타벅스 월계이마트점,카페,4.38,,,se****,https://m.place.naver.com/my/5b9b207a9d13510cac86f6ab/review?v=2,465,,,"매장이 너무좁아서  복잡해서
불편했어요",,2021년 6월 19일 토요일,1번째 방문,영수증
스타벅스 월계이마트점,카페,4.38,,,hel****,https://m.place.naver.com/my/5f065e8f3f64550bfae828bc/review?v=2,458,18,,좋아요!,,2021년 10월 13일 수요일,1번째 방문,영수증
스타벅스 월계이마트점,카페,4.38,,,밍밍이의쉬폰케익,https://m.place.naver.com/my/5b7ba64058ba004494601505/review?v=2,1003,,,건물입구쪽이라 사람 항상 많아요 ,,2021년 6월 12일 토요일,1번째 방문,영수증
스타벅스 월계이마트점,카페,4.38,,,짝마밍,https://m.place.naver.com/my/5bf10f5558141269116ed818/review?v=2,1460,51,,"너무 시원해서 아이스음료 먹다 얼어죽을뻔 ㅋㅋ
친절합니다~",,2021년 6월 9일 수요일,1번째 방문,영수증
스타벅스 월계이마트점,카페,4.38,,,lnd****,https://m.place.naver.com/my/5eff6a2d54eca45f153daa24/review?v=2,1188,,,맛있어요 ,,2021년 12월 17일 금요일,4번째 방문,영수증
스타벅스 월계이마트점,카페,4.38,,,sbi****,https://m.place.naver.com/my/5efe3a8ebf28894a9288371f/review?v=2,481,,,〰️,"일시적인 오류가 발생했습니다
주차하기 편해요",2021년 11월 26일 금요일,1번째 방문,영수증
스타벅스 월계이마트점,카페,4.38,,,mei****,https://m.place.naver.com/my/5e0c4a538f87a842bc1681b8/review?v=2,349,,,좋아요,,2021년 8월 30일 월요일,1번째 방문,영수증
스타벅스 월계이마트점,카페,4.38,,,mnb6941,https://m.place.naver.com/my/5e32b1fc8f87a842bc26bba5/review?v=2,240,,,좋아요~ 근데 내부는  좁아욜,,2021년 7월 5일 월요일,2번째 방문,영수증
스타벅스 월계이마트점,카페,4.38,,,쓰리6756,https://m.place.naver.com/my/5f6745de6c3d7f733480e3cf/review?v=2,247,,,굿,,2021년 12월 22일 수요일,1번째 방문,영수증
스타벅스 월계이마트점,카페,4.38,,,auddmsdl22,https://m.place.naver.com/my/5bb9c85e22c782d56b4daca0/review?v=2,192,,,굿,,2021년 9월 5일 일요일,5번째 방문,영수증
스타벅스 월계이마트점,카페,4.38,,,언제나 널 사랑해,https://m.place.naver.com/my/5e132f518f87a842bccde454/review?v=2,192,1,,친절하세요,"일시적인 오류가 발생했습니다
매장이 청결해요",2021년 8월 23일 월요일,1번째 방문,영수증
스타벅스 월계이마트점,카페,4.38,,,깐따삐아,https://m.place.naver.com/my/5bb430ba2b14edc35700d067/review?v=2,167,,,가까운 매장이라 종종 들르는게 항상 사람이 많아요,"일시적인 오류가 발생했습니다
커피가 맛있어요",2021년 7월 3일 토요일,1번째 방문,영수증
스타벅스 월계이마트점,카페,4.38,,,kcol76,https://m.place.naver.com/my/5e09b1de8f87a842bca2a3d8/review?v=2,3121,,,좋아요,,2022년 1월 21일 금요일,2번째 방문,영수증
스타벅스 월계이마트점,카페,4.38,,,양심있는남자,https://m.place.naver.com/my/5dd3867d8f87a842bc81c3c2/review?v=2,106,,,굿,,2021년 9월 22일 수요일,1번째 방문,영수증
스타벅스 월계이마트점,카페,4.38,,,ysp****,https://m.place.naver.com/my/5f1194c99ec8258e4af8ad3b/review?v=2,1642,,,좋아요,,2022년 1월 13일 목요일,3번째 방문,영수증
스타벅스 월계이마트점,카페,4.38,,,봉그르,https://m.place.naver.com/my/5f91570a6165d6b6ffc9f66e/review?v=2,1080,,,조아,,2021년 8월 15일 일요일,2번째 방문,영수증
스타벅스 월계이마트점,카페,4.38,,,나무주,https://m.place.naver.com/my/5e6dcbb78f87a842bc8f7e01/review?v=2,934,,,굿굿,,2021년 8월 15일 일요일,2번째 방문,영수증
스타벅스 월계이마트점,카페,4.38,,,욜리44,https://m.place.naver.com/my/5b62eaad9f2f96746685a0a2/review?v=2,914,,,알바생 너무 불친절하네요.,,2021년 6월 26일 토요일,1번째 방문,영수증
스타벅스 월계이마트점,카페,4.38,,,깍두기24,https://m.place.naver.com/my/5c8b76953e92f28593e63938/review?v=2,216,3,,좋아요,,2021년 8월 9일 월요일,2번째 방문,영수증
스타벅스 월계이마트점,카페,4.38,,,쌩유맘28,https://m.place.naver.com/my/5eb94a638f87a842bcd5af29/review?v=2,2022,26,,좋아요,,2021년 8월 12일 목요일,6번째 방문,영수증
스타벅스 월계이마트점,카페,4.38,,,Yun7171,https://m.place.naver.com/my/5de79e129ec8258e4a056f35/review?v=2,19,,,커피 맛나요~,,2021년 9월 7일 화요일,1번째 방문,영수증
스타벅스 월계이마트점,카페,4.38,,,halohalo26,https://m.place.naver.com/my/5ee854e78f87a842bca48f61/review?v=2,2350,6,,라떼 진하고 맛있어요 ~,,2021년 7월 10일 토요일,2번째 방문,영수증
스타벅스 월계이마트점,카페,4.38,,,kal****,https://m.place.naver.com/my/5caa6c237bd8d2eafbfd3836/review?v=2,640,22,,스타벅스,,2021년 7월 7일 수요일,1번째 방문,영수증
스타벅스 월계이마트점,카페,4.38,,,아리송62,https://m.place.naver.com/my/5cb9f104cee48012ae0ab138/review?v=2,80,,,커피도 맛있고 좋아요.,,2021년 7월 7일 수요일,1번째 방문,영수증
스타벅스 월계이마트점,카페,4.38,,,24온스,https://m.place.naver.com/my/5c25d227255a33cd23e78399/review?v=2,1331,,,"월계 이마트 이용하면서 가긴 좋은데 좁아요
건너 트레이더스쪽이 넓긴 하네요",,2021년 4월 30일 금요일,1번째 방문,영수증
스타벅스 월계이마트점,카페,4.38,,,반달2141,https://m.place.naver.com/my/5b9b3558c4724c6e05c96838/review?v=2,1193,,,md가 별로 없어서 아쉬웟...,,2021년 5월 11일 화요일,2번째 방문,영수증
스타벅스 월계이마트점,카페,4.38,,,jtk****,https://m.place.naver.com/my/5f2aa9319ec8258e4a0eba58/review?v=2,145,,,.,,2021년 8월 14일 토요일,1번째 방문,영수증
스타벅스 월계이마트점,카페,4.38,,,샛별공주0,https://m.place.naver.com/my/5e6350808f87a842bc67a269/review?v=2,799,,,",",,2021년 8월 14일 토요일,2번째 방문,영수증
스타벅스 월계이마트점,카페,4.38,,,tori1058,https://m.place.naver.com/my/5c56fe3806d8846da775ddde/review?v=2,344,2,,"캐셔 너무 친절해요!
이름 보고올걸 그랬네용
음료도 맛있습니당",,2021년 5월 7일 금요일,1번째 방문,영수증
스타벅스 월계이마트점,카페,4.38,,,푸른하늘3713,https://m.place.naver.com/my/5e337ff68f87a842bc4cf767/review?v=2,2217,,,커피 쿠폰있어서 갔어용,,2021년 5월 30일 일요일,4번째 방문,영수증
스타벅스 월계이마트점,카페,4.38,,,ddd****,https://m.place.naver.com/my/5c117a7be83a2a57507a475a/review?v=2,319,,,마트 안이라 편해요.좁아도,,2021년 6월 10일 목요일,1번째 방문,영수증
스타벅스 월계이마트점,카페,4.38,,,mnb6941,https://m.place.naver.com/my/5e32b1fc8f87a842bc26bba5/review?v=2,240,,,스벅 너무 조아용 맛잇어여,,2021년 6월 8일 화요일,1번째 방문,영수증
스타벅스 월계이마트점,카페,4.38,,,지지쿠키,https://m.place.naver.com/my/5c557cbed67836239350b3e9/review?v=2,254,,,바나나크림다크초코뭐시기 핵존맛,,2021년 4월 24일 토요일,3번째 방문,영수증
스타벅스 월계이마트점,카페,4.38,,,bbu****,https://m.place.naver.com/my/5df8853b8f87a842bce3a28c/review?v=2,113,,,,,2021년 6월 12일 토요일,2번째 방문,영수증
스타벅스 월계이마트점,카페,4.38,,,hj538,https://m.place.naver.com/my/5beaee9a9f92764129dddd8e/review?v=2,734,,,ㄴ굿,,2021년 8월 26일 목요일,2번째 방문,영수증
스타벅스 월계이마트점,카페,4.38,,,평범속비범,https://m.place.naver.com/my/5c85f69273c51b4f6623bc2c/review?v=2,2311,,,친절해요 좋아요,,2021년 5월 30일 일요일,1번째 방문,영수증
스타벅스 월계이마트점,카페,4.38,,,밍크 인플루언서,https://m.place.naver.com/my/5df9439b8f87a842bc08c929/review?v=2,3531,318,,"직원이 친절하네요.
다만 줄이 좀 길어요.
이마트안에 있어서 조금 복잡해요
매장은 조금 작은편이예요.조금 더 넓었으면 좋겠다는 생각이 들어요. 음료는 맛있어서 괜찮았어요. 감사합니다",,2020년 12월 25일 금요일,1번째 방문,영수증
스타벅스 월계이마트점,카페,4.38,,,메가톤,https://m.place.naver.com/my/5bc04343e978006d972e9802/review?v=2,424,16,,좋아요,,2021년 7월 21일 수요일,2번째 방문,영수증
스타벅스 월계이마트점,카페,4.38,,,auddmsdl22,https://m.place.naver.com/my/5bb9c85e22c782d56b4daca0/review?v=2,192,,,굿,,2021년 8월 6일 금요일,4번째 방문,영수증
스타벅스 월계이마트점,카페,4.38,,,샛별공주0,https://m.place.naver.com/my/5e6350808f87a842bc67a269/review?v=2,799,,,",",,2021년 8월 3일 화요일,1번째 방문,영수증
스타벅스 월계이마트점,카페,4.38,,,bbu****,https://m.place.naver.com/my/5df8853b8f87a842bce3a28c/review?v=2,113,,,맛잇어요,,2021년 7월 3일 토요일,4번째 방문,영수증
스타벅스 월계이마트점,카페,4.38,,,아뵤6577,https://m.place.naver.com/my/5e2596168f87a842bc85a609/review?v=2,423,1,,굿,,2021년 8월 21일 토요일,1번째 방문,영수증
스타벅스 월계이마트점,카페,4.38,,,dkf****,https://m.place.naver.com/my/5d67a28a8f87a842bceb5f2b/review?v=2,175,,,맛잇저요,"일시적인 오류가 발생했습니다
커피가 맛있어요",2021년 8월 18일 수요일,1번째 방문,영수증
스타벅스 월계이마트점,카페,4.38,,,kmksn69,https://m.place.naver.com/my/5ea8b7bf8f87a842bc795097/review?v=2,56,,,맛도좋고 자주이용할것 같아요,,2021년 5월 26일 수요일,1번째 방문,영수증
스타벅스 월계이마트점,카페,4.38,,,아름시림,https://m.place.naver.com/my/5de137bc9ec8258e4aa7bab0/review?v=2,73,,,"생크림카스테라 짱이에요. 
직원분들이 엄청 친절하세용",,2021년 4월 22일 목요일,1번째 방문,영수증
스타벅스 월계이마트점,카페,4.38,,,콩이8038,https://m.place.naver.com/my/5c01cd14f8f7a21d896f3ec7/review?v=2,196,,,좋아요,,2021년 8월 15일 일요일,1번째 방문,영수증
스타벅스 월계이마트점,카페,4.38,,,미미6621,https://m.place.naver.com/my/5ef0ae748f87a842bc3ed9b7/review?v=2,1258,,,좋아요,,2021년 8월 12일 목요일,1번째 방문,영수증
스타벅스 월계이마트점,카페,4.38,,,쪼꼬2254,https://m.place.naver.com/my/5e733f718f87a842bc442970/review?v=2,1341,,,좋아요,,2021년 11월 15일 월요일,2번째 방문,영수증
스타벅스 월계이마트점,카페,4.38,,,똘똘마님,https://m.place.naver.com/my/5d8f15578f87a842bc44ff67/review?v=2,469,27,,사람이 많아요 친절하세요,"일시적인 오류가 발생했습니다
화장실이 깨끗해요",2021년 4월 19일 월요일,1번째 방문,영수증
스타벅스 월계이마트점,카페,4.38,,,bbu****,https://m.place.naver.com/my/5df8853b8f87a842bce3a28c/review?v=2,113,,,맛잇어요,,2021년 6월 12일 토요일,1번째 방문,영수증
스타벅스 월계이마트점,카페,4.38,,,auddmsdl22,https://m.place.naver.com/my/5bb9c85e22c782d56b4daca0/review?v=2,192,,,조아용,"일시적인 오류가 발생했습니다
커피가 맛있어요",2021년 7월 31일 토요일,3번째 방문,영수증
스타벅스 월계이마트점,카페,4.38,,,barleytea,https://m.place.naver.com/my/5dcd2bef8f87a842bcea996a/review?v=2,306,14,,좋아요,"일시적인 오류가 발생했습니다
매장이 청결해요",2021년 7월 7일 수요일,1번째 방문,영수증
스타벅스 월계이마트점,카페,4.38,,,깍두기24,https://m.place.naver.com/my/5c8b76953e92f28593e63938/review?v=2,216,3,,좋아요,,2021년 7월 7일 수요일,1번째 방문,영수증
스타벅스 월계이마트점,카페,4.38,,,웃음마녀77,https://m.place.naver.com/my/5c41b562b3d121b72d54a539/review?v=2,1675,22,,작지만 친절해요,,2021년 5월 12일 수요일,1번째 방문,영수증
스타벅스 월계이마트점,카페,4.38,,,제제제88,https://m.place.naver.com/my/5efa9c148f87a842bcbde757/review?v=2,135,,,에그에그 샌드위치 밋있어요,,2021년 5월 17일 월요일,1번째 방문,영수증
스타벅스 월계이마트점,카페,4.38,,,rhdrkfdb,https://m.place.naver.com/my/5c4e9f4bd112f1d1b242da31/review?v=2,112,6,,ㄱ,,2021년 7월 18일 일요일,1번째 방문,영수증
스타벅스 월계이마트점,카페,4.38,,,호빵녀79,https://m.place.naver.com/my/5f0590b5b2804547b1887b97/review?v=2,1922,,,좋아요,,2021년 8월 6일 금요일,1번째 방문,영수증
스타벅스 월계이마트점,카페,4.38,,,지지쿠키,https://m.place.naver.com/my/5c557cbed67836239350b3e9/review?v=2,254,,,남치니가 맛있게 잘 먹더라구요~,,2021년 4월 4일 일요일,2번째 방문,영수증
스타벅스 월계이마트점,카페,4.38,,,ef1124,https://m.place.naver.com/my/5f05ef8abec4db0860adb92e/review?v=2,534,,,조아요,,2021년 7월 10일 토요일,1번째 방문,영수증
스타벅스 월계이마트점,카페,4.38,,,빛샘25,https://m.place.naver.com/my/5c03e6133e99567bd3b87ff5/review?v=2,76,,,좋아요,,2021년 6월 30일 수요일,1번째 방문,영수증
스타벅스 월계이마트점,카페,4.38,,,tla****,https://m.place.naver.com/my/60bd8f83b1624a11f9434b1b/review?v=2,1168,,,쏘쏘,,2021년 6월 12일 토요일,1번째 방문,영수증
스타벅스 월계이마트점,카페,4.38,,,보라보라해3,https://m.place.naver.com/my/5ec33d358f87a842bcddeab3/review?v=2,64,,,친절하고 좋아요,,2021년 6월 7일 월요일,1번째 방문,영수증
스타벅스 월계이마트점,카페,4.38,,,Limho,https://m.place.naver.com/my/5e05b2b68f87a842bcb92ab2/review?v=2,208,,,좋아오 💓💓,,2021년 7월 29일 목요일,2번째 방문,영수증
스타벅스 월계이마트점,카페,4.38,,,win****,https://m.place.naver.com/my/5c3592132b6b1fb7a6743160/review?v=2,302,5,,굿,,2021년 6월 28일 월요일,1번째 방문,영수증
스타벅스 월계이마트점,카페,4.38,,,hj538,https://m.place.naver.com/my/5beaee9a9f92764129dddd8e/review?v=2,734,,,굿,"일시적인 오류가 발생했습니다
커피가 맛있어요",2021년 7월 29일 목요일,1번째 방문,영수증
스타벅스 월계이마트점,카페,4.38,,,pyh****,https://m.place.naver.com/my/5da7de3d8f87a842bc759718/review?v=2,2396,,,좋아요,,2021년 7월 17일 토요일,3번째 방문,영수증
스타벅스 월계이마트점,카페,4.38,,,Date,https://m.place.naver.com/my/5c38ceaafcbc7b346820a52c/review?v=2,1051,,,갈때마다 느끼지만 직원분들 너무 친절하시구 커피도 너무 맛있습니다^^,"일시적인 오류가 발생했습니다
친절해요",2021년 7월 10일 토요일,4번째 방문,영수증
스타벅스 월계이마트점,카페,4.38,,,shd****,https://m.place.naver.com/my/5b6fb2073526bb4d392ef474/review?v=2,1734,,,좋아요,,2021년 7월 23일 금요일,1번째 방문,영수증
스타벅스 월계이마트점,카페,4.38,,,쌩유맘28,https://m.place.naver.com/my/5eb94a638f87a842bcd5af29/review?v=2,2022,26,,좋아요,,2021년 6월 23일 수요일,5번째 방문,영수증
스타벅스 월계이마트점,카페,4.38,,,퍼스널54,https://m.place.naver.com/my/5dd557c28f87a842bc2c01a8/review?v=2,333,,,생일쿠폰 쓰러 가서 슈크림 먹었네요 지금은 아마 안할듯,,2021년 3월 25일 목요일,1번째 방문,영수증
스타벅스 월계이마트점,카페,4.38,,,ReVieW,https://m.place.naver.com/my/5dc4b94e8f87a842bc38d471/review?v=2,4175,78,,커피 맛은 좋아요 스타벅스 표준,,2021년 3월 23일 화요일,1번째 방문,영수증
스타벅스 월계이마트점,카페,4.38,,,범블대디,https://m.place.naver.com/my/5f6061626c3d7f7334a3db8d/review?v=2,1576,19,,좋아요^^,,2021년 6월 19일 토요일,1번째 방문,영수증
스타벅스 월계이마트점,카페,4.38,,,쌩유맘28,https://m.place.naver.com/my/5eb94a638f87a842bcd5af29/review?v=2,2022,26,,좋아요,,2021년 6월 16일 수요일,4번째 방문,영수증
스타벅스 월계이마트점,카페,4.38,,,heo****,https://m.place.naver.com/my/6092bee9f3f9955735a5d59a/review?v=2,1357,14,,감사합니다,,2021년 11월 17일 수요일,1번째 방문,영수증
스타벅스 월계이마트점,카페,4.38,,,halohalo26,https://m.place.naver.com/my/5ee854e78f87a842bca48f61/review?v=2,2350,6,,굳,,2021년 7월 10일 토요일,1번째 방문,영수증
스타벅스 월계이마트점,카페,4.38,,,tonarisun,https://m.place.naver.com/my/5ba2214ac2d075c3b3d62f9b/review?v=2,13,,,맛 아주. 좋습니다. 특히 우유비율 환상적입니다.,,2021년 3월 13일 토요일,1번째 방문,포장주문
스타벅스 월계이마트점,카페,4.38,,,ji****,https://m.place.naver.com/my/5d738d2f8f87a842bc4856e8/review?v=2,157,4,,친절하시고 좋아요~,,2021년 4월 12일 월요일,1번째 방문,영수증
스타벅스 월계이마트점,카페,4.38,,,달디단바나나쉐이크,https://m.place.naver.com/my/5bdb1756c483c0350552befc/review?v=2,965,,,굿굿굿굿,"일시적인 오류가 발생했습니다
화장실이 깨끗해요",2021년 10월 2일 토요일,1번째 방문,영수증
스타벅스 월계이마트점,카페,4.38,,,mr****,https://m.place.naver.com/my/5edf08c18f87a842bcdac9f7/review?v=2,199,,,좋아요,,2021년 7월 10일 토요일,2번째 방문,영수증
스타벅스 월계이마트점,카페,4.38,,,나대로1,https://m.place.naver.com/my/5b6626b4413ade0edfd52f29/review?v=2,2742,231,,"인터넷은 거의 안됨, 좁아요 그리고 사럼이 많아요 ㅜㅜ",,2021년 3월 13일 토요일,1번째 방문,영수증
스타벅스 월계이마트점,카페,4.38,,,doc****,https://m.place.naver.com/my/601b6a68a61e5426055acd25/review?v=2,426,,,좋아요,,2021년 7월 7일 수요일,1번째 방문,영수증
스타벅스 월계이마트점,카페,4.38,,,hte****,https://m.place.naver.com/my/60f784def75fdeab25848e70/review?v=2,892,,,친절해요,"일시적인 오류가 발생했습니다
친절해요",2021년 7월 7일 수요일,1번째 방문,영수증
스타벅스 월계이마트점,카페,4.38,,,리비유모온스터무난구기,https://m.place.naver.com/my/5c06924bbb256c4c5f8b2cb1/review?v=2,2302,101,,좋아요.,,2021년 6월 2일 수요일,2번째 방문,영수증
스타벅스 월계이마트점,카페,4.38,,,aji****,https://m.place.naver.com/my/5f04d20cad3c22327acc06c9/review?v=2,1150,6,,굿,,2022년 1월 8일 토요일,2번째 방문,영수증
스타벅스 월계이마트점,카페,4.38,,,달디단바나나쉐이크,https://m.place.naver.com/my/5bdb1756c483c0350552befc/review?v=2,965,,,굿굿 좋아요,,2021년 10월 2일 토요일,2번째 방문,영수증
스타벅스 월계이마트점,카페,4.38,,,ReVieW,https://m.place.naver.com/my/5dc4b94e8f87a842bc38d471/review?v=2,4175,78,,서울 아메리카노 맛집,,2021년 3월 31일 수요일,2번째 방문,영수증
스타벅스 월계이마트점,카페,4.38,,,무투32,https://m.place.naver.com/my/5dc4f74f8f87a842bc6372a2/review?v=2,225,,,베리굿,,2021년 9월 26일 일요일,1번째 방문,영수증
스타벅스 월계이마트점,카페,4.38,,,오리온2217,https://m.place.naver.com/my/5fa736b9eee54eaaac3ed0bc/review?v=2,126,,,56,,2021년 6월 12일 토요일,1번째 방문,영수증
스타벅스 월계이마트점,카페,4.38,,,Kong2ya,https://m.place.naver.com/my/5ca81abff559608106390bab/review?v=2,819,,,🥔🍎,,2021년 6월 12일 토요일,1번째 방문,영수증
스타벅스 월계이마트점,카페,4.38,,,맛있는음식 좋아요,https://m.place.naver.com/my/5c20ee0e56f0002767ebef06/review?v=2,269,,,스타벅스는 항상 좋죠~,,2021년 3월 6일 토요일,1번째 방문,영수증
스타벅스 월계이마트점,카페,4.38,,,웃음마녀77,https://m.place.naver.com/my/5c41b562b3d121b72d54a539/review?v=2,1675,22,,좋아요,,2021년 5월 28일 금요일,3번째 방문,영수증
스타벅스 월계이마트점,카페,4.38,,,yjkslove1,https://m.place.naver.com/my/5dbd88b18f87a842bc566dbd/review?v=2,415,,,좋아요,,2021년 6월 8일 화요일,7번째 방문,영수증
스타벅스 월계이마트점,카페,4.38,,,yjkslove1,https://m.place.naver.com/my/5dbd88b18f87a842bc566dbd/review?v=2,415,,,좋아요,,2021년 6월 8일 화요일,6번째 방문,영수증
스타벅스 월계이마트점,카페,4.38,,,곽두식님,https://m.place.naver.com/my/5b8c0a1681b7c8cf17730013/review?v=2,367,,,맛있어요,,2021년 6월 29일 화요일,1번째 방문,영수증
스타벅스 월계이마트점,카페,4.38,,,yjkslove1,https://m.place.naver.com/my/5dbd88b18f87a842bc566dbd/review?v=2,415,,,좋아요,,2021년 6월 7일 월요일,5번째 방문,영수증
스타벅스 월계이마트점,카페,4.38,,,nacho91,https://m.place.naver.com/my/5e04c8c98f87a842bcd8a09c/review?v=2,643,,,주말에 사람이 많아요 10분 기다렸어용 ㅎㅎ,,2021년 2월 27일 토요일,2번째 방문,영수증
스타벅스 월계이마트점,카페,4.38,,,yoo****,https://m.place.naver.com/my/5c7c903c1db52a1c0485ed14/review?v=2,685,,,콜드브루는 없는 매장이네요,,2021년 3월 24일 수요일,1번째 방문,영수증
스타벅스 월계이마트점,카페,4.38,,,려항,https://m.place.naver.com/my/5d8818228f87a842bc37e674/review?v=2,637,17,,손님이 많아서 정신없지만 직원들 응대가 친절했어요,,2021년 3월 1일 월요일,1번째 방문,영수증
스타벅스 월계이마트점,카페,4.38,,,MEEE81,https://m.place.naver.com/my/5cde7c6db9e34605ee6561a4/review?v=2,911,,,"너무 복잡해요,,",,2021년 4월 24일 토요일,1번째 방문,영수증
스타벅스 월계이마트점,카페,4.38,,,hye****,https://m.place.naver.com/my/6031ebc10b3ab4f45b5027db/review?v=2,36,,,굿,,2021년 6월 2일 수요일,5번째 방문,영수증
스타벅스 월계이마트점,카페,4.38,,,Limho,https://m.place.naver.com/my/5e05b2b68f87a842bcb92ab2/review?v=2,208,,,좋아여,,2021년 6월 21일 월요일,1번째 방문,영수증
스타벅스 월계이마트점,카페,4.38,,,강R지,https://m.place.naver.com/my/5e76e8e38f87a842bc5a4314/review?v=2,639,,,좋아요,,2021년 5월 21일 금요일,1번째 방문,영수증
스타벅스 월계이마트점,카페,4.38,,,sei****,https://m.place.naver.com/my/5d361bf6c325a690efd6540a/review?v=2,125,,,굿,,2021년 6월 22일 화요일,1번째 방문,영수증
스타벅스 월계이마트점,카페,4.38,,,아세로라71,https://m.place.naver.com/my/5cf3da4c9b53ce4cc89d96db/review?v=2,217,,,마트안에 있어 편리해요,,2021년 4월 27일 화요일,1번째 방문,영수증
스타벅스 월계이마트점,카페,4.38,,,minerall,https://m.place.naver.com/my/607bce497a01dc25539c0be0/review?v=2,1149,1,,굿!,,2021년 5월 19일 수요일,1번째 방문,영수증
스타벅스 월계이마트점,카페,4.38,,,착하게살자76,https://m.place.naver.com/my/5e99428e8f87a842bcc8dd94/review?v=2,101,,,아이스바닐라라떼 여기맛이 스벅중 나은곳,,2021년 3월 23일 화요일,2번째 방문,영수증
스타벅스 월계이마트점,카페,4.38,,,소중한사람3346,https://m.place.naver.com/my/5d3bd47124c4a32f5f49c4fd/review?v=2,667,,,친절해요,,2021년 6월 20일 일요일,1번째 방문,영수증
스타벅스 월계이마트점,카페,4.38,,,hye****,https://m.place.naver.com/my/6031ebc10b3ab4f45b5027db/review?v=2,36,,,맛있어요,,2021년 6월 2일 수요일,4번째 방문,영수증
스타벅스 월계이마트점,카페,4.38,,,kkyyoo77,https://m.place.naver.com/my/5c2cae854f57d16424fb8b0f/review?v=2,2157,50,,친절해요,,2021년 5월 15일 토요일,1번째 방문,영수증
스타벅스 월계이마트점,카페,4.38,,,리리고우고우,https://m.place.naver.com/my/5c377869e8c86a45a130a542/review?v=2,824,72,,굿 자주 이용해요,"일시적인 오류가 발생했습니다
친절해요",2021년 3월 19일 금요일,1번째 방문,영수증
스타벅스 월계이마트점,카페,4.38,,,루비언니85,https://m.place.naver.com/my/5c1cb70ff8a09e7b6a24ef1f/review?v=2,410,,,좋아요,"일시적인 오류가 발생했습니다
매장이 청결해요",2021년 8월 16일 월요일,1번째 방문,영수증
스타벅스 월계이마트점,카페,4.38,,,모범택시62,https://m.place.naver.com/my/5ef928638f87a842bceb0d41/review?v=2,473,21,,굿,,2021년 5월 12일 수요일,1번째 방문,영수증
스타벅스 월계이마트점,카페,4.38,,,auddmsdl22,https://m.place.naver.com/my/5bb9c85e22c782d56b4daca0/review?v=2,192,,,굿,"일시적인 오류가 발생했습니다
커피가 맛있어요",2021년 6월 7일 월요일,2번째 방문,영수증
