가게이름,카테고리,전체평점,방문자리뷰,블로그리뷰,리뷰작성자,리뷰작성자링크,리뷰작성수,팔로워,첨부이미지,리뷰내용,이런_점이_좋아요,방문시간,방분횟수,방문인증
에이프릴사워,"카페,디저트",,,,Naseooo,https://m.place.naver.com/my/615bb9884f4bb24dac826fe1/review?v=2,71,,,"작업할 게 있어 조용하고 아늑한 카페 찾고 있었는데 서치 하다가 알게 됐어요! 베이지톤으로 너무 아늑하고 디저트도 맛있는 종류가 많아 뭐 먹을지 고민했네요, 커피 원두도 선택할 수 있어 좋았고 화장실도 너무 깨끗했어요!
창가석 앉아서 비 소리 들으며 조용하게 작업했는데 다른 카페에서는 무조건 에어팟을 껴야했다면 에이프릴사워는 너무 조용해서 나오는 노래 들으며 빡집중 했어요 다음에 또 오고싶어요 증말 !!!! 🫶🏻💛😜",,2024년 7월 18일 목요일,1번째 방문,영수증
에이프릴사워,"카페,디저트",,,,kkj****,https://m.place.naver.com/my/612ccb2de7fc77f1aa22d975/review?v=2,54,,,"에이프릴사워는 다양한 커피, 논커피, 시그니쳐, 디저트 등의 메뉴가 있어요! 디저트는 모두 수제 디저트여서 퀄리티가 너무 좋았고 어떤 걸 먹을까 고민하다가 호주식 바나나브레드 비주얼에 눈이 가서 주문하고 기본적인 아메리카노와 시그니처 메뉴인 자두 펄 그린티를 시켰어요!주문한 메뉴가 나오고 비주얼이 너무 예뻐서 감탄...♥자두펄그린티 비주얼 보이시나요? 영롱하고 힐링되는 색감이에요~아래에 자두청이랑 알갱이가 깔려있고 코코넛젤리도 들어가 있어서 먹을 때마다 씹는 식감이 아주 좋았어요! 그린티 맛이 은은하게 나면서 자두의 단맛도 함께 맛볼 수 있어서 너무 좋았어요! 
바나나브레드는 진짜 꼬소꼬소+담백한데 위에 있는 크림치즈(?)같은 크림과 같이 먹어야 더 맛있어요! 엄청 달지 않아서 호불호없이 누구나 좋아할 맛!",,2024년 7월 11일 목요일,1번째 방문,영수증
에이프릴사워,"카페,디저트",,,,sanghee46,https://m.place.naver.com/my/5f05477a34a524e70c5b48a9/review?v=2,17,,,"오션라떼 아래 소다 음료랑 커피 층이 나눠져있어서 두가지 맛을 즐길 수 있는 음료라서 이색적이고 너무 맛있었어요! 이번년에 먹어본 라떼 중에 제일 맛있었어요! 애플 크럼블 치즈케이크 애플 조림이랑 크럼블 씹히는게 최고🍎🤍 매장 분위기도 너무 좋고 노래도 잔잔하고 신나서 혼자와서 작업하기도 좋고, 편안하게 친구랑 이야기하러 오기 좋은 카페인 것 같아요!",,2024년 7월 18일 목요일,1번째 방문,영수증
에이프릴사워,"카페,디저트",,,,아이꽁,https://m.place.naver.com/my/5b9bdb856cb6bb3d38b1a8f7/review?v=2,47,,,"공릉카페 에이프릴사워! 우드톤 인테리어로 깔끔하구
매장에서 팝송이 흘러나오는데 너무 좋아요!
애플 로즈 리프레셔 콜드브루 들어간 티(?)인데
더위 식히기 좋은 상큼한 맛이에요◡̈
메론소다는 바닐라아이스크림이 있어서 부드럽습니당ㅎㅎㅎㅎ노래가 넘 좋아서 계속 있고싶어용!",,2024년 7월 19일 금요일,1번째 방문,영수증
에이프릴사워,"카페,디저트",,,,1313Spsp,https://m.place.naver.com/my/60710f4d7997b9862c7e07bd/review?v=2,197,,,"공릉동 철길을 걷다가 너무 분위기 좋은 카페를 찾았네여!! 
분위기도 너무 좋고 첫째로 제일 중요한 커피랑 음료 맛이 너무 좋아요..! 
더워서 상큼한 애플로즈리프레셔랑 레몬블랙 아이스티를 시켰는데 더위가 날라가는 듯한 기분입니다
공릉동 철길거리 재미있게 구경하고 멋진카페도 찾았네요~ ㅎㅎ",,2024년 6월 27일 목요일,1번째 방문,영수증
에이프릴사워,"카페,디저트",,,,dlnkwd,https://m.place.naver.com/my/5e71fa468f87a842bc758acd/review?v=2,81,,,"에이프릴사워에서 플랫화이트,메론소다,단호박크림케이크를 주문했습니다. 플랫화이트는 고소하면서도 부드러운 커피의 맛이 인상적이었습니다. 케이크와 먹기 딱 좋은 커피입니다. 메론소다는 메론맛 소다에 완전 큰 왕 바닐라 아이스크림이 같이 들어있습니다. 먹다보면 젤리가 씹혀서 달달 상큼합니다. 저의 최애 음료입니다.^^* 단호박 케이크는 단호박이 듬뿍 들어간 케이크에 아몬드 토핑이 콕콕 씹힙니다. 분위기도 아늑하고 좋아서 담번에도 재방문 드리고 싶습니다. 사과로고가 그려진 손거울도 주문하여 제 방에 갠소중입니다.😘 공릉역카페맛집은 역시 에이프릴사워!",,2024년 6월 21일 금요일,1번째 방문,영수증
에이프릴사워,"카페,디저트",,,,청이맘45,https://m.place.naver.com/my/5e9aa69d8f87a842bc034fab/review?v=2,717,27,,"조용하고 아늑하고 깔끔해서 출근도장 찍고 싶은 곳이에요.
커피 종류도 다양하고 다른 매장에서 볼 수 없는 메뉴가 있어서 좋아요~ 평일 오전이라 여유롭게 잘 즐길 수 있었네요~  좋아하는 메론소다가 아이스크림까지 올려줘서 진짜 맛있게 잘먹었구요~ 디저트도 수제 디자트라 그런지 퀄리티가 남달라요~  👍 ",,2024년 6월 19일 수요일,1번째 방문,영수증
에이프릴사워,"카페,디저트",,,,똘똘이85,https://m.place.naver.com/my/5f0617eede46936b6738809b/review?v=2,60,10,,"에이프릴사워는 앤트러사이트 원두로 내린 커피와 다양한 찻잎을 블렌딩한 티, 직접 만든 수제 디저트를 제공한다고 해요!!🍎
앤트러사이트 원두는 취향에 따라 선택 가능해요!

통창으로 되어 있어 탁 트이고 넓은 내부 덕분에
가게 곳곳이 포토존이에요📷 
화이트 톤의 깔끔함 덕분에 어디서 찍어도 예쁜 사진들 제대로 건질 수 있는걸요🤭 

심지어, 카페 캐릭터와 굿즈도 있어요‼️
개인 카페라서 더더욱 퀄리티가 좋고 예쁜걸요🤩

특히, 단호박 케이크 부드러우며 담백하고 너무 달지 않으니 계속 들어가요,,,
메론알갱이도 씹히고 시원한 메론소다 정말 괜찮네요🍈
말차샷라떼도 아이스 핫 모두 즐기기 가능!

귀여운 사과 로고와 굿즈, 예쁜 디저트와 커피로 힐링하고 싶으신 분들은 함께 에이프릴사워 로 가보자구요🩷 
",,2024년 5월 30일 목요일,1번째 방문,영수증
에이프릴사워,"카페,디저트",,,,weh****,https://m.place.naver.com/my/5efc28c08f87a842bc249887/review?v=2,59,,,디저트가 수제로 만드신거라고 해서 모양만 예쁜줄 알았는데.... 저 애플크럼블 치즈케이크 진짜 너무너무 추천해요!! 치즈케이크 꾸덕함이 정말 예술이었어요!! 애플크럼블은 시나몬 향과 함께 바삭하면서도 고소한 맛과 사과말랭이의 달콤한 맛까지! 최고!! 에이프릴 선셋티는 사과향이 가득한 새콤달콤한 티였는데 더운 여름날에 다시 먹으러 오고 싶어질거 같은 너무나 맛있는 맛이었어요!! 아메리카노는 커피 원두가 앤트러사이트 원두를 사용해서 종류를 선택할 수 있는 것도 좋았고 뭔가 고소함과 함께 산미도 잘 느껴져서 좋았어요! 사장님과 직원분도 친절하시고 가게 내부도 깔끔하고 청결하고 다 좋았습니닷!,,2024년 5월 24일 금요일,1번째 방문,영수증
에이프릴사워,"카페,디저트",,,,이유207,https://m.place.naver.com/my/5bb60415ddfe135ff0a6a0c8/review?v=2,27,1,,"공리단길 골목에서 우연히 발견한 카페인데
분위기도 아늑하고 여유를 즐기러 오기 좋은곳인거 같아요! 음료랑 디저트도 너무 맛있고
굉장히 만족스러웠습니다ㅎㅎ
단호박 케이크 꼭 드셔보셔야해요!
부드러운데 과하게 달지않아서 계속 먹게되는 중독적인 맛이에요!
다음번엔 다른 디저트 도장깨러 방문하겠습니다
감사합니다!",,2024년 6월 28일 금요일,1번째 방문,영수증
에이프릴사워,"카페,디저트",,,,,https://m.place.naver.com/my/theme/63578086032d5e7d73b1db3b?v=2,,,,,,,,
에이프릴사워,"카페,디저트",,,,mobember,https://m.place.naver.com/my/5efe234815c4bcd43058cd38/review?v=2,36,,,공릉동에 수제 디저트 맛집 찾으신다면 에이프릴 사워 강추👍🏻👍🏻😆 에이프릴 선셋티는 달달한 사과향이 가득한 딱 여름여름한 음료 💕 아메리카노 원두는 버터 팻 트리오로 선택했는데 진하고 묵직하고 균형이 잘 잡힌 향이었어요~ 애플크럼블 치즈케이크는 바삭한 크럼블과 진한 치즈 향이 가득한 치즈 케이크로 엄청 맛있습니당!!,,2024년 6월 7일 금요일,1번째 방문,영수증
에이프릴사워,"카페,디저트",,,,작은기린이다,https://m.place.naver.com/my/634ac1c5325470d14c3896f2/review?v=2,148,3,,"디저트는 모두 수제 디저트여서 
퀄리티가 좋아보였어용
단호박 케이크 먹었는데 
부드러워요👍🏻👍🏻
무스와 케이크의 중간정도 질감으로 맛있었습니다
부드럽게 잘 넘어갔어요, 당근케이크 느낌

앤트러사이트 원두 선택 가능해옹
산미와 바디감 중간을 좋아해서 
원두 추천받아 먹었는데 커피 진짜 맛있습니다
알바생 분 친절하고 잘생김

화이트 톤의 아늑하고 예쁜 분위기 가게 자체가 포토존이에용
사장님께서 위생을 중요시하는듯 하고
매장도, 화장실도 청결합니다

사장님, 직원분들 모두 친절하셨어요
카페 캐릭터 굿즈가있는데
퀄리티가 좋고 예뻤어요

오션라떼 단호박케이크 추천해용
카페 넓은데 골목이라 은근 사람들 잘 모르는데
철길쪽 골목이에용
숨겨진 예쁘고 커피 맛있는 카페인듯",,2024년 4월 30일 화요일,1번째 방문,영수증
에이프릴사워,"카페,디저트",,,,아몬드0401,https://m.place.naver.com/my/5db02f658f87a842bc2d2704/review?v=2,20,,,분위기도 좋고 깔끔한 느낌이에요! 지인들이랑 대화하기 정말 좋았어요ㅎㅎ 음료랑 디저트도 넘 맛있어서 열심히 먹었답니다❤️ 직원 분들도 너무 친절해서 정말 좋았어요ㅎㅎ 모두 공릉에 오시면 꼭 이 카페 들려주세요🥰,,2024년 6월 21일 금요일,1번째 방문,영수증
에이프릴사워,"카페,디저트",,,,st****,https://m.place.naver.com/my/5d8e12d88f87a842bc6be2c9/review?v=2,54,2,,"아담하고 아늑한 공간이였어요.  시그니처메뉴들도 너무 좋고 커피와 칵태일의 조화라니~👍🏻

보는 뷰맛집에 디저트 수제라 보들보들 맛있고 그림그리시는 사장님의 취향들이 묻어 있는 예쁘고 아담한 카페입니다. 

친구와 도란 도란 너무 즐거웠어요.  앞쪽에 놀이터가 있어 다음엔 아이들과 함께 친구랑 가기고 했답니다. ",,2024년 5월 28일 화요일,1번째 방문,영수증
에이프릴사워,"카페,디저트",,,,진영517,https://m.place.naver.com/my/5f18c6ba9ec8258e4a1839dd/review?v=2,31,,,공릉에 사는데 여기 진짜 사진도 사진인데 분위기가 너무 좋아요 메뉴도 다 맛있고 특히 선셋티 정말 감성돋고 맛있네요 .. 에이프릴 사워만의 로고 넘 귀여워요 다음에 또 올게요,,2024년 7월 12일 금요일,1번째 방문,영수증
에이프릴사워,"카페,디저트",,,,연남매네,https://m.place.naver.com/my/5db7c22c8f87a842bc376cbf/review?v=2,79,,,"와 커피도 티도 다 맛있어요 ! 특히 인테리어가 스튜디오같아요 ! 여기서 찍은 사진은 다 성공이예요:)

커피는 아인슈페너 먹었는데 크림이 진짜부드러워요
에이프릴선셋티는 상큼하고 시원해요!
애플크럼블 치즈케이크는 진짜 추천하는게 너무 달지않아서 먹을때 부담없이 먹을 수 있어서 좋아요:)

주택가에 있지만 모두의 주차장 통해서 주차자리 해놓고 편하게 시간보내다가 왔어요!
진짜 감성적인 카페라 있는데 사진도 분위기도 다 너무 좋아요 !

무조건 추천합니다 !",,2024년 6월 18일 화요일,1번째 방문,영수증
에이프릴사워,"카페,디저트",,,,hw****,https://m.place.naver.com/my/6067d4eb1c4b444d50b5ea69/review?v=2,8,,,"벌써 2번째 방문이네용 ,, 여기 분위기가 일단 차분해서 혼자 오기에도 둘이서 오기에도 죠음
무엇보다 전 구황작물을 별로 좋아하지 않는데도 여기 단호박 케이크는 꼭 먹어요!! 고소하고 풍부한 맛이 아메리카노랑 너무 잘 어울림",,2024년 7월 11일 목요일,1번째 방문,영수증
에이프릴사워,"카페,디저트",,,,우리우리9286,https://m.place.naver.com/my/5ba77be012def88a5c7df726/review?v=2,40,,,"역시공릉동 에이프릴사워
음료도넘맛있고  분위기도넘좋았어요
특히 저오션라떼 
다크한맛일지 산미있는맛할지 고를수있어서 취향에따라 선택했어요^^  데이트장소로도 굿!!",,2024년 6월 28일 금요일,1번째 방문,영수증
에이프릴사워,"카페,디저트",,,,Binggudat,https://m.place.naver.com/my/5c7a61e544f5fe033f8d771e/review?v=2,67,,,"모든음료가 다 맛있어보여서 고르기어려웠어요ㅜㅜ 아메리카노는 나쓰메 소세키 라는 맛으로 선택했는데, 엄청 신맛이 강하더라구요!! 신걸 잘 못드시는 분들은 맛없다고 느낄수있을꺼같고,
단호박 크림케이크는 진짜 너무 부드럽고 맛있었어요!! 약간 당근케이크랑 비슷하다고 느껴져서 당근케이크 좋아하시는 분이면 좋아하실꺼같아요!ㅎㅎ
딸기라떼는 딸기청이 많이들어갔는지 음료 다마실때까지 건더기가 끊임없이 나왔구요!
오션라떼는 바다같은 청량한 모습인데, 실제맛도 파도처럼 단쓴단쓴으로 물결처럼 들어와서 신기했어요😆😆 많이 달지도 않규요!
모듬메뉴를 추천드리지만 그중에서 단호박 크림케이크랑 오션라떼,, 강추드립니다!!!",,2024년 5월 29일 수요일,1번째 방문,영수증
에이프릴사워,"카페,디저트",,,,nad****,https://m.place.naver.com/my/5e4ef9cb8f87a842bc7ac68f/review?v=2,38,3,,"공릉동에 이런 감성넘치는 카페가 숨어있는 줄 몰랐어요! 인테리어 너무 예뻐요,,취향저격입니다,,🫶 일하시는 분들도 너무 친절하고 의자가 딱딱해서 불편해 보이는데 오래앉아있어도 생각보다 불편하지 않았어요!! 원두도 두가지 종류중에 선택 할 수 있어서 좋았고 애플크럼블 치즈케이크랑도 너무 잘어울려서 맛있게 먹었습니다! 그리고 약간 골목에있어서 밖이 너무 정신없지 않고 조용한것도 좋았어요!",,2024년 5월 22일 수요일,1번째 방문,영수증
에이프릴사워,"카페,디저트",,,,유진3679,https://m.place.naver.com/my/5e9956fd8f87a842bc96c903/review?v=2,133,,,"카페가 넘 아늑하고 직원분이 친절하세용 ㅎㅎ 애플크럼블 치즈케이크 쫀맛이에용 커피도 원두 고를 수있어서 좋고, 논 커피 음료도 신경써서 만드신 것같아요~",,2024년 7월 23일 화요일,1번째 방문,영수증
에이프릴사워,"카페,디저트",,,,크로와상19,https://m.place.naver.com/my/5effe9f6abcc79d18f699b73/review?v=2,500,9,,"공릉동 카페거리 베이커리맛집 커피맛집 ,,☕️🩷
오션라떼, 메론소다 진짜 취향저격
눈도 즐겁고 넘 맛있어용 🫢🫢🫢
단호박크림케이크는 밀가루맛 많이 안나서
체중 조절하시는 분들이 드셔도 합격~😊💪

그리고 분위기가 진짜 미쳤어요!! 
낮에는 햇살 낭낭히 들어오고 뷰 맛집,,🌱😍

사장님도 친절하시고 커피도 맛있고~~~!
공릉동 들리면 에이프릴사워 또올게용🥳💕",,2024년 5월 9일 목요일,1번째 방문,영수증
에이프릴사워,"카페,디저트",,,,탱구탱구90,https://m.place.naver.com/my/5efeb21d8f87a842bc63b60f/review?v=2,529,1,,"공릉역 2번 출구에서 6분거리에 위치한 공릉디저트카페인 에이프릴사워에 다녀왔는데요 
에쁜 인테리어로 금방 찾을수 있고 파스텔톤의 하얀색 건물 1층에 위치한 카페에요 
처음봤을때 외관부터 분위기가 좋겠다 느낄수 있었어요

내부가 전체적으로 화이트톤과 나무로된 가구가 배치되있어 심플한 느낌이 들었어요
사장님께서 위생을 중요시해서 매장도, 화장실도 청결했어요
통창으로 되어있어 뻥뚫린듯한 느낌이 느껴지는것도 좋았구요
화이트 톤의 아늑하고 예쁜 분위기라 가게 자체가 포토존이 있어서
여성분들이 많이들 사진찍으시더라구요 섬세한사장님의 분위가 묻어나네요

커피외에도 메뉴가 다양한 편이고 디카페인도 있어 저녁에 먹기도 좋네요
앤트러사이트 원두 선택 가능하여 커피를 취향에 맞게 딱 고를수 있어 좋은것 같아요 ",,2024년 5월 23일 목요일,1번째 방문,영수증
에이프릴사워,"카페,디저트",,,,인생은맛있고즐겁게,https://m.place.naver.com/my/5efe6048afcca6e20afd4907/review?v=2,204,10,,"공릉역 근처 아기자기한 카페입니다. 퇴근하고 혼자 들렸는데 분위기 좋고 깔끔하네요. 디저트랑 음료도 맛있어요. 개인적으로 자몽에이드 취저입니다. 💕 단호받크림케이크도 달달 부드러워서 먹는 내내 행복했어요. 나중에 주말에 남자친구랑 데이트 장소로 오거나, 혼자 사색할 일이 있으면 와야겠어요! ",,2024년 5월 8일 수요일,1번째 방문,영수증
에이프릴사워,"카페,디저트",,,,막슐랭,https://m.place.naver.com/my/5b7ad6b9085d163b09cb9623/review?v=2,121,,,"한적하고 평일점심에 오면 진짜 천국이에요ㅠㅜㅜㅠㆍ
평화로운 분위기랑 디저트류랑 음료다
사장님 정성이 들어간메뉴라서 기분이조크든요 ㅎ ㅎ
단호박케이크도 단호박자체의 달달함과
담백함이미쳤어요! ㅠㅜㅜ자두그린티도 펄이나 식감이
미쳤어요 ㅠㅜㅜ경춘선에 있기아까운카페에요!",,2024년 5월 17일 금요일,1번째 방문,영수증
에이프릴사워,"카페,디저트",,,,이주단위check,https://m.place.naver.com/my/5d8057ea8f87a842bc0ce048/review?v=2,241,,,"매장 인테리어도 화이트 우드톤으로 
너무 예쁘고 날 좋을 때 갔는데 
조용하고 평화롭고 좋더라고요😊😊 
디저트도 맛있고 커피원두를 고를 수 있는 점도 좋아요,
동네 아늑한 카페 느낌 잘 먹고가요!👍",,2024년 5월 14일 화요일,1번째 방문,영수증
에이프릴사워,"카페,디저트",,,,modejoos,https://m.place.naver.com/my/5ecbefe28f87a842bc9ab803/review?v=2,129,13,,"따스하고 아늑한 공릉동 에이프릴사워🍎매장에서 직접 만드는 수제 디저트들과 맛난 음료,커피가 있어요🍰 우드 인테리어로 따스하고 채광이 잘 들어와서 여유로워서 좋았습니다✨특히 메론소다는 달콤청량하니 부드러운 아이스크림 살짝 녹여 먹으니까 쉐이크먹는듯 좋았어요🍈 호주식 바나나브레드는 파운드 케이크 느낌으로 견과류가 들어가서 건강 꼬소하고 발려진 크림이 넘 맛있었어요🍞 바닐라라떼도 바닐라빈이 들어갔는지 향이랑 맛이 찐해서 맛있게 마신 커피였습니다☕️ 수제 케이크 디저트가 너무 맛있어서 또 오고 싶어요❤️",,2024년 5월 21일 화요일,1번째 방문,영수증
에이프릴사워,"카페,디저트",,,,hallo50,https://m.place.naver.com/my/5ed725148f87a842bce9c269/review?v=2,144,,,공릉 카페는 원래 자주 방문하는데 에이프릴사워 카페는 처음 알게되서 방문해봤습니다! 공릉에 디저트카페는 많은데 여기 만큼 음료가 다양한 곳은 처음 봐서 무조건 아메리카노만 주문하는편인데도 논커피류도 주문해봤습니다! 디저트도 음료도 너무 달지 않아 딱 적당하고 매장 분위기도 너무 아늑하고 좋았습니다🩷,,2024년 5월 10일 금요일,1번째 방문,영수증
에이프릴사워,"카페,디저트",,,,uyu,https://m.place.naver.com/my/5c867e675102fc5c964801dc/review?v=2,67,1,,"코지한 분위기를 선호하는 저에게 안성맞춤 카페를 발견하여 완전 행복..🤍
커피 맛도 좋은데 가격또한 좋아서 너무 제스타일이었어요! 아기자기한 케키도 사랑입니다 완전 재방문의사 100%입니다😉",,2024년 6월 12일 수요일,1번째 방문,영수증
에이프릴사워,"카페,디저트",,,,으니58,https://m.place.naver.com/my/5f062cd805022b66f9636884/review?v=2,155,,,"가게가 아기자기 예뻐요 :) 
카페의 사과 캐릭터도 너무 귀여워용,,,👍🏻
바닐라라떼는 달달해서 맛있고 메론소다 넘 맛있었어요! 메론의 달달함과 아이스크림이 잘 어울려서 좋더라고요! ㅎㅎ
하트베리 넘 귀여운데 상큼달달해서 맛있었습니당
다음에 또 방문하려구요~~",,2024년 5월 17일 금요일,1번째 방문,영수증
에이프릴사워,"카페,디저트",,,,mmmjii,https://m.place.naver.com/my/5f012b0a8f87a842bce3c5d5/review?v=2,34,,,"크림소다가 먹고 싶어서 방문한 곳인데
다른 디저트도 너무 맛있었어요🥰🤤
내부 분위기가 너무 좋아서 카공보다는 대화하기 좋은 카페 입니다!",,2024년 7월 4일 목요일,1번째 방문,영수증
에이프릴사워,"카페,디저트",,,,최빵푸,https://m.place.naver.com/my/62f516f4c92b416451384a04/review?v=2,38,,,"신메뉴인 레몬블랙아이스티 시켜봤는데 달지 않고 상큼한 홍차맛이었어요!! 자허블의 레몬 버전같기도하고..?!
그리구 단호박 크림케이크 너무 맛있어요🧡🧡
진한 단호박 무스랑 크림치즈 조합 최고입니당 시나몬 향도 은은하게 나서 취향저격이었어요🤤🤤🤤",,2024년 5월 8일 수요일,1번째 방문,영수증
에이프릴사워,"카페,디저트",,,,쩨러비,https://m.place.naver.com/my/5eff8c16a1b6a107c6e30c3a/review?v=2,76,,,"매장 전체가 포토스팟인 공간!!
공리단길에서 분위기 좋은 카페 찾으신담 여기 추천드리겠습니다 👍👍
일단 매장이 너무 예뻐서 음식을 찍던 사람을 찍던 인생샷 뽑기 좋은 곳이구 수제 디저트들과 음료도 장난 아니게 맛있어요!
사장님이 청결에 신경쓰신다 하셔서 그런가 관리하기 힘든 화이트톤 카페인데도 엄청 깔끔하고 청결합니다!
애플크럼블... 치즈케이크 러버라면 꼭꼭 드셔보시길 🥹🥹🥹🥹
원두도 앤트러사이트 사용해서 그런가 산미도 세지 않고 향긋해서 좋았어요!
공릉역카페 중 최애 등극!! 🫶",,2024년 4월 23일 화요일,1번째 방문,영수증
에이프릴사워,"카페,디저트",,,,맛잇는거만먹을래,https://m.place.naver.com/my/5b6804daf6f5c77030290b01/review?v=2,348,,,"편안한 분위기의 우드톤에 감성있는 음악인 카페 분위기 너무 좋아하는데 여기가 딱 그런분위기에요 
원두가 두가지라서 내 입맛에 맞는 원두선택할수있어요 
상큼한레몬에이드에 사진도 잘나오고 맛있는 오션라떼. 애플크럼블 치즈케이크는 진짜 강추입니다 요즘먹었던 디저트중에 제일 맛잇었어요",,2024년 5월 2일 목요일,1번째 방문,영수증
에이프릴사워,"카페,디저트",,,,rla****,https://m.place.naver.com/my/5c104b5f7a46be1430fed173/review?v=2,135,4,,"모임하기 좋았어요! 
음료 맛있었어요. 특히 시그니처메뉴가 진짜 맛있네요.
사장님 너무 친절하시고 요 동네에 흔치 않은 수제 디저트카페이다보니, 항상 만석인 거 같아요.
한번 와보시는 걸 추천해용. 애플크럼블 치즈케익도 너무 맛있었습니당",,2024년 6월 19일 수요일,1번째 방문,영수증
에이프릴사워,"카페,디저트",,,,vav****,https://m.place.naver.com/my/5f04e2f2dff0e6134a801848/review?v=2,82,3,,"정말 맛있고 독특한 음료들이🍶🥤
많아서 한번 이상 방문해야 하는 곳이에요😝매장 분위기도 좋고 독특한 향과 음악이 힐링 온 기분이였어요.😜디저트도 퀄리티가 높고 가격대비 괜찮아서 선물하기 좋았어요. 캐릭터 굿즈도 아이들이 구매하고 싶어 손이가요 손이가🥰🙂정성스러운 매장에 또 한번 감탄하고 갑니다. 혼자서도 음료를 마시며 힐링하기도 좋은 것 같아요🙂🙃🍭🧋🧋",,2024년 4월 14일 일요일,1번째 방문,영수증
에이프릴사워,"카페,디저트",,,,만지회,https://m.place.naver.com/my/5e9ec7398f87a842bca5c60e/review?v=2,186,2,,"진짜 화사하고 아늑하고 혼자 다 하는 카페,,, 사장님도 직원분들도 다 친절하시고 ㅠㅠ 공릉카페 중 방문했을 때 뭔가 힐링?,,, 맘 깊은 곳까지 따땃해지는 카페들 중 하나인 것 같아서 꼭 한 번씩 생각나는 것 같아요 <3 디저트 수제로 만드시는 것도 말안댐... 비주얼 보시라며",,2024년 7월 16일 화요일,1번째 방문,영수증
에이프릴사워,"카페,디저트",,,,박정권69,https://m.place.naver.com/my/5f1e91929ec8258e4a1af8f0/review?v=2,15,,,"사장님, 직원분 모두 친절하시고
음료랑 디저트 존맛입니다👍👍
특색 있는 메뉴가 많아서 좋았어요","일시적인 오류가 발생했습니다
사진이 잘 나와요",2024년 6월 27일 목요일,1번째 방문,영수증
에이프릴사워,"카페,디저트",,,,부피,https://m.place.naver.com/my/5da8b14d8f87a842bcc20333/review?v=2,1278,207,,"지나가다가 넘나 깔끔한 카페 발견해서 들어갔는데 오션라떼는 이름처럼 오션 그 자체..🌊 에이프릴선셋티도 선셋을 그대로 담아서 너무 이뻐요ㅠㅠ❤️ 단호박크림케이크는 뭐이리 맛나죠?? 원래 이렇게 이쁜 디저트 맛있는곳 드문데 넘 맛나서 순삭!! 다른 디저트도 먹어보고 싶고 직원분들도 친절했어요🥰

🙆🏻장점
1️⃣시그니처 음료만 봐도 너무 아름다운 비주얼의 공릉카페🫶🏼
2️⃣디저트 모두 수제로 직접 만드는 공릉동카페🤍
3️⃣군더더기 없는 깔끔한 인테리어와 차분한 분위기의 공릉역카페✨",,2024년 3월 19일 화요일,1번째 방문,영수증
에이프릴사워,"카페,디저트",,,,jjo137,https://m.place.naver.com/my/5b631bb0590605d6a8abd2b3/review?v=2,39,,,"학교 근처 카페 찾다가 분위기가 마음에 들어서 방문했어요! 깔끔한 화이트 우드 인테리어에 조명도 사진이 잘 나오는 각도라서 오랜만에 인스타 게시물 업로드 했어요🫣🩷 말차라떼는 제가 너무 좋아하는 씁쓸 달콤 그 사이 딱 적당한 말차라서 흡입했습니다 ,, 디저트는 너무 맛있어보여서 못 참고 애플크럼블 치즈케이크와 단호박 크림 케이크 두개 주문했어요🤤 애플크럼블 치즈케이크는 사과 과육, 크럼블이 잔뜩 들어가서 달콤 고소 그 자체,,! 단호박 케이크도 달달하고 부드러워서 싹싹 비우고 왔습니다 😊 진짜 디저트 맛집이라서 실패 절대 없습니다,, 제 후기 믿고 한번만 드셔보시길,,👍🏻",,2024년 4월 16일 화요일,1번째 방문,영수증
에이프릴사워,"카페,디저트",,,,우이잉30,https://m.place.naver.com/my/5b9c16d25d21787ca4a5ca2f/review?v=2,583,4,,"공릉동/공트럴파크에 있는 카페 중에 제일 좋아하는 곳이에요💕💕

깔끔하고 아늑한 느낌의 인테리어라서 일단 밖에서 봐도 들어오고 싶은 카페인데
커피, 디저트 메뉴 때문에 꼭 와야하는 카페에요!!

원두도 취향에 따라 골라서 먹을 수 있어요!! 평소 자주 먹는 아메리카노, 라떼도 맛있고, 에이프릴사워에서만 먹을 수 있는 오션라떼🩵는 비주얼도 예뻐서 뭔가 먹기만해도 기분 전환 되는 느낌ㅎㅎ😍😍

에이프릴선셋티는 달달&깔끔해서 호불호 없이 누구나 좋아할 맛인데 갈증해소 싹 되가지고 더울 때 먹으면 최고에요❣️

사과 과육이 가득 들어있는 애플크럼블 치즈케이크는 말모...🧡 크럼블도 가득, 사과도 가득, 치즈케이크는 적당히 꾸덕하고 고소&달달&짭조롬해서 너무 맛있어용!!!

분위기 좋고 예쁘고 맛있는 에이프릴사워🌷",,2024년 4월 16일 화요일,1번째 방문,영수증
에이프릴사워,"카페,디저트",,,,밍밍4526,https://m.place.naver.com/my/5c5d006580055d0cc588004e/review?v=2,95,,,우디한 인테리어에 따뜻하고 차분한 갬카에요...🤍 첫 공릉 방문에 첫 공릉 카페인데 너무나 만족하며 다녀간 곳입니댜 사장님도 너무 친절하시고 완조니 디저트 맛집🫶,,2024년 5월 24일 금요일,1번째 방문,영수증
에이프릴사워,"카페,디저트",,,,다1희,https://m.place.naver.com/my/5ba4353d7fef1de4f4e8cc57/review?v=2,182,,,공릉역 철길 주변 수많은 카페 중에 가장 깨끗한 곳인 것 같아요.. 너~무 깔끔청결하고 사장님도 친절하셔서 리뷰를 안 쓸 수가 없었어요ㅠㅠ! 그리구 커피랑 케이크도 넘 맛있었습니다🍀,,2024년 5월 23일 목요일,1번째 방문,영수증
에이프릴사워,"카페,디저트",,,,HGM1009,https://m.place.naver.com/my/5c4b1c6858e9fcfd78c93e41/review?v=2,170,,,"공트럴파크에 이렇게 좋은 카페가 있는줄이야 ㅎ.ㅎ
새로운 카페를 방문하면 그곳의 시그니처 메뉴를 시켜보는데 오션라떼, 에이프릴 선셋티 다 성공입니닷 
특히 에이프릴 선셋티 취향저격입니댜..💗

커피 원두 선택도 가능해서 취향에 맞게 주문할 수 있어서 좋아요! 

카페 분위기가 아늑하고 조용해서 여유로울때 공리단길 산책하고 또 방문하고 싶네요 ㅎㅎ  ",,2024년 5월 1일 수요일,1번째 방문,영수증
에이프릴사워,"카페,디저트",,,,elenaS,https://m.place.naver.com/my/5c160291e07e60fc90dd7076/review?v=2,52,,,"우드&화이트 톤의 깔끔한 인테리어에 따뜻한 분위기라 편안하더라구요 
직원분들도 친절하고 카페 곳곳에 예쁜 포토존이 있어요
굿즈로 컵, 텀블러, 마스킹테이프 등 다양하게 있는데 세상 귀여움..🍎
화장실은 또 왜이렇게 예쁜거죠..?💐

커피뿐만 아니라 논커피류도 종류가 많고 다양해서 카페인에 약한 분들도 오기 좋을 것 같았어요 :)
에이프릴 선셋티, 딸기라떼, 자두펄그린티 등 비쥬얼도 예쁘고 메뉴에 그려놓은 그림도 귀욥.. 귀여운게 최고얌..🫶🏻 커피 원두도 선택 가능해서 고소파와 산미파 모두 환영☕️
쿠키, 바나나브레드, 애플크럼블치즈케이크, 단호박크림케이크 등 디저트도 모두 수제!! 카페에서 흘러나오는 노래도 취향저격이라 카페에 있는 동안 넘나 행복했네요🌿",,2024년 4월 12일 금요일,1번째 방문,영수증
에이프릴사워,"카페,디저트",,,,뿌잉뿌잉614,https://m.place.naver.com/my/5d9dcc338f87a842bc55a9da/review?v=2,46,,,"정성스럽게 리뷰 쓰고싶을만큼 맛있어여❗️❗️
공릉역에 자주 왔는데 ㅜㅜ 
이렇게 예쁜 카페가 있을 줄은 몰랐어요!! :) 
인테리어도 깔끔하고 우드 느낌이라서 좋더라구여!

♥️디저트는 정말 수제 느낌 뿜뿜 나는 건강한 맛이라서 자극적이지 않아서 너무 좋았어요!♥️
카페 알바도 오래했었는데 여기 딸기라떼 진짜 맛있습니다.. 정말 위에 올라가는 폼부터 딸기향 가득이에요!
사장님께서 얼마나 고민해서 만든 레시피인지 딱 느껴지는 맛입니다:) ",,2024년 4월 30일 화요일,1번째 방문,영수증
에이프릴사워,"카페,디저트",,,,aydayd,https://m.place.naver.com/my/5eeafd248f87a842bc587c3e/review?v=2,596,,,음료가 맛있고 화이트&우드톤의 분위기가 너무 좋아요. 낮에 왔으면 완전 사진 잘나왔을거같아요! 사장님도 친절하시구 매장도 청결하니 좋았습니다.,"일시적인 오류가 발생했습니다
인테리어가 멋져요",2024년 5월 16일 목요일,1번째 방문,영수증
에이프릴사워,"카페,디저트",,,,안나48,https://m.place.naver.com/my/5c5c530ab9f315c4d7b03521/review?v=2,31,,,"공릉에 이런 예쁜 카페가 있었다니,,🫶🏻디저트는 물론 커피와 딸기라떼는 넘모나 쪼온맛도리〰️인테리어도 화이트톤에 우드라서 사진이 잘 나올고 같다는건 안비밀🙋🏻‍♀️",,2024년 5월 21일 화요일,1번째 방문,영수증
에이프릴사워,"카페,디저트",,,,히헤헤헤히,https://m.place.naver.com/my/5e255be28f87a842bc88849d/review?v=2,50,1,,너무 맛있어요! 사장님도 친절하시고 파이가 굿 ㅎㅎㅎ 꼭 드세요!,"일시적인 오류가 발생했습니다
커피가 맛있어요",2024년 6월 27일 목요일,1번째 방문,영수증
에이프릴사워,"카페,디저트",,,,Sharonnn,https://m.place.naver.com/my/5cc2d49f754df42ae5db57e1/review?v=2,175,4,,"아늑한 분위기에서 여유로운 시간을 제대로 즐겼어요!
커피랑 케이크 음료 다 너무 맛있네요! 
자즈 방문 할게요~!",,2024년 5월 22일 수요일,1번째 방문,영수증
에이프릴사워,"카페,디저트",,,,ssms0616,https://m.place.naver.com/my/5e0866dc8f87a842bcb2cb8f/review?v=2,70,2,,"공릉동 분위기 좋은 카페 찾고 계신다면
무조건 에이프릴사워 강추드려요 

디저트 맛집이고 내부가 너무 예뻐서
자주 방문할것 같습니다🙊🤍",,2024년 5월 2일 목요일,1번째 방문,영수증
에이프릴사워,"카페,디저트",,,,가영3829,https://m.place.naver.com/my/5db387d58f87a842bc79de6c/review?v=2,31,2,,"처음 와보는데 인테리어도 이쁘고 분위기 좋은 카페에요🥰
사장님도 친절하시고 설명도 잘해주시고 무엇보다 음료들 색도 이쁘고 아기자기한 소품도 많아요 ㅎ",,2024년 4월 30일 화요일,1번째 방문,영수증
에이프릴사워,"카페,디저트",,,,Diyou,https://m.place.naver.com/my/5f1320d59ec8258e4aca88f3/review?v=2,174,8,,원두 두가지중 고를 수 있는데 산미 없는거 좋아하는 사람이라 버터 펫 트리오?로 골랐음 쓰지않고 고소해서 마시기 편함 초코라떼는 처음 보면 우유의 비율의 높아서 밍밍해보이는데 막상 마셔보면 꽤 진한 초코임 진한거에 비해서는 덜 단편..? 케이크는 역시 다른 애플크럼블과 동일하게 시나몬 향이 나고 크럼블 밑에 사과잼?이 깔려있는데 시나몬이 강해서 사과맛이 살짝 묻혀버림 치즈케이크도 부드럽고 연한 편이라 진한거 안좋아하는 분 추천,,2024년 4월 19일 금요일,1번째 방문,영수증
에이프릴사워,"카페,디저트",,,,쟈몽90,https://m.place.naver.com/my/5b83a54115fc1cd591c18a39/review?v=2,30,,,"가게가 밝고 깔끔한 분위기라 너무 예쁩니다! 
노래도 너무 크지 않고 잔잔하게 흘러나와서 가게 분위기랑 참 잘 어울렸어요🙂 아이스라떼는 산미가 있는 걸 시켰는데 시큼한게 아니라 고소하면서 산뜻해서 좋았고 딸기라떼는 딸기청과 크림이 잘 어울립니다🥰 애플크럼블 치즈케잌이랑 음료 조합이 넘 좋았어요~ 담엔 다른 케잌도 먹어보려구요 ㅎㅎㅎ 그리구 화장실이 안에 있고 깨끗합니다! 직원분도 친절하고 여러모로 좋았습니다.",,2024년 3월 15일 금요일,1번째 방문,영수증
에이프릴사워,"카페,디저트",,,,그옹히,https://m.place.naver.com/my/5dec6be68f87a842bc2d46c0/review?v=2,87,,,"카페분위기가 아늑하고 은은한 노래가 나와서 제 마음까지 편안해지는 기분이었어요!
애플크럼블 치즈케이크 강추❤️👍
또 방문하고싶은 아늑한 카페",,2024년 4월 19일 금요일,1번째 방문,영수증
에이프릴사워,"카페,디저트",,,,한미토,https://m.place.naver.com/my/5efdd9cc67c6d4320f56b714/review?v=2,21,,,"수제디저트라서 그런지 디저트가 너무 맛도리에요..♥ 
매장도 깔끔하고 청결해서 너무 좋습늬닷ㅎㅎ
맛에 감성까지 챙기신 사장님~~ 쵝오👍
집 근처에 있으니 자주 들려야겠어요! 추천합니당😊",,2024년 4월 23일 화요일,1번째 방문,영수증
에이프릴사워,"카페,디저트",,,,son****,https://m.place.naver.com/my/5eeb023c8f87a842bc9d5ae7/review?v=2,46,,,"인테리어도 예쁘고 음료도 다양하고 맛있어요!
또 방문하고 싶은 곳이랍니다💗","일시적인 오류가 발생했습니다
커피가 맛있어요",2024년 5월 21일 화요일,1번째 방문,영수증
에이프릴사워,"카페,디저트",,,,츄츄9639,https://m.place.naver.com/my/5c6c83269e84685ee579b410/review?v=2,143,8,,카페가 아늑하고 너무 이뻐서 방문했는데 사진처럼 너무이뻣어요! 직원분도 너무 친절하시고 음료도 너무 맛있네요! 주말에 힐링하고 갑니당 ㅎㅎ재방문의사100%👏🏻👏🏻👏🏻,,2024년 4월 20일 토요일,1번째 방문,영수증
에이프릴사워,"카페,디저트",,,,spr****,https://m.place.naver.com/my/65fc875373736e3dcff6b97a/review?v=2,28,,,공릉에 이렇게 예쁜 감성카페가 있다니… 보물을 찾은 기분이에요!!! 음료도 예쁘고 맛있고 케이크도 너무 맛있어룜 그리고 무엇보다 매장이 너무 예뻐서 기분이 좋습니다!!! 많이 파세요! ㅎㅎㅎ,,2024년 4월 24일 수요일,1번째 방문,영수증
에이프릴사워,"카페,디저트",,,,뭄뭄32,https://m.place.naver.com/my/5c63ccc48e5d0a356264a19d/review?v=2,9,,,"한적한 동네에 너무 예쁜 카페 였어요! 
단호박크림케이크는 위에 올라간 크림이 너무 신선하고 단호박케이클랑 조화롭더라구요! 선셋티는 너무 달지 않은 새콤 시원한 애플티라 부담없이 마실 수 있었고 
커피는 원두도 고를수 있어 선택가능해 취향껏 마실 수 있어요! 카페가 아늑하고 낮 시간대 가니까 빛도 많이 들어와서 사진도 예쁘게 나오더라구요!! ㅎㅎ 
조용하게 시간보내기 좋아서 추천드려요💫✨👍🏻🩷",,2024년 4월 2일 화요일,1번째 방문,영수증
에이프릴사워,"카페,디저트",,,,랄랄라5389,https://m.place.naver.com/my/5dbbde628f87a842bc760296/review?v=2,59,,,"매장이 깨끗하고 직원분 너무 친절하세요😆
달달한 디저트 땡겨서 방문했는데 애플크럼블 치즈케이크 상큼달달구리하게 먹었네요 ㅎㅎ 
화장실도 깨끗하고 자리도 넉넉히 띄어져 있어서 얘기하기 좋은 것 같아요ㅎ 
말차샷라떼도 말차+커피 향 진하게 느껴져서 개인적으로 너무 맛났어요 담에 또 오려구요 ",,2024년 3월 6일 수요일,1번째 방문,영수증
에이프릴사워,"카페,디저트",,,,냠냠감자돌이,https://m.place.naver.com/my/62bfd9c3d443d237d311cc51/review?v=2,118,,,"공트럴파크에 위치한 귀여운 카페인 [에이프릴사워]💗
다양한 커피와 음료, 달달한 디저트까지 너무나도 맛있어요!! 원두는 두가지 종류가 있어서 본인이 원하는 맛으로 고를 수 있습니다.
카페 분위기가 전반적으로 좋아 어떤식으로 사진을 찍어도 예쁘게 나온답니다 📷👍

제가 주문한 단호박 크림케익크 진짜 세상 달달하고 부드럽고 맛나니 꼭!! 주문해서 드셔보세요~😍 커피랑 정말 잘 어울리는 맛이랍니다 ㅎㅎ",,2024년 3월 12일 화요일,1번째 방문,영수증
에이프릴사워,"카페,디저트",,,,시미5795,https://m.place.naver.com/my/5c4c81294e06f56069374b3f/review?v=2,95,1,,"분위기 좋은 카페이고 밤에 오면 더욱더 아늑하고 낭만 있습니다.❤️❤️
좋은 사람들과 방문하셔서 좋은 추억 많이 만들도 가세요.",,2024년 4월 24일 수요일,1번째 방문,영수증
에이프릴사워,"카페,디저트",,,,an-****,https://m.place.naver.com/my/61c56c984f4bb2177786989b/review?v=2,22,,,"⭐️⭐️⭐️⭐️⭐️별 다섯개 주고싶어요  
분위기도 너무 이쁘고 편안하고, 카페갈때 디저트랑 음료 너무 중요하게 생각하는데 여기 완전 디저트 음료 맛집이에요 🫶❤️❤️ 
사장님께서 재대로 배우셔서 카페 차리신 느낌??! 음료도 디저트도 섬세한맛나요😭  

아인슈페너는 버터 팻 트리오원두 주문했는데 딱 제가 좋아하는 넛과 초코릿 베이스여서 좋았고  딸기라떼는 먹어본 딸기라떼중에 탑이였음😊💕 디저트도 단호박 크림케이크로 주문했는데 크림도 느끼하지 않고 적당히 달달한게 🥰🥰  

셋다 고급지게 맛있어요!!!! 🙏 다른메뉴들도 궁금해서 또 방문하고 싶은 카페...🫶",,2024년 3월 8일 금요일,1번째 방문,영수증
에이프릴사워,"카페,디저트",,,,Sunny3070,https://m.place.naver.com/my/5d86c25d8f87a842bc3df3a9/review?v=2,181,6,,낮에 방문한 카페 너무 아늑하고 편안한 분위기의 내부가 넘 맘에들었어요~~ 디저트도 수제로 만들어져서 정성과 맛이 최고구요 무엇보다 커피풍미 좋구 딸기라떼에 크림 딸기청 듬뿍 너무 맛나요 ㅠㅠ!! 이날은 약속있어서 포장했지만..담엔 매장에서 먹으려구요 ^.^ ,,2024년 2월 28일 수요일,1번째 방문,영수증
에이프릴사워,"카페,디저트",,,,lemoon1005,https://m.place.naver.com/my/5f0548259ad2f286040db919/review?v=2,21,,,음료가 너무 맛있고 독특해요~!! 에이프릴선셋티와 오션라떼 추천합니다아!! ♡ 특히 저는 에이프릴선셋티가 제 취향이었어요~!! ,"일시적인 오류가 발생했습니다
커피가 맛있어요",2024년 5월 3일 금요일,1번째 방문,영수증
에이프릴사워,"카페,디저트",,,,zz1****,https://m.place.naver.com/my/64f58407556ccd00060a4919/review?v=2,48,,,"우리집일층에는 오ㅐ 에이프릴사워가 없을까요,,
매일 가고싶어요!! 커피 부드럽게 맛있고 
디저트가 미쳤습니다!!! 직접 만든다고 하시는데 
꼭 대기업에서 만든 것 같아요 >< 바나나향이 굉장해요. 특색있는 음료까지 판매해서 보는 즐거움도 있는 카페예요~ 공릉동카페중에 일등! 디저트카페중에일등!!",,2024년 2월 27일 화요일,1번째 방문,영수증
에이프릴사워,"카페,디저트",,,,MJK to the World,https://m.place.naver.com/my/5c0af5c75820bf810441a59d/review?v=2,110,2,,"일 때문에 왔다가 잠시 쉬어가는데, 메뉴 구성도 좋고, 음료도 너무 맛있네요! 다음에는   케이크도 꼭 같이 먹어보고 싶어요!","일시적인 오류가 발생했습니다
커피가 맛있어요",2024년 6월 14일 금요일,1번째 방문,영수증
에이프릴사워,"카페,디저트",,,,깔루아밀크11,https://m.place.naver.com/my/5c0b2f29fc38b6ac2aafa149/review?v=2,426,,,비오는 날 들어갔는데.. 운치있고 분위기 좋고 커피 디저트 다 맛좋았어요.,"일시적인 오류가 발생했습니다
디저트가 맛있어요",2024년 7월 2일 화요일,1번째 방문,결제내역
에이프릴사워,"카페,디저트",,,,헌픽쳐,https://m.place.naver.com/my/5e930fa08f87a842bcab4f64/review?v=2,17,,,"⭐️ 수제! 애플크럼블 치즈케이크
치즈케이크 위에 사과잼 그리고 바삭한 크럼블로 달달하고 고소하며 커피한잔 마시면서 먹기 좋아요 (⭐⭐️⭐️⭐️)
그외에도 다양한 수제 디저트가 있어요👍
⭐️인테리어
깔끔한 화이트톤과 우드톤의 조합! 그리고 곳곳에 아기자기한 소품들이 전시되어 있어 사진찍기 좋아요! 가장 중요한 건 청결이쥬! 전체적으로 실내외 및 화장실이 깨끗하고 청결합니당😆",,2024년 2월 20일 화요일,1번째 방문,영수증
에이프릴사워,"카페,디저트",,,,먹디아나존스,https://m.place.naver.com/my/5f05c91068ab0c2f9befa2d9/review?v=2,45,,,"에어프릴선셋티랑 오션라떼 애플크럼블 치즈케이크 먹었는데, 비주얼은 물론이고 맛이 너무 좋아서 자주 갈 것 같아요. 특히 오션라떼는 고소한 커피향과 깔끔하게 올라오는 고소함, 느낌 있는 달달함이 인상적이였어요. 원두도 선택할 수 있어서 고소하거나 산미 있는 커피를 선택해서 먹을 수 있어서 좋았어요. 그리고 친절하게 응대해 주셔서 기분 좋은 티타임도 즐길 수 있어요. 내부 디자인은 모던하게 깔끔한 느낌이라 포토존 카페에요😆",,2024년 2월 23일 금요일,1번째 방문,영수증
에이프릴사워,"카페,디저트",,,,hm****,https://m.place.naver.com/my/65a5feb173736e3dcff33e8f/review?v=2,8,,,"애플 크럼블 치즈 케이크, 아메리카노, 애이프릴선셋티 주문했어요!
맛은 물론이고 사장님도 직원분도 다들 너무 친절하시고 가게도 너무 깔끔해서 좋았어요 🥹
근처 산책하다 종종 들릴 것 같아요 :)",,2024년 5월 10일 금요일,1번째 방문,영수증
에이프릴사워,"카페,디저트",,,,Sooo0o,https://m.place.naver.com/my/5e00ad4b8f87a842bcb27c3f/review?v=2,160,2,,공트럴파크에 아끼는 카페가 한 곳 더 생겼네요.. 아늑하고 따뜻한 감성에 메뉴 하나하나에 섬세함이 느껴지는 곳입니다😌 감성 카페의 정석이라 이야기 나누기에도 좋고 여유롭게 시간 보내다가 돌아왔습니다! 다음에 또 들릴게요🤍,,2024년 2월 21일 수요일,1번째 방문,영수증
에이프릴사워,"카페,디저트",,,,이소민59,https://m.place.naver.com/my/5efe2d33b4dd01caff0a1d73/review?v=2,53,8,,제가 자주 찾는 동네카페예요. 조용하고 아늑하고 커피랑 디저트가 정말 맛있어요. 혼자와서 사색을 즐기고 가도 좋아요. 꼭 오셔서 디저트는 시키세요! 안 드시면 후회할겁니다🫠,,2024년 3월 28일 목요일,2번째 방문,영수증
에이프릴사워,"카페,디저트",,,,소소한 바람,https://m.place.naver.com/my/5c2c3982f997bfed03bde6b2/review?v=2,1200,,,"공리단길 화이트톤의 편안하고 아늑한 느낌의 카페

에이프릴사워♡ 커피원두 선택도 2종류 선택가능한데 플랫 정말 라떼아트♡하며 맛까지 좋아요!

사과를 재료로한 티와 커피가 시그니처 메뉴인데 상큼하니 정말 맛있어요 🍎 

올여름에이프릴 선셋티 최고일듯!

단호박크림케이크도 순삭♡ 
비주얼만큼 부드럽고 단호박듬뿍^^
정말 맛있게 먹었답니다!  공리단길 분위기좋은 카페
에이프릴사워 추천합니다 👍 😎 😉 ",,2024년 4월 26일 금요일,1번째 방문,영수증
에이프릴사워,"카페,디저트",,,,만마닝,https://m.place.naver.com/my/5e62d6a68f87a842bc26c61d/review?v=2,69,14,,"쒸에에에에에에에엣 ! ! ! ! ! ! !
음료 맛 개존맛탱 ! ! ! ! !
에이프릴선셋티랑 자두펄그린티시켰는데, 둘 다 한입 먹고 눈이 번쩍 뜨였습니다.
둘 다 밍밍하지도 않고 적당히 달달-허이 맛있네요..
오늘은 배불러서 디저트는 못 시켰는데, 다음엔 꼭 시켜 먹어봐야겠어요 !
매장 분위기도 너무 좋고, 노래도 좋고 모든게 만족 :)",,2024년 2월 4일 일요일,1번째 방문,영수증
에이프릴사워,"카페,디저트",,,,탁구공6789,https://m.place.naver.com/my/5e8fb9b48f87a842bce4881e/review?v=2,892,4,,"공릉동 철길 근처 많은 카페중에 유독 궁금증을 유발하는 카페가 바로 에이프릴사워 였어요
오며가며 지켜보다가 오늘 드디어 방문

딸기라떼랑 돌체라떼 그리고 단호박 크림 케이크를 받아보고는 너무 예뻐서 소리 지를뻔;;
음료랑 케이크가 넘나 예뻐서 먹기도 아깝더군요
너무 맛있고 예뻐 마음에들어서
5월 11일이 커피축제에 남편이랑 다시한번 오려구요
",,2024년 5월 9일 목요일,1번째 방문,영수증
에이프릴사워,"카페,디저트",,,,나영2236,https://m.place.naver.com/my/5ea3b8c18f87a842bc117032/review?v=2,6,,,공릉동에 카페가 정말 많은데 그중에서도 에이프릴사워는 음료가 너무 예뻐서 꼭 방문하고 싶던 매장이에요 직접 방문해보니 음료가 예쁘기만 한 게 아니라 맛도 있더라구요 ❤️‍🔥 그리고 카페에서 책을 읽거나 다른 취미 생활하기도 너무너무 좋았습니다! ,,2024년 5월 1일 수요일,1번째 방문,영수증
에이프릴사워,"카페,디저트",,,,발라클라바,https://m.place.naver.com/my/5ce8910e988be024f1161e56/review?v=2,28,,,"동네도 아기자기 예쁘고 카페도 넘 예뻐서 힐링 잔뜩하고 갑니다~~ㅎㅎㅎㅎ 디저트들도 수제고 넘 맛있네요!! 단호닥크림케이크 존맛!!!!
담에 또오고싶어용 😆😆",,2024년 3월 15일 금요일,1번째 방문,영수증
에이프릴사워,"카페,디저트",,,,imp****,https://m.place.naver.com/my/5dad98138f87a842bc994a95/review?v=2,40,5,,인테리어가 너무 예쁜 카페를 발견했습니당 ㅎㅎ 데이트 하면서 인생커플샷 남겨 갈 수 있는 카페인거 같아욥 ㅎㅎ 원두도 고소한 원두랑 산미 있는 원두 둘 중 선택 가능할 수 있는것도 너무 좋았습니다 남자친구는 커피 시키고 저는 날씨가 추워 핫초코를 시켰는데 대왕 마쉬멜로우가 동동 ㅎㅎ 너무 맛있었어요~~👍👍 데이트하기 너무 좋은 카페네요~~ ,,2024년 1월 11일 목요일,1번째 방문,영수증
에이프릴사워,"카페,디저트",,,,영원한빅뱅5,https://m.place.naver.com/my/5cbaf749abe547403bf0fb47/review?v=2,638,23,,여기 디저트 미쳤어요 엄청 맛있고 음료도 커피도 다 멋있고 맛있어요😁👍👍,"일시적인 오류가 발생했습니다
커피가 맛있어요",2024년 4월 5일 금요일,1번째 방문,영수증
에이프릴사워,"카페,디저트",,,,뎡잇,https://m.place.naver.com/my/5eb2b0f88f87a842bceed9dd/review?v=2,141,,,"외관부터 아늑하고 너무 예뻐요 ㅎㅎ 시그니처 메뉴인 오션라떼에 반해서 오게됐는데, 수제디저트부터 음료까지 안맛있는게 없네요..!! 사장님, 직원분도 친절하셔서 편하게 있다가요:)",,2024년 2월 23일 금요일,1번째 방문,영수증
에이프릴사워,"카페,디저트",,,,yan****,https://m.place.naver.com/my/5d09e9ac849817cb68729786/review?v=2,66,,,"사장님이 친절하셔서 기분이 좋았구 가게 인테리어 ,,, 말모🥹🖤 올화이트라 너무 예뻤어요 자두펄그린티 제 인생 음료수에요 강추합니다!","일시적인 오류가 발생했습니다
커피가 맛있어요",2024년 4월 26일 금요일,1번째 방문,영수증
에이프릴사워,"카페,디저트",,,,뾰록97,https://m.place.naver.com/my/5e2027608f87a842bcf64df5/review?v=2,25,,,"너무 맛있고 아늑해서 대화하기도 좋고..❤️
너무 좋음시간 보내다가요~~","일시적인 오류가 발생했습니다
커피가 맛있어요",2024년 4월 25일 목요일,1번째 방문,영수증
에이프릴사워,"카페,디저트",,,,슬베리,https://m.place.naver.com/my/5f202cbf9ec8258e4a8e504f/review?v=2,34,,,"아늑하고 낭낭한 분위기의 카페였어요 !!
디저트 모두 수제라서 그런지 더 특별하게 느껴졌어요
커피맛도 좋고 디저트도 맛있고 아늑해서 좋았어요
카페 내부에 화장실이 있는 점도 굿 !! ㅎㅎ",,2024년 3월 13일 수요일,1번째 방문,영수증
에이프릴사워,"카페,디저트",,,,포카쵸,https://m.place.naver.com/my/64954456ee211f000692886d/review?v=2,157,9,,카공하러 왓는데 애플크럼블 치즈케이크 진짜 마시써용 😍 자몽에이드 과일 씹히는 게 진짜 대박 그렇게 쓰지도 않구 달달해서 조앗어요ㅎㅎ 인테리어도 예쁘구 음악도 좋아서 분위기 귯👍 직원분도 진짜 친절하셔용!!✨️,,2024년 3월 19일 화요일,1번째 방문,영수증
에이프릴사워,"카페,디저트",,,,flfflfpdldk,https://m.place.naver.com/my/5e80943e8f87a842bc1ca3ce/review?v=2,675,4,,"화이트 톤과 원목 인테리어가 아늑하고 포근한 분위기를 줘서 데이트 장소로 강추에요!!!
디저트는 애플크럼블 치즈케이크 디저트를 주문했는데 모두 수제로 만드는 곳이라서 그런지 부드럽고 맛있었어요!!
음료 메뉴도 독특한게 많아서 선택하는 재미도 있고 좋았어요!ㅎㅎ
공리단길 분위기 맛집 카페로 추천해요>_<♡",,2024년 1월 25일 목요일,1번째 방문,영수증
에이프릴사워,"카페,디저트",,,,PinacoladaHolic,https://m.place.naver.com/my/5b9a77d528f7a510bf59d95e/review?v=2,1077,,,"공릉의 아늑하고 포근한 우디느낌의 카페, 메뉴 하나하나 정성가득 맛있고 기분 좋아져요🫶🏻
특히 단호박 덕후로서 이 케이크 존맛탱🔥🔥 완벽하구 진득한 이 질감과 맛 넘나 좋아요 ㅋㅋㅋㅋ",,2024년 2월 23일 금요일,1번째 방문,영수증
에이프릴사워,"카페,디저트",,,,징니잼,https://m.place.naver.com/my/5d81965c8f87a842bcd8502e/review?v=2,31,,,"크리스마스때 방문했다가 넘 예뻐서 또 방문한 카페❤️💚
인테리어도 넘 예쁘고 곳곳이 포토존..!
저 소파존 사진찍고싶어서 손님들 갈때까지 기다린건 안비밀이에오🫢🫢
돌체라떼 말해모해 눈 뒤집어지게 맛있고, 오션라떼는 띠용하는 맛! 첫 한모금은 녹차맛이나고 두번째 마실때는 은은~한 소다맛까지남😋
사장님도 넘 친절하시고 세번째 또 방문예정이에옹👍🏻",,2024년 1월 24일 수요일,1번째 방문,영수증
에이프릴사워,"카페,디저트",,,,강예은162,https://m.place.naver.com/my/5dee14a48f87a842bce6ed1f/review?v=2,53,1,,"바나나브레드, 에이프릴선셋티, 버터팻트리오 아이스아메리카노 주문했어요! 빵이 촉촉하고 은은하게 바나나맛이 나서 너무 맛있었어요. 인테리어도 화이트우드로 깔끔하고 넘 예뻐요. 집중하기 좋았어요ㅎㅎ",,2024년 3월 14일 목요일,1번째 방문,영수증
에이프릴사워,"카페,디저트",,,,Saltyj,https://m.place.naver.com/my/5d85f16f8f87a842bca0b674/review?v=2,80,,," 수제 디저트와 커피가 맛있어요 원두 선택할수있어서 좋았어요. 전체적으로  화이트 톤 인테리어가 예뻤어요
화장실도 실내에있고 매장청결해요
메뉴가 특별해요 바나나크림 맛나요!",,2024년 2월 29일 목요일,1번째 방문,영수증
에이프릴사워,"카페,디저트",,,,kiiimsh,https://m.place.naver.com/my/5c1f10f1797fc695d0c70fe9/review?v=2,37,1,,처음 방문했는데 매장이 환하고 아기자기 귀여워요 원두 선택도 가능해서 좋아요!!커피 맛있어요😋,"일시적인 오류가 발생했습니다
커피가 맛있어요",2024년 5월 2일 목요일,1번째 방문,영수증
에이프릴사워,"카페,디저트",,,,dnflsms828,https://m.place.naver.com/my/5efa8dc48f87a842bcfa21a3/review?v=2,49,,,"분위기가 정말 좋아요! 아늑하고 배경음악도 딱 제스타일이었어요✨ 바나나브레드 크림이 특히나 맛있었고 돌체라떼, 핫초코도 완전 달진 않아서 디저트랑 먹기 좋았답니다 ㅎㅎㅎ 따뜻한 분위기 좋아하신다면 꼭 방문해보세요!❤️",,2024년 1월 25일 목요일,1번째 방문,영수증
에이프릴사워,"카페,디저트",,,,안졸리나젤리57,https://m.place.naver.com/my/5e3707108f87a842bc643686/review?v=2,29,1,,아늑한 분위기의 예쁜카페에요🫧🤍  자두펄 그린티 메뉴 독특하고 맛있어용🥰 데이트하기 좋아용🩷 친절하셔서 너무 좋았습니다☺️,"일시적인 오류가 발생했습니다
음료가 맛있어요",2024년 5월 11일 토요일,1번째 방문,영수증
에이프릴사워,"카페,디저트",,,,찡나,https://m.place.naver.com/my/5b851ad652777d2d4ebde00e/review?v=2,21,,,분위기 너무 아늑하고 좋아요 커피도 맛있어요 ,"일시적인 오류가 발생했습니다
커피가 맛있어요",2024년 4월 16일 화요일,1번째 방문,영수증
에이프릴사워,"카페,디저트",,,,aa7022,https://m.place.naver.com/my/5dc62c748f87a842bcf97aa5/review?v=2,14,,,"외관 보고 방문했는데 분위기도 좋고 대화하기 좋아용
자두펄그린티 왕 맛있어요!! ","일시적인 오류가 발생했습니다
음료가 맛있어요",2024년 5월 14일 화요일,1번째 방문,영수증
에이프릴사워,"카페,디저트",,,,눈누난나2665,https://m.place.naver.com/my/61b085ca99f7ae0242b0429f/review?v=2,6,,,"공릉동 카페 투어 중에 예쁜 카페 발견했어요!
시그니처 메뉴가 많아서 고민하다가 메론 소다로 정했습니다 ❤️ 달달하니 맛있네요.
분위기도 좋고 예쁜 카페 발견한 것 같아요😊😊",,2024년 5월 3일 금요일,1번째 방문,영수증
에이프릴사워,"카페,디저트",,,,buf****,https://m.place.naver.com/my/5e0bfa8e8f87a842bc28717b/review?v=2,66,,,"따뜻한 라떼에 치즈케이크 먹었는데
너무 맛있게 먹었습니다 전체적인 분위기도 너무 깔끔해서 좋았습니다. 추천합니다~","일시적인 오류가 발생했습니다
커피가 맛있어요",2024년 5월 31일 금요일,5번째 방문,영수증
에이프릴사워,"카페,디저트",,,,하이시니,https://m.place.naver.com/my/5bf6c80aec181937e207f93d/review?v=2,111,,,동생집 근처여서 지나가면서 자주보긴했는데 드디어 가봤어요! 오션라떼는 동생이 신기해서 시켜봤고 에이프릴 선셋티는 이날 커피는 안 땡겨서 시켜봤는데  둘 다 만족스러운 선택이었고요! 애플크럼블치케도 너무맛있어서 동생 집가면 또 방문하려고요!! 🫶🏻,,2024년 1월 9일 화요일,1번째 방문,영수증
에이프릴사워,"카페,디저트",,,,제비꽃8061,https://m.place.naver.com/my/5f488698a602e98f56ff7842/review?v=2,1342,,,"알바분도 너무 친절하시고 커피와 디저트 모두
맛있네요.매장 인테리어도 심플하면서도 편안하고
화장실 깨끗해 좋아요","일시적인 오류가 발생했습니다
커피가 맛있어요",2024년 4월 20일 토요일,3번째 방문,영수증
에이프릴사워,"카페,디저트",,,,은오으노,https://m.place.naver.com/my/5ee8a6178f87a842bc66015a/review?v=2,45,,,너무 귀엽고... 맛있고 다한 카페 최고임!!! 재방문의사 이천퍼,"일시적인 오류가 발생했습니다
커피가 맛있어요",2024년 5월 14일 화요일,1번째 방문,영수증
에이프릴사워,"카페,디저트",,,,aube64,https://m.place.naver.com/my/5efe2b8b97c2663e9347dc8e/review?v=2,54,3,,그냥 길 가다가 보여서 들어왔는데... 매장 분위기도 전반적으로 너무 부드럽고 따뜻해서 좋았어요! 커피도 원두 선택할 수 있어서 취향대로 먹을 수 있어 좋아요 사장님도 너무 친절하셔서 메뉴 설명도 잘 해주시고... 오늘은 카페인 필욯서 커피 마셨는데 다음에 또 방문해서 다른 메뉴 먹어보고 싶어요!! 🤗,,2024년 2월 18일 일요일,1번째 방문,영수증
에이프릴사워,"카페,디저트",,,,진아01,https://m.place.naver.com/my/5ddde7969ec8258e4a68d4e8/review?v=2,36,,,맛있게 잘 먹었습니당!!!!!,"일시적인 오류가 발생했습니다
커피가 맛있어요",2024년 4월 26일 금요일,1번째 방문,영수증
에이프릴사워,"카페,디저트",,,,냐아아암73,https://m.place.naver.com/my/5e19e5148f87a842bcbdbe32/review?v=2,6,,,"애플크럼블치즈케이크가 진짜진짜 맛있었어요 ㅜㅜ
치즈케이크가 엄청 꾸덕하고 꼬소한데 사과과육도 씹히고 크럼블도 너무 맛있었어요🤤💖 레몬마들렌도 상큼하고 맛있었어요 :) 그리고 직원분이 친절하셔서 좋았습니다 ☺️",,2024년 2월 4일 일요일,1번째 방문,영수증
에이프릴사워,"카페,디저트",,,,jih****,https://m.place.naver.com/my/5d134929f3425889e5535689/review?v=2,9,,,"음료도 넘 맛있고 분위기도 정말 좋아요 소소하게 친구나 연인이랑 이야기 하기도 정말 좋아요 무엇보다 사장님이 친절하십니다!!!!
",,2024년 4월 23일 화요일,1번째 방문,영수증
에이프릴사워,"카페,디저트",,,,항상감사77,https://m.place.naver.com/my/5cfc5af4876a8be35755a39e/review?v=2,924,44,,시그니처메뉴 중 애플선셋~은 사과주스도 아닌것이 적절한 밸런스에 맛도 좋아요. 사과말린 장식까지 몽조리 헤치웠어요,"일시적인 오류가 발생했습니다
커피가 맛있어요",2024년 3월 2일 토요일,1번째 방문,결제내역
에이프릴사워,"카페,디저트",,,,청사과69,https://m.place.naver.com/my/5ce49ab0c82fc51cc5177a39/review?v=2,28,,,"공간이 아기자기하고 너무 예뻐요!! 
일단 음료를 딱 받았을때 에이프릴선셋티가 넘 예뻐서 감탄했고 맛도 상큼하고 너무 좋네요~~ 커피도 맛있는 맛집입니다 ><",,2024년 2월 8일 목요일,1번째 방문,영수증
에이프릴사워,"카페,디저트",,,,kyj****,https://m.place.naver.com/my/5bffeb0090ba5524793eb52f/review?v=2,25,,,"매장도 예쁘도 디저트도 너무 맛있어요
애플크럼블 케익이랑 바나나 브레드 진짜 맛있습니다
바나나 브레드는 너무 맛있어서 하나 더 사먹었어요
직원도 친절하고 매장도 예쁘고 너무 좋습니다!
(매장 캐릭터 너무 귀여워여ㅠㅠ)",,2023년 12월 23일 토요일,1번째 방문,영수증
에이프릴사워,"카페,디저트",,,,Asdf133,https://m.place.naver.com/my/5ce9e15843b24ab544b938d4/review?v=2,70,,,"토요일아침 힐링입니댜!
예쁜카페에서 사진찍고 맛있는음료먹는건
늘 기준좋은것같아요!
음료도 맛있고!
아침부터 브런치먹고와서 디저트는못먹었지만
단호박케이쿠 담엔꼭먹을래요…!

사진맛집이에요! 공릉맛집!",,2023년 12월 16일 토요일,1번째 방문,영수증
에이프릴사워,"카페,디저트",,,,mnm50278,https://m.place.naver.com/my/5e64c6408f87a842bc6e2331/review?v=2,427,6,,공트럴파크에 새로 생긴지 얼마 안됐는데 지나다니면서 매장이 깔끔하게 생겨서 그 전 부터 눈여겨 보고 있다가 방문했는데 수제디저트여서 그런지 빵이 너무 폭신하고 바나나가 정말 꾸덕하니 맛있어요. 거기에 아인슈페너이 올라간 크림은 정말 부드럽고 달달하니 맛있어요. 원두 산미도 딱 제 취향이에요! 딸기라떼에 싱싱한 딸기 가득 들어가고 진짜 여태까지 먹어본 딸기라떼중에 진하고 맛있어요!!,,2023년 11월 29일 수요일,1번째 방문,영수증
에이프릴사워,"카페,디저트",,,,lovefromsun,https://m.place.naver.com/my/61dbdacff4741f086351e2fd/review?v=2,28,2,,"에이프릴 선셋티 먹었는데 너무 달달하고 맛있어요 ㅎㅎ
공간도 너무 따뜻하고 아늑하니 기분이 넘 좋아져요 !
",,2024년 2월 20일 화요일,1번째 방문,영수증
에이프릴사워,"카페,디저트",,,,kjy6456,https://m.place.naver.com/my/5dd6787e9ec8258e4a2e1dff/review?v=2,15,,,공릉에 이렇게 분위기 좋은 카페가 있는 줄 몰랐네요ㅎㅎ 커피 맛도 좋고 쿠키랑 마들렌 먹었는데 다음엔 케이크도 먹어보고싶어요ㅎㅎ 조용한 카페 찾으신다면 완전 추천드려요!!,,2024년 2월 6일 화요일,1번째 방문,영수증
에이프릴사워,"카페,디저트",,,,rrrrrrrrr1,https://m.place.naver.com/my/5eedc3d48f87a842bcc07f7d/review?v=2,3,,,"예쁜카페가 많은 경춘선숲길에서도, 유독 눈에띄는 카페가 있어 들어왔습니당 공간이 단정하고 아늑해서 데이트하기 좋았어욤! 보통 디저트나 커피 둘 중 하나만 맛있는 곳이 대부분인데, 여기는 라떼도 맛있고 케익도 대존맛입니다,,,,,😖💕 감성과 맛 둘다 잡으심 ㅠㅠ 여러분 아이스라떼 꼭 드셔보세요! 산미있는 원두로!!!! ",,2024년 1월 27일 토요일,1번째 방문,영수증
에이프릴사워,"카페,디저트",,,,소담5389,https://m.place.naver.com/my/5efde1e3854ca9293112c560/review?v=2,19,,,"날씨가 넘 추워서 초코라떼 마시고 싶어서 왔어요! ☕
카페 안이 너무 따뜻해서 일단 좋고 🤤
초코라떼도 너무 단 건 싫어하는데 완전 적당해서 좋아요! 커다란 마시멜로도 둥둥 떠있음-🍫
추운날 한가로이 시간 보내기 좋은 카페 같아요오",,2023년 12월 20일 수요일,1번째 방문,영수증
에이프릴사워,"카페,디저트",,,,구름7013,https://m.place.naver.com/my/5b9b1aa76b67180c8eb66dbb/review?v=2,582,,,"진짜 예쁜데 진짜 맛있어요 ~
분위기도 좋아요 추천","일시적인 오류가 발생했습니다
커피가 맛있어요",2024년 5월 17일 금요일,1번째 방문,영수증
에이프릴사워,"카페,디저트",,,,강수아18,https://m.place.naver.com/my/5ebba06d8f87a842bc3a727d/review?v=2,1,,,자몽에이드 상틈하고 맛있어요!! 매장 아담하니 귀여워서 자주 올 것 같아요,"일시적인 오류가 발생했습니다
음료가 맛있어요",2024년 5월 16일 목요일,1번째 방문,영수증
에이프릴사워,"카페,디저트",,,,멍멍이 뚜뚜,https://m.place.naver.com/my/5eff9ff9de5d1e6a342b76af/review?v=2,12,,,"디저트 맛집이에요🥹❣️ 커피도 맛있어요
저번에 애플크럼블 케익을 먹어보고 맛있어서 이번에는 단호박치즈케이크를 먹었는데 요것도 아주 맛있네용 
인테리어도 아기자기 귀엽고 조용해서 자주 올 것 같아요",,2023년 12월 28일 목요일,1번째 방문,영수증
에이프릴사워,"카페,디저트",,,,켜켜,https://m.place.naver.com/my/5e228be28f87a842bc33fc3b/review?v=2,114,3,,인테리어도 너무 아늑하고 매장 분위기 좋은데다가 음료도 너무 맛있어요! 특히 메론소다 짱 맛있어서 또 먹으러 올 거 같아요! 추천합니당,"일시적인 오류가 발생했습니다
매장이 청결해요",2024년 1월 19일 금요일,1번째 방문,영수증
에이프릴사워,"카페,디저트",,,,안녕8218,https://m.place.naver.com/my/5bb6d89fffc39ad561e31df6/review?v=2,33,,,처음 방문했는데 분위기가 넘 좋구 인테리어도 깔끔하니 좋아요~ 시그니처 음료인 에이프릴 선셋티 주문했는데 상큼 달달하고 맛있어요 ! ㅎㅎ 다음에는 시그니처메뉴 중 아인슈페너 먹어보려구요^^,,2024년 1월 14일 일요일,1번째 방문,영수증
에이프릴사워,"카페,디저트",,,,dylee1,https://m.place.naver.com/my/5ed1ebaa8f87a842bc7727f4/review?v=2,45,,,애플크럼블 치즈케이크 짱맛있어요!! 바닐라 아이스크림도 꼭 추가해서 드셔보세용🫶🏻 카페 인테리어도 너무 예쁘고 사진찍기 좋아용 데이트코스로 강추합니다!,,2024년 3월 7일 목요일,1번째 방문,영수증
에이프릴사워,"카페,디저트",,,,hurabono268,https://m.place.naver.com/my/6188038f11a377f56ec04a12/review?v=2,65,,,공릉에서 젤 분위기 좋은 카페💗 연말이라 재즈 음악 흘러나오고 조용하게 시간 보내기 좋은 카페에요!! 인테리어도 되게 따뜻하고 아늑한 느낌이라 너무 좋아요ㅎㅎ 특히 단호박 케이크 짱맛…🫶🏻 한참 고민하다 골랐는데 넘 맛있어요!!!! 찾았다 공릉 아지트👏🏻👏🏻,,2023년 11월 28일 화요일,1번째 방문,영수증
에이프릴사워,"카페,디저트",,,,아영8857,https://m.place.naver.com/my/5bab81daafed6340ab4c3b01/review?v=2,704,,,"커피랑 음료, 디저트 모두 너무 맛었어요! 커피는 원두를 고를 수 있어서 좋았어요.
아늑하고 포근한 분위기의 카페라 자주 방문 할 것 같아요!",,2024년 3월 5일 화요일,1번째 방문,영수증
에이프릴사워,"카페,디저트",,,,맛스터91,https://m.place.naver.com/my/5efe500e97c2663e93480f3e/review?v=2,50,9,,"공릉에서 발견한 보물같은 카페!
크리스마스 분위기 느끼기 너무 좋은 카페에요!
혼자 와서 여유를 즐기기도 좋고, 인테리어가 예뻐서 친구들과 함께와서 사진 찍기도 좋을 것 같습니다. 
비오는 날 힐링 제대로 하고 갑니다☺️",,2023년 12월 14일 목요일,1번째 방문,영수증
에이프릴사워,"카페,디저트",,,,여은5516,https://m.place.naver.com/my/5dab2a188f87a842bcd47c0b/review?v=2,4,,,맛이 있습니다! 새로운 메뉴를 먹을 수 있어 좋습니다!,"일시적인 오류가 발생했습니다
특별한 메뉴가 있어요",2024년 5월 10일 금요일,1번째 방문,영수증
에이프릴사워,"카페,디저트",,,,pipicong,https://m.place.naver.com/my/5e78745a8f87a842bc4391cc/review?v=2,603,19,,커피 맛있고 케이크도 너무맛나요. 아기자기한 인테리어가 좋았어요.,"일시적인 오류가 발생했습니다
커피가 맛있어요",2024년 4월 6일 토요일,1번째 방문,영수증
에이프릴사워,"카페,디저트",,,,1021m,https://m.place.naver.com/my/5dcfb9c48f87a842bc3088e2/review?v=2,1660,,,"분위기도 너무 예쁘고 커피도 넘 맛있어용ㅋㅋ
좌석도 편하고 커피도 맛있어서 커피 마시면서 오래 대화나누기 좋은 카페네용🫶🏻","일시적인 오류가 발생했습니다
커피가 맛있어요",2024년 3월 2일 토요일,1번째 방문,영수증
에이프릴사워,"카페,디저트",,,,안주엉,https://m.place.naver.com/my/5b73d3d0ab38dc79dbb9e9b7/review?v=2,35,,,바나나 브레드가 너무 맛있어용 담백히고 크림치즈랑 곁들이기 좋아요!! 시그니처 음료도 넘 달지 않고 좋았어요 ㅎㅎ 티 종류도 많아서 다음엔 다른거 마셔보려고요 아쉬운건 의자가 조금 불편하다는거...? 그래두 우드톤이 보기조아요 ㅎㅎ,,2023년 12월 5일 화요일,1번째 방문,결제내역
에이프릴사워,"카페,디저트",,,,형561,https://m.place.naver.com/my/5cfc4f6e7effc0358242afc2/review?v=2,6,,,"케이크 너무 맛있어요
부담스럽지않고 자연스러운 단맛!
커피는 무난하게 맛있네요","일시적인 오류가 발생했습니다
커피가 맛있어요",2024년 4월 20일 토요일,1번째 방문,영수증
에이프릴사워,"카페,디저트",,,,꿍꿍573,https://m.place.naver.com/my/5d8b78878f87a842bc51f119/review?v=2,32,,,카페가 아기자기하고 너무귀여워요 남자친구랑 경춘길왔다가 잘 마시구가요,"일시적인 오류가 발생했습니다
커피가 맛있어요",2024년 4월 27일 토요일,1번째 방문,영수증
에이프릴사워,"카페,디저트",,,,제로나미,https://m.place.naver.com/my/5c5f14fd47a4fa2463412b25/review?v=2,59,,,우드+화이트 조합의 인테리어도 넘 갬성돋구 디저트도 넘사벽 카페네요!!!!! 크리스마스 장식이랑 넘 어울리고 겨울인데 따뜻한 분위기예요!! 커피 원두도 특별한데 메론소다 더 특별😳 날씨가 너무 추워서 따신거 먹을까 하다가 그림보고 예뻐서 주문했는데 단골확정이예요! 왕맛있어!! 거기에 애플 크럼블 치즈케이크... 걍 치즈케이크도 맛있는데 사과조림에 크럼블이라니.... 아메리카노랑 초초초초 잘어울려서 나오고 10분만에 다 먹었어염🤣 담에는 좀 여유롭게 먹어야겠어요ㅋㅋㅋ 아무튼 분위기 좋고 맛있고 다하는 카페임다 ,,2023년 11월 21일 화요일,1번째 방문,영수증
에이프릴사워,"카페,디저트",,,,메리포핀스J,https://m.place.naver.com/my/5c21dc303dc24c328485cb1f/review?v=2,26,,,"공릉에 아기자기한 카페가 새로 생겼다하여 들러봤어요! 벌써 크리스마스 분위기가 물씬 나더라고요!
디저트랑 음료까지 얼마나 예쁘던지! 그리고 시그니처 메뉴들, 애플크럼블 치즈케이크/에이프릴 선셋티/오션라떼 다다 너무 맛있더라고요~ 오션라떼 보기만해도 넘 시원한데 달달하면서도 깔끔해서 만족했습니다!! 
또, 분위기도 조용하고 아늑해서 힐링 잘하고 갑니다:) 공릉 데이트 카페로 에이프릴사워 찐추천드려요! 
",,2023년 11월 24일 금요일,1번째 방문,영수증
에이프릴사워,"카페,디저트",,,,푸우3755,https://m.place.naver.com/my/5d743d308f87a842bc9bc6cd/review?v=2,75,2,,"공릉 카페거리에 새로 생겨서 와봤는데 분위기도 취향저격 디저트, 음료도 너무 맛있어요!!👍🏻😍 단골 예약입니다 ㅎㅎ 마샬 스피커에서 나오는 노래도 다 좋고 아늑 따뜻한 분위기라 대화하기에도 넘 편안해요!
디저트는 직접 만드시는 거 같은데 바나나파운드 존맛입니다💛💛 꼭 드세요! 음료도 다 맛있고 특히 자두펄그린티 시원하면서 펄 씹히는 재미도 있구 넘 맛나용~~ 매장도 넓고 직원 분들 모두 친절하셔서 재방문 하려구요^^",,2023년 11월 30일 목요일,2번째 방문,영수증
에이프릴사워,"카페,디저트",,,,제비꽃8061,https://m.place.naver.com/my/5f488698a602e98f56ff7842/review?v=2,1342,,,"일단 커피가 맛있고 디저트는 맛도 좋지만 양도
적당해요.작은 카페인데도 화장실도 깨끗해 모든
기본에 정성이 가득해요
",,2024년 1월 6일 토요일,2번째 방문,영수증
에이프릴사워,"카페,디저트",,,,비타민1111,https://m.place.naver.com/my/5c069810d7b7ea2e94ea0452/review?v=2,60,,,"공릉동에 새로 생긴 디저트맛집이에요!!
전체적으로 카페 분위기가 아늑하고 예뻐요~
화이트톤 벽면에 우드 가구들이 있으니
따뜻하고 깔끔하니 공간 자체가 포토존이네요

에이프릴사워의 시그니처 사과 그림이 들어간 굿즈들도 넘 귀엽구요ㅎㅎ🍎

디저트도 모두 수제디저트여서 비쥬얼도 예쁘고
넘 맛있더라구요~^^ 
자두펄그린티는 자두청과 그린티의 조합인데
안에 동그란 펄이 식감도 좋고 넘 상콤달콤했어요.",,2023년 11월 1일 수요일,1번째 방문,영수증
에이프릴사워,"카페,디저트",,,,뿌셔뿌셔양념,https://m.place.naver.com/my/61742f1999f7ae749dae39a9/review?v=2,149,14,,"가격이 주변 다른 카페에 비하면 조금 비싼 것 같아요
그래도 디저트도 음료도 커피도 다 맛있고
매장도 깔끔하고 직원분들도 친절하세요
사과 캐릭터(?) 굿즈들이 다 너무 귀엽워요ㅠㅠ🍎🥰
원두도 두 종류에서 고를 수 있어서 좋아요",,2023년 11월 14일 화요일,1번째 방문,영수증
에이프릴사워,"카페,디저트",,,,MYNMY,https://m.place.naver.com/my/5b67d10eb9ee911215eb6ac4/review?v=2,16,,,신규 오픈한곳인데 여기 시그니쳐 마크도 너무 귀엽고 매장 주문 받으시는 직원분도 친절하시고 커피는 물론 음료도 맛있네요!디저트로 단호박 크림 케이크 시켜서 먹어봤는데 달지도 않고 담백하니 맛있어요!공릉에 카페 많지만 신규 오픈해서 카페도 깨끗하고 분위기도 조용하니 좋네요!!,,2023년 12월 10일 일요일,1번째 방문,영수증
에이프릴사워,"카페,디저트",,,,디듀59,https://m.place.naver.com/my/5b8a0fff2bdfaef0c5b804ab/review?v=2,6,,,분위기도 정말 좋고 음료랑 빵도 맛있어요🥰 금요일 낮시간대에 왔는데 사람이 없어서 좋았어요!,"일시적인 오류가 발생했습니다
커피가 맛있어요",2024년 5월 17일 금요일,1번째 방문,영수증
에이프릴사워,"카페,디저트",,,,부크89,https://m.place.naver.com/my/5f3753ac9ec8258e4aede9ff/review?v=2,16,,,"분위기도 좋고 아늑해요.
커피 원두도 두개 중에 고를수 있어요 마일드한거랑 산미있는거 중에 산미있는 쪽을 골랐습니당
자주 올 것 같아요!",,2024년 2월 17일 토요일,1번째 방문,영수증
에이프릴사워,"카페,디저트",,,,hon****,https://m.place.naver.com/my/5c904958c0244885183c4f9f/review?v=2,160,18,,"아기엄마 취향 저격한 예쁜카페
주차하기 어려워도 .. 재방문하고 싶은 곳! 감성 가득 사진 찍을 수 있고 커피, 디저트 다 맛있는 곳👏 귀여운 굿즈들 보는 재미도 있음! 비 오는 날 오면 더 좋을 분위기 좋은 공릉카페 에이프릴사워 🍏",,2023년 11월 9일 목요일,1번째 방문,영수증
에이프릴사워,"카페,디저트",,,,곰토깽2,https://m.place.naver.com/my/63e1b0031438fc3a9c856874/review?v=2,43,2,,시그니처 메뉴가 한가지가 아니라 여러가지라서 좋았어요! 다음에는 에이프릴 선셋티도 마셔보려고요ㅎㅎ 오션라떼 너무 맛있고 예뻐서 사진도 많이 찍었어요~! 매장이 화이트톤으로 깔끔하고 아늑했답니다🤍 분위기 좋은 카페에서 즐거운 시간 보내고 갑니다🩷,,2023년 11월 21일 화요일,1번째 방문,영수증
에이프릴사워,"카페,디저트",,,,후앙홍,https://m.place.naver.com/my/5bae022da7ee1a5cf3bc0042/review?v=2,48,,,카페 분위기가 예쁘고 커피도 맛있고 바나나브레드 정말 강추입니다☺️ 다만 의자가 낮아서 조금 불편한건 살짝 아쉬워요 ,"일시적인 오류가 발생했습니다
인테리어가 멋져요",2024년 3월 16일 토요일,1번째 방문,영수증
에이프릴사워,"카페,디저트",,,,미정왕,https://m.place.naver.com/my/5b9ce708baa12d28ae9f4886/review?v=2,1042,46,,"새로 오픈한 공릉 디저트 맛집이라고 해서 와봤는데 분위기 너무 좋아서 놀랐어요🤍
오션라떼 독특하고 맛있어요 ◡̎ 커피맛도 나면서 소다맛도 나면서 여튼여튼 맛있어요
제 최애는 애플크럼블 치즈케이크에요 크럼블이랑 사과조림이랑 치케 조합 미쳤어요🤍",,2023년 11월 8일 수요일,1번째 방문,영수증
에이프릴사워,"카페,디저트",,,,Jessicat,https://m.place.naver.com/my/5d2ee6b201033191bca332d3/review?v=2,1037,,,일단 카페 느낌도 깨끗하고 단아한 느낌인데 분위기가 너무 차분하고 조용해서 좋았어요! 음료도 다른 데보다 비주얼도 맛도 훌륭해요! 디저트도 굿굿! ,"일시적인 오류가 발생했습니다
커피가 맛있어요",2024년 6월 20일 목요일,1번째 방문,영수증
에이프릴사워,"카페,디저트",,,,DIY_,https://m.place.naver.com/my/5e03e9e68f87a842bcb69f7a/review?v=2,22,2,,"메론소다 판다길래
멀리서 왔어요.

메론소다 맛도 좋고, 알갱이 씹혀서 식감도 좋고
아이스크림도 맛있고!
섞어 마시니 더 부드러운 소다맛되서 다양하게 즐길 수 있었습니다.

메론소다 추천이요~",,2024년 1월 6일 토요일,1번째 방문,영수증
에이프릴사워,"카페,디저트",,,,이소민59,https://m.place.naver.com/my/5efe2d33b4dd01caff0a1d73/review?v=2,53,8,,디저트가 정말 손색없이 맛있어요! 또 먹고 싶어요! 커피도 원두가 두종류라서 선택이 가능해요🫢 분위기도 좋고 데이트하기 좋아요💕,"일시적인 오류가 발생했습니다
커피가 맛있어요",2023년 12월 28일 목요일,1번째 방문,영수증
에이프릴사워,"카페,디저트",,,,땡순이88,https://m.place.naver.com/my/5e7206328f87a842bcd44c41/review?v=2,50,,,"친구와 공릉에서 밥을 먹고 어느 카페를 갈지 고민하다가 감성 가득한 카페를 발견해서 왔는데 사진으로 보는 거 보다 더 예뻤고 감성 가득 했습니다
커피를 잘 못 먹는 데도 오션 라떼를 친구가 주문해서 먹어 보니 너무 부드럽고 맛있었습니다 같이 시킨 자두펄 그린티도 완전 제스타일이었어요 디저트도 깔끔하고 아주 맛있습니다",,2024년 1월 10일 수요일,1번째 방문,영수증
에이프릴사워,"카페,디저트",,,,오늘의레코드,https://m.place.naver.com/my/5decc9c48f87a842bc7db883/review?v=2,404,36,,"크리스마스 분위기에 나무의자로 되어 있어서 전체적으로 아늑하고 베이지톤 느낌이에요. 
산미있는 어메리카노와 딸기라떼. 엄청 비싸지 않고 맛있어요",,2023년 12월 27일 수요일,1번째 방문,영수증
에이프릴사워,"카페,디저트",,,,지수3631,https://m.place.naver.com/my/5f1d45219ec8258e4aefd94c/review?v=2,6,,,차분하고 분위기가 좋아요☺️,"일시적인 오류가 발생했습니다
커피가 맛있어요",2024년 5월 28일 화요일,1번째 방문,영수증
에이프릴사워,"카페,디저트",,,,킴썬4289,https://m.place.naver.com/my/5d9009598f87a842bce6c15a/review?v=2,26,,,"커피랑 케이크도 맛있고 분위기도 좋아요❤️
제가 산미커피를 안좋아하는데 원두 선택할 수 있어서 좋네요~
다음에 공릉 올 일 있으면 또 방문할것 같아요",,2024년 1월 17일 수요일,1번째 방문,영수증
에이프릴사워,"카페,디저트",,,,Yeppyyyy,https://m.place.naver.com/my/5c1231158436f44643544adc/review?v=2,34,,,카페 인테리어두 넘 예쁘구 낮에 갔더니 따뜻한 햇살이 들어와서 너무 좋았어요! 메론소다... 진쨔 취향저격 너무 맛있었어요!! 단호박 케이크랑 바닐라라떼 조합두 너무 좋았구... 전체적으로 다 맛있어소 다른 음료도 먹어보고 싶어요!! 집 근처에 예쁜 카페 생겨서 넘 좋네요오 ... ෆෆෆ,,2023년 11월 10일 금요일,1번째 방문,영수증
에이프릴사워,"카페,디저트",,,,sso****,https://m.place.naver.com/my/6474c0b0569d650006690684/review?v=2,7,,,새로 생긴듯 하여 방문해 보았는데 쾌적하고 인테리어가 멋져요,"일시적인 오류가 발생했습니다
커피가 맛있어요",2024년 4월 23일 화요일,1번째 방문,영수증
에이프릴사워,"카페,디저트",,,,자윤맘,https://m.place.naver.com/my/5fcaf5f3d4ee6c0b18ebdb58/review?v=2,18,1,,"균형잡힌 커피. 부드럽고 고소한 단호박 크림케이크. 
조용한 분위기에 부드러운 음악으로 힐링해요.💛💛","일시적인 오류가 발생했습니다
인테리어가 멋져요",2024년 1월 19일 금요일,1번째 방문,영수증
에이프릴사워,"카페,디저트",,,,Salgoo,https://m.place.naver.com/my/5efe0ee6854ca92931131437/review?v=2,16,,,아늑하고 따뜻한 인테리어에 수제 디저트가 정말 맛있어요! 커피도 너무 고소하고 디저트랑 찰떡이어서 간만에 좋은 커피 타임 보냈어요 ㅎㅎ매장도 넓고 크리스마스 분위기로 꾸며놔서 연말 분위기 가득이라 더 좋았어요 :),,2023년 11월 16일 목요일,1번째 방문,영수증
에이프릴사워,"카페,디저트",,,,선1944,https://m.place.naver.com/my/5e9711618f87a842bc461d7b/review?v=2,698,,,"드디어 방문해본 에이프릴사워 카페!
제 친구는 아메리카노만 마시는데 여기가 거의 원탑이라 할 정도로 맛있다 하네요ㅎㅎ
저는 에이프릴 선셋티 시그니처 메뉴를 시켰는데 사과도 올려져 있고 너무 상큼달콤 맛있어요☺️
다음에 공릉동 오면 또 방문할! 아니 공릉동 올때마다 방문할거에요 감사합니다 :)",,2023년 12월 12일 화요일,1번째 방문,영수증
에이프릴사워,"카페,디저트",,,,tla****,https://m.place.naver.com/my/605ec4bfa5f6806b5aac32f3/review?v=2,179,8,,잠시만 여기에 누울게요 단호박치즈케이크에 취했거든요 이집 수제디저트가 너무 맛있어요 시그니쳐 애플티도 은은하게 달달하니 너무 맛있고 커피는 말모🤍,,2023년 12월 13일 수요일,1번째 방문,영수증
에이프릴사워,"카페,디저트",,,,nunuplace,https://m.place.naver.com/my/5dac7f208f87a842bcd4f108/review?v=2,914,6,,"장소 깔끔하고 정리 정돈이 잘되어있는 카페입니다.
밝은 화이트톤 분위기라 사진도 잘나와요! 
특히 가구가 원목이라 이뻐요!
디저트는 가게에서 제작하는 디저트래요 ㅎㅎ 대박이죠 어디서도 먹어볼수 없는 특별한 디저트입니다.
단호박크림케이크 먹었는데 입에서 아주 녹습니다:)
고급 수제 티와 디저트를 즐기시려면 딱인듯


*본 포스팅은 협찬과 광고를 포함하여 작성된 글입니다",,2023년 11월 1일 수요일,1번째 방문,영수증
에이프릴사워,"카페,디저트",,,,원종3,https://m.place.naver.com/my/5efde746854ca9293112d1d2/review?v=2,8,,,카페 분위기도 이쁘고 맛있어요~,"일시적인 오류가 발생했습니다
인테리어가 멋져요",2024년 4월 20일 토요일,1번째 방문,영수증
에이프릴사워,"카페,디저트",,,,miinini,https://m.place.naver.com/my/5dd3a8b68f87a842bc23298b/review?v=2,5,,,카페 너무 이뻐용,,2024년 5월 22일 수요일,1번째 방문,영수증
에이프릴사워,"카페,디저트",,,,혀니시,https://m.place.naver.com/my/5e46a9078f87a842bc5519f7/review?v=2,77,,,"조용하고 아늑한 분위기에 새로운 카페가 생겨서 다녀왔는데 디저트도 음료도 정말 맛있게 먹었어요🖤

흔한 시판 디저트가 아니라 모두 수제 디저트라 더 풍미있고 맛이 있었어요!",,2023년 12월 1일 금요일,1번째 방문,영수증
에이프릴사워,"카페,디저트",,,,ㅇㅈ쓰,https://m.place.naver.com/my/5e0403d48f87a842bc1711e7/review?v=2,10,,,음료가 맛있고 장소가 예뻐요~~,"일시적인 오류가 발생했습니다
인테리어가 멋져요",2024년 5월 21일 화요일,1번째 방문,영수증
에이프릴사워,"카페,디저트",,,,k-k****,https://m.place.naver.com/my/5f04970823f017ff6a274027/review?v=2,7,,,안에 분위기가 너무 좋고 너무 맛있습니다😁,"일시적인 오류가 발생했습니다
커피가 맛있어요",2024년 4월 18일 목요일,1번째 방문,영수증
에이프릴사워,"카페,디저트",,,,newni,https://m.place.naver.com/my/5e69adae8f87a842bc415a6c/review?v=2,39,,,지나가면서 새로운 카페가 생겨서 관심이 갔었는데 이번에 방문해보게 되었어요! 전체적으로 카페 분위기가 너무 깔끔하고 예쁘고 음료 하나 하나에도 정성이 느껴져서 좋네요💓 지금 크리스마스 분위기로 가게 분위기 바꿔두신것도 너무 예뻐요 재방문 의사 있습니다!!,,2023년 11월 17일 금요일,1번째 방문,영수증
에이프릴사워,"카페,디저트",,,,hgh****,https://m.place.naver.com/my/5dac69ec8f87a842bc9ef4c5/review?v=2,18,,,밖에서 보고 따뜻한 분위기라 들어와봤는데 인테리어 도 예쁘고 조용하니 대화하기도 좋았어요! 에이프릴 선셋티 처음봐서 시켜봤는데 탄산없는 데미소다 맛이에요ㅎㅎ 달달하니 맛있었어요!,,2024년 2월 8일 목요일,1번째 방문,영수증
에이프릴사워,"카페,디저트",,,,에블바레쒜낏바레,https://m.place.naver.com/my/5e6039ee8f87a842bc2993a7/review?v=2,14,,,"분위기 너무 좋고 음료도 맛있습니다 :)
자주 와야겠네요 ㅎ","일시적인 오류가 발생했습니다
커피가 맛있어요",2024년 3월 28일 목요일,1번째 방문,영수증
에이프릴사워,"카페,디저트",,,,eungi1001,https://m.place.naver.com/my/5efe423835e32560edaaa1f1/review?v=2,29,,,"에이프릴 선셋티 추천드려요 정말 상큼하고 맛있었어요 바닐라라떼는 제가 단걸 좋아하지 않는데 달지 않아서 좋더라고요 바나나 브레드도 정말 맛있게 잘 먹었고 다음에 또 방문하고 싶어요 
 그리고 굿즈 하나 안 사고 나온게 한이네요 ㅠㅜ 
굿즈가 취저입니다",,2023년 11월 15일 수요일,1번째 방문,영수증
에이프릴사워,"카페,디저트",,,,하이시니,https://m.place.naver.com/my/5bf6c80aec181937e207f93d/review?v=2,111,,,아인슈페너랑 바나나브레드가 궁금해서 또왔습니다:)☕ 사장님도 친절하시고 짱 좋아요! ,"일시적인 오류가 발생했습니다
커피가 맛있어요",2024년 1월 17일 수요일,2번째 방문,영수증
에이프릴사워,"카페,디저트",,,,DalA63,https://m.place.naver.com/my/5e5e3cab8f87a842bc805a8b/review?v=2,5,,,"디저트랑 음료 너무맛있고 비주얼도 좋네요
매장도 깨끗하고 넓고 조아요~","일시적인 오류가 발생했습니다
커피가 맛있어요",2024년 2월 12일 월요일,1번째 방문,영수증
에이프릴사워,"카페,디저트",,,,qrqr,https://m.place.naver.com/my/5ec08e078f87a842bc71f8c6/review?v=2,262,,,커피향이 너무 좋고 비오는 날 차분한 분위기에서 기분 좋게 마신 것 같아요. 끝에 남는 여운도 떫거나 쓴 맛 없이 깔끔해요. 애플치즈케이크와 함께 맛있고 좋은 시간 보내고 갑니다. ,,2023년 12월 6일 수요일,1번째 방문,영수증
에이프릴사워,"카페,디저트",,,,Sseoullo,https://m.place.naver.com/my/5f05728e4d1cf87540aae695/review?v=2,64,,,"아늑한 분위기에서 보기만 해도 예쁜 메뉴들과 함께!
","일시적인 오류가 발생했습니다
특별한 메뉴가 있어요",2024년 2월 2일 금요일,1번째 방문,영수증
에이프릴사워,"카페,디저트",,,,딩9rr,https://m.place.naver.com/my/5c73e21c022e8ebbf485c185/review?v=2,799,4,,"분위기 아늑하고, 대화하기도 좋고,
커피도 디저트도 맛있네요 😋","일시적인 오류가 발생했습니다
커피가 맛있어요",2024년 1월 27일 토요일,1번째 방문,영수증
에이프릴사워,"카페,디저트",,,,두루룽뷰,https://m.place.naver.com/my/5e02c3908f87a842bc5eb477/review?v=2,56,1,,"사과캐릭터가 귀여운 에이프릴사워🍎

📍 카페 분위기가 아늑하구 포근한 느낌이에요! 음료와 디저트가 맛있어요👍

✔️ 애플크럼블 치즈케이크 : 6,700원
치즈케이크 위에 사과조림과 크럼블이 올라간 케이크에요!
사과조림이 적당히 달달하면서 크럼블과의 조화가 좋습니다

✔️ 에이프릴 선셋티 : 5,800원
사과 베이스 차입니다. 사과의 맛을 잘 느낄 수 있는 티에요!

✔️ 자두펄그린티 : 자두청과 그린티의 조합인데 풍선껌 와우 자두맛에 녹차의 은은한 매력을 느낄 수 있습니다. 안에 동그란 펄이 식감도 좋고 맛나요!",,2023년 10월 18일 수요일,1번째 방문,결제내역
에이프릴사워,"카페,디저트",,,,051****,https://m.place.naver.com/my/5c9ddb1df736c55832fafed5/review?v=2,30,,,"공릉동 카페거리 걷다가 통창에다가, 따뜻한 느낌의 카페가 있어서 와봤는데, 음료도 맛있고 분위기도 아늑하니 너무 좋았어요!

매장 음악도 잔잔하니 대화하기 편했습니다😊😊",,2024년 1월 16일 화요일,1번째 방문,영수증
에이프릴사워,"카페,디저트",,,,NanaB,https://m.place.naver.com/my/5c0402b877f9cc7885dda221/review?v=2,479,6,,"모두 수제디저트라고 하던데 단호박케이크 너무 맛있어서 놀랐어요!
커피랑 음료도 맛있었구 분위기도 좋아서 즐거운 시간 보낸 것 같아요😊",,2024년 2월 20일 화요일,1번째 방문,영수증
에이프릴사워,"카페,디저트",,,,주in44,https://m.place.naver.com/my/5f29fbfd3143a400f3e51df9/review?v=2,6,,,분위기가 엄청 아늑하고 포근해요 블루스 느낌이 있어 대화하기에 아주 편하고 조명이 이뻐서 사진이 아주 잘나와요! 크리스마스가 오고 있어 매장 내에 트리가 있는데 인스타 사진 건지시기 되게 좋습니당,,2023년 12월 19일 화요일,1번째 방문,영수증
에이프릴사워,"카페,디저트",,,,glap7367,https://m.place.naver.com/my/5bfe9f456ed1d4950e637cf3/review?v=2,220,,,"공릉에 새로 생겼다고해서 간 까페~
오후여서 커피말고 음료를 마셨는데, 다들 넘 맛있다고 ㅎㅎㅎ 달지않고 깔끔해서 아주 굿굿굿
같이 시킨 단호박크림케이크도 완전 맛나요~
공릉에 자주갈 까페가 또 생겼네요 ㅋㅋㅋ
",,2023년 10월 22일 일요일,1번째 방문,영수증
에이프릴사워,"카페,디저트",,,,cool66,https://m.place.naver.com/my/5b9b1c444a45c2ab5ee40fcf/review?v=2,7,,,새로 생긴 곳이라고 해서 방문했는데 디저트도 맛있고 커피도 너무 맛있네요! 무엇보다 음악도 잔잔하고 분위기도 조용해서 조곤조곤 이야기 나누기 너무 좋아요^^  다음에 또 와서 이번엔 다른 디저트 먹어봐야겠어요^^,,2023년 12월 8일 금요일,1번째 방문,영수증
에이프릴사워,"카페,디저트",,,,thd****,https://m.place.naver.com/my/5f044260012fad32006d34ae/review?v=2,23,,,"디저트 단호박크림케익인데 넘 맛있어요!!
음료도 무난하게 마싯어용~ 분위기도 좋고 트리도 넘 예쁘네용 화장실도 안에 있어서 죠아용😊😊 담엔 애플크럼블 먹으러 와보겠습니다!!",,2023년 12월 19일 화요일,1번째 방문,영수증
에이프릴사워,"카페,디저트",,,,sal****,https://m.place.naver.com/my/5e3e616e8f87a842bc649c8f/review?v=2,15,,,"새로 오픈한 곳이라 방문했습니다!
아늑한 분위기라서 데이트하기 좋아요🐥 
디저트가 많이 달지 않아서 취향에 맞았어요👍","일시적인 오류가 발생했습니다
디저트가 맛있어요",2024년 1월 1일 월요일,1번째 방문,영수증
에이프릴사워,"카페,디저트",,,,먹으니까 졸려 일어나니까 배고파,https://m.place.naver.com/my/5efea22968401871104ee576/review?v=2,117,2,,"단호박 크림 케이크가 증말 맛있는 곳🥹🤍 단호박의고소한 맛이 그대로고 퍽퍽하지 않고 부드러워용 ! 할미 입맛인 분들 꼬옥 드셔보시기를ㄹ ... 🙏🏻
메론소다 파는 카페 드문데 여기엔 있어서 주문해보니 아이스크림 한 스쿱이 왕 커서 바닐라향이 진~하고 메론향이랑 잘 어울렸어요🍦
아인슈페너는 정석 그 자체, 반쯤 그대로 먹다가 섞어 먹었는데 이러케 맛날 수 없고요,,, 공릉 아인슈페너 맛집 찾으시면 방문해보세욧 ㅎㅎㅎ
인테리어도 화이트&우드톤이라 감성적이고 화장실은 내부에 있고 깨끗해서 넘 좋았답니다! 일행과 조용조용 도란도란 수다떨기 좋은 곳이라서 친구들이랑 자주 올 것 같아요 ㅎㅎㅎ",,2023년 10월 27일 금요일,1번째 방문,영수증
에이프릴사워,"카페,디저트",,,,suk****,https://m.place.naver.com/my/5f05bf0e0a91396a976e4f98/review?v=2,5,,,"분위기도 엄청 아늑하고, 노래도 잔잔하게 나와서 넘  좋았어요! 공릉동 카페거리 와서 데이트 코스로도 좋을 것 같고, 잠깐 머리 식히면서 차 한잔 하기도 좋을 것 같고, 책을 읽다가도 좋을 것 같아요😊",,2024년 1월 13일 토요일,1번째 방문,영수증
에이프릴사워,"카페,디저트",,,,지원6686,https://m.place.naver.com/my/5bb83db398fc08e9ccf8c349/review?v=2,23,,,"밀크티랑 자두펄그린티 둘 다 맛있어요!
인테리어 분위기도 아늑하니 맘에 들고 화장실도 깨끗합니다 ㅎㅎ","일시적인 오류가 발생했습니다
음료가 맛있어요",2024년 2월 15일 목요일,1번째 방문,영수증
에이프릴사워,"카페,디저트",,,,펭꾸루,https://m.place.naver.com/my/5f05987e699d39675d9dcfb0/review?v=2,794,22,,"특색 있는 음료가 있고, 맛있어요!
디저트도 맛있습니다🫶
분위기가 따뜻하고 좋아요!","일시적인 오류가 발생했습니다
디저트가 맛있어요",2024년 2월 7일 수요일,1번째 방문,영수증
에이프릴사워,"카페,디저트",,,,wlsgpcnrqhr,https://m.place.naver.com/my/5dd6f9219ec8258e4a60110f/review?v=2,38,6,,공릉에 새로생긴 카페라서 방문했어요! 한강진에서 유명한 앤트러사이트 원두를 쓰신다는 것부터 사장님의 센스가 돋보였고 디저트 베이커리 하나 하나 다 맛있어요! 굿즈도 너무 귀여워서 구매 완료했습니다!,,2023년 11월 11일 토요일,1번째 방문,영수증
에이프릴사워,"카페,디저트",,,,Yessse,https://m.place.naver.com/my/5e3e46538f87a842bc6fe9a9/review?v=2,24,,,인테리어가 멋지고 음료랑 디저트가 맛있어요~~,"일시적인 오류가 발생했습니다
인테리어가 멋져요",2024년 4월 16일 화요일,1번째 방문,영수증
에이프릴사워,"카페,디저트",,,,didiomu,https://m.place.naver.com/my/5efe3b5935e32560edaa981d/review?v=2,20,,,"매장도 깔끔하고 분위기도 너무 예뻐요.
음료랑 디저트 맛있고 아기자기한 느낌이라 
또 방문하고싶네요-!
단호박케이크 맛있어요 :)",,2023년 12월 19일 화요일,1번째 방문,영수증
에이프릴사워,"카페,디저트",,,,hw****,https://m.place.naver.com/my/5ebaf60c8f87a842bc5fa43b/review?v=2,8,,,"음료가 너무 이뻐요!!
1월인데도 트리가 있어서 좋았아요!!
맛있구 좋습니당","일시적인 오류가 발생했습니다
인테리어가 멋져요",2024년 1월 18일 목요일,1번째 방문,영수증
에이프릴사워,"카페,디저트",,,,ekt****,https://m.place.naver.com/my/5cc033cdf11a7704afa21247/review?v=2,20,,,분위기가 아늑하고 따뜻해요💓 그리구 단호박크림케익 시그니처 같아서 시켜봤는데 녹진하고 너무 맛있어요..!!,"일시적인 오류가 발생했습니다
디저트가 맛있어요",2023년 12월 25일 월요일,1번째 방문,영수증
에이프릴사워,"카페,디저트",,,,juri38,https://m.place.naver.com/my/5b9e1dbe922afd2904c5e6ac/review?v=2,15,,,인스타 보고 알게됐는데 실제로 온 건 처음이에요! 커피도 너무 맛있고 디저트도 맛있었어요. 분위기도 좋아서 친구랑 같이 오기 너무 좋았어요,"일시적인 오류가 발생했습니다
음료가 맛있어요",2024년 2월 16일 금요일,1번째 방문,영수증
에이프릴사워,"카페,디저트",,,,해피라니,https://m.place.naver.com/my/5b939676069d591cbf329e91/review?v=2,173,11,,커피가 너무 맛있고 특별한 메뉴가 있어요. 주인이 친절하고 카페가 엄청 깨끗해요.,"일시적인 오류가 발생했습니다
커피가 맛있어요",2023년 12월 14일 목요일,1번째 방문,영수증
에이프릴사워,"카페,디저트",,,,wod****,https://m.place.naver.com/my/5e06f7cb8f87a842bca7bd84/review?v=2,27,,,인테리어가 감각적이고 트리가 너무 예뻐요💖 특히 단호박 케이크가 맛있었어요✨🫶🏻,"일시적인 오류가 발생했습니다
디저트가 맛있어요",2023년 12월 23일 토요일,1번째 방문,영수증
에이프릴사워,"카페,디저트",,,,당늬15,https://m.place.naver.com/my/5e0332708f87a842bcae1545/review?v=2,31,,,친구랑 신상카페 생겼다해서 와봤는데 카페 아늑하고 음료도 맛있어요! 크럼블 디저트 맛나용~~~~><,"일시적인 오류가 발생했습니다
디저트가 맛있어요",2024년 2월 2일 금요일,1번째 방문,영수증
에이프릴사워,"카페,디저트",,,,meekyung,https://m.place.naver.com/my/5edb5c7d8f87a842bc5b6290/review?v=2,15,,,"매장 분위기가 조용하고 좋아서 대화하기 편했어요! 
음료도 맛있고 넘 좋았습니다!","일시적인 오류가 발생했습니다
음료가 맛있어요",2024년 2월 8일 목요일,1번째 방문,영수증
에이프릴사워,"카페,디저트",,,,ang****,https://m.place.naver.com/my/5e6acf3f8f87a842bc443a5d/review?v=2,2,,,"외관이 아주 예쁘고 새로 생긴 카페라 들어갔는데 커피와 티, 디저트가 너무 만족스러웠습니다. 주문시 제일 처음 만나게 된 메뉴판이 예뻐서 여쭤보니 수채화로 그리신 것이라고 하셔서 이 카페에 더 끌리는 느낌이 들었습니다^♡^
제가 마신 커피는 평범한 아메리카노가 아니고 한 모금 한 모금 마실 때마다 구수하고 풍부한 향이 입안 가득 퍼지는 느낌이었습니다.
평소에 드립커피를 좋아하는지라 아메리카노는 아주 맛있다하면서 먹은 적이 별로 없었는데 아주 만족스럽게 먹었습니다.
바나나케이크의 빵은 그리 달지 않고 크림도 기분좋게 단맛!
매장 인테리어와 분위기는 편하고 세련된 느낌, 컵, 사과도안이 그려진  냅킨, 뱃지 등 곳곳에 세심하게 신경쓰신 느낌이 들었습니다.
다음에도 재재방문 의사있습니다!",,2023년 11월 28일 화요일,1번째 방문,영수증
에이프릴사워,"카페,디저트",,,,joy****,https://m.place.naver.com/my/5c408496c4453d7b099c0c5d/review?v=2,11,,,"분위기 굿~
디저트도 커피도 맛납니다","일시적인 오류가 발생했습니다
커피가 맛있어요",2024년 2월 15일 목요일,1번째 방문,영수증
에이프릴사워,"카페,디저트",,,,young6195,https://m.place.naver.com/my/5e195e7a8f87a842bce4fcdd/review?v=2,30,1,,"디저트도 맛잇고 커피도 맛잇어요
따뜻한 분위기라 분위기도 좋아요!","일시적인 오류가 발생했습니다
커피가 맛있어요",2024년 2월 15일 목요일,1번째 방문,영수증
에이프릴사워,"카페,디저트",,,,즐겁다15,https://m.place.naver.com/my/5b9b7ef43640ec3d48a8a7b6/review?v=2,396,,,"산책하다 우연히 발견한 카페입니다! 
남편과 대화하기 너무 좋았고 커피도 맛있어요! 원두를 선택할 수 있어서 또 너무 좋았던것 같습니다. 사장님 엄청 친절하셔서 맛있는 커피 마신것 같으네요! 
디저트랑 마들렌종류가 있는데 디저트도 달콤해서 커피랑 궁합이 좋았네요! 👍 👍 👍 
골목안에 있는데도 테이블이 다 차있엇는데 찐 소문난 카페인가봅니다 ㅋㅋ
산책하다 오기 너무 좋으네요! 자주들를게요",,2023년 9월 24일 일요일,1번째 방문,영수증
에이프릴사워,"카페,디저트",,,,최진희1816,https://m.place.naver.com/my/5e89c0668f87a842bc316dd3/review?v=2,23,,,"디저트 맛도 고급지고 맛있었어요!! 애플크럼블치즈케이크 꼭 드세용
사장님도 친절하시고 인테리어도 아늑하고 청결해서 다음에 또 와야겠어요🩷",,2023년 11월 30일 목요일,1번째 방문,영수증
에이프릴사워,"카페,디저트",,,,강물41,https://m.place.naver.com/my/5efeb1a08f87a842bc5a44e1/review?v=2,357,1,,"자두 펄 그린티 음료 강추! 상콤하고 펄도 말랑말랑하니 재밌는 식감이고 그린티라서 깔끔해요
애플크럼블 치즈케이크도 사과와 크럼블 씹히는 식감도 좋고 치즈케이크랑 잘 어울려요 ◡̈ ",,2024년 1월 10일 수요일,1번째 방문,영수증
에이프릴사워,"카페,디저트",,,,ryuyoung95933,https://m.place.naver.com/my/5c205d720f4287959e5bc3f8/review?v=2,19,,,밤마다 공리단길 카페 투어를 취미 삼은 요즘 눈에 띄는 새로운 카페가 있어 방문했어요.  깔끔한 매장 분위기와 잔잔한 음식이 대화 나누기에 알맞은 정도예요. 무엇보다 고소하지만 쓰지 않은 커피 맛이 정말 좋아요.,,2023년 10월 16일 월요일,1번째 방문,영수증
에이프릴사워,"카페,디저트",,,,유리알92,https://m.place.naver.com/my/6228ce1a04927f2cdc10e112/review?v=2,8,,,분위기도 좋고 케이쿠 진짜 맛있어요ㅎㅎ,"일시적인 오류가 발생했습니다
커피가 맛있어요",2024년 4월 23일 화요일,1번째 방문,영수증
에이프릴사워,"카페,디저트",,,,박콩순2,https://m.place.naver.com/my/602b3d313cd370c7a701d552/review?v=2,8,,,자두 너무 좋아해서 기대했는데 기대한만큼 맛있어서 넘 좋아요!! 가게 분위기도 따뜻해서 좋네요🩷,"일시적인 오류가 발생했습니다
인테리어가 멋져요",2024년 1월 25일 목요일,1번째 방문,영수증
에이프릴사워,"카페,디저트",,,,구독한미식가좋아요댓글알람,https://m.place.naver.com/my/5eb49d1b8f87a842bc6a6231/review?v=2,26,,,"우선 공릉 주민으러써 공릉에 새로운 카페 생겨서 좋아요 이런 모던하고 큰카페는 없었는데 너무 좋습니다 ! 시그니처 음료도 좋고 음료수도 여러가지입니다. 오후되니 사람이 바글하더라군요 
낮에 햇살까지 들어오면 테라스에서 먹어도 좋을것같네요 ~~~ 공릉 주민분들은 새카페 찾으시면 한번 와보길 ",,2023년 10월 21일 토요일,1번째 방문,영수증
에이프릴사워,"카페,디저트",,,,스텔라9,https://m.place.naver.com/my/5d9b0ebc8f87a842bc9ee309/review?v=2,11,,,"근처에서 저녁 먹고 가까워서 우연히 왔는데 단호박크림케이크 입에서 살살 녹고 많이 안 달아서 물리지도 않고  메론소다, 에이프릴 선셋티도 상큼해서 너무 많있었습니다😋",,2024년 2월 16일 금요일,1번째 방문,영수증
에이프릴사워,"카페,디저트",,,,esu****,https://m.place.naver.com/my/5eb751ff8f87a842bc840095/review?v=2,9,,,바나나 케이크가 너무 맛있어요👍🏻 너무 달지 않고 고소하면거 바나나 향이 가득해서 좋아요 견과류까지 박혀있어서 여러 맛을 느낄 수 있어요! 다음에 또 와서 먹고 싶은 맛이에여ㅠㅠ,,2024년 2월 6일 화요일,1번째 방문,영수증
에이프릴사워,"카페,디저트",,,,ㄴㅎ,https://m.place.naver.com/my/5dab0c448f87a842bc7d6899/review?v=2,17,,,공간이 너무 예버요 ~ 우드톤 조아하시는 분들한텐 취향저격일 것 같아요 메뉴판도 정갈하게 잘 돼있고 디저트 데코도 정말 귀여워요 음료도 맛있어요 라떼 맛집 ❄️❄️,,2023년 12월 21일 목요일,1번째 방문,영수증
에이프릴사워,"카페,디저트",,,,saelosy62,https://m.place.naver.com/my/5d4ccaa64ba2f16aff47272b/review?v=2,22,,,"인스타에서 보고 꼭 와보고 싶었던 카페인데 드디어 오게 됐어요! 카페 분위기도 너무 예쁘고, 특별한 메뉴들이 많아서 여러 번 오고 싶은 곳이예욤🍎🫶🏻","일시적인 오류가 발생했습니다
친절해요",2024년 2월 6일 화요일,1번째 방문,영수증
에이프릴사워,"카페,디저트",,,,neowidnfkeldkkx,https://m.place.naver.com/my/5b7bb5970a2826843f2cf884/review?v=2,19,1,,아늑하고 차분해서 좋아요 커피랑 디저트도 맛있어요!,"일시적인 오류가 발생했습니다
대화하기 좋아요",2024년 4월 16일 화요일,1번째 방문,영수증
에이프릴사워,"카페,디저트",,,,디어스69,https://m.place.naver.com/my/5c274e49660c695d7bcc4409/review?v=2,2,,,"걷다가 우연히 발견해서 들어온 곳인데 인테리어, 분위기가 너무 예뻐서 좋았어요 커피도 맛있고 펌킨 케이크도 넘 예쁘고 맛있어요🤍","일시적인 오류가 발생했습니다
커피가 맛있어요",2023년 12월 25일 월요일,1번째 방문,영수증
에이프릴사워,"카페,디저트",,,,뿌뿌빠빠,https://m.place.naver.com/my/5bef8c11b6dc4f2e2882804c/review?v=2,1217,,,카페가 따뜻한 분위기에 시그니쳐 음료들이 많아요 사장님이 친절해요~,"일시적인 오류가 발생했습니다
디저트가 맛있어요",2023년 12월 25일 월요일,1번째 방문,영수증
에이프릴사워,"카페,디저트",,,,꼼후,https://m.place.naver.com/my/5fdc8d6d87501c9805b38b7c/review?v=2,66,,,맛있고 예쁘고 ♥!! 단호박 케이크 기대했던 것보다 훨씬 맛있어요!! 자두 펄 그린티도 짱맛! 아메리카노도 두 종류 있어서 좋았습니당 ,"일시적인 오류가 발생했습니다
커피가 맛있어요",2023년 11월 15일 수요일,1번째 방문,영수증
에이프릴사워,"카페,디저트",,,,감동란79,https://m.place.naver.com/my/5b9b5e0c504c93021e85a971/review?v=2,2,,,새로 오픈했다고 해서 왔습니다. 창이 시원시원해서 좋습니다. 내부로 들어오면 힙한 하우스 음악과 포근한 분위기를 느낄 수 있습니다. 가을과 겨울에 더 오고싶은 분위기 입니다. 플랫화이트와 에이프릴 선셋티를 주문했는데 부드럽고 진한 초콜렛을 먹는 느낌입니다. 선셋티는 지친 하루를 기분좋은 새콤달콤함으로 위로해주는 맛입니다. 연인 혹은 친구와 방문하면 좋을 것 같습니다.,,2023년 10월 23일 월요일,1번째 방문,영수증
에이프릴사워,"카페,디저트",,,,호주웨하스,https://m.place.naver.com/my/5beffb789f453eb9a36ebc29/review?v=2,31,,,"집 근처에 산책하다가 새로운 카페를 발견해서 들어왔어요! 굉장히 깔끔하고 쾌적한거같구, 커피도 원두 탄맛없이 맛이 굉장히 잘 느껴져요! 디저트도 넘나리 취향저격입니다! 공릉에 깔끔하고 조용한 카페 찾으신다면 강추할께요!!! 커피와 디저트도 너무 맛있어요🤍",,2023년 9월 30일 토요일,1번째 방문,영수증
에이프릴사워,"카페,디저트",,,,Nickyy,https://m.place.naver.com/my/5dd35c598f87a842bcd1cac5/review?v=2,2,,,원래 커피를 안 마시는 편인데 커피가 너무 고소하고 맛있었어요!! 인테리어도 너무 깔끔하고 예뻐서 친구들이랑 인생샷 건져갑니다💓 사과모양 로고 배찌도 같이 파시는데 너무 귀여워서 색깔별로 사고 싶어요,,2023년 11월 26일 일요일,1번째 방문,결제내역
에이프릴사워,"카페,디저트",,,,어설퍼라,https://m.place.naver.com/my/5e4110cd8f87a842bcec77a7/review?v=2,198,9,,"공릉에 생긴지 얼마 안된것 같은데 분위기 아늑하니 좋네요 ~ 오랜만에 앤트러사이트 원두 나쓰메소세키 마시는데 플레이버가 너무 좋습니다:) 
",,2023년 11월 14일 화요일,1번째 방문,영수증
에이프릴사워,"카페,디저트",,,,하은5273,https://m.place.naver.com/my/5b9b91fc8b52284daa84b5d7/review?v=2,10,,,"단호박케이크랑 딸기라떼 맛있어요 !!~~
베스트 메뉴일만 하네요 
분위기도 넘 아늑하고 잠깐 쉬다 가기 넘 좋네요 
원목 가구가 따뜻한 느낌을 주고 여유를 주는것 같아요",,2024년 2월 3일 토요일,1번째 방문,영수증
에이프릴사워,"카페,디저트",,,,똥강아지맘17,https://m.place.naver.com/my/5e57cb108f87a842bc554694/review?v=2,23,,,"시그니처메뉴가 꽤 괜찮아요
빵도 너무 맛있구요
","일시적인 오류가 발생했습니다
커피가 맛있어요",2024년 2월 12일 월요일,1번째 방문,영수증
에이프릴사워,"카페,디저트",,,,Ojay,https://m.place.naver.com/my/5c4a53ae7f27c8d886caba11/review?v=2,75,2,,"친절해서 편하게 있다 갈 수 있다
커피도 맛있다","일시적인 오류가 발생했습니다
커피가 맛있어요",2023년 12월 10일 일요일,1번째 방문,영수증
에이프릴사워,"카페,디저트",,,,도쿠도쿠,https://m.place.naver.com/my/5f1497f09ec8258e4a119dda/review?v=2,34,,,"딸기라떼 너무맛있고 오션라떼도 너무예뻐요 ~~ 
","일시적인 오류가 발생했습니다
친절해요",2024년 2월 3일 토요일,1번째 방문,영수증
에이프릴사워,"카페,디저트",,,,050****,https://m.place.naver.com/my/5f21999c9ec8258e4ac12022/review?v=2,5,,,"크리스마스 가족들과 함께 방문했어요
깔끔하고 아늑한 분위기에 직원분도 친절하셔서
기분이 좋아지는 카페였어요
산미강한 라떼,자두펄그린티,딸기라떼
너무 맛있구요 디저트 케이크도 부드럽고 너무
맛있었어요
",,2023년 12월 25일 월요일,1번째 방문,결제내역
에이프릴사워,"카페,디저트",,,,윤줄리,https://m.place.naver.com/my/5d8c3e248f87a842bc41356d/review?v=2,470,,,다음에도 또 방문하고 싶습니다~~!,"일시적인 오류가 발생했습니다
커피가 맛있어요",2024년 2월 10일 토요일,1번째 방문,영수증
에이프릴사워,"카페,디저트",,,,Mnc123,https://m.place.naver.com/my/5cafd9d281ca1942549d3347/review?v=2,12,,,"카페가 아늑하고 이쁘고 좋아요!
자주올거같아요 :)","일시적인 오류가 발생했습니다
인테리어가 멋져요",2024년 1월 28일 일요일,1번째 방문,영수증
에이프릴사워,"카페,디저트",,,,모먹살,https://m.place.naver.com/my/5b9bd6317c78b4b2ac07cd62/review?v=2,409,36,, 지나가다가 깔끔해보여서 들어왔는데 커피도 디저트도 맛도리... 앤트러사이트 원두라 선택할수있는것두 좋아요 단호박케이크 진짜 단호박 때려넣으셨는지 많이 안달고 부드럽고 다해요🎃 매장도 깔끔하고 아늑합니당,,2023년 9월 21일 목요일,1번째 방문,영수증
에이프릴사워,"카페,디저트",,,,밍뗭,https://m.place.naver.com/my/5e1c7a6f8f87a842bc6f1239/review?v=2,20,,,카페가 너무 예쁘구 마스코트?도 너무 귀여워요!!! 화장실도 깨끗하구 디저트도 맛있어요ㅎㅎ😋,"일시적인 오류가 발생했습니다
커피가 맛있어요",2024년 1월 11일 목요일,1번째 방문,영수증
에이프릴사워,"카페,디저트",,,,minsuunn,https://m.place.naver.com/my/5d35518bf5b70790b3d6287b/review?v=2,31,,,분위기가 넘 좋고 커피랑 디저트 너무 맛있어여!!!!,"일시적인 오류가 발생했습니다
인테리어가 멋져요",2023년 12월 23일 토요일,1번째 방문,영수증
에이프릴사워,"카페,디저트",,,,라폴36,https://m.place.naver.com/my/5ef2f4f08f87a842bcdbfa60/review?v=2,23,,,"디저트도 맛잇고
커피도 너무 맛잇네요 :)","일시적인 오류가 발생했습니다
인테리어가 멋져요",2023년 12월 24일 일요일,1번째 방문,영수증
에이프릴사워,"카페,디저트",,,,now here,https://m.place.naver.com/my/5bf58a234f0bb11d58bdd3e6/review?v=2,60,,,음료도 디저트도 너무 달지 않고 맛있어요. 올 때마다 힐링하고 갑니다 :),"일시적인 오류가 발생했습니다
디저트가 맛있어요",2024년 2월 9일 금요일,2번째 방문,영수증
에이프릴사워,"카페,디저트",,,,냥선생캔따개,https://m.place.naver.com/my/5bf0d76a310cb10c65cb1d55/review?v=2,25,,,"통창 카페라서 은은하게 볕이 잘 들어와요!
하양하양하고 커튼 많아서 사진찍기 좋은거 같습니당
그리구 사과가 귀여워용..ㅎㅎ
조용해서 친구나 연인이랑 와서 소근소근 대화하기 좋을 것 같은 장소입니당 몽글몽글해요 ⌯'▾'⌯",,2023년 9월 26일 화요일,1번째 방문,영수증
에이프릴사워,"카페,디저트",,,,뿡구우,https://m.place.naver.com/my/5cf8f3a30c546267e3858597/review?v=2,98,,,"디저트가 맛있는 카페입니다!
단호박케이크 먹었는데 엄청 부드럽고 맛있었습니다.
라떼도 맛있어요~
",,2023년 11월 28일 화요일,1번째 방문,영수증
에이프릴사워,"카페,디저트",,,,박누지누지,https://m.place.naver.com/my/5d8054078f87a842bcff9e53/review?v=2,16,,,"처음 와봤는데 너무 인테리어가 깔끔하고 트리가 예뻐요
음료도 너무 맛있고 예쁘게 나유ㅏ용😗","일시적인 오류가 발생했습니다
매장이 청결해요",2024년 1월 13일 토요일,1번째 방문,영수증
에이프릴사워,"카페,디저트",,,,돈고래24,https://m.place.naver.com/my/5b670cc03d554ba152a8424d/review?v=2,2,,,"커피가 맛있고 내부 인테리어가 깔끔하고 좋아요
디저트도 맛있어 보여요 
다음에도 재방문 할거 같아요 ^^
번창하세요 ",,2024년 2월 10일 토요일,1번째 방문,영수증
에이프릴사워,"카페,디저트",,,,yunn72,https://m.place.naver.com/my/5f058d0982d9f26c95eebe58/review?v=2,6,,,크림색 실내에 나무 테이블 인테리어가 아늑하고 예뻐요🤍 커피 진하고 맛있어요!!🤎,"일시적인 오류가 발생했습니다
커피가 맛있어요",2024년 2월 10일 토요일,1번째 방문,영수증
에이프릴사워,"카페,디저트",,,,김수아44,https://m.place.naver.com/my/5d9ed72c8f87a842bcad0604/review?v=2,5,,,애플 크럼블 치즈케이크에 바닐라 아이스크림 추가했는데 애플파이 맛두 나고 맛있어요! 예쁜 음료도 많고 아메리카노는 산미와 고소를 원두로 선택할 수 있어서 좋았어요 ◡̈ ,,2023년 12월 12일 화요일,1번째 방문,영수증
에이프릴사워,"카페,디저트",,,,고하란,https://m.place.naver.com/my/5b962080ad6981d89a5b0f2a/review?v=2,36,10,,"차분하고 은은한 카페 분위기가 크리스마스랑 너무 잘 어울려서 대박 좋았어요..🫢💕
깔끔한 다크초코맛의 원두는 아메리카노의 정석이고 달달한메론소다는 시그니처인 이유를 딱 알겠지 모에요 달달 상콤하고 비주얼 댑박
디저트 맛집이라 들었는데 단호박 크림케이크 강력히 추천합니다!! 꼬숩고 달큰한 게 단호박 케잌이 이런 맛이라니ㅠㅠ 햄복해유
",,2023년 11월 15일 수요일,1번째 방문,영수증
에이프릴사워,"카페,디저트",,,,밍주26,https://m.place.naver.com/my/5d52e585743fc9b55a31dece/review?v=2,16,,,"자두펄그린티가 상큼하고 맛있었어용 따뜻하고 아늑하니 데이트하기 좋았어요,,🫶🏻","일시적인 오류가 발생했습니다
음료가 맛있어요",2024년 1월 13일 토요일,1번째 방문,영수증
에이프릴사워,"카페,디저트",,,,DEANTRBL,https://m.place.naver.com/my/5f04417a012fad32006d31de/review?v=2,130,,,"로고가 너무 귀여워요!!
인스타였나 어디서 봤는데 오고싶다고 생각하다가 이번에 오게됐어용 분위기 너무 좋아요 !!",,2024년 1월 5일 금요일,1번째 방문,영수증
에이프릴사워,"카페,디저트",,,,호박박,https://m.place.naver.com/my/5e3114918f87a842bcdd624a/review?v=2,9,,,음료가 이쁘고 맛도 있어요 카페 분위기도 아늑하고 좋아요,"일시적인 오류가 발생했습니다
커피가 맛있어요",2024년 1월 16일 화요일,1번째 방문,영수증
에이프릴사워,"카페,디저트",,,,김유진이다,https://m.place.naver.com/my/5f043850ee4be03dee263f50/review?v=2,14,,,"집 앞에 있는 너무 아늑한 카페라 자주 오고있습니다!
분위기도 좋고 밀크티라떼가 정말 맛있어요 ㅠㅠㅠ
디저트도 다 너무 최고에요..! 
공릉오면 꼭 와보세용",,2023년 12월 19일 화요일,2번째 방문,영수증
에이프릴사워,"카페,디저트",,,,Jijhg,https://m.place.naver.com/my/5d5533b68f87a842bcb8b419/review?v=2,27,2,,세번째 방문입니당 ♥ 밀크티 적당히 달고 맛있어용 ㅎㅎ 단호박케이크 잊지못해 재방문하고 포장해갑니당 체고체고 ㅎㅎ,"일시적인 오류가 발생했습니다
사진이 잘 나와요",2023년 11월 18일 토요일,2번째 방문,영수증
에이프릴사워,"카페,디저트",,,,중랑구47,https://m.place.naver.com/my/5e5f77688f87a842bc2fab48/review?v=2,16,,,오랜만에 친구와 여행얘기 할겸 동네 카페 찾아서 왔는데 커피도 맛있고 분위기도 너무 좋네요 추천합니다!,"일시적인 오류가 발생했습니다
커피가 맛있어요",2024년 1월 16일 화요일,1번째 방문,영수증
에이프릴사워,"카페,디저트",,,,냠냐릐채,https://m.place.naver.com/my/5b66a7f9a673562447245c94/review?v=2,19,,,음료가 다양하고 내부가 깨끗해서 조아요,,2024년 2월 15일 목요일,1번째 방문,영수증
에이프릴사워,"카페,디저트",,,,처언소정,https://m.place.naver.com/my/5d442dbb08dace697f97fffe/review?v=2,15,,,애인이랑 재방문해서 새로운 음료랑 디저트 주문해서 먹어봤는데 역시 다른 것도 맛있어요!,"일시적인 오류가 발생했습니다
인테리어가 멋져요",2024년 2월 4일 일요일,1번째 방문,영수증
에이프릴사워,"카페,디저트",,,,족장이,https://m.place.naver.com/my/5da49f948f87a842bcd8308a/review?v=2,306,17,,"공릉에 새로 생긴 에이프릴사워!
지나가다 밝고 분위기가 예뻐서 들렀는데
커피랑 음료 다 맛있고 특히 디저트가 정성 대박인 거 같아요 단호박 케이크 존맛탱,,,🫶🏻
커피랑 너무 잘 어울려요!
아 원두 고소 산미 중 고를 수 있어서 좋았어용 앤트러사이트 원두래요!
철길 한 블럭 안에 있어서 조용하구 분위기 넘 좋아요~ 친구랑 수다 잘 떨다 갑니당",,2023년 9월 14일 목요일,1번째 방문,영수증
에이프릴사워,"카페,디저트",,,,조성은12,https://m.place.naver.com/my/5f098deb9ec8258e4a7def7f/review?v=2,12,,,"너무 예쁘고 맛있어요!!!
딸기라떼가 귀엽고 달콤해요~","일시적인 오류가 발생했습니다
음료가 맛있어요",2024년 1월 11일 목요일,1번째 방문,영수증
에이프릴사워,"카페,디저트",,,,INFP같은ENFP,https://m.place.naver.com/my/5ec9fb538f87a842bc5e3d47/review?v=2,76,,,분위기 아늑하고 좋아요! 커피와 디저트도 넘모 맛있어요☺️,"일시적인 오류가 발생했습니다
인테리어가 멋져요",2024년 1월 20일 토요일,1번째 방문,영수증
에이프릴사워,"카페,디저트",,,,신새리53,https://m.place.naver.com/my/5cb6ebe64ac36a7834fae23b/review?v=2,13,,,외관이 눈에 띄어서 들어갔는데 들어오자마자 굉장히 아늑하고 깔끔해서 놀랐어요!! 세그니쳐 메뉴도 있어서 물어봣는데 친절하게 대답해주셔서 감사했습니다 :) 인테리어가 너무 제스타일이고 음악도 카페 분위기랑 너뮤 잘 맞아요!!,,2023년 10월 14일 토요일,1번째 방문,영수증
에이프릴사워,"카페,디저트",,,,ㄸㅋ11,https://m.place.naver.com/my/5e413bee8f87a842bc8694ea/review?v=2,6,,,카페 분위기 너무 좋아요 동네주민으로써 아주 자주 방문할듯합니당 커피맛도조아용🤞🏻,"일시적인 오류가 발생했습니다
커피가 맛있어요",2023년 12월 21일 목요일,1번째 방문,영수증
에이프릴사워,"카페,디저트",,,,인생은40부터9988,https://m.place.naver.com/my/5dedde408f87a842bc87d70c/review?v=2,935,8,,"넘나 예쁜곳이예요^^
디저트 안좋아하는1인인데, 먹을때마다 감탄했구요,😋
커피는 제가 안마신거라~다음에 다시 가서 먹을까해요~",,2023년 11월 3일 금요일,1번째 방문,결제내역
에이프릴사워,"카페,디저트",,,,고기63,https://m.place.naver.com/my/5fd9ce00ff36d65df15b45d3/review?v=2,32,1,,"분위기가 좋아용
친절하셔요","일시적인 오류가 발생했습니다
커피가 맛있어요",2023년 12월 21일 목요일,1번째 방문,영수증
에이프릴사워,"카페,디저트",,,,yoonseo0525,https://m.place.naver.com/my/6145ba77edc82600063a830f/review?v=2,1,,,"디저트도 맛있고 커피도 맛있고 좋네요!
직원도 친절하고 좋습니다!!
완전 추천합니다","일시적인 오류가 발생했습니다
커피가 맛있어요",2023년 12월 24일 일요일,1번째 방문,영수증
에이프릴사워,"카페,디저트",,,,안녕이야,https://m.place.naver.com/my/5c6552bb3deb1f09d3d17d41/review?v=2,24,,,공릉에 새로 생긴 카페 분웨기도 좋구 애플크럼블 치즈케이크 존맛탱 진짜 맛있음!!!! 에이플릴 선셋티도 달달한 사과맛이 아주 좋은 추천추천!!! ,"일시적인 오류가 발생했습니다
디저트가 맛있어요",2023년 11월 2일 목요일,1번째 방문,영수증
에이프릴사워,"카페,디저트",,,,박정선4043,https://m.place.naver.com/my/5fc8ed0a1f194d0dd018234d/review?v=2,1,,,카페 분위기도 넘 이쁘고 음료부터 디저트까지 너무 맛있어요🥺🩷,"일시적인 오류가 발생했습니다
커피가 맛있어요",2024년 1월 16일 화요일,1번째 방문,영수증
에이프릴사워,"카페,디저트",,,,tjs****,https://m.place.naver.com/my/5ebccad88f87a842bc20472a/review?v=2,34,,,차분하고 따뜻한 분위기라서 너무 좋아요! 음료도 종류가 많고 신기한 메뉴들 많아서 좋은거 같아요! 가까운데다음에 또 오려구용,"일시적인 오류가 발생했습니다
인테리어가 멋져요",2023년 12월 12일 화요일,1번째 방문,영수증
에이프릴사워,"카페,디저트",,,,wjs****,https://m.place.naver.com/my/60f4e2d7e382ca5c9e2e6870/review?v=2,4,,,디저트 차 다 맛있고 분위기 아늑하니 너무 좋아요! 자주 옵니당,"일시적인 오류가 발생했습니다
인테리어가 멋져요",2024년 2월 21일 수요일,2번째 방문,영수증
에이프릴사워,"카페,디저트",,,,Soo42,https://m.place.naver.com/my/5f05c248514f72d06ac8f44c/review?v=2,4,,,"평소에 좋아하는 인스타툰 작가님이 오픈하신 카페라고 해서 호다닥 다녀왔습니다!
조명과 인테리어 하나하나 신경쓰신 티가 나서 분위기가 좋았어요!
음료 메뉴도 개발하시고 빵도 직접 만드신거라 너무너무 맛있었어요 :)
다음에 또 방문 예정입니다!!
-소보루-",,2023년 9월 27일 수요일,1번째 방문,영수증
에이프릴사워,"카페,디저트",,,,프리페라37,https://m.place.naver.com/my/5ed506088f87a842bcfa6091/review?v=2,11,,,처음 방문했는데 우선 사장님이 너무너무 친절하시구 매장두 너무 깔끔하고 분위기가 너무 좋았어요!!! 디저트도 맛있다고 해서 단호박 디저트와 주문 해봤는데 그냥 맛있을거같은 느낌!!ㅎㅎㅎ  다음번에도 또 방문하고 싶은 매장 분위기와 사장님의 친절함 최고에요😀😀,,2023년 12월 9일 토요일,1번째 방문,영수증
에이프릴사워,"카페,디저트",,,,멍멍이 뚜뚜,https://m.place.naver.com/my/5eff9ff9de5d1e6a342b76af/review?v=2,12,,,"라떼에 항상 하트가 있습니다 귀여워용
커피도 맛있고 디저트도 맛있어요
맨날 쿠폰 까먹어서 쿠폰종이만 3개임..ㅎㅎ","일시적인 오류가 발생했습니다
커피가 맛있어요",2024년 1월 5일 금요일,2번째 방문,영수증
에이프릴사워,"카페,디저트",,,,성규빈29,https://m.place.naver.com/my/5f067f3a9127dcb4fc68c32e/review?v=2,13,,,단호박 크림케이크가 진짜진짜 맛있고 매장이 엄청 깨끗하고 예뻐요~~~❤️❤️❤️,"일시적인 오류가 발생했습니다
커피가 맛있어요",2023년 12월 13일 수요일,1번째 방문,영수증
에이프릴사워,"카페,디저트",,,,김유진이다,https://m.place.naver.com/my/5f043850ee4be03dee263f50/review?v=2,14,,,"매장에 들어왔을때 너무 아늑하고 커피향이 향긋하게 나서 기분이 좋았어요 :) 커피도 맛있고 원두 고를 수 있는 점도 좋았습니다! 
디저트도 달달하게 너무 맛나요 ㅠㅠ 동네에 이런곳이 생겨서 행복해요 자주올게요🫶🏻",,2023년 11월 12일 일요일,1번째 방문,영수증
에이프릴사워,"카페,디저트",,,,SR4327,https://m.place.naver.com/my/5dedbd768f87a842bcd192f4/review?v=2,13,,,커피가 고소해서 좋아요 분위기도 좋아요✨,"일시적인 오류가 발생했습니다
친절해요",2023년 12월 12일 화요일,1번째 방문,영수증
에이프릴사워,"카페,디저트",,,,eco****,https://m.place.naver.com/my/5c3a5d2ed7f24ed85faeab7d/review?v=2,1783,,,"공릉 신상 카페라길래 궁금해서 방문했어요~
깨끗하고 조용하고 따스한 분위기네요~
인테리어도 예쁘고 음료도 너무 맛있어요!
다음에 또 방문의사 200%입니다!!!^^",,2023년 12월 9일 토요일,1번째 방문,영수증
에이프릴사워,"카페,디저트",,,,통장이텅장으로,https://m.place.naver.com/my/5eff3fc3598cfed34e178bfb/review?v=2,57,3,,단호박크림케이크 맛집!!!!!,"일시적인 오류가 발생했습니다
디저트가 맛있어요",2024년 2월 17일 토요일,1번째 방문,영수증
에이프릴사워,"카페,디저트",,,,노승준,https://m.place.naver.com/my/5bbf05ba15e1bfb2d4090df7/review?v=2,7,,,"맛있어요~~ 집앞에 아늑하고 편안하게 가기 좋은 카펭예요
","일시적인 오류가 발생했습니다
대화하기 좋아요",2024년 2월 15일 목요일,1번째 방문,영수증
에이프릴사워,"카페,디저트",,,,hel****,https://m.place.naver.com/my/5efeea02ff821a0cd670bfeb/review?v=2,9,5,,산책 나왔다가 이뻐서 들어욌어요! 사장님이 친절하시고 커피맛도 좋고 애플 로고가 넘. 귀여워요 ㅎㅎ 원두는 2가지 맛중에 선택해서 할 수 있어요! 연지 얼마 안된 곳 같은데 나중에 또 오게 조금만 번성하세요~~👍😊💕,,2023년 10월 9일 월요일,1번째 방문,영수증
에이프릴사워,"카페,디저트",,,,염소4194,https://m.place.naver.com/my/5ce9f798a7d9079c8fcba80a/review?v=2,14,,,너무 예쁘고 아늑한 카페에요! 아인슈페너 진짜 맛있습니다!!!🥰❣️❣️ 대만족!!!:),"일시적인 오류가 발생했습니다
인테리어가 멋져요",2024년 1월 28일 일요일,1번째 방문,영수증
에이프릴사워,"카페,디저트",,,,난갱이다,https://m.place.naver.com/my/5db5a5678f87a842bc6ca92e/review?v=2,5,,,네이버 검색했을 때 떠서 봤었는데 길가다가 발견해서 냉큼 들어왔어요 ! 비주얼도 예쁘고 맛도 있으니 감성사진 찍으러 오쎄효 ~.~ 냠냠,"일시적인 오류가 발생했습니다
인테리어가 멋져요",2023년 12월 6일 수요일,1번째 방문,영수증
에이프릴사워,"카페,디저트",,,,bal****,https://m.place.naver.com/my/5f05c551514f72d06ac90474/review?v=2,5,,,인테리어도 너무 예쁘고 딸기라떼랑 커피 다 너무 맛있어요!,"일시적인 오류가 발생했습니다
커피가 맛있어요",2024년 2월 17일 토요일,1번째 방문,영수증
에이프릴사워,"카페,디저트",,,,220****,https://m.place.naver.com/my/5ec274fc8f87a842bc41a1f6/review?v=2,8,,,"어떻게 모든 메뉴가 다 맛있을 수가 있죠? 
아이랑 남편이랑 좋은시간 보냈어요🫶🏻","일시적인 오류가 발생했습니다
커피가 맛있어요",2024년 1월 27일 토요일,1번째 방문,영수증
에이프릴사워,"카페,디저트",,,,닐라리,https://m.place.naver.com/my/5b6d3033660ca00200155bf2/review?v=2,160,,,"오션라떼 맛있어요~ 이건 느낌있어요~
아인슈페너도 맛있어요~
디져트도 귯귯귯이예여^^
분위기도 좋아여~",,2023년 11월 8일 수요일,1번째 방문,영수증
에이프릴사워,"카페,디저트",,,,씨없는거봉22,https://m.place.naver.com/my/5d712dc08f87a842bcb4885d/review?v=2,30,1,,라떼 맛있고 분위기 예뻐요,"일시적인 오류가 발생했습니다
커피가 맛있어요",2024년 1월 9일 화요일,1번째 방문,영수증
에이프릴사워,"카페,디저트",,,,유용크,https://m.place.naver.com/my/5ef17f1f8f87a842bcb65590/review?v=2,157,1,,"너무 몽글몽글한 공간이었던 에이프릴사워! 화이트&우드의 차분함과 은은한 음악이 너무 좋았어요!
커피도 고소하니 맛있고 시그니처 메뉴들도 하나같이 다 예쁘더라고요 강추드립니다!",,2023년 12월 6일 수요일,1번째 방문,영수증
에이프릴사워,"카페,디저트",,,,새로미23,https://m.place.naver.com/my/5d20018b88e1fd898867fb37/review?v=2,4,,,"분위기좋았어요~~♡♡♡♡♡♡
","일시적인 오류가 발생했습니다
아늑해요",2024년 2월 16일 금요일,1번째 방문,영수증
에이프릴사워,"카페,디저트",,,,디기기,https://m.place.naver.com/my/5b8c9eae40685a47c5b2ffef/review?v=2,7,,,"매장이 깔끔하고 분위기 좋아요!
디저트랑 음료가 잘어울려서 맛있게 잘 먹었어요😋","일시적인 오류가 발생했습니다
친절해요",2024년 1월 26일 금요일,1번째 방문,영수증
에이프릴사워,"카페,디저트",,,,라라므데라르,https://m.place.naver.com/my/5dff460a8f87a842bcb1d9f5/review?v=2,19,1,,구황작물러버에 시나몬과 커피향을 좋아한다면 와보세요! 한국인의 디저트 최고찬사 - 달지않고 맛있어 소리가 절로 나옵니다ㅋㅋ 커피도 고소하고 맛있어요. 다른 음료도 예뻐서 한잔 더 마시려고 했는데 케잌 포만감이 커서 더 못먹는게 아쉽습니다. 가게가 집에서 2시간 거리라 왔을 때 많이 먹고 싶었는데 혼자선 무리;; 가게 아기자기 귀엽고 분위기도 좋아요. 단점은 자리가 좀 불편하다는 점? 카페는 맛과 예쁜게 더 중요해서 크게 신경쓰일 정도는 아녔어요. ,,2023년 10월 6일 금요일,1번째 방문,영수증
에이프릴사워,"카페,디저트",,,,누룽지6855,https://m.place.naver.com/my/5e3edc5f8f87a842bc96be5f/review?v=2,6,,,인테리어가 예쁘고 메뉴가 다양해서 좋아요,"일시적인 오류가 발생했습니다
커피가 맛있어요",2024년 2월 15일 목요일,1번째 방문,영수증
에이프릴사워,"카페,디저트",,,,dhl101628,https://m.place.naver.com/my/5f05af8367168be02275e62a/review?v=2,6,,,카페 인테리어가 너무 예뻐요! 그리고 무엇보다 사장님이 너무 친절하세요!! 다음에 또 올게요!!,"일시적인 오류가 발생했습니다
디저트가 맛있어요",2024년 1월 25일 목요일,1번째 방문,영수증
에이프릴사워,"카페,디저트",,,,똥글똥글19,https://m.place.naver.com/my/5cbf038c5113a491804b774f/review?v=2,26,,,"사장님 친절하시고 분위기가 차분하니 좋네요~^^
번창하세요~^^","일시적인 오류가 발생했습니다
커피가 맛있어요",2023년 12월 8일 금요일,1번째 방문,영수증
에이프릴사워,"카페,디저트",,,,joo****,https://m.place.naver.com/my/5f71b5926c3d7f733449a571/review?v=2,104,7,,티랑 딸기라떼도 맛있고 단호박 크림 케이크도 너무 맛있어요!!! 조용하고 아늑하니 좋네용 🩵,"일시적인 오류가 발생했습니다
커피가 맛있어요",2023년 10월 29일 일요일,1번째 방문,영수증
에이프릴사워,"카페,디저트",,,,TKbin,https://m.place.naver.com/my/5ed9b7ee8f87a842bce1cd2c/review?v=2,8,,,친절하게 음료에 맞춰 디저트도 추천해주셔서 감사했습니다❤️,"일시적인 오류가 발생했습니다
커피가 맛있어요",2024년 1월 13일 토요일,1번째 방문,영수증
에이프릴사워,"카페,디저트",,,,hyemin689,https://m.place.naver.com/my/5de072809ec8258e4a647e7b/review?v=2,9,,,요기 케이크가 진짜 맛도리예요 단호박 케이크 짱임미두 꼭 먹어보세요 👏🏻👏🏻👏🏻,"일시적인 오류가 발생했습니다
커피가 맛있어요",2024년 1월 24일 수요일,1번째 방문,영수증
에이프릴사워,"카페,디저트",,,,동그리동동21,https://m.place.naver.com/my/5ddd01459ec8258e4ad752c9/review?v=2,11,,,맛있고 분위기 좋아요!,"일시적인 오류가 발생했습니다
커피가 맛있어요",2024년 2월 10일 토요일,1번째 방문,영수증
에이프릴사워,"카페,디저트",,,,jmh****,https://m.place.naver.com/my/5cb1c6ca872a7ef2db4efb93/review?v=2,6,,,"인테레어가 깔끔하고 아늑한 분위기에요!
커피도 맛있어요!!","일시적인 오류가 발생했습니다
커피가 맛있어요",2024년 2월 10일 토요일,1번째 방문,영수증
에이프릴사워,"카페,디저트",,,,hjjjk,https://m.place.naver.com/my/612440dbb1412fde171838d6/review?v=2,62,,,직원분도 너무 친절하시고 조용하고 너무 좋아요! 다음에 또 올게요 커피도 맛있어요 ㅎ̤̫ㅎ̤̫,,2023년 12월 21일 목요일,1번째 방문,영수증
에이프릴사워,"카페,디저트",,,,jinnnee,https://m.place.naver.com/my/5efdd6a3854ca9293112a9a1/review?v=2,25,,,"에이프릴사워.. 이곳 커피 음료 디저트 하나도빠짐없이 모두 맛집이네요,,? 커피 쓴맛하나없이 다크초코찐한맛으로 고소하고 넘 맛나요
선셋티는 커피못먹는 친구가 넘넘맛있다해서 한입뺏먹어봤더니 상콤달달 최고!!! 디저트는 단호박러버로 제입맛취저입니다 💛 매장도 너무 깔끔하고 아늑해요 ˵ˊᯅˋ˵",,2023년 10월 31일 화요일,1번째 방문,영수증
에이프릴사워,"카페,디저트",,,,윤징2,https://m.place.naver.com/my/5f168c7d9ec8258e4a2e09c9/review?v=2,16,,,"카페 분위기가 너무 좋고 
음료도 너무 맛있었어요~!! ","일시적인 오류가 발생했습니다
인테리어가 멋져요",2024년 1월 18일 목요일,1번째 방문,영수증
에이프릴사워,"카페,디저트",,,,이현주461,https://m.place.naver.com/my/5dd02d1e8f87a842bc4b7acc/review?v=2,25,1,,"매장이 적당히 넓고 포근한 분위기라 좋아요 ㅎㅎ
혼자 오기에도 딱 조음!!","일시적인 오류가 발생했습니다
커피가 맛있어요",2024년 1월 7일 일요일,1번째 방문,영수증
에이프릴사워,"카페,디저트",,,,너구링17,https://m.place.naver.com/my/5cc2f8dd476452844965ac64/review?v=2,10,,,지나가다 들어왔는데 카페가 너무 깔끔하고 분위기가 좋아요!! 조용한 분위기에 대화하기도 좋았어요!! 음료랑 디저트도 너무 맛있어요!!,"일시적인 오류가 발생했습니다
인테리어가 멋져요",2024년 1월 5일 금요일,1번째 방문,영수증
에이프릴사워,"카페,디저트",,,,pn****,https://m.place.naver.com/my/5e3113568f87a842bcd58476/review?v=2,17,,,카페 분위기가 너무 좋아요!,"일시적인 오류가 발생했습니다
커피가 맛있어요",2023년 12월 31일 일요일,1번째 방문,영수증
에이프릴사워,"카페,디저트",,,,closetoyou,https://m.place.naver.com/my/5c9ed6ccd4c17e22fc8f4406/review?v=2,206,,,,"일시적인 오류가 발생했습니다
커피가 맛있어요",2024년 5월 11일 토요일,1번째 방문,영수증
에이프릴사워,"카페,디저트",,,,gre****,https://m.place.naver.com/my/5c77dfa2b36e671c68b9d22a/review?v=2,7,,,"공릉동 철길 옆 골목길에 위치한 분위기 좋은 카페
특별한 메뉴도 있어서 다시 오고 싶은 카페입니다","일시적인 오류가 발생했습니다
커피가 맛있어요",2024년 1월 27일 토요일,1번째 방문,영수증
에이프릴사워,"카페,디저트",,,,jh0****,https://m.place.naver.com/my/5ba0ccb0778df0d1c69c20e3/review?v=2,12,,,분위기도좋구 음료랑 디저트도맛있어용💗,"일시적인 오류가 발생했습니다
커피가 맛있어요",2024년 2월 12일 월요일,1번째 방문,영수증
에이프릴사워,"카페,디저트",,,,ne3698,https://m.place.naver.com/my/5df442c48f87a842bc18051a/review?v=2,27,3,,매장 인테리어도 깔끔하고 예뻐요! 음료도 너무 맛있어요!!,"일시적인 오류가 발생했습니다
음료가 맛있어요",2024년 1월 9일 화요일,1번째 방문,영수증
에이프릴사워,"카페,디저트",,,,모어베러,https://m.place.naver.com/my/5eb405d08f87a842bccfa939/review?v=2,313,,,"분위기가 좋고  디저트가 맛있어요
사장님도 친절하세요🥰","일시적인 오류가 발생했습니다
디저트가 맛있어요",2024년 1월 5일 금요일,1번째 방문,영수증
에이프릴사워,"카페,디저트",,,,do young do,https://m.place.naver.com/my/5ebb84e08f87a842bcfb6b05/review?v=2,25,,,"사장님이 너무 친절하시구 분위기가 너무 좋아요!!✨
오션라떼 JMT🫶🏻 다들 꼭 드세요","일시적인 오류가 발생했습니다
커피가 맛있어요",2023년 11월 7일 화요일,1번째 방문,영수증
에이프릴사워,"카페,디저트",,,,oshosm,https://m.place.naver.com/my/5f03c257ff2815a25f75f5b3/review?v=2,2,,,지나가는길에 예뻐서 방문 했는데 오션라떼 비쥬얼 진짜 너무 이쁘고 크럼블 치즈케이크도 너무 맛있습니다!! 자주올것같아요!!,"일시적인 오류가 발생했습니다
커피가 맛있어요",2023년 11월 21일 화요일,1번째 방문,영수증
에이프릴사워,"카페,디저트",,,,어텀래빗,https://m.place.naver.com/my/5c14cdf9649c6a3e8605263c/review?v=2,17,,,"아늑하고 깔끔한 분위기 너무 좋아요♡
커피랑 디저트도 굳굳!!","일시적인 오류가 발생했습니다
디저트가 맛있어요",2023년 11월 29일 수요일,1번째 방문,영수증
에이프릴사워,"카페,디저트",,,,now here,https://m.place.naver.com/my/5bf58a234f0bb11d58bdd3e6/review?v=2,60,,,"단호박 크림 케이크와 말차샷라떼가 많이 달지 않고 맛있어요 :) 분위기도 좋아서, 자주 방문하고 싶어요!","일시적인 오류가 발생했습니다
매장이 청결해요",2024년 1월 6일 토요일,1번째 방문,영수증
에이프릴사워,"카페,디저트",,,,nur****,https://m.place.naver.com/my/5de7ceb89ec8258e4a2a910c/review?v=2,17,,,"지나가다 분위기에 반해 방문했습니다
커피도 맛있고 사장님도 친절하세요😘😘😘","일시적인 오류가 발생했습니다
커피가 맛있어요",2023년 12월 8일 금요일,1번째 방문,영수증
에이프릴사워,"카페,디저트",,,,Jmie,https://m.place.naver.com/my/5efe6f16afcca6e20afd5ce6/review?v=2,23,,,음료가 다양하고 맛있어요! 디저트도 뭔가 색다르고 맛있습니당 :),"일시적인 오류가 발생했습니다
디저트가 맛있어요",2023년 11월 24일 금요일,1번째 방문,영수증
에이프릴사워,"카페,디저트",,,,z수지,https://m.place.naver.com/my/5bbc04046a40f9b1d51a40d2/review?v=2,13,,,공릉에 시끌벅적한 카페들 사이에 있는 조용하고 이쁜 카페 입니당 ~!,"일시적인 오류가 발생했습니다
커피가 맛있어요",2024년 2월 8일 목요일,1번째 방문,영수증
에이프릴사워,"카페,디저트",,,,하민파파332,https://m.place.naver.com/my/6001a7caf1964aeddb31c208/review?v=2,1,,,"커피 원두가 제가 좋아하는 볶은 견과 같은 고소함과 산미가 균형잡힌 '버터팻트리오', 그리고 과일의 향미를 느낄 수 있는 '나쓰메 소세키'를 씁니다~~ 좋은 원두를 쓰니 맛도 좋았습니다. 

공릉동 경춘선 숲길 산책 나올 때마다 
맛있는 커피 땡겨서 아무래도  자주 오게 될 것 같아요~ ^^


",,2023년 10월 13일 금요일,1번째 방문,영수증
에이프릴사워,"카페,디저트",,,,sol****,https://m.place.naver.com/my/624d22ab29367c2883c27182/review?v=2,3,,,"새로 오픈한 쁘띠쁘띠한 카페예요~
산미있는 커피를 별로 좋아하지 않는데
취향을 묻고 추천해 주셔서 선택했더니
고소한 맛도 느껴지며 너무 맛있네요~
음료도 맛있는데
단호박크림케이크는 완전 강추^^
단아한 모습의 사장님
대박나시길~~♡♡♡",,2023년 9월 23일 토요일,1번째 방문,영수증
에이프릴사워,"카페,디저트",,,,뚜뚜루뚜루뚜,https://m.place.naver.com/my/5ef3400a8f87a842bc25ced3/review?v=2,340,,,음료도 맛있는데 단호박 크림케이크 진짜 짱맛있아요ㅜㅜㅠㅜㅜ내 취향저격 입니다!!!!ㅜㅜㅜ,"일시적인 오류가 발생했습니다
매장이 청결해요",2024년 2월 7일 수요일,1번째 방문,영수증
에이프릴사워,"카페,디저트",,,,jir****,https://m.place.naver.com/my/5b7d5cc6bbb44184175dee4d/review?v=2,5,,,음료가 너무 예쁘고 맛있어요! 사장님도 친절하세요❤️,"일시적인 오류가 발생했습니다
친절해요",2024년 2월 4일 일요일,1번째 방문,영수증
에이프릴사워,"카페,디저트",,,,콩지지지지,https://m.place.naver.com/my/5eb050b98f87a842bc515fba/review?v=2,3,,,분위기가 좋고 조용해서 얘기하기 좋아요☺️,"일시적인 오류가 발생했습니다
인테리어가 멋져요",2023년 12월 31일 일요일,1번째 방문,영수증
에이프릴사워,"카페,디저트",,,,100년묵은뱀술,https://m.place.naver.com/my/5d446e1bf17267f5e217d221/review?v=2,47,,,"사장님 정말 친절하시구 애플 크럼블 치즈케잌, 음료 다 맛있어요!!!🫶🫶","일시적인 오류가 발생했습니다
음료가 맛있어요",2023년 11월 18일 토요일,1번째 방문,영수증
에이프릴사워,"카페,디저트",,,,na2412,https://m.place.naver.com/my/5d8f6a2c8f87a842bc442e7a/review?v=2,27,,,"처음 와본곳인데 아늑하고 편한 분위기라 좋네요 커피도 맛있어요^^
","일시적인 오류가 발생했습니다
인테리어가 멋져요",2024년 2월 3일 토요일,1번째 방문,영수증
에이프릴사워,"카페,디저트",,,,정은주36,https://m.place.naver.com/my/5bd29dd821ab1a179d752fee/review?v=2,17,,,아늑하고 크리스마스 느낌 뿜뿜이에요! 낮에 와도 사진 잘 찍힐 거 같습니다 ㅎㅎ ,"일시적인 오류가 발생했습니다
디저트가 맛있어요",2023년 12월 20일 수요일,1번째 방문,영수증
에이프릴사워,"카페,디저트",,,,강또롱,https://m.place.naver.com/my/5d6e652a8f87a842bcb4d447/review?v=2,322,15,,"카페 너무 예뻐요
아늑하고 대화하기 넘 좋음

선셋티도 상콤달달하니 굿굿🤍
",,2023년 10월 31일 화요일,1번째 방문,영수증
에이프릴사워,"카페,디저트",,,,채영2410,https://m.place.naver.com/my/5e4f743c8f87a842bc11f7be/review?v=2,224,7,,카페 아기자기하고 예뻐용 케이크도 맛있습니댜 번창하세요❤️,"일시적인 오류가 발생했습니다
커피가 맛있어요",2023년 12월 28일 목요일,1번째 방문,영수증
에이프릴사워,"카페,디저트",,,,멜로우단99,https://m.place.naver.com/my/5c4a3dba91ed0f2e53ca5841/review?v=2,16,,,커피도 케이크도맛있네요~,"일시적인 오류가 발생했습니다
커피가 맛있어요",2024년 2월 3일 토요일,1번째 방문,영수증
에이프릴사워,"카페,디저트",,,,세으니32,https://m.place.naver.com/my/5f06d73ed6ec8fd5cc9bccc4/review?v=2,5,,,"우선 카페가 예쁘고 아늑합니다.
커피와 디저트 종류가 많고 맛있어요!!
자주 방문할거 같습니다~","일시적인 오류가 발생했습니다
커피가 맛있어요",2024년 1월 13일 토요일,1번째 방문,영수증
에이프릴사워,"카페,디저트",,,,kkk****,https://m.place.naver.com/my/6364e118a7b1630006841b5a/review?v=2,7,,,"매장이 이뻐요.
커피는 두종류라 취향에 맞춰고를수있고
밀크티 맛있어요~~^^","일시적인 오류가 발생했습니다
인테리어가 멋져요",2024년 1월 13일 토요일,1번째 방문,영수증
에이프릴사워,"카페,디저트",,,,ssu7117,https://m.place.naver.com/my/5d5da1ea8f87a842bc566ee7/review?v=2,10,,,사장님이 너무 친절하시고(^~^*) 매장도 깔끔하고 화장실도 깨끗하고 좋아요🐳 커피도 맛있어요☕️ ,"일시적인 오류가 발생했습니다
커피가 맛있어요",2023년 11월 30일 목요일,1번째 방문,영수증
에이프릴사워,"카페,디저트",,,,RS47,https://m.place.naver.com/my/5e1d93918f87a842bcb2192b/review?v=2,3,1,,"지나다니면서 오 여기 새로 생겼다! 라고 생각했었던 카펜데, 엄마랑 퇴근후에 드디어 방문 했습니다ㅎㅎ 블로그 리뷰에서 유명한 브랜드의 블랜딩 원두 중 하나인 쏘세키를 사용한다고 봐서, 먹어보고 싶었던 원두였는데 왠만한 로스터리 카페 핸드드립 뺨치는 맛이어서 행복했습니다! 호박디저트도 많이 안 달고 커피랑 잘 어울려서 좋았어요. 음료 쿠폰도 챙겨주셔서 종종 방문할 것 같아요! 이 자리에 그동안 있던 카페들 많이 사라졌던데, 여기는 오래 있으면 좋겠습니다ㅎㅎ",,2023년 11월 21일 화요일,1번째 방문,영수증
에이프릴사워,"카페,디저트",,,,별2576,https://m.place.naver.com/my/5c4ebcfa5282de1fa540f6b9/review?v=2,35,,,"디저트가 달지 않고 아주 담백해요!
사과 베이스 음료들이 상큼하게 맛있어서 좋아요
포근하고 따뜻한 분위기라 다시 오고 싶어요🫶🏻","일시적인 오류가 발생했습니다
디저트가 맛있어요",2023년 11월 22일 수요일,1번째 방문,영수증
에이프릴사워,"카페,디저트",,,,wjs****,https://m.place.naver.com/my/60f4e2d7e382ca5c9e2e6870/review?v=2,4,,,귀엽고 아늑한 분위기에서 노래도 너무 잔잔하니 좋아용🥰,"일시적인 오류가 발생했습니다
커피가 맛있어요",2024년 2월 2일 금요일,1번째 방문,영수증
에이프릴사워,"카페,디저트",,,,와구젤린,https://m.place.naver.com/my/5efe6269606a2110cc3191a9/review?v=2,15,,,디저트 셋 다 취향저격입니다ㅜ 아이스크림이랑 크럼블이랑 치즈케이크 조합 최고예요 넘 맛있어요...,"일시적인 오류가 발생했습니다
매장이 청결해요",2024년 1월 12일 금요일,1번째 방문,영수증
에이프릴사워,"카페,디저트",,,,복숭아크리스마스,https://m.place.naver.com/my/5e1dd5888f87a842bc800c9f/review?v=2,74,,,"대화하기 좋은 분위기고 음료도 맛있습니다~!
","일시적인 오류가 발생했습니다
대화하기 좋아요",2023년 12월 30일 토요일,1번째 방문,결제내역
에이프릴사워,"카페,디저트",,,,증슈빈주아,https://m.place.naver.com/my/5ed3bfd68f87a842bc46ea4b/review?v=2,32,,,너무맛있고 리뷰서비스로 주신 마들렌도 진짜 맛있어요♡,"일시적인 오류가 발생했습니다
커피가 맛있어요",2023년 12월 15일 금요일,2번째 방문,영수증
에이프릴사워,"카페,디저트",,,,diwl1210,https://m.place.naver.com/my/5c62a27ec04664354e9c2156/review?v=2,9,,,"라떼도 맛있고 애플크럼블도 맛있는데 단호박케이크가 진짜 엄청 맛있어요
적당히 달고 꾸덕하고 단호박무스? 퓨레? 그런게 잔뜩 들어있음
집 근처라 가오픈때 한번 들렀다가 오늘 두번째 방문인데 케익 먹으러 종종 올듯합니다",,2023년 9월 28일 목요일,2번째 방문,영수증
에이프릴사워,"카페,디저트",,,,3X99,https://m.place.naver.com/my/5b9df3de09a50fe08cf1a68c/review?v=2,9,,,음료가 예뻐요 ☺️,"일시적인 오류가 발생했습니다
커피가 맛있어요",2024년 1월 25일 목요일,1번째 방문,영수증
에이프릴사워,"카페,디저트",,,,mj21cokr,https://m.place.naver.com/my/5c2c3ed2ceef5719966179d8/review?v=2,91,,,카페가 아담하고 예뻐요^^,"일시적인 오류가 발생했습니다
아늑해요",2023년 12월 25일 월요일,1번째 방문,영수증
에이프릴사워,"카페,디저트",,,,seul30,https://m.place.naver.com/my/5c8007db8a883c33deb7cd8c/review?v=2,15,1,,분위기 좋고 아늑하네요🥰 자주 방문할 것 같은 곳입니다💗  공리단길 카페 조아요,"일시적인 오류가 발생했습니다
커피가 맛있어요",2023년 11월 4일 토요일,1번째 방문,영수증
에이프릴사워,"카페,디저트",,,,희희5611,https://m.place.naver.com/my/5e3001808f87a842bcca28b5/review?v=2,16,,,인테리어 조명과 외관부터 너무 귀엽고 디저트도 귀엽고 쿠폰종이까지 귀여운 카페에요!! 그리고 자두펄그린티 넘 맛있어서 담에 이거 먹으러 또 올거에옹ㅎㅎ ,,2023년 10월 20일 금요일,1번째 방문,영수증
에이프릴사워,"카페,디저트",,,,세연2,https://m.place.naver.com/my/5f05df98a2a8ca9c2336ba16/review?v=2,275,,,맛있어요 크리스마스 뷴위기 낭낭 케이크 진짜맛잇느니까 재방문 ★ ★ ★ ★ ★  시그니처메뉴도 있어서 카페에 더 오고 싶을 거같아요.,"일시적인 오류가 발생했습니다
커피가 맛있어요",2023년 12월 19일 화요일,1번째 방문,영수증
에이프릴사워,"카페,디저트",,,,NamuM,https://m.place.naver.com/my/5b6c0baf3869d8577dd59aaf/review?v=2,11,,,"분위기 좋고! 커피가 맛있어요. 원듀도 고를수 있고-모둔게 깔끔하니 좋네요‘ㅡ’
","일시적인 오류가 발생했습니다
커피가 맛있어요",2023년 11월 21일 화요일,1번째 방문,영수증
에이프릴사워,"카페,디저트",,,,ubi****,https://m.place.naver.com/my/5c873e07710d4d3e09dece7d/review?v=2,15,,,아늑하고 이야기 나누기 좋은 카페에요 ! 🤍,"일시적인 오류가 발생했습니다
화장실이 깨끗해요",2023년 11월 23일 목요일,1번째 방문,영수증
에이프릴사워,"카페,디저트",,,,꿀꿀배구팡,https://m.place.naver.com/my/5ba8cd1e4a156ecae4ddbbd6/review?v=2,63,,,인테리어도 예쁘고 넘 맛있어요🩷,"일시적인 오류가 발생했습니다
커피가 맛있어요",2023년 12월 25일 월요일,1번째 방문,영수증
에이프릴사워,"카페,디저트",,,,rua79790,https://m.place.naver.com/my/5ece45e38f87a842bc830223/review?v=2,19,,,"분위기가 엄청 좋고 음료도 맛있어요!
크리스마스 분위기 낭낭해여~~
데이트하기 좋아요!","일시적인 오류가 발생했습니다
가성비가 좋아요",2023년 12월 15일 금요일,1번째 방문,영수증
에이프릴사워,"카페,디저트",,,,10월29,https://m.place.naver.com/my/5c469b46943f5c6bfd5c5f73/review?v=2,13,,,커피가 맛있고 케이크가 진짜 맛있어요!! 다시 오고 싶습니당,"일시적인 오류가 발생했습니다
커피가 맛있어요",2024년 1월 6일 토요일,1번째 방문,영수증
에이프릴사워,"카페,디저트",,,,whatever2v,https://m.place.naver.com/my/5b72b9639c4002b5471bf59e/review?v=2,179,,,"비오는 날에 들려 라떼 먹었습니다.
맛있어요. 새로 생겨서  궁금한 곳이었는데
데 추천합니다. 아늑한 분위기에요!
내부에 화장실 있어요.",,2023년 11월 16일 목요일,1번째 방문,영수증
에이프릴사워,"카페,디저트",,,,wlgml7997,https://m.place.naver.com/my/5c6179fdb63cd9f954f4dd24/review?v=2,18,,,"단호박 크림케이크!! 다른 곳에서는 맛볼 수 없는 맛이예요~! 너무 맛있어요🫶🏻
아포가토랑 자두펄 그린티 먹었는데! 커피향 너무 좋고 자두펄그린티 깔끔하고 맛있어요~
또 오고싶은 맛💕",,2023년 11월 7일 화요일,1번째 방문,영수증
에이프릴사워,"카페,디저트",,,,아아아6129,https://m.place.naver.com/my/5e4e28858f87a842bc12dfc9/review?v=2,3,,,"여기 좋아요!!!! 친구가 추천해준 카페!!!!!!!
데이트 잘~~~하고 가용!!! 음료가 예뻐용 같이 먹는 사람은 더 예뻐용 ","일시적인 오류가 발생했습니다
커피가 맛있어요",2024년 1월 10일 수요일,1번째 방문,영수증
에이프릴사워,"카페,디저트",,,,shi****,https://m.place.naver.com/my/5d097e337461929d664a9361/review?v=2,157,11,,"인테리어 심플하고 깔끔해요~
디저트 위주는 아니고 커피나,음료 중점으로 하는 매장 같아요~
커피랑 음료 맛이 좋아서 다시 방문해보려고 쿠폰받음ㅋ",,2023년 11월 15일 수요일,1번째 방문,영수증
에이프릴사워,"카페,디저트",,,,부농이888,https://m.place.naver.com/my/5d6c83058f87a842bc3f0b5d/review?v=2,17,,,"분위기도 넘 아늑하고 예쁩니당 !!
음료도 넘 맛있어요 !!! 바나나브레드도 존맛탱!! 
단골예약입니당🩷🩷 
",,2024년 1월 5일 금요일,1번째 방문,영수증
에이프릴사워,"카페,디저트",,,,은븡,https://m.place.naver.com/my/5dd0b39d8f87a842bc5c218d/review?v=2,14,,,"조용하고 따뜻한 분위기의 카페입니다 !
메론소다 마셨는데 엄청 맛있어용 🫶🏻","일시적인 오류가 발생했습니다
디저트가 맛있어요",2023년 12월 23일 토요일,1번째 방문,영수증
에이프릴사워,"카페,디저트",,,,dlr****,https://m.place.naver.com/my/5c2b040a501d9b68070f8325/review?v=2,23,,,"너무맛있어서 자주오는곳입니다~
매장도깨끗하고 분위기도좋아요~","일시적인 오류가 발생했습니다
친절해요",2023년 11월 7일 화요일,2번째 방문,영수증
에이프릴사워,"카페,디저트",,,,푸우3755,https://m.place.naver.com/my/5d743d308f87a842bc9bc6cd/review?v=2,75,2,,따뜻한 분위기에 다양한 음료가 있어서 좋아요! 아늑하고 대화하기에도 좋은 분위기입니다 ㅎㅎ 특히 케이크 종류가 특이하고 맛도 있네용,"일시적인 오류가 발생했습니다
디저트가 맛있어요",2023년 11월 14일 화요일,1번째 방문,영수증
에이프릴사워,"카페,디저트",,,,오렌시아,https://m.place.naver.com/my/5cc238d854d58dcac6b5d9b0/review?v=2,20,,,"인테리어가 깔끔하니 넘 이쁘네요~~
화장실도 엄청 깨끗!! 예뻐서 놀랬어요
커피도 종류 선택할수있어서 좋아요","일시적인 오류가 발생했습니다
커피가 맛있어요",2024년 1월 4일 목요일,1번째 방문,영수증
에이프릴사워,"카페,디저트",,,,DE6116,https://m.place.naver.com/my/5bf747601eb84e6819f5ad06/review?v=2,343,7,,카페 아늑하고 공간도 너무 예뻐요 음료 디저트 다 맛있습니다 강추합니다 번창하세요💕,"일시적인 오류가 발생했습니다
커피가 맛있어요",2024년 1월 7일 일요일,1번째 방문,영수증
에이프릴사워,"카페,디저트",,,,레룰,https://m.place.naver.com/my/5e0be1328f87a842bca713ff/review?v=2,137,8,,"오 여기 좋아요 ㅎㅎ 이름도 제스타일인데 사과로 브랜딩해 놓은게 쏙 마음에 들어요! 안에 테이블도 여러 구성으로 되어 있어서 혼자 오나 둘이 오나 앉을 자리편하게 찾을 수 있어요. 테이블 배치도 거리 꽤 확보되서 부담스럽지 않게 앉을 수 있어서, 편히 수다 떨다 갑니다 :)",,2023년 10월 9일 월요일,1번째 방문,영수증
에이프릴사워,"카페,디저트",,,,Chloe끌,https://m.place.naver.com/my/5cc8f7dd6476ee1ea6fc147b/review?v=2,112,,,아늑한 분위기가 너무 좋았어요 :),"일시적인 오류가 발생했습니다
인테리어가 멋져요",2024년 1월 6일 토요일,1번째 방문,영수증
에이프릴사워,"카페,디저트",,,,윤갱이갱이,https://m.place.naver.com/my/5d13a604c9c25e0cf6a74732/review?v=2,50,2,,아니 재방문인데 화이트펄 들어간 음료도 너무 맛있고.. 단호박 케이크가 진짜 미친맛입니다.. (대박칭찬..) 진짜 진 ㅉ ㅏ 맛있어요!!! 제발 드십시오..🥹❣️❣️❣️❣️,,2023년 9월 24일 일요일,2번째 방문,영수증
에이프릴사워,"카페,디저트",,,,Kwin00,https://m.place.naver.com/my/5c2f4082044ab05691965eb5/review?v=2,10,,,"카페가 아기자기하면서 예뻐요.
음료도 맛있네용","일시적인 오류가 발생했습니다
인테리어가 멋져요",2024년 1월 20일 토요일,1번째 방문,영수증
에이프릴사워,"카페,디저트",,,,김예지2579,https://m.place.naver.com/my/5c4d5a6c2be3cc0afcad9f96/review?v=2,11,,,음료가 맛있어요. 메뉴도 다양하고 디저트도 좋네요. 코지하고 깔끔한 무드 좋아하면 추천합니다!! ,"일시적인 오류가 발생했습니다
음료가 맛있어요",2023년 12월 25일 월요일,1번째 방문,영수증
에이프릴사워,"카페,디저트",,,,tmd****,https://m.place.naver.com/my/5c8e213b245d68aaacd4f406/review?v=2,722,9,,동생이 딸기라떼도 되게 정말 맛있다고 하더라구요~~ 애플치즈크럼블도 너무 달지 않아서 좋았어요~!! 분위기도 좋구~ 사장님도 친절하셔서 좋아요 ㅎㅎ,"일시적인 오류가 발생했습니다
커피가 맛있어요",2023년 11월 11일 토요일,1번째 방문,영수증
에이프릴사워,"카페,디저트",,,,은가비93,https://m.place.naver.com/my/5ec0ea1b8f87a842bc2b4e6d/review?v=2,26,,,"아기자기한 굿즈들이 많은 귀엽고 아늑한 카페에요!
디저트도 맛있고 음료도 특이하고 맛있어요!~
","일시적인 오류가 발생했습니다
커피가 맛있어요",2023년 10월 24일 화요일,1번째 방문,영수증
에이프릴사워,"카페,디저트",,,,진비721,https://m.place.naver.com/my/61d9df2404927f37ae0f23d4/review?v=2,12,1,,밀크티라떼가 엄청 진하고 맛있어요🥰메론소다는 처음 먹어보는데 나중에 여기서 또 먹고싶어요! 홀도 이쁘고 선곡도 너무 좋아용~,"일시적인 오류가 발생했습니다
인테리어가 멋져요",2023년 12월 1일 금요일,1번째 방문,영수증
에이프릴사워,"카페,디저트",,,,yopp57,https://m.place.naver.com/my/5efec117493ad9a9a0ec2983/review?v=2,607,,,"딱히 친절하지도 불친절하지도 않는 
후기 좋아서 기대했지만 맛 그저그랬어용 ㅜ",,2024년 1월 11일 목요일,1번째 방문,결제내역
에이프릴사워,"카페,디저트",,,,곰손생님,https://m.place.naver.com/my/5e0e037c8f87a842bc5bff68/review?v=2,34,,,여기 예쁘고 맛있고 다해요!! 가격이 비싼가 싶지만 사실 공릉동 카페거리는 비슷비슷~,"일시적인 오류가 발생했습니다
커피가 맛있어요",2023년 10월 28일 토요일,4번째 방문,영수증
에이프릴사워,"카페,디저트",,,,youuu0117,https://m.place.naver.com/my/5cff1ab26aeaa0309c9c2724/review?v=2,16,,,분위기가 좋고 맛있어요 🤍,"일시적인 오류가 발생했습니다
커피가 맛있어요",2023년 12월 21일 목요일,1번째 방문,영수증
에이프릴사워,"카페,디저트",,,,윤갱이갱이,https://m.place.naver.com/my/5d13a604c9c25e0cf6a74732/review?v=2,50,2,,"예쁘고 디저트도 너무 너무 맛있어요🥹💕💕
제발ㄹ 에플크럼블이랑 메론소다 제발제발제발 드셔주세요 퀄리티 넘 대박이고.. 맛있게 달아요.. (매우중요) 디저트 덕후가 추천합니다... 제발 드세요..",,2023년 9월 22일 금요일,1번째 방문,영수증
에이프릴사워,"카페,디저트",,,,이주디88,https://m.place.naver.com/my/5d53a050b7fb2211868d2791/review?v=2,5,,,"너무 이뻐요 오션라떼 ㅜㅜ 
말차샷라때도 맛있구 눈오는날 오니까 뷰도 낭만있고 좋네요",,2023년 12월 30일 토요일,1번째 방문,영수증
에이프릴사워,"카페,디저트",,,,맛난과자조아,https://m.place.naver.com/my/5e18313d8f87a842bcf27573/review?v=2,23,,,커피 맛있어용,"일시적인 오류가 발생했습니다
커피가 맛있어요",2024년 2월 21일 수요일,1번째 방문,영수증
에이프릴사워,"카페,디저트",,,,두부랑구름이,https://m.place.naver.com/my/5e1440e58f87a842bc6cc0e6/review?v=2,51,,,"세상 귀여운 카페😆
조용하고 아늑해요!
단호박 크림케이크 드셔보셔용
커피랑 딱!!!!!!!",,2023년 11월 1일 수요일,1번째 방문,영수증
에이프릴사워,"카페,디저트",,,,맛집탐방가00000,https://m.place.naver.com/my/5e1c3b358f87a842bc92db1b/review?v=2,468,2,,"자두 맛이 은은하니 맛있는 자두 펄 그린티!
매장도 깔끔하고 아늑해서 좋아요 :) 햇빛도 잘 들어오고 분위기 좋은 카페입니당","일시적인 오류가 발생했습니다
음료가 맛있어요",2023년 10월 16일 월요일,1번째 방문,영수증
에이프릴사워,"카페,디저트",,,,HappyM,https://m.place.naver.com/my/5d8af2868f87a842bc3c54fe/review?v=2,3,,,"바닐라라떼 맛있는데 은근 없는데 은근한 맛으로 맛있네요
바닐라라떼 맛집인정🩷","일시적인 오류가 발생했습니다
커피가 맛있어요",2023년 12월 29일 금요일,1번째 방문,영수증
에이프릴사워,"카페,디저트",,,,윤앤부,https://m.place.naver.com/my/5b9b2d8452f2c63dfc127e69/review?v=2,1530,64,,"새로 생긴듯한 깔끔한 카페 
조용하고 분위기 좋고 커피도 맛있고 친절해요","일시적인 오류가 발생했습니다
인테리어가 멋져요",2023년 10월 29일 일요일,1번째 방문,영수증
에이프릴사워,"카페,디저트",,,,우쥬님,https://m.place.naver.com/my/5e32c7818f87a842bcc5ec46/review?v=2,465,,,길가다 들렸는데 엄청 조용하고 분위기 너무 좋아요!! 😄😄😄,"일시적인 오류가 발생했습니다
아늑해요",2023년 12월 16일 토요일,1번째 방문,영수증
에이프릴사워,"카페,디저트",,,,jhb****,https://m.place.naver.com/my/61468e2d82fc750007087364/review?v=2,1,,,,,2024년 4월 16일 화요일,1번째 방문,영수증
에이프릴사워,"카페,디저트",,,,햇빛향기69,https://m.place.naver.com/my/5d1c01cae02b18130837df92/review?v=2,40,,,생긴지 얼마 안된 카페라 궁금해서 들어와봤는데 원두선택이 가능한 점도 좋고 커피도 맛있어요.화장실이 실내에 있는 점도 좋은데 엄청 관리가 잘 되어있어서 자주오고 싶은곳입니다.,,2023년 11월 7일 화요일,1번째 방문,결제내역
에이프릴사워,"카페,디저트",,,,mendy20,https://m.place.naver.com/my/5efddabf15c4bcd430585038/review?v=2,34,,,"분위기도 너무 좋고 음료 디저트도 이쁘고 맛있어요~
매장 직원분들도 너무 친절해요!!
공릉에서 카페를 찾으신다면 꼭 들러보길 추천하고 싶은 곳 입니다",,2023년 10월 7일 토요일,1번째 방문,영수증
에이프릴사워,"카페,디저트",,,,히63,https://m.place.naver.com/my/5f0463850b8c7a1cdb6f6896/review?v=2,5,,,새로 오픈한 곳이라길래 친구랑 방문했는데 인테리어도 깔끔하고 이야기하기 좋았어요~ 특히 메론소다가 너무 맛있었어요 치즈케이크도 애플크럼블이라 더 상큼달달했어요 💗❤️‍🔥 다음에도 친구 데리고 오고 싶어요~🫶🏻,,2023년 9월 22일 금요일,1번째 방문,영수증
에이프릴사워,"카페,디저트",,,,gks****,https://m.place.naver.com/my/5c0a5fc942678e4ba38f5443/review?v=2,33,,,"처음 와보는 카페!
분위기 따뜻하고 공간도 편안하면서
친절한 사장님이 맞아주세요🥰
음료도 맛은 물론 비쥬얼도...👏👏
또 올거예요🫶",,2023년 11월 18일 토요일,1번째 방문,영수증
에이프릴사워,"카페,디저트",,,,서현4028,https://m.place.naver.com/my/5c734d955c27148d444a9132/review?v=2,9,,,"음료가 맛있어요! 인테리어도 좋고, 대화하기도 좋네요.
","일시적인 오류가 발생했습니다
인테리어가 멋져요",2024년 1월 7일 일요일,2번째 방문,영수증
에이프릴사워,"카페,디저트",,,,dbw****,https://m.place.naver.com/my/5c4062af804e4876af4ec7b6/review?v=2,26,,,분위기가 너무 좋아요ㅠㅠ 조곤조곤 얘기하기 딱 좋은 카페입니다🩷🩷,"일시적인 오류가 발생했습니다
매장이 청결해요",2023년 12월 19일 화요일,1번째 방문,영수증
에이프릴사워,"카페,디저트",,,,예림5366,https://m.place.naver.com/my/5e7ee5138f87a842bc977188/review?v=2,68,,,"커피와 음료 다맛있어요 무엇보다 디저트 맛집 ㅠㅠ
카페 분위기도 아늑해서 좋았어요 :)","일시적인 오류가 발생했습니다
커피가 맛있어요",2023년 11월 24일 금요일,1번째 방문,영수증
에이프릴사워,"카페,디저트",,,,Minimj,https://m.place.naver.com/my/5e1de1b88f87a842bcbed3d4/review?v=2,18,1,,케이크 짱 맛있어요 커피도 향이 넘 좋아요 메뉴 다 먹어보고 싶어요,"일시적인 오류가 발생했습니다
커피가 맛있어요",2024년 1월 1일 월요일,1번째 방문,영수증
에이프릴사워,"카페,디저트",,,,신데렐라가못자면모짜렐라,https://m.place.naver.com/my/5e9d46c68f87a842bc045ee5/review?v=2,10,,,"분위기도 예쁘고 조용하구 좋아요ㅎㅎ
엄청 깔끔하고 사진도 잘나옵니당 츄천❤️❤️","일시적인 오류가 발생했습니다
커피가 맛있어요",2023년 12월 27일 수요일,1번째 방문,영수증
에이프릴사워,"카페,디저트",,,,우치킨,https://m.place.naver.com/my/5e1d1dda8f87a842bc3f7e75/review?v=2,18,,,"너무 이쁘고 디저트랑 음료 커피가 넘 맛있어요!!
","일시적인 오류가 발생했습니다
커피가 맛있어요",2023년 12월 22일 금요일,1번째 방문,영수증
에이프릴사워,"카페,디저트",,,,말랑쵸,https://m.place.naver.com/my/5db77c588f87a842bc8f3fcb/review?v=2,32,,,"단호박 처돌이인데 동네 호박 싹 털어넣은 맛이예요 꾸덕, 촉촉, 보들보들 맛있어요!! 단호박 디저트 퍽퍽한게 많은데 여긴 완전 촉촉해요 추천해주신 음료도 ㅇㅑ미ദിˉ͈̀꒳ˉ͈́✧ 가게 조명이랑 플레이팅도 예뻐서 사진찍는 재미도 좋아요! 울집 앞이면 맨날 올텐데ㅠㅠ 사과뱃지도 귀여워서 바로 가방에 달았어요 평일 낮에 오니까 조용하고 편해요 담에 또 들릴게요♥",,2023년 9월 21일 목요일,1번째 방문,영수증
에이프릴사워,"카페,디저트",,,,코난러브,https://m.place.naver.com/my/5ea4cfab8f87a842bc770afa/review?v=2,329,3,,좌석은 불편하지만 아늑하고 딸기라떼랑 음료가 맛있어요!,,2023년 12월 19일 화요일,1번째 방문,영수증
에이프릴사워,"카페,디저트",,,,pic****,https://m.place.naver.com/my/6144170bd2666d3b764e1158/review?v=2,37,,,분위기 너무 좋고 음료너무 맛이ㅛ어용!!,"일시적인 오류가 발생했습니다
커피가 맛있어요",2023년 12월 14일 목요일,1번째 방문,영수증
에이프릴사워,"카페,디저트",,,,최선화42,https://m.place.naver.com/my/5ed5f1c88f87a842bc227454/review?v=2,6,,,매장이 너무 예쁘고 커피 맛있어요!,"일시적인 오류가 발생했습니다
커피가 맛있어요",2024년 1월 16일 화요일,1번째 방문,영수증
에이프릴사워,"카페,디저트",,,,가을노래47,https://m.place.naver.com/my/5bf40a4cdc7295854e49a555/review?v=2,19,,,"원목과 베이지의 부드러운 조합
분위기 너무좋아요
음료도 맛있습니다
와이프가 항상 재미있게 보고 있답니다",,2023년 10월 13일 금요일,1번째 방문,영수증
에이프릴사워,"카페,디저트",,,,쟁쟁밍,https://m.place.naver.com/my/5f38e23ca602e98f56cc6cfc/review?v=2,101,,,"음료도 너무 예쁘고 넘 맛있어용 
디저트도 너무 달지도 않아서 야무지게 먹었답니다 

아메리카노도 진짜진짜 맛있어요
 산미있는거랑 없는거 취향에 따라 선택 할 수 있어 좋았습니다 !",,2023년 11월 5일 일요일,1번째 방문,영수증
에이프릴사워,"카페,디저트",,,,Rhodo,https://m.place.naver.com/my/5b952e7d0816144298759746/review?v=2,275,,,지나가다가 가게가 예뻐서 뒤돌아와서 들어왔어요. ㅋㅋ 애플 크럼블 치즈케이크에 아이스크림 추가하면 정말 맛있어요. 아메리카노와 궁합도 훌륭합니다. ,"일시적인 오류가 발생했습니다
디저트가 맛있어요",2023년 11월 4일 토요일,1번째 방문,영수증
에이프릴사워,"카페,디저트",,,,냐옹이에,https://m.place.naver.com/my/5eb8f9018f87a842bc073097/review?v=2,13,,,"매장이 예쁘고 맛이 좋아요:) 
💗
졸업식 날 재밌게 놀다 가요","일시적인 오류가 발생했습니다
커피가 맛있어요",2024년 2월 16일 금요일,1번째 방문,영수증
에이프릴사워,"카페,디저트",,,,감사하자63,https://m.place.naver.com/my/5f063a379127dcb4fc653151/review?v=2,8,,,"커피 진짜 진짜  넘 맛있어요 

다음에 또 방문할께요^^

",,2024년 1월 11일 목요일,1번째 방문,영수증
에이프릴사워,"카페,디저트",,,,rldbsdk,https://m.place.naver.com/my/5efdca3ac8819e06c65f1906/review?v=2,8,,,분위기 좋고 깔끔해서 맘에들어요! 원두를 선택할 수 있다는 점도 좋네요!,"일시적인 오류가 발생했습니다
커피가 맛있어요",2024년 1월 11일 목요일,1번째 방문,영수증
에이프릴사워,"카페,디저트",,,,vb****,https://m.place.naver.com/my/5b6e43d50908944cf334e30f/review?v=2,11,,," 분위기도 너무 좋고 커피도 맛잇어요
","일시적인 오류가 발생했습니다
커피가 맛있어요",2023년 12월 7일 목요일,1번째 방문,영수증
에이프릴사워,"카페,디저트",,,,Sarah Park34,https://m.place.naver.com/my/5f0442ade9d94998c6cc8db5/review?v=2,8,,,"못 먹어본 음료가 많아서 재방문한 카페ㅎㅎ 이번엔 커피 도전. 커피 원두가 두 종류가 있었다. 산미 약한 것, 강한 것 있음. 바나나브레드까지 두번째 케이크도 성공적이라서 결국 애플크럼블 치즈케이크 포장ㅋㅋㅋ 햇살이 잘 드는 창가 자리에서 조용히 아침 시간 보내기에 잔잔했던 공간. 또또 방문의사 있음!",,2023년 10월 26일 목요일,2번째 방문,영수증
에이프릴사워,"카페,디저트",,,,minipoopoo,https://m.place.naver.com/my/5eff97e9d012f64a72319b44/review?v=2,5,,,"대화하기 편하고 음료랑 디저트가 맛있어요!
메론샤워 맛있어요 ㅋㅋ 아이스크림이랑 섞어먹으니 더 부드러워요 ㅎㅎ
컵도 너무 예뻐서 ㅎㅎ 못참고 구매했네요 ㅠㅠ
",,2023년 10월 14일 토요일,1번째 방문,영수증
에이프릴사워,"카페,디저트",,,,스리134,https://m.place.naver.com/my/5d62c7618f87a842bc326314/review?v=2,100,11,,고소한 원두 끝맛이 살짝 산미가 있지만 거슬리지 않을 정도고 사장님도 친절하시고 커피도 넘 맛있어요!!,"일시적인 오류가 발생했습니다
커피가 맛있어요",2023년 11월 26일 일요일,2번째 방문,결제내역
에이프릴사워,"카페,디저트",,,,moonlitsea,https://m.place.naver.com/my/5f45e026a602e98f5606a234/review?v=2,14,,,분위기가 좋고 맛있어요🥰,"일시적인 오류가 발생했습니다
커피가 맛있어요",2024년 2월 15일 목요일,1번째 방문,영수증
에이프릴사워,"카페,디저트",,,,제니682,https://m.place.naver.com/my/630480069ae68c0006156a47/review?v=2,2,,,우연히 들른 동네 카페인데 분위기도 좋고 커피도 맛나요,"일시적인 오류가 발생했습니다
커피가 맛있어요",2023년 12월 12일 화요일,1번째 방문,영수증
에이프릴사워,"카페,디저트",,,,juy****,https://m.place.naver.com/my/61f67aa099f7ae4d1cb2f4e0/review?v=2,3,,,음료가 맛있고 분위기가 좋아요,"일시적인 오류가 발생했습니다
커피가 맛있어요",2024년 1월 13일 토요일,1번째 방문,영수증
에이프릴사워,"카페,디저트",,,,윤지124,https://m.place.naver.com/my/60bca2407640631361a588a5/review?v=2,13,,,음료가 정말 맛있고 분위기가 정말 좋네요!!,"일시적인 오류가 발생했습니다
커피가 맛있어요",2024년 2월 12일 월요일,1번째 방문,영수증
에이프릴사워,"카페,디저트",,,,스리134,https://m.place.naver.com/my/5d62c7618f87a842bc326314/review?v=2,100,11,,"존맛탱 개미쳤어요
분위기 좋고 음료랑 디저트 진짜 맛있었어요
에이프릴 선셋티 완전 취향저격이라 이거랑 단호박 케이크랑 애플 크럼블 케이크 먹으러 갈 것 같아요~~
또 방문할게요!!",,2023년 9월 14일 목요일,1번째 방문,영수증
에이프릴사워,"카페,디저트",,,,꼬닥잉,https://m.place.naver.com/my/5b8126773a1e5c7112fb50b0/review?v=2,24,,,트리도 이쁘고 조용하고 따뜻해서 조아용🙂🎄☃️,"일시적인 오류가 발생했습니다
인테리어가 멋져요",2023년 12월 10일 일요일,1번째 방문,영수증
에이프릴사워,"카페,디저트",,,,오렌지9574,https://m.place.naver.com/my/5eff7cfede5d1e6a342afb6a/review?v=2,16,,,"라떼맛집♥
다른 음료도 마시러 와야겠어요
사장님도 너무너무 친설하시고 분위기도 귀여워요!
",,2023년 11월 4일 토요일,1번째 방문,영수증
에이프릴사워,"카페,디저트",,,,csb6536,https://m.place.naver.com/my/5dcecc3f8f87a842bcc7cce8/review?v=2,28,,,음료도 맛나보이는거 많고 아늑하니 분위기 좋아요!!,"일시적인 오류가 발생했습니다
커피가 맛있어요",2023년 10월 26일 목요일,1번째 방문,영수증
에이프릴사워,"카페,디저트",,,,hoo981,https://m.place.naver.com/my/61ac6b859cacdf76184137e8/review?v=2,8,,,"공릉역 선선한 가을날씨와 함께 카페거리를 걷던중 깔끔하고 아늑해보이는 카페가 보여 들어와봤는데, 계절에 맞는 단호박 케잌과 산뜻한 산미의 아메리카노가 매우 인상적이었습니다. 친절한 남자직원분 너무귀엽고 고마웠습니다.",,2023년 10월 29일 일요일,1번째 방문,영수증
에이프릴사워,"카페,디저트",,,,서현4028,https://m.place.naver.com/my/5c734d955c27148d444a9132/review?v=2,9,,,녹차라떼를 좋아해서 어디서든 먹어보는데 근래 먹은 녹차라떼중에 제일 맛있슴니다 ..! 나무 책상과 의자도 매우매우 예뻐여🥹🥹 길가다가 예쁜곳 골라서 걍 들어온건데 맘에 들어서 자주 올 것 같슴니다 👍🏻👍🏻🍂🍂 조용하고 차분한 것도 매우 좋아유😚,,2023년 10월 29일 일요일,1번째 방문,영수증
에이프릴사워,"카페,디저트",,,,66l****,https://m.place.naver.com/my/5efff2179e49b68aa6bdc6dd/review?v=2,19,,,너무 예쁜카페에요 분위기도 좋고 사진찍기도 좋고 예뻐요 ,"일시적인 오류가 발생했습니다
디저트가 맛있어요",2023년 12월 12일 화요일,1번째 방문,영수증
에이프릴사워,"카페,디저트",,,,돗쥐,https://m.place.naver.com/my/5e2fa2e98f87a842bc102e18/review?v=2,4,,,처음 와보는데 애플크럼블 너무 맛있어요. ㅎㅎ 얼그레이도 맛있습니당ㅎ,"일시적인 오류가 발생했습니다
커피가 맛있어요",2023년 11월 28일 화요일,1번째 방문,영수증
에이프릴사워,"카페,디저트",,,,hm91,https://m.place.naver.com/my/5be378a00cceb3c6d26e97fa/review?v=2,9,,,나만 알고싶은카페!!,"일시적인 오류가 발생했습니다
아늑해요",2024년 2월 12일 월요일,1번째 방문,영수증
에이프릴사워,"카페,디저트",,,,뿜뿜뿜뿜쓰,https://m.place.naver.com/my/5c072d94523042f5f08f2b31/review?v=2,16,,,매장이 깔끔하고 예뻐요.  커피도 맛있어요. 크리스마스 분위기 나고 좋네요 :),"일시적인 오류가 발생했습니다
커피가 맛있어요",2023년 11월 15일 수요일,1번째 방문,영수증
에이프릴사워,"카페,디저트",,,,융지21,https://m.place.naver.com/my/5e47ec9a8f87a842bc1e4548/review?v=2,11,,,맛있고 분위기가 넘 좋아요! 추천합니다,"일시적인 오류가 발생했습니다
커피가 맛있어요",2024년 1월 5일 금요일,1번째 방문,영수증
에이프릴사워,"카페,디저트",,,,gpd****,https://m.place.naver.com/my/5dc896168f87a842bc59b1b5/review?v=2,9,,,너무 맛있고 분위기도 좋아요!!,"일시적인 오류가 발생했습니다
커피가 맛있어요",2023년 11월 26일 일요일,1번째 방문,영수증
에이프릴사워,"카페,디저트",,,,peace9510,https://m.place.naver.com/my/5f1677d69ec8258e4acef551/review?v=2,14,1,,"바닐라 라떼 진하고 달달한게 짱맛있어요!!
굿즈도 넘 귀여워서 소비욕구 뿜뿜 🥹
분위기 잔잔해서 좋은데 얼른 더 알려졌으면 좋겠어요 🩵",,2023년 9월 21일 목요일,1번째 방문,영수증
에이프릴사워,"카페,디저트",,,,쩡이4745,https://m.place.naver.com/my/5c847710f499c12dd69a2e41/review?v=2,224,,,커피맛이 맛있고 분위기 이뻐요,"일시적인 오류가 발생했습니다
매장이 청결해요",2023년 10월 28일 토요일,1번째 방문,영수증
에이프릴사워,"카페,디저트",,,,kus****,https://m.place.naver.com/my/60a36ff0ada842155b24f3a3/review?v=2,17,,,맛있어요 :),"일시적인 오류가 발생했습니다
커피가 맛있어요",2024년 4월 26일 금요일,1번째 방문,영수증
에이프릴사워,"카페,디저트",,,,뿌꾸빰43,https://m.place.naver.com/my/5e60b0d88f87a842bcd66dba/review?v=2,9,,,음료도 디저트도 너무 맛있어요!!! 다음에 또 오고 싶어요 💗 ,"일시적인 오류가 발생했습니다
디저트가 맛있어요",2024년 1월 4일 목요일,1번째 방문,영수증
에이프릴사워,"카페,디저트",,,,공백5245,https://m.place.naver.com/my/5d90b3228f87a842bcdcfcb1/review?v=2,34,,,예쁘고 깔끔한 디자인의 카페예요🤍 크리스마스 분위기 물씬 나는 트리도 예뻐요~,"일시적인 오류가 발생했습니다
디저트가 맛있어요",2023년 12월 10일 일요일,1번째 방문,영수증
에이프릴사워,"카페,디저트",,,,제비꽃8061,https://m.place.naver.com/my/5f488698a602e98f56ff7842/review?v=2,1342,,,"인테리어와 테이블과 의자 하나하나가 심플하고 따뜻한 감성의 디저트 카페.단호박크림 케이크도
부드럽고 진한 맛이 풍성하고  시그니처 음료인 에이프릴 선셋티도 너무 과하지않고 은은하게 달달하며 상큼하니 맛있네요.커피도 바디감도
맛도 산뜻하고 좋아 또 가고 싶네요.에이프릴 사워 이름처럼 사랑스러운 카페.",,2023년 9월 22일 금요일,1번째 방문,영수증
에이프릴사워,"카페,디저트",,,,04712272,https://m.place.naver.com/my/5cf38117f7518ef51f095bae/review?v=2,14,,,음료가 맛있고 인테리어도 예쁘고 대화하기 좋은 아늑한 카페입니당,"일시적인 오류가 발생했습니다
인테리어가 멋져요",2024년 1월 7일 일요일,1번째 방문,영수증
에이프릴사워,"카페,디저트",,,,박초은94,https://m.place.naver.com/my/5c5d7a8d26bca851a0092f93/review?v=2,11,,,남편이 추워죽겠는데도 억지로 끌고나와서 힘들었지만 추위를 이기고 오기 잘했다싶을 정도로 존맛탱💕💕💕,"일시적인 오류가 발생했습니다
커피가 맛있어요",2023년 11월 12일 일요일,1번째 방문,영수증
에이프릴사워,"카페,디저트",,,,ber****,https://m.place.naver.com/my/5eb9dbf18f87a842bc8fbc41/review?v=2,53,4,,너무예뻐요♡♡♡♡ 커피도 디저트도 맛있고 노래도좋아요 ㅠㅠㅠㅠ ,"일시적인 오류가 발생했습니다
친절해요",2023년 12월 12일 화요일,1번째 방문,영수증
에이프릴사워,"카페,디저트",,,,20바지,https://m.place.naver.com/my/5efdcbff041be3dc257add8f/review?v=2,9,,,"너무 맛있어요~분위기가 너무 예쁘고 음료도 예뻐요
보기좋은게 맛도좋다♡","일시적인 오류가 발생했습니다
커피가 맛있어요",2023년 12월 16일 토요일,1번째 방문,영수증
에이프릴사워,"카페,디저트",,,,sndidksi123,https://m.place.naver.com/my/5be02b9172c773ecd1d180bf/review?v=2,33,,,커피도 맛있고 디저트도 너무 맛있어요!!분위기도 따뜻해서 좋아요 다음에 또 올게요~~,"일시적인 오류가 발생했습니다
커피가 맛있어요",2023년 12월 16일 토요일,1번째 방문,영수증
에이프릴사워,"카페,디저트",,,,ali****,https://m.place.naver.com/my/5d09aafc752ee059d696a270/review?v=2,43,,,"따뜻한 분위기의 카페입니다~
디저트들도 신기하고 맛있네여~","일시적인 오류가 발생했습니다
인테리어가 멋져요",2023년 12월 8일 금요일,1번째 방문,영수증
에이프릴사워,"카페,디저트",,,,뽀포히79,https://m.place.naver.com/my/5efee42aa7f1cdd89fef21eb/review?v=2,7,,,"까페 분위기가 아늑하니 넘 좋아요
음료도 맛있어요^^","일시적인 오류가 발생했습니다
친절해요",2023년 11월 23일 목요일,1번째 방문,영수증
에이프릴사워,"카페,디저트",,,,seduw,https://m.place.naver.com/my/5d42bf1e68bcd5e9b8020236/review?v=2,8,,,아늑해보여서 방문했는데 음악도 잔잔하고 분위기가 좋아용💖,"일시적인 오류가 발생했습니다
아늑해요",2024년 1월 5일 금요일,1번째 방문,영수증
에이프릴사워,"카페,디저트",,,,재이70,https://m.place.naver.com/my/5ca567541344d630fa40e7ad/review?v=2,3,,,매장 분위기도 너무 아늑하고 커피도 맛있어요!! 위에 크림두 짱이에여.. 추천해요🥹🥹🤎🥹,"일시적인 오류가 발생했습니다
인테리어가 멋져요",2023년 12월 15일 금요일,1번째 방문,영수증
에이프릴사워,"카페,디저트",,,,소나무7477,https://m.place.naver.com/my/5e4667d88f87a842bce3ae5f/review?v=2,12,,,"새로 생겨서 왔는데.... 진짜 너무 이쁘도 친절하셔서 1차로 놀랐고, 로고도 너무 귀엽고 굿즈도 귀여운데!!!!!!!
아니 너무 맛있고 음료도 이쁘고 맛있고 ㅠㅠㅠㅠㅠㅠㅠㅠ 너무 행복해요 ㅠㅠㅠㅠ🩷🍎🍏🩵",,2023년 10월 10일 화요일,1번째 방문,영수증
에이프릴사워,"카페,디저트",,,,jim****,https://m.place.naver.com/my/60f7ddff591237c3e3adbbb7/review?v=2,114,,,맛있어요😀😀,"일시적인 오류가 발생했습니다
커피가 맛있어요",2024년 1월 5일 금요일,1번째 방문,영수증
에이프릴사워,"카페,디저트",,,,ssy****,https://m.place.naver.com/my/615342d34f4bb2f03c81d84c/review?v=2,316,,,"히히히 사장님께서 크림도 많이 주시공
카페 인테리어도 깔끔하고 메론소다가 특히 넘 맛나요❤️ 노래도 좋은 곡만 나오네요 ~~~🫶🏻",,2023년 10월 24일 화요일,1번째 방문,영수증
에이프릴사워,"카페,디저트",,,,햇빛향기69,https://m.place.naver.com/my/5d1c01cae02b18130837df92/review?v=2,40,,,공릉동의 새로운 커피맛집인정~벌써 이번 달3번째 방문인데 음료도 맛나고 친구들과 함께 오고싶은 곳입니다.,"일시적인 오류가 발생했습니다
친절해요",2023년 11월 9일 목요일,2번째 방문,결제내역
에이프릴사워,"카페,디저트",,,,gid****,https://m.place.naver.com/my/5efee72bff821a0cd670bb16/review?v=2,13,,,동네에 이렇게 인테리어 이쁜 카페가 있는줄 몰랐네요 ㅎㅎ 커피도 맛있고 사장님도 친절하셔서 좋아요!! 다음에 또 방문해야겠어요,"일시적인 오류가 발생했습니다
인테리어가 멋져요",2023년 9월 28일 목요일,1번째 방문,영수증
에이프릴사워,"카페,디저트",,,,ju2843,https://m.place.naver.com/my/6002bc0b98d300edd0ad4422/review?v=2,18,1,,"커피 존맛탱!!! 두번째방문하는데 넘 맛있어용!! 단호박케이크 진짜 체고👍👍👍 으른들도 좋아할만한 달콤함이에요 ㅎㅎ 너무달지않은..!! 으르신들께 방문용으로도 최고입니당 ㅎㅎ 
글고 커피 원두 뭔지 모르겠는데 존맛탱..",,2023년 9월 24일 일요일,1번째 방문,영수증
에이프릴사워,"카페,디저트",,,,buf****,https://m.place.naver.com/my/5e0bfa8e8f87a842bc28717b/review?v=2,66,,,"매번 방문할 때 마다 음료도 맛있고, 
 너무 친절하게 대해주셔서 기분좋게 방문했습니다
(리뷰 적으면 주시는 마들렌도 너무 맛있어요👍)","일시적인 오류가 발생했습니다
커피가 맛있어요",2023년 12월 13일 수요일,4번째 방문,영수증
에이프릴사워,"카페,디저트",,,,ninakiki,https://m.place.naver.com/my/5f052e67318e0aaa8992afa2/review?v=2,14,,,공간이 너어무 예쁘고 아늑해요... 테이블이랑 의자부터 컵 소품 다 예뻐서 힐링되어요 +.+ 다음엔 바나나 브레드 먹어보러 또 올래요,"일시적인 오류가 발생했습니다
친절해요",2023년 11월 11일 토요일,1번째 방문,영수증
에이프릴사워,"카페,디저트",,,,govl46,https://m.place.naver.com/my/5ed8fa988f87a842bc51ee33/review?v=2,12,,,공간 분위기도 좋고 음료랑 디저트가 정말 맛있어요! 오늘 처음 와봤는데 앞으로 종종 올 거 같습니다~!,"일시적인 오류가 발생했습니다
인테리어가 멋져요",2023년 12월 16일 토요일,1번째 방문,영수증
에이프릴사워,"카페,디저트",,,,mo****,https://m.place.naver.com/my/5faa3853e7c121fee2175ab7/review?v=2,1,,,라떼아트도 이쁘고 메론소다도 맛있어요!:) ,"일시적인 오류가 발생했습니다
인테리어가 멋져요",2024년 1월 1일 월요일,1번째 방문,영수증
에이프릴사워,"카페,디저트",,,,rla****,https://m.place.naver.com/my/5dd5266b8f87a842bc6b1e63/review?v=2,8,,,사장님 너무 친절하시고 카페 분위기 조용하고 너무 좋아요 !!,"일시적인 오류가 발생했습니다
인테리어가 멋져요",2024년 1월 1일 월요일,1번째 방문,영수증
에이프릴사워,"카페,디저트",,,,갱링,https://m.place.naver.com/my/5c7014f4881e096a6ce12e39/review?v=2,5,,,사장님이 맛있고 커피가 친절해요 🤍,"일시적인 오류가 발생했습니다
대화하기 좋아요",2024년 1월 1일 월요일,1번째 방문,영수증
에이프릴사워,"카페,디저트",,,,하안수움,https://m.place.naver.com/my/5ba38765ea00c9e4cc0efce4/review?v=2,12,,,독특한 메뉴가 있어서 와봤어요! 먹고 싶던 케이크는 아쉽게 솔드아웃이어서 다른 거 시켰는데 단호박크림케이크도 엄청 부드럽고 맛있어요!!,"일시적인 오류가 발생했습니다
특별한 메뉴가 있어요",2024년 2월 15일 목요일,1번째 방문,영수증
에이프릴사워,"카페,디저트",,,,로이군70,https://m.place.naver.com/my/5bbb203082a6be136ff071f1/review?v=2,7,,,"맛있고 분위기 너무 좋아요 
아늑한 느낌에 편안해집니다
","일시적인 오류가 발생했습니다
인테리어가 멋져요",2023년 11월 14일 화요일,1번째 방문,영수증
에이프릴사워,"카페,디저트",,,,너구리겨드랑이,https://m.place.naver.com/my/5f18f4e19ec8258e4a55d115/review?v=2,24,,,크리스마스 분위기가 너무 따뜻해요! 음료도 맛있어요,"일시적인 오류가 발생했습니다
커피가 맛있어요",2023년 12월 15일 금요일,1번째 방문,영수증
에이프릴사워,"카페,디저트",,,,김영현21,https://m.place.naver.com/my/5f056966d55dbc0b18089422/review?v=2,4,,,"인테리어 깔끔하고 예뻐요
음료도 맛있습니다!!🤤","일시적인 오류가 발생했습니다
인테리어가 멋져요",2023년 12월 31일 일요일,1번째 방문,영수증
에이프릴사워,"카페,디저트",,,,유9431,https://m.place.naver.com/my/5e0f18658f87a842bcbeb76b/review?v=2,7,,,"항상 디저트가 맛있고 커피도 맛있어요~~조용해서 대화할때 좋아요! 아늑한 분위기때문에 자꾸 찾게 되네요!
자주 오고 싶어요!",,2023년 11월 22일 수요일,1번째 방문,영수증
에이프릴사워,"카페,디저트",,,,ekudj121,https://m.place.naver.com/my/5c1a50dd3a3c1b39e0229394/review?v=2,9,,,근처에 약속이 있는데 시간이 남아서 혼자 방문해서 커피한잔의 여유를 즐기다 갑니다~^^크리스마스분위기 물씬 나네요~,"일시적인 오류가 발생했습니다
커피가 맛있어요",2023년 12월 14일 목요일,1번째 방문,영수증
에이프릴사워,"카페,디저트",,,,쮸43,https://m.place.naver.com/my/5b7adc316275e35b6f1b361b/review?v=2,77,1,,시그니쳐 음료 맛있어요!,"일시적인 오류가 발생했습니다
음료가 맛있어요",2023년 12월 22일 금요일,2번째 방문,영수증
에이프릴사워,"카페,디저트",,,,리릴ㄹ룰,https://m.place.naver.com/my/5c4ddb5a4bb2d9877d4e8dc1/review?v=2,7,,,책읽기좋아요!,"일시적인 오류가 발생했습니다
인테리어가 멋져요",2024년 1월 31일 수요일,1번째 방문,영수증
에이프릴사워,"카페,디저트",,,,Jijhg,https://m.place.naver.com/my/5d5533b68f87a842bcb8b419/review?v=2,27,2,,"너무 예쁘고 분위기 좋은 카페예요 ♥
커피 못 마시는 날에는 선셋티♥
새콤달콤 ♥ ","일시적인 오류가 발생했습니다
음료가 맛있어요",2023년 10월 1일 일요일,1번째 방문,영수증
에이프릴사워,"카페,디저트",,,,우니85,https://m.place.naver.com/my/5efe831768401871104ebcce/review?v=2,51,,,"공릉 철길에 새로생긴 카페.. 분위기 너무 좋네요. 
전체적으로 깨끗하고 ㅎㅎㅎ 이쁩니다. 수다떨기 좋은 곳! 자주 오고싶어요 ","일시적인 오류가 발생했습니다
인테리어가 멋져요",2023년 9월 19일 화요일,1번째 방문,영수증
에이프릴사워,"카페,디저트",,,,괜찮아사랑이야,https://m.place.naver.com/my/5c43fdfab5d1822bbb649b14/review?v=2,52,,,"조용하고 예뻐요❤️
","일시적인 오류가 발생했습니다
커피가 맛있어요",2023년 12월 29일 금요일,1번째 방문,영수증
에이프릴사워,"카페,디저트",,,,mai****,https://m.place.naver.com/my/61df73f97bac1945086129a4/review?v=2,3,,,"음료수가 맛있었어요
가게 분위기도 좋아요","일시적인 오류가 발생했습니다
디저트가 맛있어요",2023년 12월 25일 월요일,1번째 방문,영수증
에이프릴사워,"카페,디저트",,,,markyluva,https://m.place.naver.com/my/5eb9748a8f87a842bcf4fcf3/review?v=2,5,,,애플크럼블 모두가 알아주라 제발.. 느끼한거 못먹는데 너무 달지도 않고 다 맛있어요 디저트! 계속 생각 나는 맛입니다 음료도 가격 좋고 다 맛있어요!! 포토 리뷰 이벤트 해주셔서 감사합니다~~ 마들렌 잘 먹었습니다 :),,2023년 10월 9일 월요일,2번째 방문,영수증
에이프릴사워,"카페,디저트",,,,ㅡSunnyㅡ,https://m.place.naver.com/my/5cd6bf94e6cc2dda7bec06ad/review?v=2,6,,,처음 갔는데 직원분들 엄청 친절하시고 메뉴들도 특색있고 맛있어서 너무 좋았어요! 담에 또 가려고요 :) 자두펄 그린티 진짜 추천해요! 짱 맛있음‼️,"일시적인 오류가 발생했습니다
친절해요",2023년 9월 19일 화요일,1번째 방문,영수증
에이프릴사워,"카페,디저트",,,,hrin92,https://m.place.naver.com/my/60cf557fb875034a9f15d683/review?v=2,20,,,"메론소다랑 자두에이드 짱맛이에요,,❣️ 분위기도 조용하고 사장님도 친절하시고 집근처에 있으면 자주 오고싶은 카페입니다 :-)
",,2023년 10월 26일 목요일,1번째 방문,영수증
에이프릴사워,"카페,디저트",,,,은수콩,https://m.place.naver.com/my/5beaf61bcd63526a67673645/review?v=2,10,,,이쁘고 맛있어요~~~~,"일시적인 오류가 발생했습니다
인테리어가 멋져요",2023년 12월 16일 토요일,1번째 방문,영수증
에이프릴사워,"카페,디저트",,,,아4,https://m.place.naver.com/my/5f05e980bec4db0860ad89a7/review?v=2,4,,,"사장님이 정말 친절하시고 케이크가 맛있어요~
크럼블과 사과에서 시나몬향이나서 치즈케이크랑 잘어울리고 원두는 두가지중에 고를수있는데 버터펫트리오 원두가 고소한맛이있어서 더 취향이에요",,2023년 10월 14일 토요일,1번째 방문,영수증
에이프릴사워,"카페,디저트",,,,Seoy 77,https://m.place.naver.com/my/5f55ad896c3d7f73341c484c/review?v=2,8,,,인테리어도 예쁘고 조용한 분위기여서 친구들과 대화하기 좋았어요! 커피도 맛있습니다! 소소하게 친구들과 만날 때 모임 장소로 추천드려요~!👍🏻,"일시적인 오류가 발생했습니다
인테리어가 멋져요",2023년 11월 24일 금요일,1번째 방문,영수증
에이프릴사워,"카페,디저트",,,,내뤼47,https://m.place.naver.com/my/5c030fc2202c242d6079260c/review?v=2,9,,,"애플크럼블치즈케이크가 아주아주 맛있어요 
기대하고 찾아온 곳인데 기대이상입니다^^ ","일시적인 오류가 발생했습니다
커피가 맛있어요",2023년 12월 5일 화요일,1번째 방문,영수증
에이프릴사워,"카페,디저트",,,,jlh****,https://m.place.naver.com/my/5bab8ab8a23dae73bdd66753/review?v=2,22,,,매장도 깨끗하고 편안해요!,"일시적인 오류가 발생했습니다
대화하기 좋아요",2023년 11월 10일 금요일,1번째 방문,영수증
에이프릴사워,"카페,디저트",,,,백설기4093,https://m.place.naver.com/my/5eb1ece18f87a842bc9682ed/review?v=2,56,,,"새로 오픈한 카페라 그런지 깔끔하고 넘 예뻐요! 메론소다 정말 맛있구, 에이프릴 선셋티는 적당히 달고 상쾌한 맛이에용 :)","일시적인 오류가 발생했습니다
인테리어가 멋져요",2023년 11월 1일 수요일,1번째 방문,영수증
에이프릴사워,"카페,디저트",,,,김형철60,https://m.place.naver.com/my/5e0a96ba8f87a842bced0f13/review?v=2,4,,,"분위기 참 좋구, 디저트랑 음료 맛있게 먹었습니다.","일시적인 오류가 발생했습니다
디저트가 맛있어요",2024년 1월 27일 토요일,1번째 방문,영수증
에이프릴사워,"카페,디저트",,,,Snrnro,https://m.place.naver.com/my/5eceaca98f87a842bc9a155e/review?v=2,24,,,디저트도 너무 맛있고 아늑하고 조아여,"일시적인 오류가 발생했습니다
인테리어가 멋져요",2023년 12월 25일 월요일,1번째 방문,영수증
에이프릴사워,"카페,디저트",,,,HI515,https://m.place.naver.com/my/5f057ee14d1cf87540ab0dd2/review?v=2,76,,,"카페 분위기도 너무 좋고 음료도 맛있어요!!
","일시적인 오류가 발생했습니다
디저트가 맛있어요",2023년 12월 25일 월요일,1번째 방문,영수증
에이프릴사워,"카페,디저트",,,,dar****,https://m.place.naver.com/my/6152ef170b10410a7383cfa7/review?v=2,1,,,맛이 참 좋습니다.,"일시적인 오류가 발생했습니다
인테리어가 멋져요",2024년 1월 26일 금요일,1번째 방문,영수증
에이프릴사워,"카페,디저트",,,,162****,https://m.place.naver.com/my/5c07bf7a573aab491d8489cd/review?v=2,5,,,바닐라라떼 마시러왔어요😀,"일시적인 오류가 발생했습니다
커피가 맛있어요",2023년 12월 29일 금요일,1번째 방문,영수증
에이프릴사워,"카페,디저트",,,,은밍6,https://m.place.naver.com/my/5c393efd3e9c56d8a547b9e8/review?v=2,14,,,커피 원두도 직접 선택할 수 있고  맛있고 인테리어가 너무 예쁩니다.  사진도 잘 나오고  디저트도 맛있어요~!  집근처라 자주 와야겠어요 ㅎ ,"일시적인 오류가 발생했습니다
인테리어가 멋져요",2023년 11월 22일 수요일,1번째 방문,영수증
에이프릴사워,"카페,디저트",,,,Lun na,https://m.place.naver.com/my/5cc7d5ceea0b3b3038da1bb6/review?v=2,13,,,"분위기도 너무 좋구, 메뉴도 개인카페에서 먹어볼 수 있는 새로운 메뉴들이 많아서 좋았어요 :) 맛도 너무 맛있구요!! 다음에 또 오겠습니당💛","일시적인 오류가 발생했습니다
인테리어가 멋져요",2023년 11월 8일 수요일,1번째 방문,영수증
에이프릴사워,"카페,디저트",,,,ivy****,https://m.place.naver.com/my/5df318358f87a842bcd44aec/review?v=2,14,,,분위기 좋고 짱 맛있어요!,"일시적인 오류가 발생했습니다
음료가 맛있어요",2024년 1월 25일 목요일,1번째 방문,영수증
에이프릴사워,"카페,디저트",,,,inspirit91,https://m.place.naver.com/my/5e04e9718f87a842bc5349d4/review?v=2,25,,,분위기 좋구 들어왔을때 베이커리 향이 너무 좋아요!!😊,"일시적인 오류가 발생했습니다
커피가 맛있어요",2023년 12월 16일 토요일,1번째 방문,영수증
에이프릴사워,"카페,디저트",,,,거지향,https://m.place.naver.com/my/5fdcdcb27925e997ff01e6ab/review?v=2,4,,,"단호밧케이크 단호박맛이 진하고 아삭한 식감이라 너무 좋았어요!
바닐라 라떼 거품도 적당히 얇은편인것같고 전체적으로 디저트가 많이 달지않아서 좋았습니다!",,2023년 11월 15일 수요일,1번째 방문,영수증
에이프릴사워,"카페,디저트",,,,sunaa,https://m.place.naver.com/my/5b94a0935f8ae310e7b46383/review?v=2,48,2,,이뻐요!!! 친구가 인스타 팬이예요~~~,"일시적인 오류가 발생했습니다
디저트가 맛있어요",2023년 10월 7일 토요일,1번째 방문,영수증
에이프릴사워,"카페,디저트",,,,cha****,https://m.place.naver.com/my/61b5c0e082fc7500070de6f9/review?v=2,4,,,"인테리어도 이쁘고 디저트랑 음료도  맛잇어요!
많이파세요오!","일시적인 오류가 발생했습니다
인테리어가 멋져요",2023년 12월 23일 토요일,1번째 방문,영수증
에이프릴사워,"카페,디저트",,,,eri****,https://m.place.naver.com/my/5d379e96b46243e12aed32ef/review?v=2,4,,,음료 맛있고 조용해서 좋아요!,"일시적인 오류가 발생했습니다
커피가 맛있어요",2023년 12월 23일 토요일,1번째 방문,영수증
에이프릴사워,"카페,디저트",,,,jih****,https://m.place.naver.com/my/5c38a40c08a5932e1ea795c7/review?v=2,2,,,새로생긴 카페예요~커피도 맛있고 분위기가 좋네요~~^-^*메론소다는 보기도 예뻐요~♡,"일시적인 오류가 발생했습니다
커피가 맛있어요",2023년 12월 2일 토요일,1번째 방문,영수증
에이프릴사워,"카페,디저트",,,,dso****,https://m.place.naver.com/my/5bf1743bc1bc480c470d152b/review?v=2,8,,,"애플크럼블 치즈케이크 안달고 맛있어요ㅎㅎ
아이스크림 추가해서 드세요!!","일시적인 오류가 발생했습니다
커피가 맛있어요",2023년 12월 20일 수요일,1번째 방문,영수증
에이프릴사워,"카페,디저트",,,,오랭지맛나무,https://m.place.naver.com/my/5d1e17ce55ef782be6a0ee8e/review?v=2,14,,,딸기라떼 맛있어용~~😋,"일시적인 오류가 발생했습니다
음료가 맛있어요",2023년 12월 29일 금요일,1번째 방문,영수증
에이프릴사워,"카페,디저트",,,,jungw,https://m.place.naver.com/my/5f16b9c99ec8258e4a25750d/review?v=2,455,,,케이크도 너무 맛있고 음료도 너무 맛있어요 :) 🤍,"일시적인 오류가 발생했습니다
커피가 맛있어요",2023년 11월 19일 일요일,1번째 방문,영수증
에이프릴사워,"카페,디저트",,,,김예원4441,https://m.place.naver.com/my/5e54e38a8f87a842bc1a8643/review?v=2,6,,,아포카토 맛있어요 카페도 이쁘고 좋습니다.,"일시적인 오류가 발생했습니다
커피가 맛있어요",2023년 12월 19일 화요일,1번째 방문,영수증
에이프릴사워,"카페,디저트",,,,mayffff,https://m.place.naver.com/my/5ea335608f87a842bc4b6a4c/review?v=2,8,,,분위기가 너무 좋아요!! 음료도 너무 예쁘게 생겼어요,"일시적인 오류가 발생했습니다
커피가 맛있어요",2023년 11월 14일 화요일,1번째 방문,영수증
에이프릴사워,"카페,디저트",,,,흰엉,https://m.place.naver.com/my/5dc508b88f87a842bcb40390/review?v=2,8,,,분위기 좋아요 ㅎㅎ 조용하고 고즈넉해서 소소하게 얘기하기 좋은 장소예요🤍,"일시적인 오류가 발생했습니다
커피가 맛있어요",2023년 12월 16일 토요일,1번째 방문,영수증
에이프릴사워,"카페,디저트",,,,아순이2,https://m.place.naver.com/my/5efdd6ddb4dd01caff098775/review?v=2,563,,,"분위기도 너무 좋고 모던하고 좋아요! 직원분들도 친절하시고 커피 원두도 고를 수 있어요!
딸기라떼가 참 맛있네요 🥰","일시적인 오류가 발생했습니다
커피가 맛있어요",2023년 10월 28일 토요일,1번째 방문,영수증
에이프릴사워,"카페,디저트",,,,oftn,https://m.place.naver.com/my/5f0663203f64550bfae86ccb/review?v=2,3,,,"따뜻하고 부드러운 분위기 너무 좋고
음료가 진짜 진짜 맛있어요 너무 특색있고 
다른 음료들도 꼭 먹어보고 싶어요!! 
오늘 먹은 자두펄그린티 진짜 맛있어요,,
디저트도 맛있고 매일 오고 싶어요,,
그리고 정말 넘 친절하셔요🫶🏻",,2023년 10월 9일 월요일,1번째 방문,영수증
에이프릴사워,"카페,디저트",,,,alsrud1102,https://m.place.naver.com/my/5f068e1c9127dcb4fc698bce/review?v=2,19,,,내부가 이쁘고 디저트 맛있어용!!!,"일시적인 오류가 발생했습니다
커피가 맛있어요",2023년 11월 29일 수요일,1번째 방문,영수증
에이프릴사워,"카페,디저트",,,,cou****,https://m.place.naver.com/my/5c22510bb01ad163f3d6a64c/review?v=2,80,,,"원두밸런스 너무 좋은맛👍
사과뱃지 너무 귀여워요ㅋㅋ 
다른 뱃지도 나오면 좋겠어요!","일시적인 오류가 발생했습니다
커피가 맛있어요",2023년 11월 8일 수요일,1번째 방문,영수증
에이프릴사워,"카페,디저트",,,,pinkhhl,https://m.place.naver.com/my/5de0e25d9ec8258e4abd2f86/review?v=2,6,,,친구들과 우연히 발견한 공릉 카페!♡ 인테리어 마음에 들어요!! 애플 크럼블 맛있어요! 커피랑 딸기라떼! 다 맛있었어요! 🍑 또 다시 올게요!,"일시적인 오류가 발생했습니다
디저트가 맛있어요",2023년 9월 25일 월요일,1번째 방문,영수증
에이프릴사워,"카페,디저트",,,,혼째,https://m.place.naver.com/my/6131b0172b4c68fd4c6af1df/review?v=2,9,,,분위기 예쁘고 커피가 맛있어요😋😋,"일시적인 오류가 발생했습니다
커피가 맛있어요",2023년 12월 20일 수요일,1번째 방문,영수증
에이프릴사워,"카페,디저트",,,,kk****,https://m.place.naver.com/my/5f18de739ec8258e4afafe29/review?v=2,13,,,"단호박 크림 케이크가 너모 마싯서요ㅠ!!
완전 부드럽고 100개도 먹을 수 있을 것 같아요
매장도 아늑하고 친구랑 힐링하러 오기 좋은 분위기예요 최고💗💗

",,2023년 10월 24일 화요일,1번째 방문,영수증
에이프릴사워,"카페,디저트",,,,대견하다,https://m.place.naver.com/my/5efef79e1c9b02e1ea3c1fa7/review?v=2,7,,,"커피 까다로운 남편이 맛있대용
앤트러사이트원두가 반갑네요

인테리어도 너무 이쁘고 자주올것같아요",,2023년 10월 13일 금요일,1번째 방문,영수증
에이프릴사워,"카페,디저트",,,,Woei,https://m.place.naver.com/my/5e1440c48f87a842bc6bb15e/review?v=2,56,,,사장님도 너무 친절하시고 음료랑 디저트 너무 맛있습니다..ㅠㅠㅠㅠ!! 나만 알고싶은 카페예요 ,"일시적인 오류가 발생했습니다
음료가 맛있어요",2023년 10월 17일 화요일,1번째 방문,영수증
에이프릴사워,"카페,디저트",,,,Sarah Park34,https://m.place.naver.com/my/5f0442ade9d94998c6cc8db5/review?v=2,8,,,새로 생긴 카페! 딸기청에 생딸기 제대로 씹히고 단호박케이크도 너무 맛있었음ㅠㅠㅠㅠ 몽글몽글 귀여운 인테리어의 카페. 햇살이 잘 들어서 달달한 음료 케익이랑 멍때리기 좋아요~ ,,2023년 9월 12일 화요일,1번째 방문,결제내역
에이프릴사워,"카페,디저트",,,,kay****,https://m.place.naver.com/my/5eb824e58f87a842bc98a12b/review?v=2,10,,,분위기 너무좋아요!!또 올거같아요😃,"일시적인 오류가 발생했습니다
인테리어가 멋져요",2023년 12월 13일 수요일,1번째 방문,영수증
에이프릴사워,"카페,디저트",,,,카야5346,https://m.place.naver.com/my/5e059e978f87a842bc27e549/review?v=2,31,,,새로 생겨 왔는데 인테리어가 너무 포근해요. 음악소리도 크지 않아 좋아요. 시그니처 음료도 예쁘고 맛있습니다~,"일시적인 오류가 발생했습니다
음료가 맛있어요",2023년 11월 18일 토요일,1번째 방문,영수증
에이프릴사워,"카페,디저트",,,,wls****,https://m.place.naver.com/my/613d5470cc3a5110ff21801c/review?v=2,5,,,애플크럼블 치즈케이크와 시그니처 음료 짱짱 맛있습니다,"일시적인 오류가 발생했습니다
디저트가 맛있어요",2023년 12월 16일 토요일,1번째 방문,영수증
에이프릴사워,"카페,디저트",,,,skite99,https://m.place.naver.com/my/65057b381438fc3a9c8bc0da/review?v=2,2,,,"에이프릴 선셋티 진짜 맛있어요
디저트들도 질리지 않는 맛이에요 넘 맛있네요! ","일시적인 오류가 발생했습니다
디저트가 맛있어요",2023년 10월 7일 토요일,2번째 방문,영수증
에이프릴사워,"카페,디저트",,,,syt****,https://m.place.naver.com/my/5f1e76ba9ec8258e4a6a84e6/review?v=2,17,,,분위기가 아늑하고 좋아요!,,2023년 11월 22일 수요일,1번째 방문,영수증
에이프릴사워,"카페,디저트",,,,김보민1019,https://m.place.naver.com/my/5e02f62c8f87a842bca77e98/review?v=2,2,,,오션라떼도 너무 예쁘고 단호박 케이크가 정말 맛있어요 케이크 엄청 부드럽고 딱 좋게 달달해서 너무 좋았어요 ,"일시적인 오류가 발생했습니다
커피가 맛있어요",2023년 11월 23일 목요일,1번째 방문,영수증
에이프릴사워,"카페,디저트",,,,구빔,https://m.place.naver.com/my/5cf3a58c99d571f5473032c1/review?v=2,8,,,처음 방문했는데 분위기 음악 조명 습도 온도 아주 좋아요💕 단골 카페하기로 방금 정했어요 또 오겠습니다👏,"일시적인 오류가 발생했습니다
커피가 맛있어요",2023년 11월 23일 목요일,1번째 방문,결제내역
에이프릴사워,"카페,디저트",,,,jaksalban,https://m.place.naver.com/my/5f05daef0a91396a976eeb91/review?v=2,2,,,"40대 아재입니다
메론소다 무조건 추천입니다","일시적인 오류가 발생했습니다
커피가 맛있어요",2023년 12월 13일 수요일,2번째 방문,영수증
에이프릴사워,"카페,디저트",,,,sow****,https://m.place.naver.com/my/636f68f61438fc3a9c3c59c4/review?v=2,3,,,새로 생긴곳이라 와봤는데 인테리어도 너무 예쁘고 케이크도 귀여워요~,"일시적인 오류가 발생했습니다
커피가 맛있어요",2023년 12월 13일 수요일,1번째 방문,영수증
에이프릴사워,"카페,디저트",,,,keu****,https://m.place.naver.com/my/62ce64501e51acfbec714090/review?v=2,5,,,"단호박케이크가 너무 맛있어요!!
다음엔 애플크럼블 케이크도 먹어보고 싶고 흔치 않은 메뉴가 있어서 특별하구 좋아용","일시적인 오류가 발생했습니다
친절해요",2023년 11월 22일 수요일,1번째 방문,영수증
에이프릴사워,"카페,디저트",,,,Pau29,https://m.place.naver.com/my/620766ef4f4bb255f988ccd3/review?v=2,1,,,"넘 맛있습니다...
인테리어 이쁘고
식기도구 귀여운거 보세요...

",,2023년 11월 4일 토요일,1번째 방문,영수증
에이프릴사워,"카페,디저트",,,,rya****,https://m.place.naver.com/my/5f0e60d526b05b84b0340825/review?v=2,7,,,"카페 인테리어가 예쁘고 아늑해요!!
커피 아메리카노랑 라떼 모두 진하고 맛있어요!!
친절하고 좋아서 다시 오고 싶습니다🥰","일시적인 오류가 발생했습니다
커피가 맛있어요",2023년 11월 4일 토요일,1번째 방문,영수증
에이프릴사워,"카페,디저트",,,,림8649,https://m.place.naver.com/my/5c74029e568e5d19d4a83de4/review?v=2,20,,,"인테리어도 너무 이쁘고 깔끔하고 좋아요!
디저트음료 다 맛있고 사장님도 친절하십니당❤️","일시적인 오류가 발생했습니다
커피가 맛있어요",2023년 11월 18일 토요일,1번째 방문,영수증
에이프릴사워,"카페,디저트",,,,23h****,https://m.place.naver.com/my/5e2bc8c98f87a842bc184101/review?v=2,18,,,집 근처에 새로운 카페가 생겼길래 와봤는데 분위기도 편안하고 예뻐요! 치즈케이크랑 아이스크림 조합도 너무 맛있도 커피도 맛있어요☺️ 다음에 또 먹으러 올 것 같아요!!,,2023년 10월 12일 목요일,1번째 방문,영수증
에이프릴사워,"카페,디저트",,,,seo****,https://m.place.naver.com/my/5f10181d9ec8258e4a7b0850/review?v=2,1,,,새로 생긴 곳이라 궁금해서 와봤는데 사장님도 친절하시고 분위기도 너무너무 좋아요 :) 저만 알고 싶은 곳이지만 이런 좋은 곳은 널리널리 알려져야 하기에 살포시 후기 남깁니다 대박나세용☺️,,2023년 11월 3일 금요일,1번째 방문,영수증
에이프릴사워,"카페,디저트",,,,으니8276,https://m.place.naver.com/my/5b6aeab6b93335b4f334e835/review?v=2,27,,,"들어오자마자 빵냄새가 너무 좋았고, 인테리어도 예뻐요ㅠㅠ 커피마시려다 시그니처같은 티가 있길래 주문해봤는데 넘 맛있어요!! 빵도 맛있고 다 좋아요♡ ","일시적인 오류가 발생했습니다
디저트가 맛있어요",2023년 10월 26일 목요일,1번째 방문,영수증
에이프릴사워,"카페,디저트",,,,윤갱이갱이,https://m.place.naver.com/my/5d13a604c9c25e0cf6a74732/review?v=2,50,2,,흑흑 몇번째방문인지도 모르겠어요.. 호박 디저트 진짜 맨날생각나고.. 음료들도 너무 존맛이에요ㅜㅠㅠㅜㅜㅠㅠ,"일시적인 오류가 발생했습니다
디저트가 맛있어요",2023년 10월 18일 수요일,3번째 방문,영수증
에이프릴사워,"카페,디저트",,,,싱싱마미,https://m.place.naver.com/my/5e770d9b8f87a842bcc65474/review?v=2,14,,,"단호박크림케이크가 맛있어서 재방문했어요. 
커피도 맛있고 멜론소다도 맛있다네요. ","일시적인 오류가 발생했습니다
커피가 맛있어요",2023년 11월 5일 일요일,2번째 방문,영수증
에이프릴사워,"카페,디저트",,,,뷰앙,https://m.place.naver.com/my/5e65aeae8f87a842bc0fcd08/review?v=2,20,,,우연히 지나가다 들렀는데 오래 전부터 좋아하던 작가님의 가게였어요..🫢 커피도 너무 맛있고 조용히 쉬다가기 좋은 가게입니다♡,"일시적인 오류가 발생했습니다
매장이 청결해요",2023년 10월 13일 금요일,1번째 방문,영수증
에이프릴사워,"카페,디저트",,,,popcles,https://m.place.naver.com/my/5dc4ac708f87a842bc0f0834/review?v=2,26,,,,"일시적인 오류가 발생했습니다
커피가 맛있어요",2024년 2월 4일 일요일,1번째 방문,영수증
에이프릴사워,"카페,디저트",,,,buf****,https://m.place.naver.com/my/5e0bfa8e8f87a842bc28717b/review?v=2,66,,,"매번 비슷한 카페만 가다가 카페가 새로 생긴 것 같아서 방문했는데! 분위기가 너무 좋아요😁
공간 인테리어가 너무 따뜻하고 좋았습니다ㅋㅋㅋ
사장님에 스몰토크도 부담스럽지않고, 재미 있었습니다!",,2023년 9월 20일 수요일,1번째 방문,영수증
에이프릴사워,"카페,디저트",,,,Haewon74,https://m.place.naver.com/my/5efdde538b790375a186ca3c/review?v=2,43,,,분위기가 너무 아늑하고 커피맛이 좋아요❤️,"일시적인 오류가 발생했습니다
인테리어가 멋져요",2023년 12월 9일 토요일,1번째 방문,영수증
에이프릴사워,"카페,디저트",,,,Sooding,https://m.place.naver.com/my/5deb62049ec8258e4abd612c/review?v=2,24,,,"카페 잔잔하고 좋아요❤️
디저트와 커피도 맛있어요!
","일시적인 오류가 발생했습니다
디저트가 맛있어요",2023년 11월 3일 금요일,1번째 방문,영수증
에이프릴사워,"카페,디저트",,,,yuy****,https://m.place.naver.com/my/5e060a338f87a842bc621eb1/review?v=2,8,,,몸안좋아서 커피 못먹는데 완벽한 메뉴네요!!  너무 맛있어요!!,"일시적인 오류가 발생했습니다
사진이 잘 나와요",2023년 12월 14일 목요일,1번째 방문,영수증
에이프릴사워,"카페,디저트",,,,악화23,https://m.place.naver.com/my/5ef5d7188f87a842bc1be58b/review?v=2,7,1,,진짜 분위기 깔끔하고 맛있어요♥ 새로생긴 신규카페에요!,"일시적인 오류가 발생했습니다
커피가 맛있어요",2023년 12월 9일 토요일,1번째 방문,영수증
에이프릴사워,"카페,디저트",,,,키오66,https://m.place.naver.com/my/5d535388889a7869ed83ef47/review?v=2,2,,,"산책하다가 외관이 깔끔해서 들어와봤어요.
커피도 맛나고 분위기도 넘 편안해요~ ^^

평일 오전이라 그런지 사색의 시간 갖기에
넘 좋은 곳이네요~",,2023년 10월 31일 화요일,1번째 방문,영수증
에이프릴사워,"카페,디저트",,,,호두파이4925,https://m.place.naver.com/my/5cb6ea1891662e7870ae0a1c/review?v=2,11,,,매장 아늑하고 깨끗하고 친절하고 좋아요~,"일시적인 오류가 발생했습니다
커피가 맛있어요",2023년 12월 8일 금요일,1번째 방문,영수증
에이프릴사워,"카페,디저트",,,,빛과소금32,https://m.place.naver.com/my/60f2ab5d55ddc7a5919c44a1/review?v=2,199,,,"음료가  예쁘고 정말. 맛있어요
다음에 또 올께요~~~^^^","일시적인 오류가 발생했습니다
음료가 맛있어요",2023년 11월 1일 수요일,1번째 방문,영수증
에이프릴사워,"카페,디저트",,,,daepolove,https://m.place.naver.com/my/5c066bec4ccfef32f217e17f/review?v=2,3,,,"조용한 분위기에 엄청 친절해요
커피맛은 말할것도 없이 당연히 맛잇구요
집에서도 가까워 또 방문 예정입니다~","일시적인 오류가 발생했습니다
커피가 맛있어요",2023년 12월 24일 일요일,1번째 방문,영수증
에이프릴사워,"카페,디저트",,,,hav****,https://m.place.naver.com/my/5db36b368f87a842bc486fc0/review?v=2,4,,,메론소다 JMT임 이쁜이하고 맨날 공릉동 오면 오는 단골집이에요~ 메론소다 다시한번 JMT,"일시적인 오류가 발생했습니다
차분한 분위기에요",2023년 11월 17일 금요일,1번째 방문,영수증
에이프릴사워,"카페,디저트",,,,체리6213,https://m.place.naver.com/my/5c56beb7c392274a77fa93cb/review?v=2,13,,,출장지에서 만난 보석같은 곳이네요. 커피도 맛있고 분위기도 아늑해요^^동네에 이런 카페 있으면 자주 올 듯해요,"일시적인 오류가 발생했습니다
매장이 청결해요",2023년 11월 17일 금요일,1번째 방문,영수증
에이프릴사워,"카페,디저트",,,,곰손생님,https://m.place.naver.com/my/5e0e037c8f87a842bc5bff68/review?v=2,34,,,저 여기 좋아해요 ㅋㅋㅋㅋ 단골 등록이요~,"일시적인 오류가 발생했습니다
커피가 맛있어요",2023년 11월 4일 토요일,5번째 방문,영수증
에이프릴사워,"카페,디저트",,,,pri****,https://m.place.naver.com/my/65718faf73736e3dcfd32d29/review?v=2,1,,,차분하고 아늑한 매장분위기에 이끌려서 들어오게 됐어요. 오션라떼랑 딸기라떼 주문했는데 음료도 맛있네요 다음에 또 방문하고 싶어요~💕,"일시적인 오류가 발생했습니다
친절해요",2023년 12월 7일 목요일,1번째 방문,영수증
에이프릴사워,"카페,디저트",,,,0006140812,https://m.place.naver.com/my/5b704a05625085b48d83283a/review?v=2,36,,,커피도 맛있고 애플크럼블치케 완전 맛있어요!,"일시적인 오류가 발생했습니다
커피가 맛있어요",2023년 11월 4일 토요일,1번째 방문,영수증
에이프릴사워,"카페,디저트",,,,johun91,https://m.place.naver.com/my/5efc5e298f87a842bc6aaf0c/review?v=2,386,,,"아인슈페너 고소한맛 너무마싯어요 치즈케익도👍딸기라떼도
부드럽고 너무마싯네요 굿굿","일시적인 오류가 발생했습니다
커피가 맛있어요",2024년 1월 26일 금요일,1번째 방문,영수증
에이프릴사워,"카페,디저트",,,,jhyjju123445,https://m.place.naver.com/my/5f044632012fad32006d40a7/review?v=2,8,,,분위기도 차분해서 앉아있기 좋고 음료랑 디저트도 맛있어요 🫧🫶🏻,"일시적인 오류가 발생했습니다
인테리어가 멋져요",2023년 12월 6일 수요일,1번째 방문,영수증
에이프릴사워,"카페,디저트",,,,jemiseon,https://m.place.naver.com/my/607d37a39a47ac1eef3d836e/review?v=2,1,,,동네 산책길에 우연히 들렀는데 가성비 좋아요,"일시적인 오류가 발생했습니다
커피가 맛있어요",2023년 12월 6일 수요일,1번째 방문,영수증
에이프릴사워,"카페,디저트",,,,곰손생님,https://m.place.naver.com/my/5e0e037c8f87a842bc5bff68/review?v=2,34,,,공리단길에 예쁜 카페 생겼네요! 남자친구랑 조용히 책 읽기 좋을 거 같아서 왔는데 커피 종류도 고를 수 있고 디저트도 처음보는 종류인데  맛있어요♡,"일시적인 오류가 발생했습니다
커피가 맛있어요",2023년 9월 16일 토요일,1번째 방문,영수증
에이프릴사워,"카페,디저트",,,,냔디,https://m.place.naver.com/my/5e3065e18f87a842bc5179a1/review?v=2,14,,,"신상카페라서 와봤어요 ! ♥
깔끔하고 따뜻한 인테리어랑 친절한 사장님이 매력적인곳이네요 😗
자주 올 예정!! 💞",,2023년 10월 24일 화요일,1번째 방문,영수증
에이프릴사워,"카페,디저트",,,,iououi,https://m.place.naver.com/my/5f2b9aa69ec8258e4a9e1e8a/review?v=2,7,,,실패한 메뉴가 하나도 없어요! 다 맛있습니다😻 특히 단호박 크림케이크 꼭 드셔보세요!! 카페 분위기도 아늑하고 대화하기 좋아요🩷,"일시적인 오류가 발생했습니다
인테리어가 멋져요",2023년 10월 27일 금요일,1번째 방문,영수증
에이프릴사워,"카페,디저트",,,,다이니dain,https://m.place.naver.com/my/5cc70a2c8f87a842bc99cc6f/review?v=2,34,1,,"분위기 너무 좋고 커피도 맛있어요
대화하기도 좋은 곳이에요!
자주 올 것 같아요
",,2023년 11월 18일 토요일,1번째 방문,영수증
에이프릴사워,"카페,디저트",,,,buf****,https://m.place.naver.com/my/5e0bfa8e8f87a842bc28717b/review?v=2,66,,,"근처 카페들이 분위기가 다 비슷한 것 같아서 새로운 곳을 찾던 중 발견해서 벌써 세번째 방문입니다  일단 분위기가 새로워서 좋았고, 바리스타 분들이 2분 계셨는데, 메뉴 설명을 너무 체계적으로 잘해주셔서ㅎㅎㅎ좋았습니다
(매번 커알못인 제가 듣기에도 잘 알아들을 수 있게 설명해주셔서 좋습니다ㅎㅎ)

같이 간 일행들은 메론소다? 이 곳에 인기메뉴라고 하는데ㅎㅎㅎ다음엔 저도 도전해보려고 합니다

번창하세요~~~",,2023년 10월 20일 금요일,3번째 방문,영수증
에이프릴사워,"카페,디저트",,,,12m****,https://m.place.naver.com/my/5bf2b77f269782e05937ba76/review?v=2,26,,,"날씨가 차가워지니 따뜻한 라떼 생각나서요.…
매장분위기 조용하고 라떼 맛있어요. ","일시적인 오류가 발생했습니다
인테리어가 멋져요",2023년 11월 10일 금요일,1번째 방문,영수증
에이프릴사워,"카페,디저트",,,,짱머거똥머거94,https://m.place.naver.com/my/5efe28601262e93dd6095b31/review?v=2,3,,,디져트 너무 맛있고 인테리어도 포근하니 너무 좋아요! 다음에 또 올께요!,"일시적인 오류가 발생했습니다
커피가 맛있어요",2023년 10월 21일 토요일,1번째 방문,영수증
에이프릴사워,"카페,디저트",,,,jen****,https://m.place.naver.com/my/5df80fe78f87a842bc8d9b8f/review?v=2,3,,,집 근처에 잔잔한 분위기에 친구들과 얘기하기 좋은 카페가 있어서 방문해봤는데 커피도 맛있고 너무너무 좋아요☺️☺️,"일시적인 오류가 발생했습니다
커피가 맛있어요",2023년 11월 24일 금요일,1번째 방문,영수증
에이프릴사워,"카페,디저트",,,,띠띵따띠뚱,https://m.place.naver.com/my/5f0635943b5350168729282f/review?v=2,12,,,이런 따뜻한 느낌의 카페 조아하는데 메론소다?그거 아스크림 올라가서 맛잇더라구용! 커피 잘 못마시는데 에이드류도 다양해서 조아요,"일시적인 오류가 발생했습니다
인테리어가 멋져요",2023년 10월 25일 수요일,1번째 방문,영수증
에이프릴사워,"카페,디저트",,,,luc****,https://m.place.naver.com/my/5b7117970a6caf61958cb9fe/review?v=2,2,,,햇빛이 따뜻하게 드는 아득한 곳이에요~ 음료와 디저트 넘 맛있어서 대화하기 좋은 곳이었어요!!!,"일시적인 오류가 발생했습니다
매장이 청결해요",2023년 11월 11일 토요일,1번째 방문,결제내역
에이프릴사워,"카페,디저트",,,,ade****,https://m.place.naver.com/my/5dbbd8208f87a842bc5ffefe/review?v=2,6,,,"메론소다가 생각보다 많이 안 달아서 좋네요☺️
디저트도 맛있어요!! 단호박 안좋아하는데 여기 디저트는 맛있네요ㅎㅎ","일시적인 오류가 발생했습니다
디저트가 맛있어요",2023년 9월 30일 토요일,1번째 방문,영수증
에이프릴사워,"카페,디저트",,,,올리브 77,https://m.place.naver.com/my/5c5b12c066e658c96b733a70/review?v=2,1558,,,"예쁜 신상 카페
에이프릴 사워
사장님 친절하시고
따스한 분위기의 카페입니다",,2023년 11월 14일 화요일,1번째 방문,영수증
에이프릴사워,"카페,디저트",,,,dotoriowner,https://m.place.naver.com/my/5dac64ac8f87a842bc8fbeb4/review?v=2,73,,,분위기 좋아요 초코라떼 완전 맛있음,"일시적인 오류가 발생했습니다
커피가 맛있어요",2023년 11월 8일 수요일,1번째 방문,결제내역
에이프릴사워,"카페,디저트",,,,팬지택이,https://m.place.naver.com/my/5e9fd7428f87a842bc2f8f01/review?v=2,1,,,"커피 좋아하는 사람 & 디저트 좋아하는 사람
산미 좋아하는 사람 & 고소한 맛 좋아하는 사람 
모두 다 함께 할 수 있는 곳🤭👍🏻
맛도 좋고 분위기도 좋은 카페🫶🏻❤️🩵",,2023년 10월 28일 토요일,1번째 방문,영수증
에이프릴사워,"카페,디저트",,,,hamdoli,https://m.place.naver.com/my/5b7ae72530f9a162cf3f026e/review?v=2,19,,,슌배님이 운영하신다고 해서 와봤는데 에이프릴 선셋티 진짜 맛있어요! 사과 좋아하시는 분들은 꼭 드세요🥹,"일시적인 오류가 발생했습니다
음료가 맛있어요",2023년 10월 12일 목요일,1번째 방문,영수증
에이프릴사워,"카페,디저트",,,,방그레82,https://m.place.naver.com/my/5bab2605f1df3d317bea082e/review?v=2,5,,,음료도 맛있고 인테리어가 너무 예뻐요!,,2023년 11월 28일 화요일,1번째 방문,영수증
에이프릴사워,"카페,디저트",,,,햄7854,https://m.place.naver.com/my/5b8c920089339490af9c5a83/review?v=2,7,,,"처음 방문해봤는데
분위기가 편안하고 좋아요🤎","일시적인 오류가 발생했습니다
인테리어가 멋져요",2023년 11월 28일 화요일,1번째 방문,영수증
에이프릴사워,"카페,디저트",,,,명먕95,https://m.place.naver.com/my/5d6a03638f87a842bc50de21/review?v=2,150,,,"분위기도 너무 따뜻하고 이야기하기에 너무 좋은곳인거같습니다
잘먹고갑니다🥰","일시적인 오류가 발생했습니다
커피가 맛있어요",2023년 11월 7일 화요일,1번째 방문,영수증
에이프릴사워,"카페,디저트",,,,새우깡맛나34,https://m.place.naver.com/my/5c26245056e0432f0f056c6c/review?v=2,2,,,"카페가 아늑하고 분위가 좋아요.
커피맛도 좋고  디저트도 이쁜만큼 맛있어용👍","일시적인 오류가 발생했습니다
커피가 맛있어요",2023년 11월 7일 화요일,1번째 방문,영수증
에이프릴사워,"카페,디저트",,,,태희35,https://m.place.naver.com/my/5b7002f387e579371f446d93/review?v=2,7,,,직원분이 친절하세요!! 음식도 맛있어요!,"일시적인 오류가 발생했습니다
아늑해요",2023년 11월 24일 금요일,1번째 방문,영수증
에이프릴사워,"카페,디저트",,,,햄찌3128,https://m.place.naver.com/my/5c033f3ead31947be729f1cc/review?v=2,11,,,숲길 옆쪽이라 한산하고 좋아요!,"일시적인 오류가 발생했습니다
커피가 맛있어요",2023년 10월 20일 금요일,1번째 방문,영수증
에이프릴사워,"카페,디저트",,,,dksdnstkd,https://m.place.naver.com/my/5deb77e49ec8258e4aabf69f/review?v=2,13,,,인스타에서 오픈소식을 들어서 와봤는데 실내가 되게 차분해서 대화하기도 좋고 자두펄 그린티는 안에 들어있는 펄이 너무너무 맛있어요!!,"일시적인 오류가 발생했습니다
음료가 맛있어요",2023년 9월 24일 일요일,1번째 방문,영수증
에이프릴사워,"카페,디저트",,,,wjd****,https://m.place.naver.com/my/5e48b5338f87a842bc841826/review?v=2,17,,,차가 너무 맛있고 좋아여^^,,2023년 12월 25일 월요일,1번째 방문,영수증
에이프릴사워,"카페,디저트",,,,diwl1210,https://m.place.naver.com/my/5c62a27ec04664354e9c2156/review?v=2,9,,,"단호박케이크 먹으러 주기적으로 오는데 진짜 맛있음
자두펄티?도 맛있습니다","일시적인 오류가 발생했습니다
아늑해요",2023년 11월 27일 월요일,4번째 방문,영수증
에이프릴사워,"카페,디저트",,,,day****,https://m.place.naver.com/my/5d96b96b8f87a842bc5d8345/review?v=2,9,,,"커피가 너무 맛있어요 🤩
분위기도 좋고 나오는 음악들도 너무 좋아요!!","일시적인 오류가 발생했습니다
커피가 맛있어요",2023년 11월 24일 금요일,1번째 방문,영수증
에이프릴사워,"카페,디저트",,,,쮸43,https://m.place.naver.com/my/5b7adc316275e35b6f1b361b/review?v=2,77,1,,깔끔하고 알록달록한 메뉴들이 있어요,"일시적인 오류가 발생했습니다
특별한 메뉴가 있어요",2023년 10월 21일 토요일,1번째 방문,영수증
에이프릴사워,"카페,디저트",,,,pinini,https://m.place.naver.com/my/5f9e0d411aa5e7bcdd25bb71/review?v=2,7,,,"단호박크림케이크랑 바나나브레드 포장해서 먹었는데 서로 다른 매력으로 맛있어요🍌🎃🧁
바나나브레드는 빵에서 바나나맛나고 크림치즈랑 잘어울리고, 단호박크림케이크는 진짜 단호박 가득하고 크림 계속 먹고싶어요😋",,2023년 9월 20일 수요일,1번째 방문,영수증
에이프릴사워,"카페,디저트",,,,쭌이뚱이,https://m.place.naver.com/my/5d95dfe38f87a842bcd9d159/review?v=2,1013,,,"신상카페인지 깔끔하고 분위기 좋네요. 사장님도 친절하고 음료랑 디저트도 맛있고, 깔끔해서 좋아요~^^","일시적인 오류가 발생했습니다
디저트가 맛있어요",2023년 10월 29일 일요일,1번째 방문,영수증
에이프릴사워,"카페,디저트",,,,kyjp86,https://m.place.naver.com/my/5f045c63012fad32006d70ea/review?v=2,6,,,신상카페라서 와봤는데 분위기 좋고 음료도 맛있어요^^,"일시적인 오류가 발생했습니다
음료가 맛있어요",2023년 11월 22일 수요일,1번째 방문,영수증
에이프릴사워,"카페,디저트",,,,byj****,https://m.place.naver.com/my/60609cab9230a215cfd0c328/review?v=2,11,,,맛있고 분위기가 좋아요,"일시적인 오류가 발생했습니다
커피가 맛있어요",2023년 12월 21일 목요일,1번째 방문,영수증
에이프릴사워,"카페,디저트",,,,코스모스9640,https://m.place.naver.com/my/61e3a5ebedc826000641d94c/review?v=2,1,,,"카페가 예뻐요
커피 맛있어요",,2023년 11월 18일 토요일,1번째 방문,영수증
에이프릴사워,"카페,디저트",,,,jiw****,https://m.place.naver.com/my/5dfaf2848f87a842bc2ca841/review?v=2,3,,,카페가 너무 이쁘구 커피도 맛있어요ㅎㅎ,"일시적인 오류가 발생했습니다
커피가 맛있어요",2023년 10월 14일 토요일,1번째 방문,영수증
에이프릴사워,"카페,디저트",,,,제은21,https://m.place.naver.com/my/5ff3c401e9b0e92bca8d46a4/review?v=2,8,,,"인테리어 이쁘고 음료도 너무 이뻐요!
맛있어요!!","일시적인 오류가 발생했습니다
음료가 맛있어요",2023년 11월 15일 수요일,1번째 방문,영수증
에이프릴사워,"카페,디저트",,,,삼라만상42,https://m.place.naver.com/my/5c4356c022f4cf92f54b83ae/review?v=2,11,,,"음료수 두잔만먹으려했는데, 세잔을 먹어버렸어요 케익도 안먹으려했는데 너무 맛있어서 여기 단골될것같아요","일시적인 오류가 발생했습니다
커피가 맛있어요",2023년 11월 5일 일요일,1번째 방문,영수증
에이프릴사워,"카페,디저트",,,,thdud49,https://m.place.naver.com/my/5d75c5cb8f87a842bc56b7b2/review?v=2,9,,,커피 맛있구 디저트도 맛있어요♡,"일시적인 오류가 발생했습니다
커피가 맛있어요",2023년 11월 21일 화요일,1번째 방문,영수증
에이프릴사워,"카페,디저트",,,,이윤서90,https://m.place.naver.com/my/5be69f73e50eb752f5e8f01d/review?v=2,15,,,"사장님 너무 친절하시고 음료랑 디저트가 너무너무 맛있어요 ♥ 다음에 꼭 방문할예정입니다 🩷🩷 
매장분위기도 아늑하고 아기자기하구 귀여워요!!","일시적인 오류가 발생했습니다
사진이 잘 나와요",2023년 11월 21일 화요일,1번째 방문,영수증
에이프릴사워,"카페,디저트",,,,ybm****,https://m.place.naver.com/my/5cba5c255c56caac1924f511/review?v=2,1263,,,화이트 깔끔한 인테리어에 펌프킨크림케익 너무 예뻐요~,"일시적인 오류가 발생했습니다
커피가 맛있어요",2023년 11월 21일 화요일,1번째 방문,영수증
에이프릴사워,"카페,디저트",,,,서우71,https://m.place.naver.com/my/5f048965f6f8b30a5330b62e/review?v=2,5,,,애플크럼블 치즈케이크가 너무 맛있어요!! 학교랑 가까워서 와봤는데 분위기도 너무 좋고 음료도 맛있어서 자주 올 것 같아요 ❤️‍🔥,"일시적인 오류가 발생했습니다
친절해요",2023년 10월 13일 금요일,1번째 방문,영수증
에이프릴사워,"카페,디저트",,,,핑크샬롯,https://m.place.naver.com/my/5c7d3b2183ce020298a82441/review?v=2,15,,,,"일시적인 오류가 발생했습니다
친절해요",2024년 1월 1일 월요일,1번째 방문,영수증
에이프릴사워,"카페,디저트",,,,BR60,https://m.place.naver.com/my/5c221afc009442713607d653/review?v=2,34,,,"매장도 예쁘고, 음료도 맛있어요 ^^*","일시적인 오류가 발생했습니다
친절해요",2023년 10월 19일 목요일,1번째 방문,영수증
에이프릴사워,"카페,디저트",,,,KYH56,https://m.place.naver.com/my/6194a6379913c1589eef34cf/review?v=2,3,,,분위기 모던한 깔끔하고 알바생이 잘생겼어요♡,"일시적인 오류가 발생했습니다
커피가 맛있어요",2023년 10월 12일 목요일,1번째 방문,영수증
에이프릴사워,"카페,디저트",,,,미니밍밍65,https://m.place.naver.com/my/5effec5f6900d38fc165dded/review?v=2,15,,,"경춘선숲길 산책 중 발견한 카페
따따한 커피 맛있게 먹었습니다:)","일시적인 오류가 발생했습니다
인테리어가 멋져요",2023년 11월 12일 일요일,1번째 방문,영수증
에이프릴사워,"카페,디저트",,,,Rlathdusso,https://m.place.naver.com/my/5d32ad8ffc823d0727e7eb3a/review?v=2,14,,,"원두 고를 수 있어서 신박했어요!
동네에 분위기 좋은 카페 찾으신다면 추천드립니다! 가격도 합리적인거 같아요😀
사장님 친절하십니다 bb
",,2023년 10월 9일 월요일,1번째 방문,영수증
에이프릴사워,"카페,디저트",,,,불불방귀,https://m.place.naver.com/my/5f7fa8fdf685b3771a58151c/review?v=2,2,,,처음 와봤는데 인테리어도 깔끔해서 편하고 음료랑 디저트도 너무 맛있어욤!!!,"일시적인 오류가 발생했습니다
커피가 맛있어요",2023년 9월 24일 일요일,1번째 방문,영수증
에이프릴사워,"카페,디저트",,,,120,https://m.place.naver.com/my/5f76f8ee6c3d7f733476267d/review?v=2,13,,,가게 분위기가 아늑하고 깔끔해요! 음료랑 디저트도 맛있어요!!,"일시적인 오류가 발생했습니다
디저트가 맛있어요",2023년 11월 8일 수요일,1번째 방문,영수증
에이프릴사워,"카페,디저트",,,,eaf****,https://m.place.naver.com/my/5f0434b7e9d94998c6cc5e9f/review?v=2,12,,,디저트도 맛있고 음료가 예뻐요!! 맛도 있어서 기분좋게 있다 왔습니다^^,"일시적인 오류가 발생했습니다
인테리어가 멋져요",2023년 11월 15일 수요일,1번째 방문,영수증
에이프릴사워,"카페,디저트",,,,밈짐66,https://m.place.naver.com/my/5dcd32348f87a842bc0d54bf/review?v=2,18,,,"인테리어 좋고 조명때문에 아늑해요~~
음료랑 케이크도 맛있어요!","일시적인 오류가 발생했습니다
디저트가 맛있어요",2023년 11월 15일 수요일,1번째 방문,영수증
에이프릴사워,"카페,디저트",,,,몽상51,https://m.place.naver.com/my/5e91b4808f87a842bc5d6cc5/review?v=2,17,,,"분위기가 너무 좋네요 커피도 신선함이 느껴지는 맛이에요!!
","일시적인 오류가 발생했습니다
커피가 맛있어요",2023년 10월 28일 토요일,1번째 방문,영수증
에이프릴사워,"카페,디저트",,,,느림보23,https://m.place.naver.com/my/5d27c981f4af808fb0ebdac0/review?v=2,15,,,,,2024년 2월 12일 월요일,1번째 방문,영수증
에이프릴사워,"카페,디저트",,,,rlazldwl16580,https://m.place.naver.com/my/5ff98dc3395552069d42d8c0/review?v=2,3,,,분위기 너무 좋아요😍🥰,"일시적인 오류가 발생했습니다
커피가 맛있어요",2023년 12월 20일 수요일,1번째 방문,영수증
에이프릴사워,"카페,디저트",,,,백주42,https://m.place.naver.com/my/5de1ee279ec8258e4ad265d2/review?v=2,3,,,"커피가 맛있고 분위기가 이뻤어요 또 방문할게요!
",,2023년 11월 14일 화요일,1번째 방문,영수증
에이프릴사워,"카페,디저트",,,,qkr****,https://m.place.naver.com/my/5c5014c867f4991d1a9d0239/review?v=2,15,,,"분위기 좋아요~
화장실 내부에 있어서 좋은 것 같아요~","일시적인 오류가 발생했습니다
커피가 맛있어요",2023년 11월 17일 금요일,1번째 방문,영수증
에이프릴사워,"카페,디저트",,,,diem47,https://m.place.naver.com/my/5df4d0328f87a842bc79169e/review?v=2,8,,,"카페 분위기 너무 좋고 커피 음료 둘 다 너무 맛있어요!!
조용히 얘기하기 정말 좋습니다","일시적인 오류가 발생했습니다
커피가 맛있어요",2023년 10월 27일 금요일,1번째 방문,영수증
에이프릴사워,"카페,디저트",,,,뚜삐24,https://m.place.naver.com/my/5efdf18124363d3a46ab00cc/review?v=2,11,,,"딸기라떼 맛있어요!! 위에 올라간 크림이랑 같이 먹으면 존맛 ㅠㅠ 화장실도 깨끗하고, 공간도 아늑해요","일시적인 오류가 발생했습니다
차분한 분위기에요",2023년 10월 27일 금요일,1번째 방문,영수증
에이프릴사워,"카페,디저트",,,,Socats,https://m.place.naver.com/my/5f1a87419ec8258e4a1e4c01/review?v=2,20,,,우연히 들어왔는데 바닐라브레드 처음 먹어봤는데 맛있어요 ! 커피도 맛나요 공간도 깔끔해요 ㅎㅎ,"일시적인 오류가 발생했습니다
디저트가 맛있어요",2023년 9월 24일 일요일,1번째 방문,영수증
에이프릴사워,"카페,디저트",,,,김나연5139,https://m.place.naver.com/my/5efdddf28b790375a186c98b/review?v=2,9,,,자두랑 녹차맛이 잘 어울려서 맛있습니당!!👍,"일시적인 오류가 발생했습니다
친절해요",2023년 11월 21일 화요일,1번째 방문,영수증
에이프릴사워,"카페,디저트",,,,ahream2913,https://m.place.naver.com/my/5b6a3930b2eac044e8f3d4f9/review?v=2,20,,,"커피 원두를 고를 수 있어서 좋아요:) 
분위기가 좋고 사장님이 친절해요 ^^","일시적인 오류가 발생했습니다
커피가 맛있어요",2023년 11월 5일 일요일,1번째 방문,영수증
에이프릴사워,"카페,디저트",,,,skd****,https://m.place.naver.com/my/5da34b2d8f87a842bc1faccf/review?v=2,12,,,"두번째 방문입니다!
카페도 이쁘고 커피도 맛있고 직원분도 친절하세요~!","일시적인 오류가 발생했습니다
커피가 맛있어요",2023년 10월 29일 일요일,1번째 방문,영수증
에이프릴사워,"카페,디저트",,,,rla****,https://m.place.naver.com/my/5f064f9c649bf957593014e6/review?v=2,11,,,맛있어요~~~~~공간도 너무 좋아요~~~~~~,"일시적인 오류가 발생했습니다
대화하기 좋아요",2023년 11월 12일 일요일,1번째 방문,영수증
에이프릴사워,"카페,디저트",,,,are****,https://m.place.naver.com/my/5c07c2ac533edb5a6502e6ad/review?v=2,12,,,"인테리어도 예쁘고 사장님도 넘 친절하십니다:)
단호박케이크도 맛있어요
다음에 또 방문할것 같아요!!","일시적인 오류가 발생했습니다
디저트가 맛있어요",2023년 10월 18일 수요일,1번째 방문,영수증
에이프릴사워,"카페,디저트",,,,김지수2451,https://m.place.naver.com/my/5db803308f87a842bcf896bb/review?v=2,23,,,맛있게 잘먹었습니다,"일시적인 오류가 발생했습니다
커피가 맛있어요",2023년 11월 15일 수요일,1번째 방문,영수증
에이프릴사워,"카페,디저트",,,,boryuni,https://m.place.naver.com/my/5be7f5b2a5a33d789727ad5b/review?v=2,8,,,친절하고 메뉴도 다양해요💙 앞으로 자주올거같아요!,"일시적인 오류가 발생했습니다
사진이 잘 나와요",2023년 11월 11일 토요일,1번째 방문,영수증
에이프릴사워,"카페,디저트",,,,해피6662,https://m.place.naver.com/my/5b65200c91a66990971ebabb/review?v=2,5,,,분위기가 좋아요 커피맛은 좀 아쉽지만 티가 달달하니 맛있어요. 포크가 디저트를 먹기 좀 불편했어요ㅠ,"일시적인 오류가 발생했습니다
인테리어가 멋져요",2023년 10월 29일 일요일,1번째 방문,영수증
에이프릴사워,"카페,디저트",,,,투덜투덜91,https://m.place.naver.com/my/5bef99ee0a939877f14cee94/review?v=2,124,,,원두도 고를수 있고 초코라떼에 마시멜로우도 올라가 있어서 더 맛있어요~~~,"일시적인 오류가 발생했습니다
커피가 맛있어요",2023년 11월 18일 토요일,1번째 방문,영수증
에이프릴사워,"카페,디저트",,,,aco****,https://m.place.naver.com/my/5c0618dc5f08f448e3524ab0/review?v=2,8,,,"분위기가 너무 취향저격당했어요
","일시적인 오류가 발생했습니다
커피가 맛있어요",2023년 12월 16일 토요일,1번째 방문,영수증
에이프릴사워,"카페,디저트",,,,염원31,https://m.place.naver.com/my/5f0547c934a524e70c5b49ba/review?v=2,15,,,초코라떼엔 마시멜로가 들어가고 메론소다엔 아이스크림이 들어가요!!,"일시적인 오류가 발생했습니다
커피가 맛있어요",2023년 11월 18일 토요일,1번째 방문,영수증
에이프릴사워,"카페,디저트",,,,shine205,https://m.place.naver.com/my/5e24276d8f87a842bcb55189/review?v=2,18,,,"인테리어 넘 깔끔하네요~
번창하세요 🤗","일시적인 오류가 발생했습니다
커피가 맛있어요",2023년 10월 28일 토요일,1번째 방문,영수증
에이프릴사워,"카페,디저트",,,,너구리오리,https://m.place.naver.com/my/5ffef65e24cbb15820c1498a/review?v=2,4,,,"편안한 분위기에 로고가 귀여워요☺️
메뉴가 다양해서 자주 방문해서 다 먹어보고싶어요😋","일시적인 오류가 발생했습니다
아늑해요",2023년 10월 23일 월요일,1번째 방문,영수증
에이프릴사워,"카페,디저트",,,,nkh****,https://m.place.naver.com/my/60851a443f41d235f11e4ebb/review?v=2,5,,,"부드럽고 맛있어요.
매장이 아주 깨끗합니다.",,2023년 11월 9일 목요일,1번째 방문,영수증
에이프릴사워,"카페,디저트",,,,Mys,https://m.place.naver.com/my/5b6ab51bb1a0449987339054/review?v=2,227,,,지나가 보기만 하고 첨 들어와 봤는데 아늑하고 따뜻한 분위기가 좋아요!,"일시적인 오류가 발생했습니다
커피가 맛있어요",2024년 2월 12일 월요일,1번째 방문,영수증
에이프릴사워,"카페,디저트",,,,131247,https://m.place.naver.com/my/6040a47b4679f847bb714297/review?v=2,6,,,여러 명이 함께 왔는데 음료도 너무 맛있고 사장님도 친절하세요! 케이크도 너무 맛있고 대화하기도 좋아서 완전 강추합니다... 인테리어도 너무 예뻐요!!! 친구와 함께 와서 사진 남기기도 좋을듯 🫶,,2023년 10월 10일 화요일,1번째 방문,영수증
에이프릴사워,"카페,디저트",,,,kttt,https://m.place.naver.com/my/5efecc42ff821a0cd6709e48/review?v=2,38,,,커피도 맛있고 바나나브래드가 너무 맛있어요~ 아인슈페너 드셔보세용,"일시적인 오류가 발생했습니다
커피가 맛있어요",2023년 11월 11일 토요일,1번째 방문,영수증
에이프릴사워,"카페,디저트",,,,수진3265,https://m.place.naver.com/my/5d7587a48f87a842bcc5c2a7/review?v=2,4,,,딸기라떼 진짜 너무 맛있어서 매주 오는 곳!!,"일시적인 오류가 발생했습니다
디저트가 맛있어요",2023년 10월 29일 일요일,3번째 방문,영수증
에이프릴사워,"카페,디저트",,,,지은5861,https://m.place.naver.com/my/5ca4c0d3642ae966eb79deb0/review?v=2,2,,,진짜 맛있어요 맛집!,"일시적인 오류가 발생했습니다
인테리어가 멋져요",2023년 12월 12일 화요일,1번째 방문,영수증
에이프릴사워,"카페,디저트",,,,tnalsfl9826,https://m.place.naver.com/my/5e0895958f87a842bc5b9555/review?v=2,10,,,사장님이 친절하시고 맛있어요!!,"일시적인 오류가 발생했습니다
디저트가 맛있어요",2023년 11월 10일 금요일,1번째 방문,영수증
에이프릴사워,"카페,디저트",,,,lover6743,https://m.place.naver.com/my/5da51a5d8f87a842bc9ddab4/review?v=2,74,,,아늑하고 분위기가 너무 좋아요😌😌 단호박 크림케이크는 꼭 드세요!!❤️,"일시적인 오류가 발생했습니다
커피가 맛있어요",2023년 11월 10일 금요일,1번째 방문,영수증
에이프릴사워,"카페,디저트",,,,은진9497,https://m.place.naver.com/my/5c3244010e295b2fcb1992ec/review?v=2,3,,,음악 플리가 너무 좋아요🥹 커피도 원두 선택할 수 있어서 너무 좋아요 학교근처라 자주 올거 같아요~~!!!🫶🏻🫶🏻,"일시적인 오류가 발생했습니다
차분한 분위기에요",2023년 10월 20일 금요일,1번째 방문,영수증
에이프릴사워,"카페,디저트",,,,에성,https://m.place.naver.com/my/5e64d2808f87a842bcd4cd82/review?v=2,6,,,"집 근처 예쁜 카페 새로 생겼길래 왔는데, 커피랑 메론소다 둘 다 맛있어요~!
가구랑 분위기가 편하고 예뻐서 좋았어용 :)","일시적인 오류가 발생했습니다
매장이 청결해요",2023년 10월 19일 목요일,1번째 방문,영수증
에이프릴사워,"카페,디저트",,,,룰루516,https://m.place.naver.com/my/611ef163b7e2a027190f7938/review?v=2,13,1,,"라떼 완전 예뻐요💚 
분위기도 조용하고 차분해서 좋아요","일시적인 오류가 발생했습니다
인테리어가 멋져요",2023년 10월 14일 토요일,1번째 방문,영수증
에이프릴사워,"카페,디저트",,,,jin****,https://m.place.naver.com/my/5b8b4cb1dc4ebd5fde5821f2/review?v=2,215,,,분위기도 좋고 음료 맛있어요!!,"일시적인 오류가 발생했습니다
음료가 맛있어요",2023년 11월 8일 수요일,1번째 방문,영수증
에이프릴사워,"카페,디저트",,,,Jmmrr,https://m.place.naver.com/my/5f070d153396d790d688a741/review?v=2,58,,,아인슈페너랑 딸기라떼 주문했는데 넘 맛있어요! 딸기라떼는달달하고~ 아인슈페너 크림도 달달해요🥰,"일시적인 오류가 발생했습니다
커피가 맛있어요",2023년 10월 27일 금요일,1번째 방문,영수증
에이프릴사워,"카페,디저트",,,,버숏,https://m.place.naver.com/my/5b8a0ecb0f494413ff01f5cf/review?v=2,8,,,맛있어요 추천합니다,,2023년 12월 10일 일요일,1번째 방문,영수증
에이프릴사워,"카페,디저트",,,,lub486lub,https://m.place.naver.com/my/5b6322684043eca31ef2a137/review?v=2,96,,,"새로운카페로 바껴서 와봤는데 너무 예쁘고 귀엽고 맛있고 .. ღ’ᴗ’ღ 또와야겠구먼
","일시적인 오류가 발생했습니다
커피가 맛있어요",2023년 9월 27일 수요일,1번째 방문,영수증
에이프릴사워,"카페,디저트",,,,yujiwon0720,https://m.place.naver.com/my/5d19eeb9d7870c02acda1c4b/review?v=2,1,,,"예쁘고 너무 맛있는 디저트와 음료👍
2번째 방문인데 여전히 좋네용
잘 먹었습니당💛","일시적인 오류가 발생했습니다
디저트가 맛있어요",2023년 10월 18일 수요일,1번째 방문,영수증
에이프릴사워,"카페,디저트",,,,승현9814,https://m.place.naver.com/my/5f2e09399ec8258e4a326006/review?v=2,465,7,,직원분들이 친절하고 음료가 상큼해서 좋아여,"일시적인 오류가 발생했습니다
커피가 맛있어요",2023년 10월 5일 목요일,1번째 방문,결제내역
에이프릴사워,"카페,디저트",,,,이름6349,https://m.place.naver.com/my/6196687a04927f7ae00c8b31/review?v=2,1,,,"음료들이 너무 예쁜데 맛도 좋습니다!
다음번에는 커피도 먹어볼 예정","일시적인 오류가 발생했습니다
인테리어가 멋져요",2023년 10월 6일 금요일,1번째 방문,영수증
에이프릴사워,"카페,디저트",,,,bto****,https://m.place.naver.com/my/5d7210268f87a842bc7884f6/review?v=2,7,,,"매장이 큰 편은 아니지만, 자리가 많아서 좋아요! 
커피도 산미가 심하지 않아서 맛있어요 :-)","일시적인 오류가 발생했습니다
커피가 맛있어요",2023년 10월 17일 화요일,1번째 방문,영수증
에이프릴사워,"카페,디저트",,,,Kim7168,https://m.place.naver.com/my/5ed9ee318f87a842bc51b3c4/review?v=2,33,,,"매장이 너무 이쁘고 커피가 진짜 맛있어요!!! 동네에서 제일 커피맛이 좋아요 !!
","일시적인 오류가 발생했습니다
커피가 맛있어요",2023년 9월 28일 목요일,1번째 방문,영수증
에이프릴사워,"카페,디저트",,,,noname8463,https://m.place.naver.com/my/5cbe78c046c0bbd5a6ecb4cd/review?v=2,25,,,마치 성수에 있는 카페를 공릉으로 옮겨 놓은 것 같아요 화이트 톤 벽면에 우드 의자 배치해서 깔끔해요 앞으로 계속 올 것 같아요~,"일시적인 오류가 발생했습니다
커피가 맛있어요",2023년 9월 27일 수요일,1번째 방문,영수증
에이프릴사워,"카페,디저트",,,,mina3009,https://m.place.naver.com/my/5e0737898f87a842bc2bd586/review?v=2,12,,,"조용하고 아늑해요:)
커피랑 디저트도 너무 맛있어요!!!","일시적인 오류가 발생했습니다
커피가 맛있어요",2023년 11월 2일 목요일,1번째 방문,영수증
에이프릴사워,"카페,디저트",,,,tpg****,https://m.place.naver.com/my/5f2e17a39ec8258e4a6e974d/review?v=2,7,,,"아늑하고 따뜻해요 겨울에 오면 낭낭할듯 ~ 
음식도 맛있어요 ^,^!!! 🤍🤍 
","일시적인 오류가 발생했습니다
커피가 맛있어요",2023년 11월 2일 목요일,1번째 방문,영수증
에이프릴사워,"카페,디저트",,,,동동이형,https://m.place.naver.com/my/5e2aeb318f87a842bc220a88/review?v=2,12,,,분위기도 이쁘고 새로 생겼다고 해서 와봤는데 인테리어나 커피나 다 마음에 들어요🤍,"일시적인 오류가 발생했습니다
커피가 맛있어요",2023년 10월 20일 금요일,1번째 방문,영수증
에이프릴사워,"카페,디저트",,,,수락산아차산,https://m.place.naver.com/my/5bb8801c0871bb9b960a8313/review?v=2,12,,,단호박크림케리크랑 아아먹었는데 달달하게 맛있어요 😆😆😆,"일시적인 오류가 발생했습니다
음료가 맛있어요",2023년 11월 5일 일요일,1번째 방문,영수증
에이프릴사워,"카페,디저트",,,,eun****,https://m.place.naver.com/my/5ed4e1e08f87a842bc502cb9/review?v=2,13,,,커피도 맛있고 분위기도 너무 좋아요! 원두를 고를 수 있어서 취향에 따라 커피를 마실 수 있어요,"일시적인 오류가 발생했습니다
커피가 맛있어요",2023년 10월 15일 일요일,1번째 방문,영수증
에이프릴사워,"카페,디저트",,,,cloe0,https://m.place.naver.com/my/60cda2f1fe692b6f71498dc0/review?v=2,166,8,,,"일시적인 오류가 발생했습니다
아늑해요",2023년 12월 5일 화요일,1번째 방문,영수증
에이프릴사워,"카페,디저트",,,,even8636,https://m.place.naver.com/my/5d1c1234412b2a2bad5f4dae/review?v=2,91,,,멋진 갬성 카페입니다! 음료도 맛있어요!,"일시적인 오류가 발생했습니다
디저트가 맛있어요",2023년 12월 6일 수요일,1번째 방문,영수증
에이프릴사워,"카페,디저트",,,,eun****,https://m.place.naver.com/my/5d7b32068f87a842bcc24ee1/review?v=2,7,,,선생님들과 회식 후에 차 마시러 갔는데 분위기도이야기 나누기도 편하고 좋았어요 ,"일시적인 오류가 발생했습니다
인테리어가 멋져요",2023년 10월 25일 수요일,1번째 방문,영수증
에이프릴사워,"카페,디저트",,,,teen29,https://m.place.naver.com/my/5fc7e149f87ca63a008a7062/review?v=2,7,,,"앤트러사이트 원두로 집근처에서 마실 수 있어서 좋았고 에이프릴 선셋티 색깔도 예쁘고 달달해서 맛있어요
직원분도 친절하시구 공간이 깨끗해서 좋아요",,2023년 9월 25일 월요일,1번째 방문,영수증
에이프릴사워,"카페,디저트",,,,janderson,https://m.place.naver.com/my/5c28b50b7b02977fa49deb6d/review?v=2,88,,,단호박크림케이크 먹으러 왔어용🫶,"일시적인 오류가 발생했습니다
커피가 맛있어요",2023년 11월 7일 화요일,1번째 방문,영수증
에이프릴사워,"카페,디저트",,,,chi****,https://m.place.naver.com/my/610f479461508b1489a45078/review?v=2,22,,,,"일시적인 오류가 발생했습니다
디저트가 맛있어요",2024년 1월 27일 토요일,1번째 방문,영수증
에이프릴사워,"카페,디저트",,,,수진3265,https://m.place.naver.com/my/5d7587a48f87a842bcc5c2a7/review?v=2,4,,,딸기라떼가 진짜 맛있어요 ㅜㅜ 재방문한 곳!!,"일시적인 오류가 발생했습니다
커피가 맛있어요",2023년 10월 22일 일요일,2번째 방문,영수증
에이프릴사워,"카페,디저트",,,,꼬맹이6078,https://m.place.naver.com/my/5ec943de8f87a842bcb7a48c/review?v=2,18,,,애플크럼블 진짜진짜 맛있어요👍🏻 많이 달까봐 걱정했는데 적당히 달고 고소하규 너무 맛있었어요 ㅜㅜ 자두펄그린티도 짱맛있어요😀,"일시적인 오류가 발생했습니다
매장이 청결해요",2023년 9월 24일 일요일,1번째 방문,영수증
에이프릴사워,"카페,디저트",,,,봄길,https://m.place.naver.com/my/5b9ddc3feb50dd6dccfef7c5/review?v=2,2,,,케이크도 커피도 맛있고 분위기가 좋아서 머물다 가기 좋아요,,2023년 9월 30일 토요일,1번째 방문,영수증
에이프릴사워,"카페,디저트",,,,chocodw,https://m.place.naver.com/my/5efebd5868401871104f0cbc/review?v=2,8,,,우연히 지나가다 깔끔해보여서 들어왔는데 커피도 음료도 맛있고 매장 분위기도 쾌적하고 좋아요!,"일시적인 오류가 발생했습니다
차분한 분위기에요",2023년 10월 16일 월요일,1번째 방문,영수증
에이프릴사워,"카페,디저트",,,,함글,https://m.place.naver.com/my/5e00b8828f87a842bc1491f0/review?v=2,16,,,"음료도 맛있고, 케이크가 꿀맛이에요 !! 추천 :)","일시적인 오류가 발생했습니다
커피가 맛있어요",2023년 9월 15일 금요일,1번째 방문,영수증
에이프릴사워,"카페,디저트",,,,fen15,https://m.place.naver.com/my/5dfc99a88f87a842bcfcce0d/review?v=2,6,,,사과향이 은은하게 나서 맛있습니다!,"일시적인 오류가 발생했습니다
인테리어가 멋져요",2023년 10월 31일 화요일,1번째 방문,영수증
에이프릴사워,"카페,디저트",,,,YEON99,https://m.place.naver.com/my/5f0409371b364ad6580daea4/review?v=2,12,,,맛있네용 음료랑 디저트가 많이 안 달고 딱 적당히 서로 잘 어울리네용ㅎㅎ,"일시적인 오류가 발생했습니다
커피가 맛있어요",2023년 10월 27일 금요일,1번째 방문,영수증
에이프릴사워,"카페,디저트",,,,zkd****,https://m.place.naver.com/my/5f05b69782d9f26c95ef558b/review?v=2,10,,,"메론소다 이렇게 맛있은곳 처음이예요
여름 다 지나가지만 여름이 그리워지면 또 마시러 올거같아요
다음에 다른메뉴도 먹어볼게요~",,2023년 9월 22일 금요일,1번째 방문,영수증
에이프릴사워,"카페,디저트",,,,snu****,https://m.place.naver.com/my/5f044574e9d94998c6cc96dc/review?v=2,10,,,메뉴도 특이하고 분위기도 좋아서 일부러 멀리서 찾아왔는데 아주 만족하고 갑니딩 번창하세요!,"일시적인 오류가 발생했습니다
디저트가 맛있어요",2023년 10월 14일 토요일,1번째 방문,영수증
에이프릴사워,"카페,디저트",,,,hj4584,https://m.place.naver.com/my/5def2c108f87a842bc1ff8be/review?v=2,12,,,"케이크도 맛있고 커피도 맛있어요
인테리어가 깔끔해서 들어와봤는데, 잔잔하고 조용한 분위기라 좋아요
단호박 크림케이크가 진짜 꾸덕하고 많이 안 달아서 맛있어요 추천합니다!",,2023년 9월 20일 수요일,1번째 방문,영수증
에이프릴사워,"카페,디저트",,,,즌이85,https://m.place.naver.com/my/5efe27aa0765f4dd1bac5450/review?v=2,4,,,,,2024년 1월 25일 목요일,1번째 방문,영수증
에이프릴사워,"카페,디저트",,,,han****,https://m.place.naver.com/my/5c18a02b9fb0baefeebef586/review?v=2,1,,,"처음 왔는데
깨끗하고 커피 맛있어요","일시적인 오류가 발생했습니다
커피가 맛있어요",2023년 10월 28일 토요일,1번째 방문,영수증
에이프릴사워,"카페,디저트",,,,chooo0,https://m.place.naver.com/my/5f167aba9ec8258e4a23316f/review?v=2,7,,,"분위기가 넘 예쁘규 ,, 아늑하고 ,, 완전 ,, 내 스타일이쟈나 ? 🤍
담에 또 올게효 ✨","일시적인 오류가 발생했습니다
음료가 맛있어요",2023년 10월 28일 토요일,1번째 방문,영수증
에이프릴사워,"카페,디저트",,,,yun****,https://m.place.naver.com/my/5e885c6d8f87a842bcf8f5e2/review?v=2,1,,,"커피고소하고 인테리어깔끔하고
또오고 싶은곳이네요^^",,2023년 10월 28일 토요일,1번째 방문,영수증
에이프릴사워,"카페,디저트",,,,러블리희야별이,https://m.place.naver.com/my/5e8e6c648f87a842bcccdd5e/review?v=2,3,,,"여기 두번째 방문인데
커피맛도 스콘도 너무 맛있어요~",,2023년 10월 28일 토요일,1번째 방문,영수증
에이프릴사워,"카페,디저트",,,,lyk97036,https://m.place.naver.com/my/5db07cc88f87a842bc05e831/review?v=2,13,,,딸기라떼랑 메론소다 먹었어요 ! 인스타에서 보고왔는데 너무 좋네용 다음에 공릉오면 또 올게용,"일시적인 오류가 발생했습니다
디저트가 맛있어요",2023년 11월 15일 수요일,1번째 방문,영수증
에이프릴사워,"카페,디저트",,,,no1likerne,https://m.place.naver.com/my/5f04d34f92c132301ca07a47/review?v=2,4,,,인테리어가 아기자기하구 친절하셔용 짱,"일시적인 오류가 발생했습니다
매장이 청결해요",2023년 10월 27일 금요일,1번째 방문,영수증
에이프릴사워,"카페,디저트",,,,모찌모찌11,https://m.place.naver.com/my/5c35f7ef185e2f0aa616c63c/review?v=2,9,,,,"일시적인 오류가 발생했습니다
커피가 맛있어요",2023년 12월 30일 토요일,1번째 방문,영수증
에이프릴사워,"카페,디저트",,,,bus****,https://m.place.naver.com/my/5dbd9f788f87a842bc9f1e5f/review?v=2,358,,,"오션라떼
메론소다
아인슈페너

너무 맛있어요^^
분위기도 심플하고
갬성 넘치는 카페입니다~",,2023년 11월 8일 수요일,1번째 방문,영수증
에이프릴사워,"카페,디저트",,,,jee****,https://m.place.naver.com/my/5b9cdf07e830a4e683026144/review?v=2,21,,,,"일시적인 오류가 발생했습니다
커피가 맛있어요",2023년 12월 23일 토요일,1번째 방문,영수증
에이프릴사워,"카페,디저트",,,,on1****,https://m.place.naver.com/my/60892f65bd78b237eb5db6c9/review?v=2,14,,,메론소다 완전 맛있어요 케이크도 맛있어요!친절하시구 완전 깨끗! 대화하기 좋은 분위기예요!!,"일시적인 오류가 발생했습니다
커피가 맛있어요",2023년 9월 21일 목요일,1번째 방문,영수증
에이프릴사워,"카페,디저트",,,,아가안녕,https://m.place.naver.com/my/5cfe9e0448670c34ce9b9bc3/review?v=2,11,1,,"막 달지도 않고 너무 맛있네요 ㅎㅎ 
카페도 이쁘구~ 자주 올게요~ ㅎㅎ ","일시적인 오류가 발생했습니다
인테리어가 멋져요",2023년 10월 21일 토요일,1번째 방문,영수증
에이프릴사워,"카페,디저트",,,,증슈빈주아,https://m.place.naver.com/my/5ed3bfd68f87a842bc46ea4b/review?v=2,32,,,"지나가다 발견했는데 새로 생긴 카펜가봐요!
단호박케잌 먹었는데 많이 안달고 완전 맛있었어요! 인테리어도 깔끔하고 예뻐용","일시적인 오류가 발생했습니다
커피가 맛있어요",2023년 9월 13일 수요일,1번째 방문,영수증
에이프릴사워,"카페,디저트",,,,UYN,https://m.place.naver.com/my/5e002c478f87a842bc8f3bd5/review?v=2,4,,,위치도 좋고 깔끔하고 음료가 맛있어요,"일시적인 오류가 발생했습니다
음료가 맛있어요",2023년 10월 29일 일요일,1번째 방문,영수증
에이프릴사워,"카페,디저트",,,,Inn0219,https://m.place.naver.com/my/5ff26968b199937356705d39/review?v=2,5,,,음료 너무 맛있어요!!!! 조용하고 분위기도 좋아요,"일시적인 오류가 발생했습니다
음료가 맛있어요",2023년 10월 20일 금요일,1번째 방문,영수증
에이프릴사워,"카페,디저트",,,,jee****,https://m.place.naver.com/my/5dc90e8d8f87a842bc1a50ad/review?v=2,15,,,"귀엽고 친절하신 사장님께서 운영하시는 카페💖
음료도 맛있고 분위기가 좋아서 앞으로 자주 방문할 것 같아요!!😘","일시적인 오류가 발생했습니다
인테리어가 멋져요",2023년 9월 24일 일요일,1번째 방문,영수증
에이프릴사워,"카페,디저트",,,,jeje127,https://m.place.naver.com/my/5dddea749ec8258e4a77ccc9/review?v=2,13,,,"분위기도 너무 좋고 케이크, 커피, 차도 너무 맛있어요!!추천입니당𖤐","일시적인 오류가 발생했습니다
디저트가 맛있어요",2023년 10월 18일 수요일,1번째 방문,영수증
에이프릴사워,"카페,디저트",,,,최재완62,https://m.place.naver.com/my/5d6a53ee8f87a842bc4954aa/review?v=2,4,,,커피 마시러 왔다가 분위기 좋은 곳이라 사진도 찍고 좋은 시간 보냈네용~ ,"일시적인 오류가 발생했습니다
매장이 청결해요",2023년 9월 13일 수요일,1번째 방문,영수증
에이프릴사워,"카페,디저트",,,,arkhani,https://m.place.naver.com/my/5dc422088f87a842bc0d2600/review?v=2,2,,,친구 슌배님이 하신데서 와봤는데 너무너무너무 맛있고 분위기도 좋습니다... i luv it.,"일시적인 오류가 발생했습니다
커피가 맛있어요",2023년 10월 12일 목요일,1번째 방문,영수증
에이프릴사워,"카페,디저트",,,,ye****,https://m.place.naver.com/my/5b72a5d20c6b9714d7c23068/review?v=2,16,,,"단호박디저트 별로 안좋아하는데
비쥬얼부터 땡기더니 너무 맛있어요!!
애플크럼블도 굿👍","일시적인 오류가 발생했습니다
친절해요",2023년 9월 30일 토요일,1번째 방문,영수증
에이프릴사워,"카페,디저트",,,,186472,https://m.place.naver.com/my/5d8b42ae8f87a842bc7fa517/review?v=2,3,,,"메론소다 먹었는데 맛있었어요!! 
아늑하고 조용한 분위기라서 좋아요.
다음에도 또 방문하고 싶습니다!","일시적인 오류가 발생했습니다
음료가 맛있어요",2023년 9월 30일 토요일,1번째 방문,영수증
에이프릴사워,"카페,디저트",,,,nic****,https://m.place.naver.com/my/5daeb62c8f87a842bc4267db/review?v=2,5,,,"우연히 들어왔는데 
단호박 파이가 너무 맛있어서 깜짝 놀랬어요!! 
커피도 굿굿입니당 ","일시적인 오류가 발생했습니다
커피가 맛있어요",2023년 9월 28일 목요일,1번째 방문,영수증
에이프릴사워,"카페,디저트",,,,dlr****,https://m.place.naver.com/my/5c2b040a501d9b68070f8325/review?v=2,23,,,너무맛있고 깔끔해요!!,"일시적인 오류가 발생했습니다
친절해요",2023년 10월 22일 일요일,1번째 방문,영수증
에이프릴사워,"카페,디저트",,,,웃으러,https://m.place.naver.com/my/5bbf1c60aa98b10e27180cf9/review?v=2,206,,,,"일시적인 오류가 발생했습니다
커피가 맛있어요",2024년 2월 16일 금요일,1번째 방문,영수증
에이프릴사워,"카페,디저트",,,,suu8900,https://m.place.naver.com/my/5c29f749e7c5ac1678467156/review?v=2,6,,,"디저트랑 커피가 진짜 맛있어요!! 
인테리어가 깔끔하고 분위기가 좋아요😄","일시적인 오류가 발생했습니다
인테리어가 멋져요",2023년 9월 26일 화요일,1번째 방문,영수증
에이프릴사워,"카페,디저트",,,,ang****,https://m.place.naver.com/my/5e6acf3f8f87a842bc443a5d/review?v=2,2,,,,"일시적인 오류가 발생했습니다
특별한 메뉴가 있어요",2023년 12월 15일 금요일,2번째 방문,영수증
에이프릴사워,"카페,디저트",,,,유찬투스,https://m.place.naver.com/my/5e08b4e48f87a842bc296043/review?v=2,21,,,커피두 맛있고 주말에 쉬기 정말 좋은것 같아요 ㅎㅎ,"일시적인 오류가 발생했습니다
아늑해요",2023년 10월 9일 월요일,2번째 방문,영수증
에이프릴사워,"카페,디저트",,,,김희정8823,https://m.place.naver.com/my/5d0dbba83079da4c292fc720/review?v=2,3,,,처음 방문했는데 색다른 디저트도 있고 커피도 너무 맛있네요😊,"일시적인 오류가 발생했습니다
커피가 맛있어요",2023년 10월 15일 일요일,1번째 방문,영수증
에이프릴사워,"카페,디저트",,,,이벤트 Queen,https://m.place.naver.com/my/5efec58f1c9b02e1ea3bdbd0/review?v=2,2,,,너무너무 친절하시고 음료 종류도 색다르고 예쁜 카페였습니다!!,"일시적인 오류가 발생했습니다
음료가 맛있어요",2023년 10월 14일 토요일,1번째 방문,영수증
에이프릴사워,"카페,디저트",,,,백건산,https://m.place.naver.com/my/5e613d3d8f87a842bc0b86a0/review?v=2,3,,,"지나가며 와야지 와야지 하다가 방문했는데 아늑하고 좋아요!
","일시적인 오류가 발생했습니다
인테리어가 멋져요",2023년 10월 14일 토요일,1번째 방문,영수증
에이프릴사워,"카페,디저트",,,,kkong64,https://m.place.naver.com/my/5c8f008960651b7d26ba6feb/review?v=2,14,,,이름처럼 예쁘고 맛있어요! 분위기도 좋아요! 나중에 디저트 먹으러 올게염🥰,"일시적인 오류가 발생했습니다
음료가 맛있어요",2023년 9월 27일 수요일,1번째 방문,영수증
에이프릴사워,"카페,디저트",,,,njhzi,https://m.place.naver.com/my/5c8e4c759479487dfbf7fbfc/review?v=2,5,,,날씨 좋은 날에 디저트랑 커피 먹으러 오기 좋아요❣️가격도 완전 합리적🤩,"일시적인 오류가 발생했습니다
인테리어가 멋져요",2023년 9월 22일 금요일,1번째 방문,영수증
에이프릴사워,"카페,디저트",,,,혜림2519,https://m.place.naver.com/my/5caa1ae822912d44468f28a8/review?v=2,7,,,커피 맛잇어용 버터팻!,"일시적인 오류가 발생했습니다
커피가 맛있어요",2023년 11월 14일 화요일,1번째 방문,영수증
에이프릴사워,"카페,디저트",,,,jhj****,https://m.place.naver.com/my/5e860fb48f87a842bccb533b/review?v=2,2,,,"처음 와봤는데 조용하고 아주 좋아요

커피도 맛있고 치즈케이크도 맛있어요!","일시적인 오류가 발생했습니다
인테리어가 멋져요",2023년 9월 21일 목요일,1번째 방문,영수증
에이프릴사워,"카페,디저트",,,,msw****,https://m.place.naver.com/my/5f12aa029ec8258e4a0e8b96/review?v=2,11,,,음료들도 너무 맛있고 조용하고 이쁜 카페에요👍🏻👍🏻👍🏻 다음에 또 오겠습니당,"일시적인 오류가 발생했습니다
차분한 분위기에요",2023년 10월 28일 토요일,1번째 방문,영수증
에이프릴사워,"카페,디저트",,,,VLXTM,https://m.place.naver.com/my/5eff1e2e2b86491bc1c812d2/review?v=2,2,,,"오늘 처음 방문했는데 분위기도 요즘 가을에 제일 잘 어울리는 따뜻한 느낌이라 되게 좋았구 밀크티 라떼, 카페 라떼 음료도 다 정말 맛있어서 행복했어요! 앞으로도 많이 번창하시구 다음에 또 올게요~^ㅁ^",,2023년 10월 11일 수요일,1번째 방문,영수증
에이프릴사워,"카페,디저트",,,,Wldbs629,https://m.place.naver.com/my/5f3a40dea602e98f567d895b/review?v=2,3,,,분위기가 너무 좋고 특히 라떼가 맛있어요!!,"일시적인 오류가 발생했습니다
인테리어가 멋져요",2023년 11월 11일 토요일,1번째 방문,영수증
에이프릴사워,"카페,디저트",,,,별표크게,https://m.place.naver.com/my/5bc7e7e9c622abb998026b3f/review?v=2,15,1,,처음방문했는데 커피도 맛있고 단호박 케이크도 맛있어요 ㅎㅎ,"일시적인 오류가 발생했습니다
커피가 맛있어요",2023년 10월 9일 월요일,1번째 방문,영수증
에이프릴사워,"카페,디저트",,,,jin****,https://m.place.naver.com/my/6314851b7f93301b18d99788/review?v=2,3,,,"음료가
너무 맛있어서 이틀 연속으로 오는 중이에요!","일시적인 오류가 발생했습니다
커피가 맛있어요",2023년 10월 9일 월요일,1번째 방문,영수증
에이프릴사워,"카페,디저트",,,,kollee36,https://m.place.naver.com/my/612f722b6088de7b055c39cf/review?v=2,5,,,"커피도 맛있고 분위기도 아늑합니다~! 
","일시적인 오류가 발생했습니다
인테리어가 멋져요",2023년 10월 9일 월요일,1번째 방문,영수증
에이프릴사워,"카페,디저트",,,,요노1212,https://m.place.naver.com/my/5ca8b01ea1c9a028fa8e64a7/review?v=2,44,,,,"일시적인 오류가 발생했습니다
커피가 맛있어요",2023년 12월 24일 일요일,1번째 방문,영수증
에이프릴사워,"카페,디저트",,,,바닐라라떼청소기,https://m.place.naver.com/my/5f046394012fad32006d7a92/review?v=2,136,,,분위기가 좋고 커피도 맛있어요! 사장님께서 친절하세요!,,2023년 9월 27일 수요일,1번째 방문,영수증
에이프릴사워,"카페,디저트",,,,wltkddhr9596,https://m.place.naver.com/my/5c053ddd7b2cdf48930494dc/review?v=2,15,,,"분위기가 좋아요
커피맛도 맛있어요","일시적인 오류가 발생했습니다
인테리어가 멋져요",2023년 10월 2일 월요일,1번째 방문,영수증
에이프릴사워,"카페,디저트",,,,문철이하하,https://m.place.naver.com/my/615a8e9115e21c1317ced4c0/review?v=2,4,,,굿,"일시적인 오류가 발생했습니다
커피가 맛있어요",2024년 1월 9일 화요일,1번째 방문,영수증
에이프릴사워,"카페,디저트",,,,자두양양,https://m.place.naver.com/my/5d4e3c1252ee752ad5828219/review?v=2,470,,,"인스타 초이님 팬이었는데 ㅡ
제가 좋아하는 스타일의 카페까지!!
매장도 너무 깔끔하고 커피 ㅡ디저트
다 맛나요!!^^",,2023년 9월 28일 목요일,1번째 방문,영수증
에이프릴사워,"카페,디저트",,,,북러버66,https://m.place.naver.com/my/5efdf32d67c6d4320f56ee57/review?v=2,7,,,편안한 분위기에요 커피도 맛있어요,"일시적인 오류가 발생했습니다
커피가 맛있어요",2023년 11월 4일 토요일,1번째 방문,영수증
에이프릴사워,"카페,디저트",,,,al****,https://m.place.naver.com/my/5e0204168f87a842bc556605/review?v=2,1,,,,"일시적인 오류가 발생했습니다
커피가 맛있어요",2023년 12월 30일 토요일,1번째 방문,영수증
에이프릴사워,"카페,디저트",,,,윤꾸46,https://m.place.naver.com/my/5d21c14925c5d713301fa42f/review?v=2,23,,,"매장 너무 이쁘고 음료 맛있어요!!!
ㅈ재방문 의사 있어요🩷","일시적인 오류가 발생했습니다
친절해요",2023년 11월 4일 토요일,1번째 방문,영수증
에이프릴사워,"카페,디저트",,,,챠챠2525,https://m.place.naver.com/my/5d0f2ab57ab7da58017d0ae4/review?v=2,2,,,디저트 맛있어요😃 아기자기한 카페!,"일시적인 오류가 발생했습니다
디저트가 맛있어요",2023년 9월 28일 목요일,1번째 방문,영수증
에이프릴사워,"카페,디저트",,,,라임죠야,https://m.place.naver.com/my/5eff48142b86491bc1c88514/review?v=2,94,,,분위기 좋고 음료도 맛있어요! 다음에 또 방문할 예정입니다 ㅎㅎ,"일시적인 오류가 발생했습니다
커피가 맛있어요",2023년 9월 28일 목요일,1번째 방문,영수증
에이프릴사워,"카페,디저트",,,,lllkisseslll27,https://m.place.naver.com/my/5bdc1dea6de4c92b9d0908d6/review?v=2,14,,,,"일시적인 오류가 발생했습니다
친절해요",2023년 12월 29일 금요일,1번째 방문,영수증
에이프릴사워,"카페,디저트",,,,E hyeog,https://m.place.naver.com/my/5fa18d6f71c73eec1cc66b75/review?v=2,1,,,"인테리어와 음료, 디저트에 반한 공릉동 카페
앞으로 서울오면 디저트는 여기로 오겠습니다 ㅎㅎ","일시적인 오류가 발생했습니다
디저트가 맛있어요",2023년 9월 22일 금요일,1번째 방문,영수증
에이프릴사워,"카페,디저트",,,,캐이진,https://m.place.naver.com/my/5f05491534a524e70c5b4e84/review?v=2,5,,,아이스아메리카노 맛있어요~~리뷰이벤트도 진행중이에요!!,"일시적인 오류가 발생했습니다
커피가 맛있어요",2023년 10월 1일 일요일,1번째 방문,영수증
에이프릴사워,"카페,디저트",,,,ckw****,https://m.place.naver.com/my/5f044a3c0b8c7a1cdb6f42a5/review?v=2,3,,,,"일시적인 오류가 발생했습니다
커피가 맛있어요",2023년 12월 28일 목요일,1번째 방문,영수증
에이프릴사워,"카페,디저트",,,,지니229,https://m.place.naver.com/my/60c0a7eac4f80f37761dc49a/review?v=2,7,,,커피 원두도 선택할 수 있고 카페가 아기자기해서 좋아요!,"일시적인 오류가 발생했습니다
차분한 분위기에요",2023년 9월 30일 토요일,1번째 방문,영수증
에이프릴사워,"카페,디저트",,,,꿈틀29,https://m.place.naver.com/my/61ab78e999f7ae2d87b01472/review?v=2,5,,,분위기 좋아요🥺🥺,"일시적인 오류가 발생했습니다
음료가 맛있어요",2023년 11월 1일 수요일,1번째 방문,영수증
에이프릴사워,"카페,디저트",,,,곰손생님,https://m.place.naver.com/my/5e0e037c8f87a842bc5bff68/review?v=2,34,,,진짜 이쁘고 진심 맛잇음,"일시적인 오류가 발생했습니다
커피가 맛있어요",2023년 10월 11일 수요일,3번째 방문,영수증
에이프릴사워,"카페,디저트",,,,jhl****,https://m.place.naver.com/my/5dac48b48f87a842bc345f6a/review?v=2,17,,,"한남엔트런스 원두를 사용한다기에 기대하고 온 새로 오픈한 April sour 카페
역시 커피맛이 좋았다..자주 올듯^^",,2023년 10월 17일 화요일,1번째 방문,영수증
에이프릴사워,"카페,디저트",,,,markyluva,https://m.place.naver.com/my/5eb9748a8f87a842bcf4fcf3/review?v=2,5,,,디저트가 맛있어서 또 오고 싶은 집.. 애플크럼블.... 자두펄그린티... 단호박 크림 케이크.. 다 맛있는데 달지 않아서 너무 좋아요! 카페 맛없으면 분위기 좋아도 안오게 되는데 여긴 맛있고 분위기도 좋음 ㅠ ,,2023년 9월 28일 목요일,1번째 방문,영수증
에이프릴사워,"카페,디저트",,,,두부게임,https://m.place.naver.com/my/5ea476c98f87a842bc6313e6/review?v=2,1,,,커피도 맛있고요 단호박 크림케이크 추천합니다!!!,"일시적인 오류가 발생했습니다
대화하기 좋아요",2023년 9월 24일 일요일,1번째 방문,영수증
에이프릴사워,"카페,디저트",,,,유찬투스,https://m.place.naver.com/my/5e08b4e48f87a842bc296043/review?v=2,21,,,가게가 너무 이쁘고 사장님이 친절하세요!! 아인슈페너 강추드립니다~,"일시적인 오류가 발생했습니다
커피가 맛있어요",2023년 9월 24일 일요일,1번째 방문,영수증
에이프릴사워,"카페,디저트",,,,김한결5319,https://m.place.naver.com/my/6218168327c8617696e79005/review?v=2,4,,,음료와 커피가 맛있고 직원이 친절해요,"일시적인 오류가 발생했습니다
커피가 맛있어요",2023년 9월 27일 수요일,1번째 방문,영수증
에이프릴사워,"카페,디저트",,,,chj****,https://m.place.naver.com/my/5d47fa0010d56453f41bb3a8/review?v=2,7,,,너무 맛있고 완전 분좋카~!,,2023년 10월 29일 일요일,1번째 방문,영수증
에이프릴사워,"카페,디저트",,,,지소니67,https://m.place.naver.com/my/5d83211f8f87a842bca03c34/review?v=2,1296,26,,"굿즈가 예뻐요 
원두를 고를 수 있어서 좋아요 
카페  인테리어 이쁌 ","일시적인 오류가 발생했습니다
커피가 맛있어요",2024년 1월 28일 일요일,1번째 방문,영수증
에이프릴사워,"카페,디저트",,,,밍지1068,https://m.place.naver.com/my/5b83574747246f2c6fd18eab/review?v=2,2,,,,"일시적인 오류가 발생했습니다
디저트가 맛있어요",2023년 12월 23일 토요일,1번째 방문,영수증
에이프릴사워,"카페,디저트",,,,룹64,https://m.place.naver.com/my/5ebb68038f87a842bc887fab/review?v=2,10,,,"커피 너무 맛있어요!!
","일시적인 오류가 발생했습니다
친절해요",2023년 10월 27일 금요일,1번째 방문,영수증
에이프릴사워,"카페,디저트",,,,diwl1210,https://m.place.naver.com/my/5c62a27ec04664354e9c2156/review?v=2,9,,,케이크랑 커피 진짜 맛있음 일주일마다 생각나는 맛입니다,"일시적인 오류가 발생했습니다
커피가 맛있어요",2023년 10월 16일 월요일,3번째 방문,영수증
에이프릴사워,"카페,디저트",,,,연우6618,https://m.place.naver.com/my/5c1e409e794e116901555a98/review?v=2,6,,,,"일시적인 오류가 발생했습니다
인테리어가 멋져요",2023년 12월 22일 금요일,1번째 방문,영수증
에이프릴사워,"카페,디저트",,,,어진35,https://m.place.naver.com/my/5f05a15b82d9f26c95ef0dab/review?v=2,12,,,,"일시적인 오류가 발생했습니다
인테리어가 멋져요",2023년 12월 20일 수요일,1번째 방문,영수증
에이프릴사워,"카페,디저트",,,,ae****,https://m.place.naver.com/my/5c2411ee4f6cd4e06cd7f1a3/review?v=2,1,,,케이크 맛있어요,,2023년 10월 25일 수요일,1번째 방문,영수증
에이프릴사워,"카페,디저트",,,,강가연4,https://m.place.naver.com/my/614bb459004deb2f91ccb2ab/review?v=2,2,,,맛있어용,"일시적인 오류가 발생했습니다
커피가 맛있어요",2023년 12월 27일 수요일,1번째 방문,영수증
에이프릴사워,"카페,디저트",,,,Okay good,https://m.place.naver.com/my/5c29db6abafeda6b67bbbd85/review?v=2,883,3,,바나나브레드가 특히 맛있어요,,2023년 11월 11일 토요일,1번째 방문,영수증
에이프릴사워,"카페,디저트",,,,ljm****,https://m.place.naver.com/my/5c6a5cb3f630ea4955570201/review?v=2,7,,,굿 너무 맛있어요 ㅎ,"일시적인 오류가 발생했습니다
커피가 맛있어요",2023년 11월 21일 화요일,1번째 방문,영수증
에이프릴사워,"카페,디저트",,,,wer17960,https://m.place.naver.com/my/601fb4e8ed4cbd2ca7381ed1/review?v=2,17,,,맛있어요🩷,"일시적인 오류가 발생했습니다
커피가 맛있어요",2023년 11월 30일 목요일,1번째 방문,영수증
에이프릴사워,"카페,디저트",,,,col****,https://m.place.naver.com/my/5ddbd9f19ec8258e4a09c9cb/review?v=2,4,,,,"일시적인 오류가 발생했습니다
커피가 맛있어요",2023년 11월 21일 화요일,1번째 방문,영수증
에이프릴사워,"카페,디저트",,,,soo2win,https://m.place.naver.com/my/61bc573127c8616048e4bc0d/review?v=2,772,,,,,2023년 11월 11일 토요일,1번째 방문,영수증
에이프릴사워,"카페,디저트",,,,jkh6025,https://m.place.naver.com/my/5cb1ae3fec6a5a3fd8ba28e8/review?v=2,10,,,깔끔하니 좋네요,,2023년 11월 16일 목요일,1번째 방문,영수증
에이프릴사워,"카페,디저트",,,,ymkwon960117,https://m.place.naver.com/my/5efdf7f067c6d4320f56f70f/review?v=2,5,,,일단 딱 들어오자마자 카페가 깔끔해서 좋았고 공간 자체가 주는 아늑함이 있어서 좋았어요~ 직원분들도 친절하시고 음료랑 디저트도 맛있었어요! 아주아주 추천합니다👍🏻,,2023년 9월 16일 토요일,1번째 방문,영수증
에이프릴사워,"카페,디저트",,,,치즈토링,https://m.place.naver.com/my/5efddfe415c4bcd430585c73/review?v=2,20,,,추천드려용,"일시적인 오류가 발생했습니다
커피가 맛있어요",2023년 11월 18일 토요일,1번째 방문,영수증
에이프릴사워,"카페,디저트",,,,sim****,https://m.place.naver.com/my/605319a7cbae560a21d74e3b/review?v=2,2,,,,"일시적인 오류가 발생했습니다
커피가 맛있어요",2023년 12월 13일 수요일,1번째 방문,영수증
에이프릴사워,"카페,디저트",,,,수진3265,https://m.place.naver.com/my/5d7587a48f87a842bcc5c2a7/review?v=2,4,,,매장 분위기도 따듯하고 이뻐서 왔는데 너무 깔끔하고 맛있고 또 방문 예정!!,"일시적인 오류가 발생했습니다
인테리어가 멋져요",2023년 10월 14일 토요일,1번째 방문,영수증
에이프릴사워,"카페,디저트",,,,nal****,https://m.place.naver.com/my/5d7c95868f87a842bc91c44f/review?v=2,22,,,,"일시적인 오류가 발생했습니다
커피가 맛있어요",2023년 11월 1일 수요일,1번째 방문,영수증
에이프릴사워,"카페,디저트",,,,kys****,https://m.place.naver.com/my/5f7ff622da759039175eb66f/review?v=2,59,,,이쁘고 친절하세요!,"일시적인 오류가 발생했습니다
친절해요",2023년 11월 10일 금요일,1번째 방문,영수증
에이프릴사워,"카페,디저트",,,,Qwerttyy,https://m.place.naver.com/my/5f22b1959ec8258e4ad3a71d/review?v=2,6,,,굿입니다!,"일시적인 오류가 발생했습니다
디저트가 맛있어요",2023년 12월 13일 수요일,1번째 방문,영수증
에이프릴사워,"카페,디저트",,,,싱싱마미,https://m.place.naver.com/my/5e770d9b8f87a842bcc65474/review?v=2,14,,,,"일시적인 오류가 발생했습니다
커피가 맛있어요",2023년 10월 25일 수요일,1번째 방문,영수증
에이프릴사워,"카페,디저트",,,,ye****,https://m.place.naver.com/my/5bff99d32fccc819893ff56c/review?v=2,11,,,커피 너무 맛나요~!!,"일시적인 오류가 발생했습니다
커피가 맛있어요",2023년 11월 1일 수요일,1번째 방문,영수증
에이프릴사워,"카페,디저트",,,,KYH56,https://m.place.naver.com/my/6194a6379913c1589eef34cf/review?v=2,3,,,깔끔하고 커피 맛있네요,"일시적인 오류가 발생했습니다
커피가 맛있어요",2023년 10월 23일 월요일,2번째 방문,영수증
에이프릴사워,"카페,디저트",,,,엥가르디움,https://m.place.naver.com/my/5cff9267b80f2de36b772268/review?v=2,9,,,,"일시적인 오류가 발생했습니다
인테리어가 멋져요",2023년 10월 31일 화요일,1번째 방문,영수증
에이프릴사워,"카페,디저트",,,,queenjung634,https://m.place.naver.com/my/5f89c1d61984ec1477d5dc87/review?v=2,539,,,단호박크림케이크 맛있어요,"일시적인 오류가 발생했습니다
디저트가 맛있어요",2023년 9월 27일 수요일,1번째 방문,영수증
에이프릴사워,"카페,디저트",,,,cuf****,https://m.place.naver.com/my/5b63a843202e275c7b292023/review?v=2,879,,,"새로 오픈하셨네요
즐거운 시간 보낼께요^^","일시적인 오류가 발생했습니다
커피가 맛있어요",2023년 10월 10일 화요일,1번째 방문,영수증
에이프릴사워,"카페,디저트",,,,buf****,https://m.place.naver.com/my/5e0bfa8e8f87a842bc28717b/review?v=2,66,,,너무 맛있습니다😀,"일시적인 오류가 발생했습니다
커피가 맛있어요",2023년 10월 13일 금요일,2번째 방문,영수증
에이프릴사워,"카페,디저트",,,,ㄹ362,https://m.place.naver.com/my/5b63f73b5b3eef3621a12bb6/review?v=2,5,,,,"일시적인 오류가 발생했습니다
커피가 맛있어요",2023년 11월 15일 수요일,1번째 방문,영수증
에이프릴사워,"카페,디저트",,,,jaksalban,https://m.place.naver.com/my/5f05daef0a91396a976eeb91/review?v=2,2,,,커피가 맛있고 디저트가 좋네요!,"일시적인 오류가 발생했습니다
커피가 맛있어요",2023년 9월 20일 수요일,1번째 방문,영수증
에이프릴사워,"카페,디저트",,,,린59,https://m.place.naver.com/my/5eff00ae2b86491bc1c7cf31/review?v=2,26,,,메론소다 먹으러 왔어요 :),"일시적인 오류가 발생했습니다
음료가 맛있어요",2023년 10월 12일 목요일,1번째 방문,영수증
에이프릴사워,"카페,디저트",,,,먕먕5723,https://m.place.naver.com/my/5e92bdcf8f87a842bc9fe387/review?v=2,46,,,,,2023년 10월 17일 화요일,1번째 방문,영수증
에이프릴사워,"카페,디저트",,,,skite99,https://m.place.naver.com/my/65057b381438fc3a9c8bc0da/review?v=2,2,,,인테리어도 메뉴도 예쁘고 맛있네요 번창하세요!,"일시적인 오류가 발생했습니다
커피가 맛있어요",2023년 9월 16일 토요일,1번째 방문,영수증
에이프릴사워,"카페,디저트",,,,돌핀30,https://m.place.naver.com/my/5f066ed6ace692ef624497ed/review?v=2,3,,,,"일시적인 오류가 발생했습니다
커피가 맛있어요",2023년 11월 9일 목요일,1번째 방문,영수증
에이프릴사워,"카페,디저트",,,,Mn39,https://m.place.naver.com/my/5d401bf612cebb1df3a69919/review?v=2,343,,,"새로 생겨서 깔끔하고 조용해서 좋아요
바나나브레드 쫀맛이에요","일시적인 오류가 발생했습니다
인테리어가 멋져요",2023년 9월 9일 토요일,1번째 방문,영수증
에이프릴사워,"카페,디저트",,,,염형진,https://m.place.naver.com/my/5efdbd268b790375a1869873/review?v=2,212,,,촤고!!❤️,"일시적인 오류가 발생했습니다
커피가 맛있어요",2023년 11월 12일 일요일,1번째 방문,영수증
에이프릴사워,"카페,디저트",,,,말랑코야,https://m.place.naver.com/my/5db56ed58f87a842bcb57da7/review?v=2,5,,,,"일시적인 오류가 발생했습니다
대화하기 좋아요",2023년 10월 27일 금요일,1번째 방문,영수증
에이프릴사워,"카페,디저트",,,,김혜정3731,https://m.place.naver.com/my/5c3ef5686e7e4176c2618ad4/review?v=2,1,,,,"일시적인 오류가 발생했습니다
음료가 맛있어요",2023년 10월 2일 월요일,1번째 방문,영수증
에이프릴사워,"카페,디저트",,,,단이299,https://m.place.naver.com/my/5eae96b18f87a842bceb6f95/review?v=2,306,,,좋아요:),"일시적인 오류가 발생했습니다
커피가 맛있어요",2023년 10월 21일 토요일,1번째 방문,영수증
에이프릴사워,"카페,디저트",,,,Hyun7177,https://m.place.naver.com/my/5c43d39e8ee2783caa9e6ef8/review?v=2,107,,,,"일시적인 오류가 발생했습니다
인테리어가 멋져요",2023년 10월 26일 목요일,1번째 방문,영수증
에이프릴사워,"카페,디저트",,,,쏘미95,https://m.place.naver.com/my/5be241181055853e30504620/review?v=2,3,,,,,2023년 10월 25일 수요일,1번째 방문,결제내역
에이프릴사워,"카페,디저트",,,,pkj71260,https://m.place.naver.com/my/5e19321e8f87a842bc3de6e7/review?v=2,4,,,,,2023년 10월 25일 수요일,1번째 방문,영수증
에이프릴사워,"카페,디저트",,,,ohe****,https://m.place.naver.com/my/60b08bf816181a049481c87c/review?v=2,7,,,,"일시적인 오류가 발생했습니다
커피가 맛있어요",2023년 10월 23일 월요일,1번째 방문,영수증
에이프릴사워,"카페,디저트",,,,violet11,https://m.place.naver.com/my/5b7de94b272c0f53864de752/review?v=2,78,,,,"일시적인 오류가 발생했습니다
음료가 맛있어요",2023년 10월 21일 토요일,1번째 방문,영수증
에이프릴사워,"카페,디저트",,,,에녹처럼32,https://m.place.naver.com/my/6152778682ac4f44cdea04b4/review?v=2,2,,,,"일시적인 오류가 발생했습니다
커피가 맛있어요",2023년 10월 21일 토요일,1번째 방문,영수증
에이프릴사워,"카페,디저트",,,,박슬기3139,https://m.place.naver.com/my/5dfb01ae8f87a842bc842e72/review?v=2,4,,,,"일시적인 오류가 발생했습니다
인테리어가 멋져요",2023년 10월 19일 목요일,1번째 방문,영수증
에이프릴사워,"카페,디저트",,,,jan****,https://m.place.naver.com/my/5bee0f4a765ffb6e58aacac6/review?v=2,14,,,,"일시적인 오류가 발생했습니다
커피가 맛있어요",2023년 9월 18일 월요일,1번째 방문,영수증
에이프릴사워,"카페,디저트",,,,눈뉴30,https://m.place.naver.com/my/5efe3fff4b66125491d7519f/review?v=2,29,,,좋아요~~!!,"일시적인 오류가 발생했습니다
음료가 맛있어요",2023년 10월 21일 토요일,1번째 방문,영수증
에이프릴사워,"카페,디저트",,,,sy5****,https://m.place.naver.com/my/5effefc58f87a842bc4c3981/review?v=2,6,,,,"일시적인 오류가 발생했습니다
커피가 맛있어요",2023년 10월 12일 목요일,1번째 방문,영수증
에이프릴사워,"카페,디저트",,,,poo****,https://m.place.naver.com/my/614f0cb8fbcc43c8c080c2a9/review?v=2,21,,,,"일시적인 오류가 발생했습니다
인테리어가 멋져요",2023년 9월 28일 목요일,1번째 방문,영수증
에이프릴사워,"카페,디저트",,,,heechef,https://m.place.naver.com/my/5cf0c2aadfd4cc219e30d333/review?v=2,976,15,,굿,,2023년 9월 30일 토요일,1번째 방문,영수증
에이프릴사워,"카페,디저트",,,,마글론,https://m.place.naver.com/my/5b63fb621d2345ba74a45962/review?v=2,1753,90,,굿,,2023년 9월 30일 토요일,1번째 방문,영수증
에이프릴사워,"카페,디저트",,,,민지5278,https://m.place.naver.com/my/5e1759528f87a842bc43befb/review?v=2,11,,,,"일시적인 오류가 발생했습니다
사진이 잘 나와요",2023년 9월 24일 일요일,1번째 방문,영수증
에이프릴사워,"카페,디저트",,,,win****,https://m.place.naver.com/my/5f982880f5f2cb3fa7e4d591/review?v=2,5,,,,"일시적인 오류가 발생했습니다
대화하기 좋아요",2023년 9월 26일 화요일,1번째 방문,영수증
에이프릴사워,"카페,디저트",,,,k0g,https://m.place.naver.com/my/5d94d3758f87a842bc0e5ecd/review?v=2,15,,,조용한 분위기와 음료도 맛있고 아주 친절하게 응대 해주세요 ㅎ,"일시적인 오류가 발생했습니다
커피가 맛있어요",2022년 11월 7일 월요일,1번째 방문,영수증
